repo_key,sha,nodes,edges,clumps,files_in_loops,unresolved_internal,internal_statements,parse_failures,read_failures,skipped_non_identifier,skipped_duplicate,build_seconds,is_pinned
aiogram/aiogram,20d36a2ab8a21eeff2f360f73b14b99d5e397762,602,2056,2,489,0,2234,0,0,0,0,10.387,True
aiogram/aiogram,02683b8c3736b87f7af6ab86d4e1f56932309b0e,545,1896,2,437,0,2075,0,0,0,0,1.58,False
aiogram/aiogram,90654ac0fa3b33e3dc3dd7ff47ea9a4e84a040d5,384,1288,2,308,0,1425,0,0,0,0,4.095,False
aiogram/aiogram,25e9127db9004c9c49ca46bdf5297682fac71fbb,545,1896,2,437,0,2075,0,0,0,0,3.348,False
aiogram/aiogram,0ca9f98baf5820c2f6cd3d770d7e6cc61bdf8306,290,930,2,154,1,976,0,0,0,0,4.041,False
aiogram/aiogram,6d655330afe90a1277bcfbe3b5861b7552634f75,453,1603,2,358,0,1743,0,0,0,0,5.175,False
aiogram/aiogram,577b44cdc1807eb181cd982b20b6492bb24b42de,391,1317,2,308,0,1454,0,0,0,0,2.296,False
aiogram/aiogram,b311d59fce5d1f7554825b6c60daadcce189e9e7,386,1299,2,308,0,1436,0,0,0,0,1.209,False
aiogram/aiogram,b7be9c2b81c2f4312634d2e1173c8a1c04f8dbb4,394,1326,2,310,0,1464,0,0,0,0,1.154,False
aiogram/aiogram,ebade3d51f11fdcbc8b673cdde7b9f034d652ad5,397,1340,2,310,0,1478,0,0,0,0,1.338,False
aiogram/aiogram,51beb4825723c83947377738d9fd449aa2f7d746,500,1808,2,397,0,1987,0,0,0,0,3.42,False
aiogram/aiogram,8a77939d5bf7778be8a65e3531781220245724ff,397,1340,2,310,0,1478,0,0,0,0,1.968,False
aiogram/aiogram,6ad242399b88f522060d9ce4578d9599e5137762,319,1034,1,175,0,1086,0,0,0,0,3.939,False
aiogram/aiogram,b5d94f17b567fbc49a1c809e9fee6e19931b977f,466,1658,2,370,0,1798,0,0,0,0,4.051,False
aiogram/aiogram,e7cee430b21eb8eb26988f7dc56e1928ddbc014e,322,1043,1,176,0,1097,0,0,0,0,2.967,False
aiogram/aiogram,080878be865ea63857ab67be1db6cd8f1bb9e503,500,1808,2,397,0,1987,0,0,0,0,4.088,False
aiogram/aiogram,78748d36fd1fe9a71c3d42a7a88e0b63edd1c3d7,545,1896,2,437,0,2075,0,0,0,0,3.982,False
aiogram/aiogram,f1c9fc50f0a7e186bab4587b28d019a909a7e97f,453,1603,2,358,0,1743,0,0,0,0,2.97,False
astropy/astropy,92b38aebbba6422890f1023031558f6df738e2a5,512,1986,6,320,23,2142,0,0,0,0,12.443,True
astropy/astropy,b3b8295c4b0478558bd0e4c6ec28bf16b90880b8,467,1774,6,282,19,1891,0,0,11,0,9.642,False
astropy/astropy,09e54670e4a46ed510e32d8206e4853920684952,497,1865,6,283,21,1990,0,0,11,0,5.675,False
astropy/astropy,d083189bbc188807c3d62bd419ea5bbf38cf7d56,492,1855,6,279,11,1972,0,0,11,0,7.378,False
astropy/astropy,c748299218dcbd9e15caef558722cc04aa658fad,496,1865,6,283,21,1991,0,0,11,0,7.688,False
astropy/astropy,3a0cd2d8cd7b459cdc1e1b97a14f3040ccc1fffc,487,1827,6,279,10,1982,0,0,11,0,11.044,False
astropy/astropy,34d79ea59b3ba25820dfe7fc9782e9014826e8b0,497,1863,6,282,21,1984,0,0,11,0,9.85,False
astropy/astropy,0e1d299f8f7084b8cb6286caed92e3169317027f,413,1464,8,213,12,1561,0,0,11,0,8.727,False
astropy/astropy,d441bfdbb8e6dc57a52d8c1b117cadd030f0657a,491,1849,6,283,10,2003,0,0,11,0,10.081,False
astropy/astropy,a6c712375ed38d422812e013566a34f928677acd,491,1850,6,277,10,1963,0,0,11,0,8.956,False
astropy/astropy,13b1bef09be51cb875ca665bb2cb14f5e5cf68de,497,1866,6,283,21,1991,0,0,11,0,10.2,False
astropy/astropy,5e5764ed27a8ee1a162a09e3398fcfb7481389af,389,1375,6,196,25,1467,0,0,11,0,8.421,False
astropy/astropy,3b448815e21b117d34fe63007b8ef63ee084fefb,491,1850,6,277,10,1961,0,0,11,0,9.433,False
astropy/astropy,6ed769d58d89380ebaa1ef52b300691eefda8928,489,1835,6,280,10,1989,0,0,11,0,7.932,False
astropy/astropy,4bd88be61fdf4185b9c198f7e689a40041e392ee,490,1840,6,282,10,1994,0,0,11,0,5.966,False
astropy/astropy,16743c6faf5cb8433bf9f7702ae70d002a96caaf,490,1840,6,282,10,1994,0,0,11,0,4.336,False
astropy/astropy,b6769c18c0881b6d290e543e9334c25043018b3f,489,1832,6,280,10,1986,0,0,11,0,5.429,False
astropy/astropy,5f74eacbcc7fff707a44d8eb58adaa514cb7dcb5,497,1866,6,283,21,1991,0,0,11,0,9.142,False
astropy/astropy,d707b792d3ca45518a53b4a395c81ee86bd7b451,487,1819,6,278,10,1990,0,0,11,0,8.709,False
astropy/astropy,b750a0e6ee76fb6b8a099a4d16ec51977be46bf6,430,1516,7,217,16,1620,0,0,11,0,7.437,False
astropy/astropy,153e9447ae032d92be74e54272565f6e39c69b3c,392,1385,6,197,27,1483,0,0,11,0,6.507,False
astropy/astroquery,f3f44261e811f690690eed8c2073d0a91e9eca81,249,490,56,130,3,481,0,0,0,0,4.81,True
astropy/astroquery,88b640990ccb590905c3bc45ebda983c2963b148,249,482,55,128,3,475,0,0,0,0,1.927,False
astropy/astroquery,b1805f64eec5ff8874890105c70c1381b36f1a50,240,471,53,122,3,459,0,0,0,0,3.453,False
astropy/astroquery,cc25c379de5bbed3ab3d39dc1567cc939ece30f1,249,482,55,128,3,475,0,0,0,0,2.93,False
astropy/astroquery,aeccd83259aaa9ebdc9a48325791f89789e4324d,245,476,54,126,3,468,0,0,0,0,1.675,False
astropy/astroquery,5019431af2ce05bc51c18f3626e62790f4f5d3a7,247,485,55,128,3,476,0,0,0,0,1.829,False
astropy/astroquery,8b24c19057bdd0b51028ac545983149abc87b05a,244,475,55,126,3,463,0,0,0,0,2.777,False
astropy/astroquery,241d896bede51d68dc48d02f3569d532178492ef,238,477,53,120,5,473,0,0,11,0,3.138,False
astropy/astroquery,604f284c1d63ac4ab2dc00c3fc85414786da3db3,247,482,55,128,3,474,0,0,0,0,2.878,False
astropy/astroquery,2543cc26f4ee53a0aaa4c629e814adf8a3ff93d2,244,503,55,126,5,498,0,0,11,0,2.417,False
astropy/astroquery,0667ec801ed66f38f11fcb3eff01d5314d2c9212,249,482,55,128,3,475,0,0,0,0,2.601,False
astropy/astroquery,819280102e2de055ae4680aa151290dc1ef8e4fc,247,485,55,128,3,476,0,0,0,0,1.76,False
astropy/photutils,3d06161529624d7d3e886bb46d22aa99dcd015b5,96,248,5,32,4,253,0,0,0,0,0.659,True
astropy/photutils,ab71f240b0ef610871165a514355d6bbebdc0839,75,154,3,19,4,164,0,0,0,0,1.582,False
astropy/photutils,fe8272af6b93138cc2ab8bd6098872a2078b5cca,73,148,3,12,4,152,0,0,0,0,0.634,False
astropy/photutils,dcfe91707566dfb7b2f7e6d0e511132c1d10066a,96,246,5,32,4,251,0,0,0,0,2.099,False
astropy/photutils,6feb1204a8388f7cca5f702906d96ea2ac7e335c,87,204,3,28,4,209,0,0,0,0,1.647,False
astropy/photutils,349a5aa6dc52291b587c4ea8720f5a064272ec1c,96,245,5,32,4,250,0,0,0,0,1.594,False
astropy/photutils,a50fe171cf1242560cace73d2e04e729a4420fbc,87,204,3,28,4,209,0,0,0,0,1.346,False
astropy/photutils,1f474ae20fcf1b0a7953d59948a1fd458ba91aa5,90,229,3,32,4,230,0,0,0,0,1.65,False
astropy/photutils,d73bfb7b311565909da2cc554739617cdf2193ef,96,246,5,32,4,251,0,0,0,0,1.352,False
astropy/photutils,d501ad53210917bad71f870adb98243f0fb60d2f,87,208,3,28,4,213,0,0,0,0,1.316,False
astropy/photutils,2f5e0759acc7477cc4c2ed185ce445825771af5a,82,187,2,22,4,192,0,0,0,0,1.215,False
astropy/photutils,29d92acce49438c9d22bcdae11c12145f93ce613,80,180,2,22,4,185,0,0,0,0,0.802,False
aws-cloudformation/cfn-lint,89ea045335200022a08aefa933beaa9b4c73e10d,2091,1016,3,58,1,1018,0,0,0,0,9.941,True
aws-cloudformation/cfn-lint,9782e80c58fb4e403cc48d64a2369f9748a7e5e1,889,882,4,49,1,882,0,0,0,0,5.114,False
aws-cloudformation/cfn-lint,5d5e6c8f0e9cc6f37c73fc3b5967f8d4f3acaa22,704,752,3,46,1,754,0,0,0,0,3.62,False
aws-cloudformation/cfn-lint,c944440469ccdc5cd79c825da46536997429850b,889,879,4,49,1,879,0,0,0,0,3.052,False
aws-cloudformation/cfn-lint,b16d6b4ce0796020a0ad5ee1c56453fde6079f2b,868,828,4,48,1,830,0,0,0,0,3.064,False
aws-cloudformation/cfn-lint,cf66b46cf9fdbb050a6e29438ca226757359af7d,889,879,4,49,1,879,0,0,0,0,2.648,False
aws-cloudformation/cfn-lint,df3f505f90faf20d2d1023c18627808166666cac,881,859,4,49,1,859,0,0,0,0,2.662,False
aws-cloudformation/cfn-lint,e17d66e519d5dc5ac56dc687d5849d1e59fdcc24,867,825,4,48,1,827,0,0,0,0,3.101,False
aws-cloudformation/cfn-lint,8454bc9a7146e2b648090e866d09054589070599,1904,891,4,50,1,892,0,0,0,0,4.922,False
aws-cloudformation/cfn-lint,a6eb97ac7ecc6c09a67c33f013d110ed207319a1,1162,887,4,49,1,888,0,0,0,0,3.593,False
aws-cloudformation/cfn-lint,8e57c919f45e57f6b9199aaae415d423ad033c5d,2035,976,3,57,1,976,0,0,0,0,6.183,False
aws-cloudformation/cfn-lint,d61eb8c4c8c5a4645e937913d60200d6ffd85799,889,884,4,49,1,884,0,0,0,0,3.948,False
aws-cloudformation/cfn-lint,374d5f5c3a5dff429c14d9dce2e709ac52527f3e,879,854,4,49,1,854,0,0,0,0,3.359,False
aws-cloudformation/cfn-lint,700563cda182416a6c99af4bcaa96077c2412465,1904,891,4,50,1,892,0,0,0,0,5.038,False
aws-cloudformation/cfn-lint,8f1d89a6acab43cfa6a6e1931442ba362d48617a,867,825,4,48,1,827,0,0,0,0,3.306,False
aws-cloudformation/cfn-lint,58dc21c83ff28a683cbbf5cede11a916a2ff77e6,1896,889,4,49,1,890,0,0,0,0,4.681,False
aws-cloudformation/cfn-lint,07652d4a4133e825aeeb09973398575b25713c82,1146,884,4,49,1,884,0,0,0,0,3.482,False
aws-cloudformation/cfn-lint,eeb12087fb278a67f263fb9f3cc495959112ef8c,879,854,4,49,1,854,0,0,0,0,3.325,False
aws-cloudformation/cfn-lint,36ff520aba444d75a9bcb34e1a12661ecece9ebf,836,755,3,46,1,757,0,0,0,0,3.297,False
aws-cloudformation/cfn-lint,8ea6c9ccdb70f2ed05c3b61c9f83690ebc079c4c,2002,954,3,55,1,955,0,0,0,0,5.335,False
azure/azure-cli,85c0e4c8fb21e26a4984cad3b21a5e22a6a8b92b,60,7,0,0,0,7,0,0,570,0,1.456,True
azure/azure-cli,27816f4891c85592ad6f06bcc94008fa7d144b69,47,3,0,0,0,3,0,0,531,0,0.774,False
azure/azure-cli,4417fb03c91b0caa5f88a72ca0372d5931c072d9,56,6,0,0,0,6,0,0,475,0,0.624,False
azure/azure-cli,01bbaf048c7669c024ece5e84c9360d829624574,49,3,0,0,0,3,0,0,516,0,0.582,False
azure/azure-cli,a8395ea70322dbf535d474d52ebf3d625a6cbdf0,54,5,0,0,0,5,0,0,508,0,0.596,False
azure/azure-cli,3079f47653297161fd877f994cfaa0bc202f039f,55,5,0,0,0,5,0,0,539,0,0.516,False
azure/azure-cli,e80e204a01bf4f32c17d8f89a955c3dd49eaa7ec,57,7,0,0,0,7,0,0,509,0,0.394,False
azure/azure-cli,62dab24154f910ff7f3ef2b6b3783945b58e9098,47,3,0,0,0,3,0,0,593,0,0.656,False
azure/azure-cli,c024331912bbf467725d76d437557ebc6e4aba17,57,7,0,0,0,7,0,0,510,0,0.645,False
azure/azure-cli,d79710730933432d2c8ccd722d31fbbf75845ce0,50,3,0,0,0,3,0,0,404,0,0.458,False
beeware/briefcase,589adce8a799c2afd2e819dfc0730d0bdb03a145,76,231,1,13,8,224,0,0,0,0,1.646,True
beeware/briefcase,bfe5f893f4f2bd7e8256fd229cbfefb27c2dddc1,76,229,1,13,8,222,0,0,0,0,0.926,False
beeware/briefcase,5483fd9a4d61f90f932a845311c6f820a1566cd3,61,200,1,13,0,187,0,0,0,0,1.132,False
beeware/briefcase,f69c998d3eb61e06ba3f4a33ac7049008bc4d22c,76,225,1,13,8,219,0,0,0,0,1.412,False
beeware/briefcase,6a562dbc931c2b764d797b83e60a10aea07d0290,76,225,1,13,8,219,0,0,0,0,0.55,False
beeware/briefcase,80d08a54a42bc6ba5dce85e42f025dcd916c175d,76,231,1,13,8,224,0,0,0,0,1.193,False
beeware/briefcase,405c8b6f884c3e47f0107e5de8b41d2440bb8456,61,200,1,13,0,187,0,0,0,0,0.963,False
beeware/briefcase,8ddd7dbff44bf989d1ed92146d47219d61f36b23,60,150,0,0,0,138,0,0,0,0,0.932,False
beeware/briefcase,4005202304fdef04a5e87de2e8b09c9de506dcae,75,226,1,13,8,220,0,0,0,0,1.286,False
beeware/briefcase,79faf75b5155e8f4090ed0468903f207d931dd29,60,150,0,0,0,138,0,0,0,0,0.708,False
beeware/briefcase,e6954efaea4b10a84a2437ba3d0f63842cd484a6,60,181,1,11,0,169,0,0,0,0,0.991,False
beeware/briefcase,96479a0cab4814ea5ed359d2431628d145e86698,61,200,1,13,0,187,0,0,0,0,0.942,False
beeware/briefcase,f366e9cc11d9f8196454356af8d4bd40f0d1d6f1,75,226,1,13,8,220,0,0,0,0,1.032,False
beeware/briefcase,d6986051cdbb17c42249d61f2ca20c3154d24edd,59,197,1,12,0,184,0,0,0,0,1.004,False
beeware/briefcase,3eb7226b6e519c691aa31760cac2c8237ab95991,75,226,1,13,8,220,0,0,0,0,0.903,False
beeware/briefcase,a898beaed7126f07b3a0ae21df8b291d512f798f,75,226,1,13,8,220,0,0,0,0,0.84,False
beeware/briefcase,7d689209e70625938af7549bdd17feac79436b2f,75,220,1,13,8,211,0,0,0,0,1.066,False
beeware/briefcase,f33e6970b9a74e21726a4774db803ccddad27eb1,62,148,0,0,0,136,0,0,0,0,0.82,False
beeware/briefcase,8acc982527cefbffae5bbc46c9b1221a2b66c723,75,226,1,13,8,220,0,0,0,0,0.985,False
beeware/briefcase,2f9f79b13e716902804740a20f1526ba4b1e14b1,60,181,1,11,0,169,0,0,0,0,0.834,False
beeware/briefcase,219e06736e0fea106ea6b111233f24923d4cb7af,60,150,0,0,0,138,0,0,0,0,0.667,False
borgbackup/borg,5a87b41e370b2f18b7b9d75a3cca98e8a32768d2,147,646,1,23,191,1000,0,0,0,0,3.501,True
borgbackup/borg,ae417cccf6a2653c010a1f379f3fdef8e55d7ccd,82,296,2,22,130,496,0,0,0,0,2.119,False
borgbackup/borg,1428ffeae90aea899b70ee0cd96812bf7286d6e0,139,607,1,21,190,929,0,0,0,0,2.909,False
borgbackup/borg,eaf90cb73dfbe2e7996ae444d5c6bffd0ea89f7a,56,158,2,12,87,310,0,0,1,0,1.505,False
borgbackup/borg,e6d40f63d46b7fa9b4e3f549d66fdc5ffa1fd972,68,203,3,17,100,412,0,0,1,0,1.825,False
borgbackup/borg,e5e360d5b61c2b91e136a0c59319561190685011,82,296,2,22,130,496,0,0,0,0,1.533,False
borgbackup/borg,b04b4438bf2905cc95e4aec2caa8487414b47b0a,139,604,1,21,189,925,0,0,0,0,2.12,False
borgbackup/borg,269b94828458dfcea6c684e925ec61d9d16bd214,78,290,2,23,147,499,0,0,0,0,1.722,False
borgbackup/borg,c2b6ccf9bbf230e2465f0e18bd2833a573e86f52,68,204,3,17,99,409,0,0,1,0,1.525,False
borgbackup/borg,852172f5ce12d0a709e2e8884356a9a3378a71b9,137,600,1,20,189,925,0,0,0,0,2.215,False
borgbackup/borg,2dcbe02e5ae2c5674b350866b145c028966e1664,56,159,2,12,87,312,0,0,1,0,1.1,False
borgbackup/borg,7c20bb52d1085a27bc75496c313679a045b058e3,142,608,1,20,187,935,0,0,0,0,2.468,False
borgbackup/borg,5a667d6f6aad54ba1246fee4dbf54a67f75b80f4,56,159,2,12,87,312,0,0,1,0,1.035,False
borgbackup/borg,e69568309599bd88313c8e5c756296063a9b7e9b,138,600,1,19,190,931,0,0,0,0,2.061,False
borgbackup/borg,6b02c05f2b644320850fb040c2631b3090bb6db6,139,607,1,21,190,929,0,0,0,0,1.895,False
borgbackup/borg,8dc52b23dbf1ebe54e827fc545db01dc4f830d5f,139,605,1,21,189,926,0,0,0,0,1.419,False
borgbackup/borg,abd3b476de9ea6301fc2d892d377b215b087dd84,68,204,3,17,99,409,0,0,1,0,1.626,False
borgbackup/borg,a3e99a2b512d3d78d3aa7d4e8d9c652dc67ae745,78,293,2,23,148,502,0,0,0,0,1.989,False
borgbackup/borg,2181103c3f9fdfff7fbaadbde3bffe203547b404,83,298,2,22,131,499,0,0,0,0,1.659,False
borgbackup/borg,9263705de74cfa26be4e2a6395d1d6ae2ff70428,139,608,1,21,190,932,0,0,0,0,2.45,False
bridgecrewio/checkov,342c86dd97b8b75a077007586c8bd91abe962bfe,2491,5675,11,128,0,5736,0,0,1,0,7.921,True
bridgecrewio/checkov,d07fdc994015772a9fa0dc1a12d1391b5765916c,2325,5270,10,119,0,5327,0,0,1,0,12.169,False
bridgecrewio/checkov,e1a17d5af24185b8bc1952c8c46af130fce90794,2455,5559,10,124,0,5618,0,0,1,0,11.236,False
bridgecrewio/checkov,ea3ab628b456c0d8d401f37b568c90628a39e33a,2447,5540,10,124,0,5600,0,0,1,0,7.704,False
bridgecrewio/checkov,cb2283feaea643b822267526336ce20e67fb983e,2487,5656,11,128,0,5716,0,0,1,0,8.703,False
bridgecrewio/checkov,808f3e95d3c6de42e70de5a3789bfef386077573,1072,2330,5,10,0,2338,0,0,0,0,10.945,False
bridgecrewio/checkov,8b0f288ae10065b5f40673d904f2204c5a3ec770,2487,5659,11,128,0,5719,0,0,1,0,27.251,False
bridgecrewio/checkov,9e99247da3d2f1e775789b5ce08add155f1e5b01,2457,5567,10,124,0,5626,0,0,1,0,8.16,False
bridgecrewio/checkov,439d03c1a8e6186077d9d363a945fc5fde2b6057,251,422,0,0,0,421,0,0,0,0,2.704,False
bridgecrewio/checkov,fd4e896ee9b632e9bd85e4abb5d5250ed4b5ea67,2329,5274,10,118,0,5333,0,0,1,0,24.843,False
bridgecrewio/checkov,53d4eebf3493703c42035e9efea89fdf8050fb43,155,234,0,0,0,233,0,0,0,0,1.396,False
bridgecrewio/checkov,e3cbb34c9c312a0310b032b7ca4956a10b61a0f7,875,1756,0,0,0,1760,0,0,0,0,9.369,False
bridgecrewio/checkov,a902244a6743eff627eaf485e01ae6ae0a9f24d5,2347,5314,10,118,0,5373,0,0,1,0,23.807,False
bridgecrewio/checkov,7019fcfa760456261d6148846e0ce941fa6ccfc9,407,756,0,0,0,755,0,0,0,0,3.629,False
bridgecrewio/checkov,9f448d714432d3118a00a453c76dd8762aa284ab,1089,2364,5,10,0,2372,0,0,1,0,12.249,False
bridgecrewio/checkov,f73de91a10c4c02bbd6b3238fd2c2184ec4786af,2441,5523,10,124,0,5583,0,0,1,0,23.89,False
bridgecrewio/checkov,ddf2b88dfa506fb43a73cc9f64dc7377a679c0b3,2485,5656,11,128,0,5716,0,0,1,0,9.397,False
bridgecrewio/checkov,415fa65362b1b51b569a2f8348a5981614acf422,942,1986,2,4,0,1991,0,0,0,0,9.314,False
bridgecrewio/checkov,63a441563ff271fd675bb05c77e1620dbfd865a9,258,439,0,0,0,438,0,0,0,0,2.451,False
canonical/charmcraft,389f8ca582592c9a65a19ffa0d522a677174f094,79,179,2,21,1,149,0,0,2,0,1.57,True
canonical/charmcraft,ff36d80d6bb160dec17cb6067c34fbb600b96798,86,242,2,28,1,205,0,0,1,0,1.499,False
canonical/charmcraft,43241f1e12adda17c61245c6c6ed93e354b8e932,38,95,2,5,0,83,0,0,0,0,0.678,False
canonical/charmcraft,0ab0cc25005a65cad2f00f37e925cdae6d9398a7,79,179,2,21,1,149,0,0,2,0,0.864,False
canonical/charmcraft,a95394f28ff6c0b974d39baa44f6d34530fd6a5f,40,102,1,3,0,86,0,0,1,0,0.69,False
canonical/charmcraft,2d1e6d367ccf20a4debb0cbb3715c315dfcd390e,87,243,2,28,1,206,0,0,1,0,1.074,False
canonical/charmcraft,4a3cbacbd5a1cae3cd1076e2ff8ba93f3e49f3e7,71,166,2,17,1,138,0,0,1,0,0.756,False
canonical/charmcraft,acf98be9c75e25e31050b8c40381e4c08e11245f,63,156,2,14,0,131,0,0,1,0,1.076,False
canonical/charmcraft,754050ef4091ed4f1aeaf58934850deb50d046aa,33,78,1,3,0,61,0,0,1,0,0.471,False
canonical/charmcraft,57858344491374f189c8c277a2f6a2fe4c8d77d3,46,113,2,11,0,102,0,0,1,0,0.789,False
canonical/charmcraft,8f64d66a11bbba33604af734946cc730fcac9540,87,242,2,28,1,205,0,0,1,0,1.071,False
canonical/charmcraft,51a55f7320370179bb48b4e5f6cd02a9de46cc13,87,242,2,28,1,205,0,0,1,0,0.506,False
canonical/charmcraft,d2fcbfd55cce43aef5247ffa8af52ea6149dde44,71,166,2,17,1,138,0,0,1,0,0.661,False
canonical/charmcraft,6d0d9ce4d7656fe77df8b322f30c892ef212862a,79,179,2,21,1,149,0,0,1,0,0.84,False
canonical/charmcraft,2fa3602fa2455c132418486ef35886d0201956f9,63,148,2,15,0,130,0,0,1,0,1.059,False
canonical/charmcraft,c29dbccfa82989ba1bf97823e135bd590e125bb6,71,166,2,17,1,138,0,0,1,0,1.115,False
canonical/charmcraft,ac08e98e5dd6d0764beba24275193004bdc3df2d,87,242,2,28,1,205,0,0,1,0,0.768,False
canonical/charmcraft,e5ac156c3ae6d335cb78b4494f3dac8386bd2798,33,78,1,3,0,61,0,0,1,0,0.439,False
canonical/charmcraft,7790c04425256960b954ec62747154f69402ec8a,40,102,1,3,0,86,0,0,1,0,0.414,False
cloud-custodian/cloud-custodian,9a38db80b0ad2947e0e6a5dcc67577872f2524bc,621,1570,4,39,2,1617,0,0,8,0,13.295,True
cloud-custodian/cloud-custodian,b3f4660c3b1104e00f1a63fc6142aa0b3589e199,401,935,3,27,2,960,0,0,4,0,8.469,False
cloud-custodian/cloud-custodian,898910ea9fb3643a72a88ff3ff839d4c75dd1eed,401,935,3,27,2,960,0,0,4,0,2.807,False
cloud-custodian/cloud-custodian,80a8bbdb99472241754781a08945df9fe6bcd73c,401,929,3,27,2,954,0,0,4,0,3.704,False
cloud-custodian/cloud-custodian,5f0b86d17ba7056759e2987d01b827d2267e44c5,399,916,3,26,2,942,0,0,4,0,5.582,False
cloud-custodian/cloud-custodian,577aefaf34557a445470be106c954e5d667dc36e,400,919,3,26,2,946,0,0,4,0,4.974,False
cloud-custodian/cloud-custodian,d3596445a82b76a722dc3244bb18770258109a8a,401,918,3,26,2,946,0,0,4,0,5.039,False
cloud-custodian/cloud-custodian,097a06f45b00781be9687fa08387e64c866c1ef6,430,1041,3,33,2,1067,0,0,5,0,8.395,False
cloud-custodian/cloud-custodian,91f2016bfe3a595ec2b0a73695ebce8ad962175c,401,930,3,27,2,955,0,0,4,0,6.54,False
cloud-custodian/cloud-custodian,c9a61ade52b5d6eb4c32ede4e2c69220ea38bcd7,401,928,3,27,2,953,0,0,4,0,2.279,False
conan-io/conan,f4513c503371e5c5c6ba7ac27603bcc7cb0b89ff,361,1286,6,115,0,1327,0,0,0,0,6.606,True
conan-io/conan,3a53d711221524c14ce7add50e4b1894383cf6fa,232,876,5,25,0,886,0,0,0,0,3.744,False
conan-io/conan,8ebf1ca548854919398c38d9f15912ad01f3b18a,330,1144,5,90,0,1160,0,0,0,0,5.029,False
conan-io/conan,e9e4bb13e821470f28411742f1de179a796bc005,341,1227,5,88,0,1242,0,0,0,0,4.075,False
conan-io/conan,2035d2848ea3ba4dd2533a602d9a2f88487f942e,333,1169,5,92,0,1186,0,0,0,0,3.782,False
conan-io/conan,0597c50d8ca21c219f8187b8396954b8f74fbb16,328,1154,5,91,0,1171,0,0,0,0,2.938,False
conan-io/conan,52a41eaefb06cae7cacce096713534690ecd347b,330,1144,5,90,0,1160,0,0,0,0,3.073,False
conan-io/conan,025c796756241ba9bed8c979e72930afa712b299,355,1237,7,111,0,1279,0,0,0,0,4.323,False
conan-io/conan,32718f18e917edad561dd1058c1479894b0191f7,320,1075,5,73,0,1091,0,0,0,0,4.082,False
conan-io/conan,2e3f51782056b6665560f9af6166e30d7c2801ab,334,1185,6,83,0,1199,0,0,0,0,3.859,False
conan-io/conan,003e2cfb746dbc83370758c192edacebd761472b,341,1227,5,88,0,1242,0,0,0,0,3.011,False
conan-io/conan,216d3acf9a0047a258ac2f3a0645f2dc9a04c630,335,1161,5,90,0,1177,0,0,0,0,3.341,False
conan-io/conan,aa4920ec0935511b0f3d8f57040b70c00996e0c4,341,1225,5,88,0,1240,0,0,0,0,3.404,False
conan-io/conan,442d11232b52a24b97a0470b7e17a1bdb3ec97ea,371,1384,6,46,0,1418,0,0,0,0,6.246,False
conan-io/conan,dcdc6aef0470ac5c013c6c29541b308ad34a6ebf,353,1241,7,112,0,1282,0,0,0,0,4.849,False
conan-io/conan,767012b66a61ff350f8bd021e338bd504c3e222b,323,1119,5,93,0,1137,0,0,0,0,3.865,False
conan-io/conan,d99c7149ff64c2dd98b5d9752f5308f8ffd70474,336,1162,5,90,0,1178,0,0,0,0,2.926,False
conan-io/conan,84d3c55cf7036c445621592e200b3e16c2147a3e,224,863,4,21,0,870,0,0,0,0,3.17,False
conan-io/conan,f31647f3ef2feaabc91b2875d540ae48d2a4a4c8,334,1159,5,90,0,1175,0,0,0,0,3.847,False
conan-io/conan,256c14775b6281dec546aec1aa4c5973fe0d3ac8,224,863,4,21,0,870,0,0,0,0,2.343,False
dask/dask,0e1418f02576c81d80c96e9fbed31257345a9e5f,182,1062,1,141,0,1222,0,0,1,0,4.978,True
dask/dask,d86545992a7b81fc92a8bd63e0f02c6d95419585,127,669,1,88,0,797,0,0,1,0,3.127,False
dask/dask,771a045cd9196b37af54bee16761da7330c943a6,99,413,3,53,11,493,0,0,0,0,2.452,False
dask/dask,0ecef985bb7c75e02b0bc50aa1564f004103b0d1,105,476,2,65,10,570,0,0,0,0,2.645,False
dask/dask,b88fbbbb22722b24331c5b4ce76f522c069fdd92,182,1063,1,141,0,1224,0,0,1,0,4.036,False
dask/dask,1ba9c5bf9d0b005b89a04804f29c16e5f0f2dadf,128,697,1,89,0,832,0,0,1,0,3.086,False
dask/dask,44c75d08f6b693c53315c7926b5681af33696f5d,130,741,1,96,0,890,0,0,1,0,2.93,False
dask/dask,5a7f4524217d0d3ee9e44b6b6513264de7f16171,107,483,2,66,10,577,0,0,0,0,2.614,False
dask/dask,5f61f7f79b861be5ffdbf59950889166628a8fa6,107,482,2,66,10,576,0,0,0,0,1.412,False
dask/dask,2b7945ed783bc1be7bb67ab78b4ca246adfa9804,108,488,2,67,10,582,0,0,0,0,1.643,False
dask/dask,9a1f92801eebeefba4481fa5c9fc00badeee148a,88,377,2,44,11,455,0,0,0,0,2.038,False
dask/dask,519b62fed6fa577a52b9273e11ccd9ba6d49644b,111,504,2,69,10,603,0,0,0,0,2.844,False
dask/dask,37c3ae2e091412f5e2fdf3c957c383e89e4c8bb2,87,348,2,41,9,409,1,0,0,0,1.986,False
dask/dask,9634da11a5a6e5eb64cf941d2088aabffe504adb,120,586,1,84,12,717,0,0,0,0,3.394,False
dask/dask,221eb099ea8690ef7da334aa97b9a4e30e679f61,105,492,3,63,10,572,0,0,0,0,2.68,False
dask/dask,63b6bb84015975c8466e80d1d498a293835ae936,127,677,1,88,0,810,0,0,1,0,3.589,False
dask/dask,92c8cba82e5e427f9acbdadcc6973a531466ae41,100,436,3,56,11,524,0,0,0,0,2.181,False
dask/dask,c5524337c7abf5f9c5436736cbc8c081c193e8ab,166,936,1,125,0,1076,0,0,1,0,4.066,False
dask/dask,d8eb38e97db5a83d893b178a2bb8ec7c34bd8f29,166,937,1,125,0,1078,0,0,1,0,2.109,False
deepset-ai/haystack,41b7ed4f472b7c26cc6cb879e8fda1197b422f49,230,783,8,55,0,753,0,0,0,0,3.863,True
deepset-ai/haystack,af53e8430d93e1bca9a411cf162d72ad41dd6c02,160,448,4,19,0,398,0,0,1,0,2.241,False
deepset-ai/haystack,8b9eddcd948e972c844e03000c2802e85e462c2a,163,452,4,19,0,401,0,0,1,0,1.715,False
deepset-ai/haystack,676da681d08e2fc97b1e6ff66ef98f57c6f0260f,340,948,5,98,32,985,0,0,4,0,5.785,False
deepset-ai/haystack,0616197b44ae95da03aad7e5ac3997b243bd735d,147,323,3,7,0,328,0,0,1,0,1.886,False
deepset-ai/haystack,906177329bcc54f6946af361fcd3d0e334e6ce5f,171,496,4,20,0,444,0,0,1,0,2.226,False
deepset-ai/haystack,fc64884819b37c944a9580c022698c19102a37eb,216,698,7,47,0,670,0,0,1,0,3.216,False
deepset-ai/haystack,e3f9da13d0df40b5898e480c725ee329ca175858,207,652,10,34,0,602,0,0,1,0,2.168,False
deepset-ai/haystack,e92a0e4bebe14352f4d540278a77a8e34021c62f,163,453,4,19,0,402,0,0,1,0,1.571,False
deepset-ai/haystack,f6fceb1b568bf08f8244cf123b71cf32af8bec33,204,618,7,27,0,568,0,0,1,0,2.252,False
deepset-ai/haystack,9af6c7e442580c1df4763e6170ed36918d16eddd,141,313,3,7,0,317,0,0,1,0,1.454,False
deepset-ai/haystack,8d7a58347ddce640b4871f6017936537a9f1088c,146,407,4,18,1,368,0,0,1,0,1.788,False
deepset-ai/haystack,5f3c37d287a4fa882d59161a20f762e9102bc6aa,230,780,8,55,0,750,0,0,0,0,3.208,False
deepset-ai/haystack,2428bc2a92c2cb97381523beb9662a14fe15e9b5,160,448,4,19,0,398,0,0,1,0,1.901,False
deepset-ai/haystack,d7a7d9c1fb07c9e351a740e33e9347c67e0ccf08,163,453,4,19,0,402,0,0,1,0,1.372,False
deepset-ai/haystack,0fbb0655f0ddcb5ae07f90872c7bf7b2d5df72b9,141,337,3,7,0,343,0,0,1,0,1.516,False
deepset-ai/haystack,05af9c3439b05c8e730a3185fc84e2b45cda22b3,144,353,3,8,1,359,0,0,1,0,1.029,False
deepset-ai/haystack,848115c65edb98fe600d71cb398f8a5e4c874f76,216,698,7,47,0,670,0,0,1,0,2.759,False
deepset-ai/haystack,db4f23771abb41e598ad65041c997d72d6268dd9,190,580,5,23,0,514,0,0,1,0,2.173,False
deepset-ai/haystack,bce988eab00aa21272df177070b02c8d9789515c,257,811,4,96,32,847,0,0,4,0,4.381,False
deepset-ai/haystack,ad5d29d92fec1592ee8a8597df46ea09b9260f8a,182,538,5,22,0,478,0,0,1,0,2.277,False
django-json-api/django-rest-framework-json-api,142c76edadf7bf4d6c6692da307c03355103b1f6,36,46,1,6,0,46,0,0,14,0,0.089,True
django-json-api/django-rest-framework-json-api,87108d4d6472b0c76e8c8fff53a6f08a026dd319,37,51,1,6,0,50,0,0,14,0,0.193,False
django-json-api/django-rest-framework-json-api,e09b85dc3a7220f2e6fb1a3994ba176a2b71566f,34,48,1,6,0,46,0,0,8,0,0.418,False
django-json-api/django-rest-framework-json-api,6eff72e1be5fd8359f58c519091016f3e6709e23,37,51,1,6,0,50,0,0,14,0,0.51,False
django-json-api/django-rest-framework-json-api,3db6bce73e017a883e3f9139f5acaa466b634c71,36,51,1,6,0,49,0,0,10,0,0.396,False
django-json-api/django-rest-framework-json-api,2568417f1940834c058ccf8319cf3e4bc0913bee,37,51,1,6,0,50,0,0,14,0,0.273,False
django-json-api/django-rest-framework-json-api,46551a9aada19c503e363b20b47765009038d996,36,50,1,6,0,49,0,0,11,0,0.358,False
django-json-api/django-rest-framework-json-api,21493c1abda91af80de13202407485ef1a21dc50,37,51,1,6,0,50,0,0,14,0,0.26,False
django-json-api/django-rest-framework-json-api,0394cf91b87f6d488be3da8ef585df325786c73a,37,51,1,6,0,50,0,0,14,0,0.194,False
django-json-api/django-rest-framework-json-api,3263061a486e7b6bbfff066620a605383714fdf6,36,51,1,6,0,48,0,0,8,0,0.441,False
django-json-api/django-rest-framework-json-api,71508efa3fee8ff75c9cfcd092844801aeb407e1,37,53,1,6,0,52,0,0,12,0,0.353,False
django/django,4a72da71001f154ea60906a2f74898d32b7322a7,839,2779,14,197,8,2847,0,0,23,0,12.948,True
django/django,c609d5149c9295207cd7b2e8154e7b80a18d834a,831,2643,13,183,7,2654,0,0,23,0,11.789,False
django/django,d01709aae21de9cd2565b9c52f32732ea28a2d98,830,2621,13,181,7,2629,0,0,23,0,5.972,False
django/django,f9de1972685ab5ab31ce483a297d85d3e119088b,822,2694,15,123,99,2729,2,0,16,0,11.496,False
django/django,84c7c4a477eae5de394d036d7ba1e58a37e18b69,831,2657,13,186,8,2671,0,0,23,0,11.15,False
django/django,db1fc5cd3c5d36cdb5d0fe4404efd6623dd3e8fb,831,2657,13,186,7,2670,0,0,23,0,4.59,False
django/django,8c0c0235b6a23a0d69cd77286d0212de90d4af44,805,2577,12,189,5,2581,0,0,22,0,8.484,False
django/django,7afca03c4058c25f2e1cec8d0b07c2157c93e831,831,2657,13,186,7,2670,0,0,23,0,7.651,False
django/django,5fcfe5361e5b8c9738b1ee4c1e9a6f293a7dda40,827,2604,12,191,7,2611,0,0,24,0,7.452,False
django/django,882f99031e6e447384bfe22044cc980567d2f40d,840,2759,14,197,8,2823,0,0,23,0,13.361,False
django/django,d90e34c61b27fba2527834806639eebbcfab9631,836,2714,13,186,7,2775,0,0,23,0,8.33,False
django/django,74fd233b1433da8c68de636172ee1c9c6d1c08c9,830,2629,12,195,7,2638,0,0,24,0,11.204,False
django/django,cf2ca22a5797cdd53a10954e9811893325b24a30,830,2626,12,195,7,2635,0,0,24,0,4.597,False
django/django,c121e32082edaff817d9f69dec0c24855dc0186f,836,2712,13,186,7,2773,0,0,23,0,10.695,False
django/django,6e9c5ee88fc948e05b4a7d9f82a8861ed2b0343d,827,2604,12,191,5,2610,0,0,24,0,10.548,False
django/django,2d67222472f80f251607ae1b720527afceba06ad,822,2594,12,191,5,2600,0,0,24,0,5.939,False
django/django,75410228dfd16e49eb3c0ea30b59b4c0d2ea6b03,806,2570,12,190,5,2573,0,0,23,0,7.287,False
django/django,03cd3d137e2c29484b020b9768a4741f1096be97,798,2511,11,189,5,2520,0,0,22,0,9.246,False
django/django,231de683d86374c2b74da2185efc6ddfb5eb3341,831,2657,13,186,7,2670,0,0,23,0,10.56,False
django/django,c11336cd990e155371a5185cf3bd6942cad8d9da,838,2751,13,186,8,2814,0,0,23,0,13.379,False
django/django,af1fa5e7da21c57a4037e67f93493af4e78d454a,813,2417,13,142,6,2421,1,0,19,0,12.681,False
docker/docker-py,6ceb08273c157cbab7b5c77bd71e7389f1a6acc5,69,175,1,2,1,186,0,0,0,0,1.095,True
docker/docker-py,2d3bda84de39a75e560fc79512143d43e5d61226,30,58,0,0,0,59,0,0,0,0,0.466,False
docker/docker-py,b2a18d7209f827d83cc33acb80aa31bf404ffd4b,70,177,1,2,0,188,0,0,0,0,0.972,False
docker/docker-py,2ef02df2f06fafe7d71c96bac1e18d68217703ab,36,70,1,5,0,72,0,0,0,0,0.348,False
docker/docker-py,576e47aaacf690a3fdd6cf98c345d48ecf834b7d,70,178,1,2,1,189,0,0,0,0,0.776,False
docker/docker-py,07b20ce660f4a4b1e64ef3ede346eef9ec08635a,47,108,0,0,0,105,0,0,0,0,0.662,False
docker/docker-py,cb8f2c6630584d6d1b2d9296a0c780af0f5e5549,69,175,1,2,1,186,0,0,0,0,0.629,False
docker/docker-py,26064dd6b584ee14878157b4c8b001eefed70caf,70,177,1,2,0,188,0,0,0,0,0.594,False
docker/docker-py,008730c670afb2f88c7db308901586fb24f1a60c,37,73,1,5,0,75,0,0,0,0,0.449,False
docker/docker-py,650cc70e934044fcb5dfd27fd27777f91c337b6c,30,58,0,0,0,59,0,0,0,0,0.262,False
docker/docker-py,31775a1532a66cf8a4c183a99bb5c73623147295,70,177,1,2,0,188,0,0,0,0,1.024,False
dpkp/kafka-python,48dd596462be5fc7cda004c85b26db823c184a39,125,327,2,7,3,334,0,0,0,0,2.041,True
dpkp/kafka-python,141b6b29609f9594ad9d3d3302a0123d1b831261,106,262,1,5,3,272,4,0,0,0,1.465,False
dpkp/kafka-python,618c5051493693c1305aa9f08e8a0583d5fcf0e3,106,263,1,5,3,273,4,0,0,0,0.707,False
dpkp/kafka-python,cebfed210c7bca4a6c699df6748b008dbb7ce087,119,293,2,7,4,301,0,0,0,0,1.27,False
dpkp/kafka-python,cec1bdc9965b3d6729d4415e31b4dac04d603873,95,241,1,5,3,250,4,0,0,0,0.836,False
dpkp/kafka-python,70ec261b0d41448eb9d6b4ff9456d0d2d65edf15,119,305,2,7,4,313,0,0,0,0,1.205,False
dpkp/kafka-python,009290ddd5d4616d70bff93f841e773af8b22750,106,262,1,5,3,272,4,0,0,0,0.966,False
dpkp/kafka-python,26fbd2eed37224a6815cf61f4f302bf060945576,125,326,2,7,3,333,0,0,0,0,1.385,False
dpkp/kafka-python,899f11730db5f209c03cfad20111ec131ee4c70b,94,239,1,5,3,248,4,0,0,0,0.877,False
dpkp/kafka-python,de6e9d3cc31db2d513e8d8f9dde4d77d400325ce,114,289,1,5,6,304,1,0,0,0,1.32,False
dpkp/kafka-python,812de351f75beefe73bd9bef55847ab61ccc951d,112,287,1,5,6,302,1,0,0,0,0.596,False
dwavesystems/dimod,f67f48677202adffea7a5484e021e2599177b238,56,144,1,34,3,156,0,0,0,0,0.745,True
dwavesystems/dimod,8f6895d935af629edd492c86b2d31ea529997e27,55,134,1,32,3,147,0,0,0,0,0.406,False
dwavesystems/dimod,53a6efa00f23cd87774579536d589433601adca7,34,80,1,4,0,94,0,0,0,0,0.411,False
dwavesystems/dimod,63d9efac1c553e86c2cab6554d0af1ab3188b3c7,42,101,1,26,1,118,0,0,0,0,0.353,False
dwavesystems/dimod,72188236007a1225294a994f9684560de657d865,47,109,1,27,3,125,0,0,0,0,0.394,False
dwavesystems/dimod,54a79d8ad74234aac298d41531c76f73ee607b1b,43,105,1,26,1,121,0,0,0,0,0.297,False
dwavesystems/dimod,15e6f93638b937156e8f0fff008c3b63a451aa45,51,124,1,30,3,137,0,0,0,0,0.39,False
dwavesystems/dimod,2859c969a064fb2b7053919c8f1b50977a408511,30,71,1,2,0,81,0,0,0,0,0.383,False
dwavesystems/dimod,680b0434b77e17e211e74f84503b05a476b9ec64,42,101,1,26,1,118,0,0,0,0,0.281,False
dwavesystems/dimod,91938b74aac2dff4fdcc6dc55bf3b710465799ae,45,102,1,25,3,118,0,0,0,0,0.322,False
dwavesystems/dimod,4920d4e490a40ae69fafb4709ff8cc91059feb79,56,144,1,34,3,156,0,0,0,0,0.487,False
dwavesystems/dimod,67f88fd545767cf999bf86e86bf93489f3a503b9,34,80,1,4,0,94,0,0,0,0,0.265,False
dwavesystems/dimod,7b75e47ce4fec541e432f84367ba58393934b941,30,71,1,2,0,81,0,0,0,0,0.223,False
dwavesystems/dimod,e89fd52174afdcb783a7859892b328ee989e01dd,43,105,1,26,1,121,0,0,0,0,0.291,False
dwavesystems/dimod,4ebac589cfcddcfcef4b4e5160a07c5f67d999f6,34,80,1,4,0,94,0,0,0,0,0.19,False
dwavesystems/dimod,cbcea2e9809fa2016e5728cf6d170db7f02e2712,47,109,1,27,3,125,0,0,0,0,0.33,False
elastic/rally,6915655f2ebf11311db54ebd2014c942110e77e2,63,215,0,0,0,93,0,0,0,0,1.434,True
elastic/rally,7387ca228ec1f0f7e6dc5f4938cfc62dbc4c5cba,52,174,0,0,0,74,0,0,0,0,0.956,False
elastic/rally,1ceb4dbe3d5c925fbcc63bc4ec8426a653d7c6f3,51,176,0,0,0,73,0,0,0,0,0.776,False
elastic/rally,1ca746a1ef3cbf7c2441e9d6d2bb279795853991,50,170,0,0,0,70,0,0,0,0,0.829,False
elastic/rally,7a0e577136d44360d61b3b91a0dc00ecc659f016,50,171,0,0,0,71,0,0,0,0,0.551,False
elastic/rally,f2557f8476f7ba34c5def1c0126218f19266dee1,52,174,0,0,0,74,0,0,0,0,0.665,False
elastic/rally,7aad2e841ca7a2e022447993a83513f24b49c755,50,170,0,0,0,70,0,0,0,0,0.709,False
elastic/rally,a8f4694a7dd6a7b4098f49d93daf14b4e55a090a,52,178,0,0,0,76,0,0,0,0,0.8,False
elastic/rally,4497951696f75078fe05e2def4b95592e074d211,52,179,0,0,0,76,0,0,0,0,1.092,False
elastic/rally,188495b1fdcd8f9e36625ca2b10f1c9659750290,50,170,0,0,0,70,0,0,0,0,0.725,False
elastic/rally,a5408e0d0d07b271b509df8057a7c73303604c10,50,172,0,0,0,72,0,0,0,0,0.608,False
elastic/rally,ddc1e7a8873e5336809b7e6cfe3f434175a08ff3,52,179,0,0,0,76,0,0,0,0,0.901,False
elastic/rally,207bb15258cdab397eea3a3e4fd4f08e50766bc5,61,214,0,0,0,89,0,0,0,0,1.264,False
elastic/rally,54edbccaef684a2a5e202ba37b3fd0ca1b786821,52,176,0,0,0,74,0,0,0,0,0.777,False
elastic/rally,df8634ecd0df12cc97ed44199a1837f0e5371e61,60,211,0,0,0,86,0,0,0,0,1.505,False
ethereum/web3.py,0b6239f89c934d3c81d18d2c39747f1fd21cab88,170,637,1,97,0,661,0,0,0,0,2.919,True
ethereum/web3.py,f6629c25731dcc7ee98f94f6a806dd8798cdd8e6,162,553,1,86,0,572,0,0,0,0,2.281,False
ethereum/web3.py,3237c6f2c1bfaddb5da8ad9d370fd50ad26f1700,163,594,1,92,0,616,0,0,0,0,2.067,False
ethereum/web3.py,e29ce515208d424c9f9e54d512fcc0d2007b67bb,162,553,1,86,0,572,0,0,0,0,1.747,False
ethereum/web3.py,9e21be09d8f4c2356228284ffb52f4f6a3026e35,163,594,1,92,0,616,0,0,0,0,1.605,False
ethereum/web3.py,2c5009b00ed9dff12519871b4193f5d46b606b66,204,663,1,104,0,676,0,0,0,0,2.709,False
ethereum/web3.py,f7d1cd37c9acb3f6a565655da720b9848d9b65bb,170,639,1,97,0,663,0,0,0,0,1.951,False
ethereum/web3.py,ff6de1c0d49e9a135db9bce51249568ab2a4e3c1,203,670,1,101,0,690,0,0,0,0,2.026,False
ethereum/web3.py,bfe0706862f7624ef4915ff04ba250ef50548fe1,163,594,1,92,0,616,0,0,0,0,1.697,False
ethereum/web3.py,8f853f5841fd62187bce0c9f17be75627104ca43,206,664,1,104,0,677,0,0,0,0,2.187,False
ethereum/web3.py,941f8d08f66e34ca83dfaf6c4c96bb294153a996,170,639,1,97,0,663,0,0,0,0,1.899,False
ethereum/web3.py,6e5a5542571a9acbfb20b428e721a55816979a3c,163,594,1,92,0,616,0,0,0,0,1.429,False
ethereum/web3.py,0d3b74505820d2dbff82dfe702ce863d73a062ab,203,670,1,101,0,690,0,0,0,0,1.852,False
ethereum/web3.py,f55177b3be6f604a965e0b7d456ff3c6de3402ff,205,663,1,104,0,676,0,0,0,0,1.669,False
facelessuser/pymdown-extensions,fbf4bf22da3bc864f24b4ee6a2c05b145fb6c304,52,39,1,2,0,40,0,0,0,0,1.374,True
facelessuser/pymdown-extensions,7a9d548ed3aa921e77fbedd202947ba884cca04c,42,18,0,0,0,18,0,0,0,0,1.058,False
facelessuser/pymdown-extensions,02469ddebfe79da5341103270f62d594d57ff462,42,19,0,0,0,19,0,0,0,0,0.811,False
facelessuser/pymdown-extensions,f6102ac0dca1756a1bd052277c44af29887edace,52,37,0,0,0,38,0,0,0,0,1.214,False
facelessuser/pymdown-extensions,759c780c7dbdd580a8d73a7c56dcfd86028ff5a4,41,19,0,0,0,19,0,0,0,0,0.879,False
facelessuser/pymdown-extensions,f655468301b9372c1619a40c2f4b08e4d936b5d7,52,37,0,0,0,38,0,0,0,0,1.089,False
facelessuser/pymdown-extensions,e9c26a243ce7bf8b7a227e84025e6371eaad15ed,42,19,0,0,0,19,0,0,0,0,0.861,False
facelessuser/pymdown-extensions,73bd554cf1c927e03d97be382597554d06db67ca,41,18,0,0,0,18,0,0,0,0,0.896,False
facelessuser/pymdown-extensions,9df48dbc8426804c5848f6e7ddc2067d12f5e020,52,37,0,0,0,38,0,0,0,0,1.021,False
facelessuser/pymdown-extensions,cf97b062b63675ace395955c16ef94968f4132a5,50,33,0,0,0,33,0,0,0,0,1.061,False
facelessuser/pymdown-extensions,7981fdabd75da31af0b8efb8dba9a20a6fb3e6db,42,19,0,0,0,19,0,0,0,0,0.818,False
facelessuser/pymdown-extensions,b5d38261aac121cb13cd459df0272c4c81abd67f,52,37,0,0,0,38,0,0,0,0,1.119,False
facelessuser/pymdown-extensions,a1c2727e6496c28aff5b6db0dfa427e690966ee1,42,19,0,0,0,19,0,0,0,0,0.856,False
facelessuser/pymdown-extensions,45b53a7cbe891021f5b5570bc056f97a119ed078,50,33,0,0,0,33,0,0,0,0,0.989,False
facelessuser/pymdown-extensions,5e750734b7242d82258a0d9bf1db2ee966634903,50,33,0,0,0,33,0,0,0,0,1.054,False
facelessuser/pymdown-extensions,0ad4ac32ac6f91b163fd297656d47ef249173951,41,18,0,0,0,18,0,0,0,0,0.723,False
falconry/falcon,c8e7d1dd5af65939d30d88a0fbc6aa2f2c920935,149,322,1,42,2,773,0,0,5,0,2.468,True
falconry/falcon,cacaa905665a9a3360b23ea6e91d6ddfa1a42fb6,149,322,1,42,2,773,0,0,5,0,0.536,False
falconry/falcon,cbca63dc7739720eab856f48b32f9e782438be7a,124,239,2,10,3,384,0,0,5,0,1.451,False
falconry/falcon,d8e868beb4ec60bceb2897477e8983fe10ad3b94,147,319,1,42,2,765,0,0,5,0,1.22,False
falconry/falcon,5ff8366acab493d2ce09f2a5ca474c1562c70360,102,188,2,13,4,194,0,0,0,0,1.428,False
falconry/falcon,8702f2dd0a72dda4f3a974c5e925c3045bdebcca,115,226,1,5,5,353,0,0,5,0,1.296,False
falconry/falcon,06fdf2885d70149803dbc47324ae8c951b7e58b3,142,308,1,42,2,748,0,0,5,0,1.427,False
falconry/falcon,e470e62395762e52f5bf72347f40657711de04ec,142,299,1,40,2,753,0,0,5,0,1.311,False
falconry/falcon,50b652584825883132e1c2eb98a6e3e12cf4e5ff,149,322,1,42,2,773,0,0,5,0,1.19,False
falconry/falcon,673bb2e13613f04462a5515ba41f84dbab142970,49,63,1,6,0,64,0,0,0,0,0.675,False
falconry/falcon,62c8a2a459f62834f5a14a07692efc5ac86d34a9,114,226,1,5,5,353,0,0,5,0,1.045,False
falconry/falcon,ed80f698e987d5709a1360bb1899a603a81bb59b,147,319,1,42,2,765,0,0,5,0,1.204,False
falconry/falcon,cd707961898e7012159b7205dabc4a2824eb3a68,120,237,2,10,3,380,0,0,5,0,1.048,False
falconry/falcon,c7df22a7b72a84cfe6831e4132f6f988a6332706,113,220,1,5,4,344,0,0,5,0,1.148,False
falconry/falcon,69f6a3232eb47d7f0ff631e4fdc09b168d836eff,84,107,2,12,0,109,0,0,0,0,0.756,False
falconry/falcon,5ce771e19b9aed17401f5865011ebec59105f5a6,142,307,1,42,2,747,0,0,5,0,1.364,False
falconry/falcon,1f914c5143250c1113089868f30eed67697dc40d,142,292,1,39,2,724,0,0,5,0,1.081,False
falconry/falcon,77d5e6394a88ead151c9469494749f95f06b24bf,142,308,1,42,2,749,0,0,5,0,1.083,False
falconry/falcon,11076b8fc78bb61707c271953783198f4b6a04f1,142,308,1,42,2,749,0,0,5,0,0.369,False
falconry/falcon,62c80e679c5a17eb08e1a836a2a8ad3f75697fdb,143,309,1,42,2,750,0,0,5,0,0.541,False
fatal1ty/mashumaro,c076075516af07c0bb552b1a388019380f8d76ae,76,151,1,4,0,151,0,0,0,0,1.206,True
fatal1ty/mashumaro,b1f5ab3284bdac682fc465e67d7c8f8b2ce44827,43,91,1,4,0,91,0,0,0,0,0.524,False
fatal1ty/mashumaro,a86eaf8e4a5f23a7e48644db230fc5a39beffc69,69,123,1,4,0,123,0,0,0,0,0.401,False
fatal1ty/mashumaro,73a937aebf8383da558cac3e71978cc1f8e6a0c7,43,91,1,4,0,91,0,0,0,0,0.281,False
fatal1ty/mashumaro,92d539cfde20c50d953730128441b951f60505cd,69,123,1,4,0,123,0,0,0,0,0.349,False
fatal1ty/mashumaro,ab8242448631ab7a1ad2e437561377cd698a99e9,76,151,1,4,0,151,0,0,0,0,0.571,False
fatal1ty/mashumaro,d70c5c5606bca8854ce9ad309bdb637309d590cb,76,151,1,4,0,151,0,0,0,0,0.355,False
fatal1ty/mashumaro,41b90d2a0505c2a5d463150d880df8cf917227a8,43,91,1,4,0,91,0,0,0,0,0.265,False
fatal1ty/mashumaro,7349f736c5d4b25f0c9ae3849f6daed1e7a6e06f,69,123,1,4,0,123,0,0,0,0,0.353,False
fatal1ty/mashumaro,b7d6435a96ede5cef7d1915a3817e3e1f14df6e7,69,123,1,4,0,123,0,0,0,0,0.383,False
fatal1ty/mashumaro,8ec9c6e0d644209698f2446700fdebf1ed47e19d,43,91,1,4,0,91,0,0,0,0,0.311,False
fatal1ty/mashumaro,c3c6739640533426ac08b231b747607aeb596c9c,76,151,1,4,0,151,0,0,0,0,0.638,False
fatal1ty/mashumaro,89f4b1ad2048877e72dc4c86a3c532683753ea8a,69,123,1,4,0,123,0,0,0,0,0.305,False
fitbenchmarking/fitbenchmarking,82716374bf37f0fe0e6f6a5fc5cc14fa7d036976,121,194,0,0,0,191,0,0,0,0,1.63,True
fitbenchmarking/fitbenchmarking,c451994dba5cf826520ab10f894f3b1260b29215,120,190,0,0,0,188,0,0,0,0,1.101,False
fitbenchmarking/fitbenchmarking,be3361d4fd7a34a8a2fcfa7a8510908accf9222a,142,150,1,2,4,165,3,0,0,0,2.079,False
fitbenchmarking/fitbenchmarking,df465dc1b60d580dfb885ee9d03866c25988566f,104,145,0,0,0,141,0,0,0,0,1.366,False
fitbenchmarking/fitbenchmarking,f3f92bfbb2a4b0573142330fe4e824904a92fb59,120,189,0,0,0,188,0,0,0,0,1.482,False
fitbenchmarking/fitbenchmarking,98e3393ac3df0c3ad6be298ceb208742873c35e5,120,191,0,0,0,188,0,0,0,0,1.097,False
fitbenchmarking/fitbenchmarking,6911a5099e8d9f0430f94dff41d207d38448701c,104,145,0,0,0,141,0,0,0,0,0.817,False
fitbenchmarking/fitbenchmarking,d4e104323741131792a1b92e596bc5760afab9a2,102,141,0,0,0,135,0,0,0,0,0.612,False
fitbenchmarking/fitbenchmarking,f88b68edb089a0fa66f94df45fb504490d495839,120,189,0,0,0,187,0,0,0,0,0.969,False
fitbenchmarking/fitbenchmarking,798f3bc6058a5a3b2207e5fc19d059bdfc18d4b0,120,189,0,0,0,188,0,0,0,0,1.895,False
fitbenchmarking/fitbenchmarking,e349416a48d3bcb826ed088c7822876123473443,114,175,0,0,0,173,0,0,0,0,1.066,False
fitbenchmarking/fitbenchmarking,bf51c519b48a817bcceaf59332081343a358c608,116,176,0,0,0,175,0,0,0,0,0.772,False
fitbenchmarking/fitbenchmarking,546e9783dafe0ab502cceff43e4464c6ef5de843,120,189,0,0,0,188,0,0,0,0,0.82,False
fitbenchmarking/fitbenchmarking,1ebe9d7a7263650029516ac293e4d0d41c8ff8c7,110,167,0,0,0,165,0,0,0,0,1.103,False
fitbenchmarking/fitbenchmarking,eddaae19cee2e5dc1c8d15519a2ad07bb5c58ed0,73,85,0,0,0,81,0,0,0,0,0.798,False
fitbenchmarking/fitbenchmarking,6641c44ab97f156badf34a1075791a21304df4a3,60,75,0,0,0,70,0,0,0,0,0.474,False
fitbenchmarking/fitbenchmarking,9a63e9316c755bfe24a3bbb2cd821d2bb9a45920,92,122,0,0,0,117,0,0,0,0,1.175,False
fitbenchmarking/fitbenchmarking,b6009bff0dab092f772f5bb46bb21312acb0e607,106,149,0,0,0,145,0,0,0,0,1.014,False
fitbenchmarking/fitbenchmarking,c35a839af9dc75807c452ebcf2346c18fb4ce558,85,117,0,0,0,112,0,0,0,0,0.816,False
fitbenchmarking/fitbenchmarking,6a41e646051513f80570287b96796f879534b072,141,145,1,2,4,164,3,0,0,0,1.875,False
fonttools/fonttools,7b50bde2ee3ac6c9e1936ea8c5351ffd84e4606c,350,295,2,8,0,311,0,0,7,0,7.451,True
fonttools/fonttools,ee56bb0edaac43d5b7113b2a9d00ed9723ae83b2,333,247,1,3,0,263,0,0,7,0,4.847,False
fonttools/fonttools,7ad7cfd0588e6ee67bdfc0f1bc2e43dd4503e44d,334,247,1,3,0,263,0,0,7,0,3.954,False
fonttools/fonttools,5e6b12d12fa08abafbeb7570f47707fbedf69a45,333,247,1,3,0,263,0,0,7,0,3.46,False
fonttools/fonttools,d757bfac8a140832fcb7ebdf1bd502480d6a6911,329,245,1,3,0,261,0,0,7,0,3.12,False
fonttools/fonttools,969d09dcafd3669753e30060ccca7e5fd4c356cd,326,241,1,3,0,256,0,0,7,0,2.55,False
fonttools/fonttools,b2b771076c37e3a5ab3ab8e93a39b978ae832c15,326,241,1,3,0,256,0,0,7,0,2.46,False
fonttools/fonttools,18d4b17070b9974149310c874286b074226fb8d4,334,247,1,3,0,263,0,0,7,0,3.73,False
fonttools/fonttools,46cb2d078adebb0830d054052c1a489e699583b0,334,247,1,3,0,263,0,0,7,0,3.547,False
fonttools/fonttools,e04dfaab53c54b83096222993b914dc62e483156,334,247,1,3,0,263,0,0,7,0,3.613,False
fonttools/fonttools,7cdac78423b259e77641fe3a1cf3a0b1cc5ec049,324,240,1,3,0,255,0,0,7,0,4.185,False
fonttools/fonttools,dff78057170e1dc42e09480c2a2829a01854ee02,338,250,1,3,0,265,0,0,7,0,5.744,False
fonttools/fonttools,0572f7871823bdef3ceceaf41dedd0a6bd100995,324,240,1,3,0,255,0,0,7,0,5.39,False
fonttools/fonttools,84ebc7d34510720858db4916103b41dcd7f28730,325,240,1,3,0,255,0,0,7,0,3.779,False
fonttools/fonttools,75af36804fb595cabd768d2bc3ccf9b64445a014,338,250,1,3,0,265,0,0,7,0,4.93,False
frictionlessdata/frictionless-py,33bfb1d99595667202aaa6fa01e54f4865e4c2fa,249,791,10,26,0,761,0,0,0,0,3.203,True
frictionlessdata/frictionless-py,3c45ffc8f240a8d09440a82ded422fe341141039,115,450,0,0,0,453,0,0,5,0,1.661,False
frictionlessdata/frictionless-py,696cd6c41dc6ace4f1bc5758e8f59f1812e1d6be,115,450,0,0,0,453,0,0,5,0,0.553,False
frictionlessdata/frictionless-py,db804dc97281ec605d9542440fe1688670bba00f,248,787,10,26,0,757,0,0,0,0,1.58,False
frictionlessdata/frictionless-py,e3fd70a742d7222b3c3e5b217344d0ae5bc002fe,116,471,1,4,0,470,0,0,0,0,1.29,False
frictionlessdata/frictionless-py,8ec7ea15273d466001345d89d030b2a172cdafd7,114,453,0,0,0,455,0,0,0,0,1.5,False
frictionlessdata/frictionless-py,55d71b51b6e0e15e7e6eb4bb5eaa221bae96344c,115,462,0,0,0,461,0,0,0,0,1.235,False
frictionlessdata/frictionless-py,84a1a8ad75c91758b2aad37f1be42a39d42d1846,116,469,0,0,0,468,0,0,0,0,0.918,False
frictionlessdata/frictionless-py,35425305296f34f0ce902994151b2d7bbf0aca5b,116,469,0,0,0,468,0,0,0,0,0.496,False
frictionlessdata/frictionless-py,1b5a274bba5b736d1d7c4fc4a3eb62e64f56d1c0,116,468,0,0,0,467,0,0,0,0,0.559,False
frictionlessdata/frictionless-py,62346c0985fca4ddee41a1f09b748376fa83e2ea,248,787,10,26,0,757,0,0,0,0,1.67,False
frictionlessdata/frictionless-py,930ae7e8d31ac3d1540e482badd03ab6e19aab56,116,471,1,4,0,470,0,0,0,0,0.763,False
frictionlessdata/frictionless-py,d62ccf6efbe23020956d35ce396b3cef9af18d42,116,469,0,0,0,468,0,0,0,0,0.526,False
frictionlessdata/frictionless-py,01f88f774f522e21484886c24b30ab2247957217,249,791,10,26,0,761,0,0,0,0,1.411,False
frictionlessdata/frictionless-py,941099ddc4657afdc9c455e0a2d1e9857ff7494a,118,415,0,0,0,416,0,0,13,0,1.537,False
frictionlessdata/frictionless-py,eabcc12f8291ccf18dc4ef9fe17da7caef7e861d,245,773,6,23,0,743,0,0,0,0,1.734,False
frictionlessdata/frictionless-py,5c1817f1d8d1931a6017024b24300a769f91f9a1,116,469,0,0,0,468,0,0,0,0,0.965,False
frictionlessdata/frictionless-py,2b27d87ac042119d93320051c5be78d9ebf954b6,108,366,0,0,0,368,0,0,13,0,1.778,False
frictionlessdata/frictionless-py,38002600c959bbe2863d533177d56a9df89c9fbd,118,415,0,0,0,416,0,0,13,0,1.203,False
frictionlessdata/frictionless-py,3cd163e1deff2ffb4aa5cede714eaa8c1c954ac6,115,436,0,0,0,438,0,0,5,0,1.135,False
genericmappingtools/pygmt,1067fa316b214d470f26f4affba743a4835a53c8,163,397,0,0,0,343,0,0,4,0,2.053,True
genericmappingtools/pygmt,5385fa5468cc9f12f3169218369dfd2d9915bb52,104,220,0,0,0,193,0,0,9,0,1.311,False
genericmappingtools/pygmt,9e0a8688afafefff970a2c5901322ddf3c5a2c6a,52,87,1,4,0,87,0,0,1,0,0.709,False
genericmappingtools/pygmt,4856d64e441434e395c5b8e7874022052c76f9af,51,87,1,4,0,87,0,0,1,0,0.23,False
genericmappingtools/pygmt,b69fd0c36d872a57a3a9ca14232e366193e96fb7,146,323,0,0,0,282,0,0,3,0,1.305,False
genericmappingtools/pygmt,53b4e7416989e76be4ae2b19d352b076c4dd4fa1,129,263,0,0,0,230,0,0,3,0,1.187,False
genericmappingtools/pygmt,89857c32c7e61c57fb1f03993cfb090c76366783,51,86,1,4,0,86,0,0,1,0,0.385,False
genericmappingtools/pygmt,4163497b9a12bcfc35b337ced20dde9afae10ce7,146,323,0,0,0,282,0,0,3,0,0.789,False
genericmappingtools/pygmt,b8385bfd21faa3d282be5482d0cc056e7abe70ca,99,207,0,0,0,185,0,0,8,0,0.915,False
genericmappingtools/pygmt,7f37e1ca5b14a4064447304a5bf3936489cf933f,135,284,0,0,0,247,0,0,3,0,0.864,False
genericmappingtools/pygmt,6aba9aea0484b1c9038a3ee63c3360d596401acb,152,343,0,0,0,298,0,0,3,0,1.011,False
genericmappingtools/pygmt,ec73ea42428da74fca505cf6c14e71c5c667a6f3,134,281,0,0,0,244,0,0,3,0,0.624,False
genericmappingtools/pygmt,6f3650a0d6db63cd1a164c00d192ef0c3dc24b22,121,245,0,0,0,215,0,0,3,0,0.395,False
getsentry/sentry-python,2c3776c582a23b6936c76ef53008bf63f861b6fd,154,711,4,51,0,771,0,0,1,0,2.572,True
getsentry/sentry-python,d48d3eb79bd6a91570476e5d3fc627e195ca2eba,100,550,3,36,0,616,0,0,1,0,1.718,False
getsentry/sentry-python,2882ee800533b52f264cd49ff603537e217c05c6,98,521,2,32,0,586,0,0,1,0,1.24,False
getsentry/sentry-python,35d86b69980632816b5e055a2d697cdecef14a36,116,635,3,37,0,716,0,0,1,0,1.486,False
getsentry/sentry-python,b530b6f89ba9c13a9f65a0fa3f151ed42c9befe0,69,329,2,22,0,379,0,0,0,0,1.115,False
getsentry/sentry-python,200d0cdde8eed2caa89b91db8b17baabe983d2de,144,693,4,50,0,749,0,0,1,0,2.743,False
getsentry/sentry-python,c97ea700789f8259cafa5dab4751d11236ca7a6e,145,689,4,49,0,745,0,0,1,0,1.844,False
getsentry/sentry-python,ad390863ed347b8395d4f0b4658acffc0e4b105b,145,689,4,49,0,745,0,0,1,0,0.805,False
getsentry/sentry-python,3f57299d1addff54a2d218c069e466a371edc8c4,150,700,4,50,0,756,0,0,0,0,1.689,False
getsentry/sentry-python,5715734eac1c5fb4b6ec61ef459080c74fa777b5,153,705,4,50,0,763,0,0,1,0,1.553,False
getsentry/sentry-python,6a733683ebd9728bab065b6e2d9ea11687e204a4,118,619,4,38,0,727,0,0,1,0,2.149,False
getsentry/sentry-python,8ced6609e6fcc95855f43cf9fc1d94b59836b57f,150,704,4,50,0,760,0,0,0,0,1.972,False
getsentry/sentry-python,eb5ee4acf1556a9973ef1fe7d0ae63bab150059d,98,521,2,32,0,586,0,0,1,0,1.313,False
getsentry/sentry-python,e9b5855d619ded6152bd84dff93f948ac2d32515,117,635,3,38,0,718,0,0,1,0,1.398,False
getsentry/sentry-python,a58154259468b0d2f944a4a01eb2bf96a543696c,145,689,4,49,0,745,0,0,1,0,1.596,False
google/flax,32ad6c57a6f2c09080e9746b903addcb5c2b226c,208,494,2,47,7,605,0,0,10,0,4.341,True
google/flax,33bf6b6adec5dd7e5981d970972ec5b0fb04cfc2,205,479,2,48,5,572,0,0,9,0,2.023,False
google/flax,51e2cf536f5e0f63a4c7c1c4dccbb2831abf924f,165,319,2,25,5,372,0,0,9,0,2.929,False
google/flax,398e170b1e14bec7369987af7beafd32405f21ef,131,208,1,18,6,261,0,0,0,0,2.292,False
google/flax,091df13e82629328b317fc20fe2f360c1d964435,162,297,2,24,5,351,0,0,9,0,2.068,False
google/flax,fbdc3394f67c973c3502c482d168152437fea3c2,185,407,2,45,5,485,0,0,6,0,3.064,False
google/flax,541385015d1925f50e47530ed838a485c315d58d,208,492,2,47,7,601,0,0,9,0,2.729,False
google/flax,b468207650e7fd2b9b4b035dbbec6176d9ae3734,165,319,2,25,5,372,0,0,9,0,2.05,False
google/flax,3b21870822bd2a6d880194799b749bb69534769f,189,414,2,45,5,493,0,0,6,0,2.471,False
google/flax,e16cfc44f85a9c4b26f3ebb28249ba49ce3e1527,209,509,2,48,7,620,0,0,10,0,2.444,False
google/flax,829e004c6d5646f24bd048023a4407e3b4d5aa98,165,319,2,25,5,372,0,0,9,0,1.937,False
google/flax,b8bdafbbc53bfdb7266db18b4a5261eb0fff3625,200,456,2,33,5,555,0,0,8,0,2.775,False
google/flax,c1046ad08f885e3ff35e6fdec2bd0b6495e04e22,201,463,2,33,5,564,0,0,8,0,1.261,False
google/flax,c25f546ff4c72c6c85e5225fe8467331720034be,176,366,2,30,5,418,0,0,9,0,2.182,False
google/mobly,c6145d2d18b6594420e5fa2ca95123d38e4b10ff,50,78,1,2,0,79,0,0,0,0,0.682,True
google/mobly,ac5549a19bef84d226fa639da8b249ded508321e,47,71,1,2,0,72,0,0,0,0,0.667,False
google/mobly,464a16aee403100025085846f0b6a5e29620e5b6,36,40,0,0,0,40,0,0,0,0,0.487,False
google/mobly,02b9d84acfe775a6fe73e2b960ba7e47765184d6,40,52,0,0,0,53,0,0,0,0,0.501,False
google/mobly,81f4c8854fdc7b07607efdb7f0da91b9e1b22d12,35,39,0,0,0,39,0,0,0,0,0.321,False
google/mobly,5960e218c4006d8b7681ffe9698cbef160ad112f,37,43,0,0,0,44,0,0,0,0,0.426,False
google/mobly,2172facbb0ad8d1795a63e7b777d5938914cf758,37,44,0,0,0,45,0,0,0,0,0.34,False
google/mobly,51c912d1a8ffd5ace4a9a744a46498515cf5c145,37,44,0,0,0,45,0,0,0,0,0.31,False
google/mobly,5aa74012449604d732e51637d7775891caab7df2,46,66,0,0,0,67,0,0,0,0,0.404,False
googleapis/python-storage,6aef9b7bf17c3ff50518e90c688f1b08a1b90f6d,158,218,1,10,41,341,0,0,2,0,2.25,True
googleapis/python-storage,d346c94253ddce6985bcdc7da8eaf3f0585a9f66,32,50,2,6,38,133,0,0,2,0,0.541,False
googleapis/python-storage,69b2c45079ce2c86f7847fdc9611a9462ae28678,30,43,2,6,35,109,0,0,1,0,0.337,False
googleapis/python-storage,9e4d1d8b44e55a1a10032b844932a8f5140c68fe,144,184,2,6,50,287,0,0,2,0,1.12,False
googleapis/python-storage,4c1c819539f8026e14dbe67734be1395ccb18aae,30,42,2,6,34,107,0,0,1,0,0.35,False
googleapis/python-storage,b91e57d6ca314ac4feaec30bf355fcf7ac4468c0,32,50,2,6,38,132,0,0,2,0,0.369,False
googleapis/python-storage,6152ab4067d39ba824f9b6a17b83859dd7236cec,30,43,2,6,35,108,0,0,1,0,0.295,False
googleapis/python-storage,e3e57a9c779d6b87852063787f19e27c76b1bb14,33,55,2,6,39,148,0,0,2,0,0.425,False
googleapis/python-storage,179de2a7e0ca92b2cd849714a2d7801baaf1c551,33,51,2,6,40,137,0,0,2,0,0.384,False
googleapis/python-storage,ec52b38df211fad18a86d7e16d83db79de59d5f5,30,43,2,6,36,115,0,0,2,0,0.363,False
googleapis/python-storage,a834d1b54aa96152ced4d841c4e0c241acd2d8d8,30,42,2,6,34,107,0,0,1,0,0.365,False
googleapis/python-storage,3465d08e098edb250dee5e97d1fb9ded8bae5700,30,43,2,6,35,114,0,0,2,0,0.36,False
googleapis/python-storage,4db96c960b07e503c1031c9fa879cf2af195f513,146,186,2,6,48,300,0,0,2,0,0.992,False
googleapis/python-storage,7a4e7a5974abedb0b7b2e110cacbfcd0a40346b6,30,43,2,6,35,114,0,0,2,0,0.398,False
googleapis/python-storage,8ec02c0e656a4e6786f256798f4b93b95b50acec,148,196,1,10,50,313,0,0,2,0,0.941,False
googleapis/python-storage,2f4164d209494752bd3b9ec4d6ac389282f5c604,30,43,2,6,36,115,0,0,2,0,0.396,False
googleapis/python-storage,3bf5c5213a3fac2058a07539e0a1e1c4497d5f07,32,50,2,6,38,128,0,0,2,0,0.27,False
googleapis/python-storage,79d27da9fe842e44a9091076ea0ef52c5ef5ff72,32,50,2,6,38,133,0,0,2,0,0.301,False
googleapis/python-storage,547740c0a898492e76ce5e60dd20c7ddb8a53d1f,32,50,2,6,38,128,0,0,2,0,0.311,False
googleapis/python-storage,4d76e3882210ed2818a43256265f6df31348d410,30,43,2,6,35,114,0,0,1,0,0.298,False
hgrecco/pint,16775fdc99688c4afd7954f51e1d61b9a491ab09,72,295,1,63,0,303,0,0,0,0,1.084,True
hgrecco/pint,59b8b0a19385a710f41ff16253a37371b19a5647,26,71,1,14,0,72,0,0,5,0,0.484,False
hgrecco/pint,5109e05fe89e18258a5cc88f444d80cfb7d18cce,25,66,1,13,0,68,0,0,0,0,0.464,False
hgrecco/pint,3936c36badcb27f12cad5d25072035613e7a35b0,25,66,1,13,0,68,0,0,0,0,0.432,False
hgrecco/pint,d662fd2580acfbdb3cbae6c57969c2b67408ce96,25,68,1,13,0,70,0,0,0,0,0.362,False
hgrecco/pint,a0264aa4aa3a74f84930e320b1ca69f13b29609d,72,295,1,63,0,304,0,0,0,0,0.693,False
hgrecco/pint,37a61ede6fbd628c7dc160eb36278cf41c96484c,61,176,1,41,0,186,0,0,5,0,0.891,False
hgrecco/pint,47bbe5b25215ec0bb2ce00bd24122743f9b9a4df,31,101,1,18,0,109,0,0,5,0,0.488,False
hgrecco/pint,e350d2174896d903f7c6c548398969850a1cc02f,26,69,1,13,0,70,0,0,0,0,0.511,False
hgrecco/pint,5403f46ecf636d0749cf54cddf725d177d60af61,27,91,1,16,0,99,0,0,5,0,0.35,False
hgrecco/pint,878f81e75dc61f7fe58e64c927fe2da939aca0dd,26,69,1,13,0,70,0,0,0,0,0.345,False
hgrecco/pint,f1dc122abc48eae80d88bc3adeb99081e46e6f29,27,91,1,16,0,99,0,0,5,0,0.395,False
hgrecco/pint,e0a8c221bfe7c83f5d6fcbe2e847724a41cf61a6,72,221,1,49,0,213,0,0,5,0,0.954,False
hgrecco/pint,583b2979f67452f0c5d29399ace07dd98808278e,26,69,1,13,0,70,0,0,0,0,0.373,False
hgrecco/pint,af723faccff4d4778dd21cafc71de78b015b91c3,26,69,1,13,0,70,0,0,0,0,0.242,False
hgrecco/pint,1d566538f8ee47fbf7c9127e0385fec8de0d9b78,27,91,1,16,0,99,0,0,5,0,0.418,False
hgrecco/pint,5bdf0109576b423823fd67fd5eaabe0ce4d02fc6,27,91,1,16,0,99,0,0,5,0,0.295,False
hgrecco/pint,d8bd0d04be9544d8e7bdd6a5d74485330f5f8e01,26,69,1,13,0,70,0,0,0,0,0.347,False
hgrecco/pint,90174a33c00a1364fcf2af9c59adf7859b0706b2,28,64,1,5,0,66,0,0,0,0,0.502,False
hgrecco/pint,68a3e9132597d8ffc55beb306c692e20c9c8a93e,25,68,1,13,0,70,0,0,0,0,0.407,False
ibis-project/ibis,8641087cbfdb847bf5f1e9e3fd920be55bf659c7,180,1101,1,104,2,1201,0,0,12,0,4.197,True
ibis-project/ibis,438eb19f261b144c4c993eaf9c8ad3a475c22827,201,998,4,94,0,1060,0,0,0,0,3.409,False
ibis-project/ibis,3a054fce3db40e59894f6910fae92e247da89dc6,201,995,4,94,0,1057,0,0,0,0,1.58,False
ibis-project/ibis,69c5bf0de2061e329597309638efec49dd2b2a97,186,1082,2,83,1,1170,0,0,12,0,4.089,False
ibis-project/ibis,0a86e3c82ac9fcaf39da2c0c49d6c922208a09d5,175,1062,1,101,2,1160,0,0,12,0,3.26,False
ibis-project/ibis,ac59dacb6963052ad9dfa2fa6631798be845b6d3,201,998,4,94,0,1060,0,0,0,0,3.067,False
ibis-project/ibis,03acbd10ab55e6cdc9759682eafb79f13c4b4950,269,1429,5,102,4,1532,0,0,12,0,5.884,False
ibis-project/ibis,725a6b1b989c3edae0b63d4681dfe9fc987582fe,201,995,4,94,0,1057,0,0,0,0,3.098,False
ibis-project/ibis,f019b6766ee81a41e3f78bfaba69439a6d0ee707,185,1077,2,82,1,1166,0,0,12,0,4.34,False
ibis-project/ibis,1b02b184c227290545c11b7bc4af6f24fe2b6f6e,186,1070,2,82,1,1161,0,0,12,0,2.794,False
instructlab/instructlab,2fffc620651d6d22c3279a1a6aac302146b97036,103,216,2,4,42,249,0,0,0,0,1.645,True
instructlab/instructlab,9be662aacc994c7016e9c0724500c658589369f2,73,138,1,2,34,155,0,0,0,0,0.828,False
instructlab/instructlab,a060edf190c8820adb8428678fb923f184aa42a4,103,215,2,4,42,247,0,0,0,0,0.866,False
instructlab/instructlab,81c69513b447656f0ba03a7ef6debfa505e0c22a,59,95,1,3,16,101,0,0,0,0,0.649,False
instructlab/instructlab,0698b62870f094f2e9681e8ee0d2c53f6588b0a0,60,89,1,3,18,98,0,0,0,0,0.503,False
instructlab/instructlab,e0a1e8ce2fa10b9730dc9f6b3d4036f4e63947d9,77,152,1,2,38,176,0,0,0,0,0.774,False
instructlab/instructlab,6af299ac2396b0d29d7976c861765022f6df8ee9,34,42,0,0,0,46,0,0,0,0,0.401,False
instructlab/instructlab,d7ed89dc00fff6b98d036a8519979fd6e9dd823b,59,88,1,3,19,98,0,0,0,0,0.534,False
instructlab/instructlab,e8097167e0f70e887cc7aa8b9eaeabacbff6ed6a,62,98,1,3,22,110,0,0,0,0,0.614,False
instructlab/instructlab,ca231b189adc84caf8bb15f96162719848b765aa,34,36,0,0,0,39,0,0,0,1,0.498,False
instructlab/instructlab,4aa80b1f403f96dc3f6503c83dbea21b18e8a337,34,42,0,0,0,46,0,0,0,0,0.408,False
instructlab/instructlab,5398229da51147b24458d661a8c9820967ec5b10,60,89,1,3,18,98,0,0,0,0,0.446,False
instructlab/instructlab,ed2c941a8ee3dafb884746d03bcdc0cae57fd8a0,73,144,1,2,38,167,0,0,0,0,0.849,False
instructlab/instructlab,eadb214ef45a059d43e102942cc0d59046019a33,38,44,0,0,0,47,0,0,0,0,0.4,False
instructlab/instructlab,d0647edd0ab7fb7fb577491203645792c64137a4,61,94,1,3,16,100,0,0,0,0,0.545,False
instructlab/instructlab,a9f4f60b3974a0d1611427412d32656876c8fd80,34,42,0,0,0,46,0,0,0,0,0.321,False
instructlab/instructlab,faaf98858135cd8279caede18906d4b36a4b78a9,20,16,0,0,0,15,0,0,14,0,0.243,False
instructlab/instructlab,5e7c7b4d53ce320a4de201c31c4fdd153ab207bc,103,215,2,4,42,247,0,0,0,0,1.061,False
instructlab/instructlab,cbd5be02c6694252263fc627a3078db8693a4f38,73,131,1,2,34,147,0,0,0,0,0.716,False
instructlab/instructlab,59de6749732381006f3c97806b0e8c1d07c99efa,20,13,0,0,0,12,0,0,14,0,0.252,False
ipython/ipython,1460cef36a6e15915af6a2aa57f3384cc05693bb,182,401,1,55,16,420,0,0,5,0,3.222,True
ipython/ipython,81b87f20aa8836b42fbb2b1dee7b662d8d5d46c6,227,405,2,53,15,434,0,0,12,0,3.46,False
ipython/ipython,02545e95585fa222f9e83b83161e6af4065fd6f7,190,401,1,52,15,416,0,0,7,0,2.736,False
ipython/ipython,201acc865abb92a6184b3c01d21c577e1ff07139,225,401,2,52,15,432,0,0,12,0,2.693,False
ipython/ipython,36550f17759c1624d4dc76797c7212219d75f5d8,223,405,2,51,15,434,0,0,12,0,1.962,False
ipython/ipython,4d0c438d617e49b77d68cd98208f7b2d371a1381,182,402,1,55,16,421,0,0,5,0,2.464,False
ipython/ipython,322f2fe50d9dccb6134d3d61df7d90772ecf2751,227,403,2,53,15,432,0,0,12,0,2.698,False
ipython/ipython,5b0df90efaa7fe99abb4d92b0acffc1051ec5549,225,402,2,52,15,433,0,0,12,0,2.222,False
ipython/ipython,ad948680afaefee8cf530052807e2367db3826b3,182,401,1,55,16,420,0,0,5,0,2.882,False
ipython/ipython,801c9adb94b213fc5e8cacb0d9920a0ff7727c2e,181,400,1,53,16,419,0,0,5,0,1.517,False
ipython/ipython,b8220b5b975e3f4e19d078033aa1e68da28e2c9b,179,391,1,52,16,407,0,0,5,0,1.935,False
ipython/ipython,978324813ce6a4a39156c549436b89eb22944038,181,400,1,53,16,419,0,0,5,0,1.887,False
ipython/ipython,78fea5f8d7bf6ca55796e82ed341e7fd291878f0,190,401,1,52,15,416,0,0,7,0,2.615,False
ipython/ipython,580137e726f52665d2cc19ab5a0aaac55da0d47a,190,401,1,52,15,416,0,0,7,0,1.288,False
ipython/ipython,ad07901d8cf6fb874262c6387bd24d9e5a284144,190,401,1,52,15,416,0,0,7,0,1.273,False
ipython/ipython,cbac235320fe91056a0fb6dba74cd8bef7fc21d9,182,401,1,55,16,420,0,0,5,0,2.57,False
ipython/ipython,637e037d668db7aebe61ae04261ebfc5cb7f32c5,179,391,1,52,16,407,0,0,5,0,1.842,False
ipython/ipython,1454013b8b615ce75d30d38b7710e3fccca16263,190,400,1,52,15,415,0,0,7,0,2.062,False
iterative/dvc,29386a0dbba672881f4a729973ebc5fd95417cd3,250,1481,2,147,2,1666,0,0,7,0,3.861,True
iterative/dvc,415a85c6bebf658e3cc6b35ec250897ba94869ea,162,602,2,106,1,645,0,0,4,0,2.345,False
iterative/dvc,77f24af727c7ed6225296b20e80fd9e7b56b7460,145,499,3,63,1,538,0,0,4,0,1.84,False
iterative/dvc,b1f38d8e72a472042719c15691daab1560850d86,137,473,3,61,0,498,0,0,4,0,1.916,False
iterative/dvc,505b88afae783374a45f22258b58d560ed2146f9,162,602,2,106,1,645,0,0,4,0,1.558,False
iterative/dvc,e5cf9b203df01f13e5568c745906d74bc131235c,242,1134,2,190,1,1246,0,0,8,0,4.042,False
iterative/dvc,ca73078b80438ac290e557efd2a0379f6b1f26b2,250,1477,2,147,2,1657,0,0,7,0,3.128,False
iterative/dvc,09f6b1c7b9731b1e7f31e19c6c7c824b4c2e2c04,138,478,3,61,0,502,0,0,4,0,1.553,False
iterative/dvc,fdb103ed666072d294f39317f15ece6be7c1701e,76,291,3,6,1,320,0,0,5,0,1.191,False
iterative/dvc,a338fad036bd9ac8bdd79ecec964f8c5558609c4,148,525,3,76,1,565,0,0,4,0,1.855,False
iterative/dvc,4d267ef7424e6b87ed0bc9a6c69544c0f5fdb90c,138,477,3,61,0,501,0,0,4,0,1.147,False
iterative/dvc,582cb9e0641528168bcacb002ff43f5736920a00,63,190,1,8,1,192,0,0,5,0,0.828,False
iterative/dvc,82efd3e7809606497b5c9a1f58e4abdbc7f98330,250,1481,2,147,2,1665,0,0,7,0,2.822,False
iterative/dvc,51a8c782aeac0b758adef9a161ae97b17503cb01,166,620,2,105,1,619,0,0,5,0,2.461,False
iterative/dvc,71c478755399b049101ab9400e7f48dda2a47597,167,643,2,123,1,640,0,0,5,0,1.833,False
iterative/dvc,8787ac03808fcf38dcac01f7a57f82f216b28e12,140,502,3,75,0,528,0,0,4,0,1.652,False
iterative/dvc,0bfb3c0ab2ee229762d551bb622258b99e889ceb,140,503,3,75,0,531,0,0,4,0,0.821,False
iterative/dvc,e05157f8e05e856d2e9966c30a3150c26b32b86f,153,539,3,79,1,580,0,0,4,0,1.538,False
iterative/dvc,c4295fa05c34c6ebf8951e83f52a03d4cd85d2a8,67,218,1,9,1,237,0,0,5,0,1.018,False
iterative/dvc,5b737a0a0b7e4ac3377d84c353be8ac7761685d4,145,499,3,63,1,538,0,0,4,0,1.384,False
jackdewinter/pymarkdown,cee1f3f5575f73b671deb4374c6e7a263fa40df9,203,1281,1,20,0,1281,0,0,0,0,3.886,True
jackdewinter/pymarkdown,cbe7b1ffc548995151ec36320c979a6123869159,98,267,0,0,0,267,0,0,0,0,2.015,False
jackdewinter/pymarkdown,c1cbe8cb01ab83d3980c15653356bd14245436f3,98,267,0,0,0,267,0,0,0,0,0.665,False
jackdewinter/pymarkdown,5d2b0c8a8cf12fa74d046e4a64f2ed11a0fc27e7,202,1266,1,20,0,1266,0,0,0,0,2.895,False
jackdewinter/pymarkdown,f87b0e2f3f20b19d69fd4dcf854d4b4c591ec232,98,267,0,0,0,267,0,0,0,0,1.33,False
jackdewinter/pymarkdown,c42a99c5b7d560c836b0d5b11ae01fae4a32bc69,99,268,0,0,0,268,0,0,0,0,1.358,False
jackdewinter/pymarkdown,911e871a488de37a5b90ebaf9e2f489e278848a3,203,1281,1,20,0,1281,0,0,0,0,2.926,False
jackdewinter/pymarkdown,77206faa3633b86c19dd7f2ba858334071fe5571,197,1171,1,14,0,1171,0,0,0,0,3.276,False
jackdewinter/pymarkdown,e4ef5c6b193ad3f5013e8a7721a0379e07cc1178,201,1246,1,20,0,1246,0,0,0,0,2.928,False
jackdewinter/pymarkdown,c6892745c1338db2972c47aac7a0d1e59b6138db,203,1279,1,20,0,1279,0,0,0,0,2.191,False
jackdewinter/pymarkdown,b77e432d9d6f5b2b46b959d253bec24781444f6f,98,267,0,0,0,267,0,0,0,0,1.334,False
jackdewinter/pymarkdown,0983b67ce19c1986d7b6b35a1e697e53be12c91f,202,1275,1,20,0,1275,0,0,0,0,2.925,False
jackdewinter/pymarkdown,91e63ade5a88c244c8d404a42c80589ce9c53834,98,267,0,0,0,267,0,0,0,0,1.328,False
jackdewinter/pymarkdown,11d4ff7c378ea444513ac694ef503bc0940f3a15,202,1275,1,20,0,1275,0,0,0,0,2.878,False
jackdewinter/pymarkdown,30e3597933d3a90ef5318c2553cc2d24f833fe3f,197,1164,1,13,0,1164,0,0,0,0,2.789,False
jackdewinter/pymarkdown,e479453b3d80125dde67ac5c70fde293c9dbf611,203,1279,1,20,0,1279,0,0,0,0,2.868,False
jackdewinter/pymarkdown,c9bb2a86c5b12f9e4ec287324bd10287325bcfac,202,1275,1,20,0,1275,0,0,0,0,1.638,False
jackdewinter/pymarkdown,1a83e3f3633e23d567b0d3b6868b8b9016205034,112,535,1,7,0,535,0,0,0,0,2.041,False
jackdewinter/pymarkdown,8fd549b1299d4c055ee2d192486d2cbcdaaf09d6,98,267,0,0,0,267,0,0,0,0,1.381,False
jlowin/fastmcp,3f24e401fd16069c620c7fff21e897bda7473909,157,423,2,45,0,469,0,0,0,0,2.92,True
jlowin/fastmcp,a7ce4a84706ab0bae1c7e7a5f347ef30e1a9a073,78,180,1,23,0,196,0,0,0,0,1.05,False
jlowin/fastmcp,77bdc9de200a45149c09cbfabfe82de0744d53a7,129,350,2,40,0,387,0,0,0,0,1.772,False
jlowin/fastmcp,c0b01ceb1fe2e6243729bee0470059e0d38e9268,116,289,1,31,0,321,0,0,0,0,1.273,False
jlowin/fastmcp,2dc71971a2ace203fc9250efbbd21aa13960caae,56,122,1,20,0,128,0,0,1,0,0.694,False
jlowin/fastmcp,4c216de113e58126d8a8e25b5f4bdc643aeaea70,59,126,1,20,0,134,0,0,1,0,0.471,False
jlowin/fastmcp,7df8db451dbbaf4e96adfd8289b6e84e64b5a5b2,56,111,2,14,0,117,0,0,1,0,0.485,False
jlowin/fastmcp,94b1eb9d6e75cf12dccffc04f9f96f3bb8921bba,157,423,2,45,0,469,0,0,0,0,2.01,False
jlowin/fastmcp,1f3f82d245f97632b9bd9ccb63746acad9c87f71,153,414,1,44,0,456,0,0,0,0,0.962,False
jlowin/fastmcp,4445c87bf4a1ea8462880ab2ce7d1c553822f67b,128,334,1,36,0,370,0,0,0,0,1.393,False
jlowin/fastmcp,c4d941f67174e0416ca4b8c0731dfec1eefcbc5a,69,162,1,23,0,178,0,0,0,0,0.717,False
jlowin/fastmcp,d0869457b1b34b38229aa7203463ad1de201ce59,57,123,1,20,0,129,0,0,1,0,0.538,False
jlowin/fastmcp,3c160d60d6add0401b3ab91f7931a60e94fd52ec,100,242,1,27,0,270,0,0,0,0,1.233,False
jlowin/fastmcp,b1a173cdf7d3ce38ff287e78897d26dc98f52b26,79,183,1,23,0,199,0,0,0,0,0.665,False
jlowin/fastmcp,5b05e80d8b558c7af6dd163a00150d4fa2d536fb,65,141,1,22,0,152,0,0,0,0,0.557,False
jlowin/fastmcp,5b6bec62458db536ee6a52f01be3855dfec44e37,58,126,1,20,0,132,0,0,1,0,0.514,False
jlowin/fastmcp,c3d1176a69599b2080acfaeedf7a5be1b4bd9715,146,397,1,44,0,439,0,0,0,0,1.888,False
jlowin/fastmcp,d04840560a31ede819f4951f49b15e63d55ff23c,127,332,1,36,0,367,0,0,0,0,1.314,False
jlowin/fastmcp,c27385da78595fc4a47bef689f259317a3739904,69,161,1,23,0,177,0,0,0,0,0.694,False
jlowin/fastmcp,1914c9626121c61cd8f9bae1ed1e4a294ba7b093,78,184,1,24,0,201,0,0,0,0,0.843,False
joke2k/faker,73efc82d92951c5245ff25c824f29a16d040be7b,698,774,1,3,0,780,0,0,0,0,13.354,True
joke2k/faker,29dff0a0f2a31edac21a18cfa50b5bc9206304b2,318,327,1,2,0,326,0,0,0,0,5.27,False
joke2k/faker,948461af5094e9a2de1bd3357e715981490264a1,510,527,0,0,0,528,0,0,0,0,8.265,False
joke2k/faker,ca43530c384807393bf2812ea86a16978738b2af,505,521,0,0,0,523,0,0,0,0,2.754,False
joke2k/faker,591cffeb14e2d92747f1f49639fcbbe1ed4a80a9,645,708,1,3,0,712,0,0,0,0,9.823,False
joke2k/faker,adae52da073f306f94183aec3b92b4333fead930,694,769,1,3,0,775,0,0,0,0,6.172,False
joke2k/faker,fa79c6b0c510274b08b46ad0f007fd1b517a9ab2,628,682,1,3,0,688,0,0,0,0,5.785,False
joke2k/faker,fc546bca9b4f411e8565aeb5ddd9ccee8de59494,323,332,1,2,0,331,0,0,0,0,4.302,False
joke2k/faker,b51f852b097f416d9c60198a838ce3d5f396ea19,661,726,1,3,0,731,0,0,0,0,9.951,False
joke2k/faker,5b8105a7576114e9ec8e2da771dcadaf6453b33b,443,459,0,0,0,460,0,0,0,0,6.383,False
joke2k/faker,17f22ba4cb5c158b63785c8e441597369dafdb61,641,696,1,3,0,702,0,0,0,0,9.681,False
joke2k/faker,e87a753f0463b259fffeacf2a33f0ed7f38ac023,409,421,1,2,0,419,0,0,0,0,6.167,False
joke2k/faker,da39d8262b1b4a3d88c3bf934c047deca354b01e,677,749,1,3,0,753,0,0,0,0,10.178,False
joke2k/faker,71715c88c21a186043c4da7f015bbc9ebdb94bb8,662,727,1,3,0,731,0,0,0,0,5.033,False
joke2k/faker,6428fb541cf4e84b809c684c31d59ac088102aa4,506,522,0,0,0,524,0,0,0,0,6.649,False
joke2k/faker,3f9b0e9c771c4bacd4d50cb90c02a912cb8b7780,634,688,1,3,0,694,0,0,0,0,9.575,False
joke2k/faker,faa419b7af433c75253374c3d319ba5ffc3139cd,639,693,1,3,0,699,0,0,0,0,4.75,False
joke2k/faker,7186962a1607332682dc1dad4e2b0d7c97825b84,694,769,1,3,0,775,0,0,0,0,6.376,False
joke2k/faker,9f48a5c6a251b2b8d9f84f65472f946b85b9a923,432,448,0,0,0,449,0,0,0,0,5.681,False
joke2k/faker,4240ef8fc783c0c1598085b596783ace9ccaee03,662,727,1,3,0,731,0,0,0,0,10.225,False
kedro-org/kedro,94c35e92d00b621f4477967366d04af2be21facd,69,148,1,27,0,153,0,0,22,0,1.288,True
kedro-org/kedro,b6e585f80ace1896e6bd3c31d827a1991ed2c664,68,147,2,4,0,150,0,0,21,0,1.195,False
kedro-org/kedro,a565d6607d1d16933dbb1ea42cfb9de39ef80980,74,161,3,6,0,166,0,0,22,0,1.027,False
kedro-org/kedro,fd6a69d78e7ab2de2d0392d55af2942bb69e6ab6,67,145,3,6,0,149,0,0,22,0,0.831,False
kedro-org/kedro,32b87be55f7b7e55179d0c288c97e5e33d139689,67,143,2,4,0,145,0,0,21,0,0.881,False
kedro-org/kedro,fd17607434b8037aa6d19a73bcd1659f1f74c709,67,141,2,4,0,144,0,0,22,0,0.694,False
kedro-org/kedro,6e3e4d1831a42d625754f3ec71bd0ded7d85be61,74,164,4,8,0,168,0,0,22,0,0.962,False
kedro-org/kedro,057de3457a778698001d9fd2f5797ca3b4a9ba3a,74,161,3,6,0,165,0,0,22,0,0.652,False
kedro-org/kedro,ac589ca13b2dccaa96526ec000a7778d297b24ff,67,140,1,2,0,142,0,0,21,0,0.805,False
kedro-org/kedro,cd026f5e1d849f047002d1c4978e5cb8e5a9f184,67,137,1,2,0,139,0,0,21,0,0.464,False
kedro-org/kedro,00789fa4d5f1ed8734d6e2561db4fd52c3feddc8,67,143,2,4,0,145,0,0,21,0,0.556,False
kedro-org/kedro,3c46b4120f503fff2644818411d1983f7be94e57,68,147,2,4,0,150,0,0,21,0,0.688,False
kedro-org/kedro,ed041973514db89e77ee78b13dd805ac0b358588,74,163,2,31,0,168,0,0,22,0,0.925,False
kedro-org/kedro,f1f49e51bd6cfce827f9090fc3d10096d6edab9c,74,164,2,32,0,169,0,0,22,0,0.51,False
kedro-org/kedro,25e8f49b7ea1fe8ecad16bff3c4242a715f98ccb,68,146,2,4,0,149,0,0,21,0,0.918,False
kedro-org/kedro,8eff35713e7ed5ceb5c3a415c349fdcc5294a7b5,68,146,2,4,0,149,0,0,21,0,0.458,False
kedro-org/kedro,036016004c5a2805b977b268af39313d6e7d5700,67,141,2,4,0,145,0,0,22,0,0.822,False
kedro-org/kedro,12bb1dd23855454a0e18a67843fc88540cc2eaf8,67,143,2,4,0,145,0,0,21,0,0.839,False
kedro-org/kedro,46259b9f5b89a226d47e2119afb40ad7b4fa5e63,74,162,2,31,0,167,0,0,22,0,0.905,False
kedro-org/kedro,beaf31382d3d58e4d956d3a82bafee462d31e4ed,67,148,2,4,0,151,0,0,21,0,0.773,False
keras-team/keras,d865f5f0f2b7862afb96a4bf3dabdd0d464e5da9,637,3015,2,391,4,5651,0,0,0,0,11.963,True
keras-team/keras,f6cf6a0e77dd504cfc35dd499dd8694b0b80b4ae,560,2573,2,315,1,4859,0,0,0,0,7.721,False
keras-team/keras,596d5ba420dd2865d576db2c5f860d9d77db8054,561,2606,2,316,1,4918,0,0,0,0,3.754,False
keras-team/keras,df705d4fc719ab617705197248804d689ad74767,427,1858,2,238,1,2268,0,0,0,0,7.578,False
keras-team/keras,6fd4873a367d20624105967c5be0d451f72f946d,563,2634,2,318,1,4963,0,0,0,0,7.973,False
keras-team/keras,4c356306273153d5dc26fc5772b106b4f750095f,428,1870,2,238,1,2281,0,0,0,0,6.301,False
keras-team/keras,ef50ceb0f05df7ba2bd406f935a75fad6a13255d,560,2600,2,315,1,4906,0,0,0,0,7.369,False
keras-team/keras,1353b11f343f06da7e8739369668de86d4875f23,560,2563,2,315,1,4836,0,0,0,0,5.081,False
keras-team/keras,a2e9a5252d2eab389bd19d359e6e7325a8232c79,561,2607,2,316,1,4921,0,0,0,0,5.202,False
keras-team/keras,fa6be07ce86b3f8c5072a3d5ff355b4266baa32d,563,2634,2,318,1,4999,0,0,0,0,5.134,False
keras-team/keras,816d219c04b2bdb7de81081fa14eac63000dac30,563,2634,2,318,1,4963,0,0,0,0,4.456,False
keras-team/keras,e345cbdfba9c656b01ef4e116822ad03ffe9d804,628,2951,2,385,1,5548,0,0,0,0,7.584,False
keras-team/keras,29d10d1a6c58d02a4f9629ececddac6280c340cd,558,2553,2,287,1,4639,0,0,0,0,6.962,False
keras-team/keras,6a9bc4c051f0e4ee5e4ff48f08fd14230036dc46,428,1883,2,238,1,2311,0,0,0,0,7.154,False
keras-team/keras,f0bae912201bbd265a3485ccf4f490be2fc675c7,561,2607,2,316,1,4921,0,0,0,0,7.943,False
keras-team/keras,a93828a94f105909f9398c00d2cddf4ac43197ac,589,2769,2,356,1,5265,0,0,0,0,6.742,False
keras-team/keras,2958e0a8e61b01523b6232486683e21e22c85465,428,1878,2,238,1,2289,0,0,0,0,7.02,False
keras-team/keras,1597013645bfcd31207d31b969193b458ce85626,590,2782,2,358,1,5316,0,0,0,0,7.915,False
keras-team/keras,ef407dbdc4b2d827a4509572904d6a6c539064e4,575,2682,2,338,1,5061,0,0,0,0,5.923,False
keras-team/keras,933579d3c4a585f236982d05d3a74921f9567415,563,2634,2,318,1,4963,0,0,0,0,4.795,False
kozea/weasyprint,121e6b37f9ea8eb24ea1061b517cb1c783a8b588,66,287,1,55,0,287,0,0,0,0,1.964,True
kozea/weasyprint,f2caa70a95f21c7cf661762b62b030eec231d5e8,66,286,1,54,0,286,0,0,0,0,1.467,False
kozea/weasyprint,2c09a8617476090aa634ac5e28e60c8d89247cb1,60,247,1,49,0,245,0,0,0,0,1.626,False
kozea/weasyprint,fb462618190e87b4f0dec0bb677bcdea40b448a7,66,286,1,54,0,286,0,0,0,0,1.618,False
kozea/weasyprint,6e835e2729c24fac40e2f908c33bed9be5f6042d,60,247,1,49,0,245,0,0,0,0,1.513,False
kozea/weasyprint,1b24ad91323c8444e398b75ed40ad54cf678ea0d,66,286,1,54,0,286,0,0,0,0,1.609,False
kozea/weasyprint,ca74c8e81ce48b0f7b838492cab8634b9f1d33b7,66,284,1,54,0,284,0,0,0,0,1.692,False
kozea/weasyprint,d0fcb3c49700a43fd04f9030becbb59640f0ebdf,66,284,1,54,0,284,0,0,0,0,0.938,False
kozea/weasyprint,d5d7ce369aef035712cf73446f9085a32105846f,61,262,1,51,0,263,0,0,0,0,1.705,False
kozea/weasyprint,f17bd4bfcab07d10a35a7e9c47920dbc43623e5b,65,280,1,54,0,281,0,0,0,0,1.536,False
kozea/weasyprint,a4a6c7d9e904de88feaeeb509879f431b64681ac,60,246,1,49,0,244,0,0,0,0,1.554,False
kozea/weasyprint,1a6f645e25685f267cbce6d23eebd920e5675dec,66,286,1,54,0,286,0,0,0,0,1.7,False
kozea/weasyprint,3c6f9a5a55b79563e32c766a1b5409e1d20b3601,66,284,1,54,0,284,0,0,0,0,1.539,False
kozea/weasyprint,9166f3ab18737d0813e6cf7e04a5e3d4ba22606b,66,286,1,54,0,286,0,0,0,0,1.683,False
kozea/weasyprint,7681902839b3f3192dae888e6dae38489bccf50e,65,280,1,54,0,281,0,0,0,0,1.585,False
kozea/weasyprint,33763ade9bed7e20f0bc4fee4b207596abee5375,66,284,1,54,0,284,0,0,0,0,1.59,False
kozea/weasyprint,20197135f56dcd886248e671058933c14cdf5f78,66,286,1,54,0,286,0,0,0,0,1.402,False
linkml/linkml,656d1719297b2a394273db13262ba76b1e0be118,111,232,2,4,0,232,1,0,0,0,2.447,True
linkml/linkml,3e04645fc5faf1d9a3486d9ff2fac7c7d7ea54ab,110,230,2,4,0,230,1,0,0,0,1.785,False
linkml/linkml,7588d9b7e50cba2f76eef40ac79e60bed582b6b2,34,46,1,2,0,46,0,0,0,0,0.776,False
linkml/linkml,a3bc3761821576ca02a383c8aeb518aff3d132ce,89,181,2,4,0,181,1,0,0,0,1.778,False
linkml/linkml,3ea865ec1fcb7ea2c4f34f5291cab81f127285d7,85,133,2,4,0,133,1,0,0,0,1.411,False
linkml/linkml,08866026f4a0ae6977cabc9de1a984079873823b,34,46,1,2,0,46,0,0,0,0,0.587,False
linkml/linkml,5c0dfa25f65b7170768b52c94f67ec609afeb745,111,233,2,4,0,233,1,0,0,0,1.767,False
linkml/linkml,a4d277de1b25fb00f0a4df5a3cc0256accf323d3,85,134,2,4,0,134,1,0,0,0,1.313,False
linkml/linkml,598376ce7f8c11bd3cf31f0ca7e3d5c34770021a,111,233,2,4,0,233,1,0,0,0,1.444,False
linkml/linkml,df69f0f588175fac627e369c43f3f984d04744db,89,179,2,4,0,179,1,0,0,0,1.468,False
marcosschroh/dataclasses-avroschema,2bec52e49a789dfa90d5f4f0448498632cba33a6,41,102,5,21,0,96,0,0,10,0,0.619,True
marcosschroh/dataclasses-avroschema,b8ccaaac4c38168644f8e4c60e50f2f97246b9eb,16,30,1,3,0,26,0,0,5,0,0.285,False
marcosschroh/dataclasses-avroschema,7dac7caec0b424c6146f521186aaa5add7fe8d47,12,20,1,3,0,18,0,0,5,0,0.209,False
marcosschroh/dataclasses-avroschema,c5a9f9b6bd3fba8301a57787605b84ef06724c63,16,30,1,3,0,26,0,0,5,0,0.192,False
marcosschroh/dataclasses-avroschema,36dbe4e75283db628fc720f045b1ae5c02a5e2cb,40,91,1,12,0,85,0,0,10,0,0.525,False
marcosschroh/dataclasses-avroschema,6541274beed1c77426ce21fd538a29b23bfd7e87,40,91,1,12,0,85,0,0,10,0,0.16,False
marcosschroh/dataclasses-avroschema,0a2991e2a0e2080766d5b95a9a7b0e7c7659ef19,40,95,1,14,0,89,0,0,10,0,0.307,False
marcosschroh/dataclasses-avroschema,2a100666c93afb3f4916ea84b2ed9904b71a3632,16,30,1,3,0,26,0,0,5,0,0.142,False
marcosschroh/dataclasses-avroschema,f009f4a98e50c5051dbc016f4f2c5724150c0b53,22,48,1,8,0,42,0,0,5,0,0.359,False
marcosschroh/dataclasses-avroschema,d88afb8df16039cf86fc0598e2d4c0431613987a,11,15,1,3,0,12,0,0,5,0,0.19,False
marcosschroh/dataclasses-avroschema,90e487b0dc497dacb6b622e10ae422e89c3a5483,41,102,5,21,0,96,0,0,10,0,0.343,False
materials-consortia/optimade-python-tools,98cb352464082019f10b6c7b0659c53f6240fbbb,78,257,2,10,0,274,0,0,0,0,1.421,True
materials-consortia/optimade-python-tools,d48b7a80e24aad591857c386498774037bbec89c,72,190,2,7,0,199,0,0,0,0,1.166,False
materials-consortia/optimade-python-tools,03b60f9f313db87daf5b76192a426588072a79e2,71,224,2,9,0,235,0,0,0,0,1.052,False
materials-consortia/optimade-python-tools,f9d3b8a8fdf5e438f2b7c746bcdefb661de9c86c,70,193,2,7,0,202,0,0,0,0,0.735,False
materials-consortia/optimade-python-tools,55e2dd0c2d4c414ca8ec60b70902786b886a678a,78,255,2,9,0,270,0,0,0,0,1.216,False
materials-consortia/optimade-python-tools,5fb7590db87866918745a7e9a67ecd1bdd7d7314,70,193,2,7,0,202,0,0,0,0,0.677,False
materials-consortia/optimade-python-tools,f14c67f80a837e0f4ed53937029a2c769ceab2e8,70,177,2,7,0,185,0,0,0,0,0.726,False
materials-consortia/optimade-python-tools,00cb4e6872735e244123bef4acc74193118cf720,71,221,2,9,0,232,0,0,0,0,0.779,False
materials-consortia/optimade-python-tools,e7a8de9822da1edd8a2432e8d562982e27f00255,72,190,2,7,0,199,0,0,0,0,0.608,False
materials-consortia/optimade-python-tools,ce8b4ddd1dbdf2a11ab2d8f2457eb2cac6624009,72,209,2,9,0,218,0,0,0,0,0.651,False
materials-consortia/optimade-python-tools,44593e112de425d014b651e66dd7b9a156ec70e0,72,209,2,9,0,218,0,0,0,0,0.376,False
matplotlib/matplotlib,d3491dc8151d87d46b0b29b859eee0d972292bb0,759,209,2,5,9,187,0,0,15,0,15.371,True
matplotlib/matplotlib,1c892c20334185294fa06ee5bf7a91ec843bbaa7,752,201,2,5,9,181,0,0,15,0,11.17,False
matplotlib/matplotlib,7405482fdf3eba989ceb27e6ea71968e356d0b33,760,207,2,5,10,185,0,0,15,0,8.383,False
matplotlib/matplotlib,493d608e39d32a67173c23a7bbc47d6bfedcef61,767,204,2,5,4,183,0,0,5,0,14.47,False
matplotlib/matplotlib,738ead81fce08e582452ef30665ae1071d45092a,760,211,2,5,4,188,0,0,10,0,12.411,False
matplotlib/matplotlib,3044bded1b23ae8dc73c1611b124e88db98308ac,761,210,2,5,4,189,0,0,10,0,7.454,False
matplotlib/matplotlib,9d22ab09d52d279b125d8770967569de070913b2,772,212,2,5,4,190,0,0,10,0,12.049,False
matplotlib/matplotlib,28f69ba98708393deb0f35501940f40b0f081504,760,207,2,5,10,185,0,0,15,0,13.295,False
matplotlib/matplotlib,f726d2cf4e61bc3e01db99bc09a7871d0f574990,758,212,2,5,4,188,0,0,10,0,12.363,False
matplotlib/matplotlib,f0f133943d3e4f1e2e665291fe1c8f658a84cc09,761,210,2,5,4,189,0,0,10,0,9.504,False
matplotlib/matplotlib,5a87d37835693ccc6579938d4948cf91a974a23b,773,211,2,5,4,189,0,0,10,0,12.207,False
matplotlib/matplotlib,c4510cae31e37f5dd8fe7ac8c3843e72ec8492ee,762,203,2,5,9,183,0,0,15,0,10.745,False
matplotlib/matplotlib,d448de31b7deaec8310caaf8bba787e097bf9211,778,197,2,5,3,175,0,0,6,0,11.573,False
matplotlib/matplotlib,fe6389f9b1bcad62b5b3620fa73507febc703607,757,208,2,5,9,186,0,0,15,0,11.284,False
matplotlib/matplotlib,cb2bdb1300f40ae8746a1916480af4d0d7af5f77,758,211,2,5,4,188,0,0,10,0,8.804,False
matplotlib/matplotlib,953790680ac667adb869e1f1cba2f2b534cc6f0b,766,205,2,5,3,187,0,0,6,0,10.596,False
matplotlib/matplotlib,3dd06a46750d174f821df5377996f493f1af4ebb,760,210,2,5,4,189,0,0,10,0,7.318,False
matplotlib/matplotlib,d73ba9e00eddae34610bf9982876b5aa62114ad5,768,205,2,5,3,187,0,0,6,0,9.421,False
matplotlib/matplotlib,e4905bf8ae7d2f58025442018606f59641daa226,760,210,2,5,4,189,0,0,10,0,10.332,False
matplotlib/matplotlib,7edd74a20b59d8b61a7349b59056b8706058878b,759,209,2,5,9,187,0,0,15,0,11.533,False
matplotlib/matplotlib,5d6acdf486d0b7ca0065ea5eef9573f2c24b07b3,760,203,2,5,9,183,0,0,14,0,8.685,False
matrix-org/synapse,a962c5a56de69c03848646f25991fabe6e4c39d1,493,3021,2,377,0,2979,0,0,30,0,11.117,True
matrix-org/synapse,dfe70096392b005b81aea551e629ec9aa45ca60e,394,1723,3,9,0,1696,0,0,24,0,7.878,False
matrix-org/synapse,800ba87cc881856adae19ec40485578356398639,500,2954,2,378,0,2911,0,0,29,0,9.671,False
matrix-org/synapse,9614d3c9d1a99269684263f451b4bd5e7dc9f817,394,1723,3,9,0,1696,0,0,24,0,6.51,False
matrix-org/synapse,423f7ae3974e251fef110c90a620a51789459d68,395,1730,3,9,0,1704,0,0,25,0,4.261,False
matrix-org/synapse,6d1e699b5c181542c686affd84ef81ea9649550a,374,1609,3,8,0,1579,6,0,25,0,7.164,False
matrix-org/synapse,fe2294ec8dc4b37d19930bd1ae0867645207af2e,373,1603,3,8,0,1573,6,0,25,0,2.73,False
matrix-org/synapse,58cce39f3a91d81f3c994d510b0a283efd468ec7,374,1603,3,8,0,1573,6,0,25,0,2.729,False
matrix-org/synapse,fa1b293da2e0a5e47864ccb49e530d8a81d81790,373,1601,3,8,0,1571,6,0,25,0,2.502,False
matrix-org/synapse,338dca58c094adf94a943f906fdb54ba15da7831,373,1601,3,8,0,1571,6,0,25,0,2.196,False
matrix-org/synapse,608bf7d741ada8606a0ae5f4961a8aef6728dac8,418,1837,3,8,0,1813,0,0,25,0,7.387,False
matrix-org/synapse,479fbac96f5accb752e39046684b904b816cfb44,394,1723,3,9,0,1696,0,0,24,0,5.989,False
matrix-org/synapse,ac61b45a75304e90c05a5dba153900cfc0adb206,356,1493,2,6,0,1464,6,0,26,0,6.022,False
matrix-org/synapse,2cd98812ba338eefe83fee4ae2390d00f5499de9,394,1721,3,9,0,1694,0,0,24,0,5.458,False
mikedh/trimesh,156e6c4b236fada0ba236f07365ab41d538264d7,134,653,1,99,0,548,0,0,0,0,3.014,True
mikedh/trimesh,db0f8e7c6a3c0a3b027a93c15a33a8cc25c7f5b2,131,467,3,44,1,494,0,0,0,0,2.791,False
mikedh/trimesh,e20de7e292e57e798036ad22b38b2fb94dc33856,132,614,1,99,0,511,0,0,0,0,2.516,False
mikedh/trimesh,f00f27143e52dfda31457be57be7e930ad6fcee3,131,603,1,99,0,500,0,0,0,0,1.903,False
mikedh/trimesh,90a7ac5738b2ce64dae7bc399f9f0f788f9e7a17,132,588,3,63,0,485,0,0,0,0,2.395,False
mikedh/trimesh,0174890c877fd5bcf7d070230216fa82aff12dc8,132,518,2,56,0,552,0,0,0,0,2.569,False
mikedh/trimesh,82a2acda892e82e9c727ea8ba81c301bbfca5d70,131,476,3,44,0,503,0,0,0,0,2.069,False
mikedh/trimesh,1493543559f9a56366052b74003cccf06900fe27,134,642,1,99,0,538,0,0,0,0,2.609,False
mikedh/trimesh,5abd7553727ab9294d6b9bf475e11c33784ae391,132,498,2,55,1,528,0,0,0,0,2.182,False
mikedh/trimesh,021af1fedb3c6cff0e42cba9eed140eea7f819e3,132,588,3,63,0,485,0,0,0,0,2.221,False
mikedh/trimesh,c6e6200fcddb4f8f00b60b1167a31499c5ee5b18,133,519,2,56,0,554,1,0,0,0,2.258,False
mikedh/trimesh,5113c5f517b1a094b03d183035203763d0a9c54d,133,519,2,56,0,554,1,0,0,0,1.14,False
mikedh/trimesh,efca179db885d4ed34d08c5f050c57dc07330e7e,134,644,1,99,0,540,0,0,0,0,2.603,False
mikedh/trimesh,73a41c3659b7962a07c8ebd509bca2455010e34f,132,518,2,56,0,551,0,0,0,0,2.07,False
mikedh/trimesh,a45d8a80abd53cb2ba568637f15721f2b516a0b1,134,653,1,99,0,548,0,0,0,0,2.362,False
mikedh/trimesh,bf989493ce1919c96b0a904adf37140f10b32894,131,472,3,44,0,499,0,0,0,0,2.063,False
mikedh/trimesh,11cd6f885a0c1980c6b094dba1f5cb5b321021c3,132,591,3,64,0,487,0,0,0,0,2.502,False
mikedh/trimesh,20b4f177fd815ab65f1bf700335856d0281dae15,132,588,3,63,0,485,0,0,0,0,1.065,False
missionpinball/mpf,c43bf1badfedd961d324af3199ea586438102ca3,267,732,5,84,11,756,0,0,0,0,5.093,True
missionpinball/mpf,04f9b7a8615af0c81701ddd066e77188be706c4a,240,629,4,63,6,646,1,0,0,0,3.894,False
missionpinball/mpf,941faa48843f7a67de2e59df89af6e44a7d4edbe,240,626,4,63,10,647,1,0,0,0,2.311,False
missionpinball/mpf,e67b40d891febb679279708351a6fb2560889b9f,255,678,4,67,11,702,1,0,0,0,3.723,False
missionpinball/mpf,1a9272de79eab757957e1aba112a59997f8f4f1a,247,653,4,66,11,677,1,0,0,0,2.405,False
missionpinball/mpf,879c4891d320e089ef7bb9a7b8aba0873c287afa,244,648,4,65,11,672,1,0,0,0,2.889,False
missionpinball/mpf,06fc30212bbe3ed4d73dff3bdec8248e1cc7ca28,255,678,4,67,11,702,1,0,0,0,3.033,False
missionpinball/mpf,ca7dadb34fac8c7bc0cb2a036e61af9ec0b1369b,236,622,4,60,6,639,1,0,0,0,3.184,False
missionpinball/mpf,baa7bc960de8089abee0d917212c8f6093311f70,247,651,4,66,11,675,1,0,0,0,3.053,False
missionpinball/mpf,ea714f2719e28818d07afbc52d774c79e148a4b3,247,653,4,66,11,677,1,0,0,0,1.887,False
mne-tools/mne-python,d0eff795ad5d52c72428f61cb39cfb966bd60571,518,2223,3,118,1,2391,0,0,85,0,12.676,True
mne-tools/mne-python,9f0dfefe612776226d22714958dec2f3e2c05e4b,513,2201,3,115,1,2358,0,0,86,0,9.359,False
mne-tools/mne-python,b8d9c1713bfef91e7b7bb663ec18a528a9b1691f,516,2212,3,115,1,2372,0,0,86,0,7.519,False
mne-tools/mne-python,643580122691d58e855f5f25124e78615fbcd933,508,2178,3,115,2,2365,0,0,85,0,12.155,False
mne-tools/mne-python,82b2e82e42c5167f30df371f3ca7e18b86a2313a,507,2165,3,116,2,2342,0,0,85,0,7.732,False
mne-tools/mne-python,44c69f5a5990ecb57f0f6590b37986a81f2bd325,518,2220,3,118,1,2387,0,0,85,0,11.665,False
mne-tools/mne-python,04e05d4d323b26af483dde38664cb817f7df8e8a,508,2182,3,118,2,2369,0,0,85,0,10.346,False
mne-tools/mne-python,940ac9553ce42c15b4c16ecd013824ca3ea7244a,516,2221,3,117,1,2388,0,0,86,0,10.909,False
mne-tools/mne-python,1f19c0fcf89d2cfa6b2702c9d9f5a485797d4ec6,475,2304,1,311,1,2473,0,0,81,0,11.167,False
mne-tools/mne-python,169372da67dc243b817f024820b349495a5aa109,516,2220,3,117,1,2387,0,0,86,0,9.78,False
mne-tools/mne-python,8c003e843717e316ba85008eff2298917489bbd1,512,2184,3,115,2,2343,0,0,85,0,9.859,False
mne-tools/mne-python,71faac906f00baa14b546da50d0f97aceedc004a,512,2188,3,115,1,2345,0,0,86,0,9.367,False
mwaskom/seaborn,515286e02be3e4c0ff2ef4addb34a53c4a676ee4,113,212,1,24,0,219,0,0,0,0,2.164,True
mwaskom/seaborn,430c1bf1fcc690f0431e6fc87b481b7b43776594,82,125,1,11,0,132,0,0,0,0,0.986,False
mwaskom/seaborn,54cab15bdacfaa05a88fbc5502a5b322d99f148e,111,200,2,19,0,208,0,0,0,0,1.346,False
mwaskom/seaborn,a674a83cc894b5941a86d4c51ba2e57c632882c1,110,176,3,17,0,185,0,0,0,0,1.358,False
mwaskom/seaborn,0f5a013e2cf43562deec3b879458e59a73853813,109,191,3,17,0,199,0,0,0,0,1.264,False
mwaskom/seaborn,3733590d86a7f2c2a95cd9940a34aa7df5f5a3d2,113,210,1,23,0,217,0,0,0,0,1.282,False
mwaskom/seaborn,623b0b723c671e99f04e8ababf19adc563f30168,113,208,1,23,0,215,0,0,0,0,0.899,False
mwaskom/seaborn,bcdac5411a1b71ff8d4a2fd12a937c129513e79e,81,121,1,11,0,128,0,0,0,0,0.915,False
mwaskom/seaborn,ebc4bfe9f8bf5c4ff10b14da8a49c8baa1ba76d0,109,183,3,17,0,191,0,0,0,0,1.301,False
mwaskom/seaborn,60e58eb07e4448694ca25e887684d39d5138babd,110,174,3,17,0,183,0,0,0,0,1.082,False
mwaskom/seaborn,c8badb914bb8eaf5ec2578c0ecd434edb1234375,112,207,2,19,0,214,0,0,0,0,1.367,False
mwaskom/seaborn,557b0d29cdeae9703576f4bb0eb73dd997a1e4a4,113,208,1,23,0,215,0,0,0,0,0.987,False
mwaskom/seaborn,22cdfb0c93f8ec78492d87edb810f10cb7f57a31,112,207,2,19,0,214,0,0,0,0,0.928,False
mwaskom/seaborn,a5816697cbcab195a987f5e074204a052c13e1d5,108,190,3,17,0,198,0,0,0,0,1.172,False
mwaskom/seaborn,d25872b0fc99dbf7e666a91f59bd4ed125186aa1,112,207,2,19,0,214,0,0,0,0,1.185,False
mwaskom/seaborn,a1ede5eb82fa09164aff65da03136b7382fd5041,109,182,3,17,0,190,0,0,0,0,1.226,False
mwaskom/seaborn,9276e22a424fe2c834eff85231d0c916e293d613,113,212,1,24,0,219,0,0,0,0,1.289,False
mwaskom/seaborn,ba086c2096962bbffde2a8eb721b322f382f9e0e,82,125,1,11,0,132,0,0,0,0,0.912,False
mwaskom/seaborn,4a9e54962a29c12a8b103d75f838e0e795a6974d,113,209,2,19,0,216,0,0,0,0,1.337,False
mwaskom/seaborn,94621cef29f80282436d73e8d2c0aa76dab81273,110,176,3,17,0,185,0,0,0,0,1.16,False
narwhals-dev/narwhals,0a67642a507699fecedcb5f945c2e05b5a0f4160,109,401,1,60,0,1001,0,0,0,0,2.247,True
narwhals-dev/narwhals,9a51501d727c11ce486b9918dc4d6eced80bbddc,121,395,1,54,0,866,0,0,0,0,1.751,False
narwhals-dev/narwhals,3e6059a60ec23c40025d15e9b49ec8eec57e6854,31,97,1,18,0,214,0,0,0,0,0.537,False
narwhals-dev/narwhals,e9afffd233ed4b4df5364dc8c16ba00e16f86871,116,343,2,50,0,709,0,0,0,0,1.899,False
narwhals-dev/narwhals,5c3db5b149cbf64b97de49bc4ad726f019f9f578,121,384,2,51,0,840,0,0,0,0,1.508,False
narwhals-dev/narwhals,ad97d7ede677875c74ece6110455095644cfdaab,31,101,1,19,0,218,0,0,0,0,0.463,False
narwhals-dev/narwhals,ccf30e27ac1c14c68cb41b86062c793449ebe48f,109,400,1,60,0,994,0,0,0,0,1.609,False
narwhals-dev/narwhals,79de45774925b5dcdea17c3e1fda1aeac38d8c18,109,399,1,60,0,993,0,0,0,0,1.387,False
narwhals-dev/narwhals,87d7e668eb301e6f9cd90ef8aff9d8a0bf0d8960,102,382,1,54,0,849,0,0,0,0,1.508,False
narwhals-dev/narwhals,4cf94ce268c92b4d26b7e4fed6e245d3eee1bdfc,105,325,2,50,0,673,0,0,0,0,1.311,False
narwhals-dev/narwhals,f6b47c9a84de8533ccb66e66b93d2c23dc393e41,121,383,2,51,0,833,0,0,0,0,1.476,False
narwhals-dev/narwhals,77f505aaff1f25e57e8b00115f91f49ac64cf218,116,344,2,50,0,712,0,0,0,0,1.362,False
narwhals-dev/narwhals,7289d6f01a59f94dd8e5d2946d0ca992b790049c,54,212,2,38,0,443,0,0,0,0,1.009,False
narwhals-dev/narwhals,cbf4bac2ccd5c89371a75ffb2c04bc92e9bae8dc,63,254,2,45,0,522,0,0,0,0,0.863,False
narwhals-dev/narwhals,6db70d6272667853ba227e3643b6cd5ad5e6f283,39,162,2,27,0,347,0,0,0,0,0.694,False
narwhals-dev/narwhals,0b333f99a1aaf03d8934318601c7738b75212cf0,121,383,2,51,0,837,0,0,0,0,1.417,False
narwhals-dev/narwhals,1abea24fd837f3ac6ccb2ea6e0de60665259a50b,118,376,2,50,0,807,0,0,0,0,1.399,False
narwhals-dev/narwhals,b22fc47f6ca376fa0ae9115800fa9b8ddfdbe99b,29,81,1,17,0,170,0,0,0,0,0.466,False
narwhals-dev/narwhals,58d8535ec9737b5ae0623a1eb5aa22b4eaa2ece0,115,345,2,50,0,721,0,0,0,0,1.31,False
narwhals-dev/narwhals,270adbd432259f21a24f8f9a4f3121ee19a3d646,116,343,2,50,0,709,0,0,0,0,1.05,False
networkx/networkx,8ec80c76f34ccb5df0ab197eef597da49d86f029,381,893,1,275,1,975,0,0,5,0,7.273,True
networkx/networkx,3f4f9c3379a5d70fc58852154aab7b1051ff96d6,322,784,2,233,1,902,0,0,1,0,5.914,False
networkx/networkx,ad673ffed8479b1303c156fa785f80fdb0f8f934,370,880,1,270,1,962,0,0,3,0,6.299,False
networkx/networkx,3d7ea0d690e59c2d5d223528ea9e21b21fb7f8a4,287,703,2,214,1,805,0,0,1,0,4.982,False
networkx/networkx,42985ba7d9f768c32c651e3e73d4d98b46776f54,346,824,1,254,1,937,0,0,2,0,6.129,False
networkx/networkx,fe5e2603708ff9aa6f757fc38e0dd3b272a76b11,370,880,1,270,1,962,0,0,3,0,5.334,False
networkx/networkx,347403429a12a28bfd5ecc01f3054109ce94dabe,376,888,1,272,1,971,0,0,4,0,5.588,False
networkx/networkx,7e97d4c040a39cc4cbe22b2ab78c10f028610bb9,367,873,1,268,1,953,0,0,3,0,4.793,False
networkx/networkx,0204a246a8bfba38153f03b3967a669c05a7181f,363,868,1,266,1,948,0,0,3,0,5.463,False
networkx/networkx,ea4db3e5dc6b962c72f61060d18a2af3c9977e34,283,689,2,211,1,791,0,0,1,0,4.903,False
networkx/networkx,53be757de9a87a3413943737fbf8478bb23b17c7,353,857,1,263,0,936,0,0,3,0,4.484,False
networkx/networkx,c39511522b272bf65b6a415169cd48d1bf3ff5c1,347,826,1,255,1,939,0,0,2,0,4.758,False
networkx/networkx,464bf8fc08ffa09cfd0183fb5cae1adfe6839e12,281,656,2,203,1,727,0,0,2,0,4.063,False
networkx/networkx,f02879d8bd86e7634c384d896e356d02611bcb26,376,890,1,272,1,973,0,0,4,0,5.624,False
networkx/networkx,28f78cfa9a386620ee1179582fda1db5ffc59f84,341,812,1,249,0,889,0,0,2,0,4.803,False
networkx/networkx,9f6c9cd6a561d41192bc29f14fd9bc16bcaad919,287,703,2,214,1,805,0,0,1,0,4.233,False
networkx/networkx,1e48dad5c6038b549d7a4a01f190ffd3765eb913,347,826,1,255,1,939,0,0,2,0,4.549,False
networkx/networkx,36e8a1ee85ca0ab4195a486451ca7d72153e2e00,380,892,1,275,1,974,0,0,5,0,5.151,False
networkx/networkx,679191810fc962e282b606622c90355f2e6f58ad,378,892,1,275,1,975,0,0,4,0,2.282,False
networkx/networkx,ee458799cdb8c95864a0331bd945b4bb11337db9,376,888,1,272,1,971,0,0,4,0,1.807,False
nilearn/nilearn,fefa4d30c262384ebda0f1123a1691abf466a9f0,170,636,1,76,16,664,0,0,96,0,3.605,True
nilearn/nilearn,bce754beea677d4d4a51191e21c64d09002f1429,149,437,3,44,1,437,0,0,91,0,2.997,False
nilearn/nilearn,ecf7686740f236274be94fe8a0757808e366debc,149,435,3,44,1,434,0,0,91,0,2.206,False
nilearn/nilearn,564f21261f710930f8894d1bb14620df85ecae81,148,437,3,44,1,440,0,0,91,0,2.485,False
nilearn/nilearn,9c22285597dcaf95018a224318bcf3b0bdaca3ad,163,589,1,76,28,623,0,0,95,0,3.016,False
nilearn/nilearn,cd17602ed281f5ebfb8b29f7178539344682acfd,158,565,1,72,4,568,0,0,94,0,2.689,False
nilearn/nilearn,af1a24c0ea1c8ab13f1dc6ba70d6a2877eaeab50,156,468,3,50,2,467,0,0,91,0,3.089,False
nilearn/nilearn,b851ecc5a14a6d11aa9f8c2aa59cbede493e699f,161,577,1,74,12,602,0,0,94,0,2.95,False
nilearn/nilearn,d57c0d86e991e8de5fed4ab1ff9fc8350ddeeb90,158,563,1,72,4,566,0,0,94,0,2.385,False
nilearn/nilearn,0b49cc0cd99ca5bfd8780e5429c5d744dc21db81,149,435,3,44,1,434,0,0,91,0,2.58,False
nilearn/nilearn,787d662116a0808d074b0dd40c9b4c2498712819,149,437,3,44,1,437,0,0,91,0,1.953,False
nilearn/nilearn,dbbd221e3633c97464034c5366faa548728c9999,125,361,2,31,0,388,0,0,84,0,2.419,False
nilearn/nilearn,d43706724a72df089080f62d9f1d9c319fa391b7,152,443,3,40,0,470,0,0,86,0,2.528,False
nilearn/nilearn,9745e426b9b2ce78bceb675f1f80c5b4c7ecdd22,157,471,3,50,2,469,0,0,91,0,2.771,False
nilearn/nilearn,58bad498166c09905b20c4d65f060f7b5f188b74,156,467,3,49,2,466,0,0,91,0,2.103,False
nilearn/nilearn,2c0452e5267cedabf035569c27753473372e16ea,157,471,3,50,2,469,0,0,91,0,2.017,False
nilearn/nilearn,567498d5a6d7766ebebbb6aa2c186786a5ea3534,159,523,1,73,4,512,0,0,93,0,2.859,False
nilearn/nilearn,b734e7af7f886de41daf19f3d030d89ac6f2c2c7,154,537,1,70,4,523,0,0,94,0,2.138,False
nilearn/nilearn,93c49f1ff2219506411aa20c35a971288708261e,149,435,3,44,1,434,0,0,91,0,2.106,False
nipy/nipype,6ac81cabddcd1174e1d8630737136aa14b4a11ed,316,758,1,25,2,777,0,0,0,0,7.397,True
nipy/nipype,e4753317288bc3440b28fa30da1c680187d7b07b,395,1196,1,25,3,1253,0,0,0,0,8.895,False
nipy/nipype,88dbce1ce5439440bcc14c9aa46666c40f642152,383,1169,1,25,3,1223,0,0,0,0,5.364,False
nipy/nipype,cda3fdc3be231f2c9d7bdbdbadee472a0bad9e92,375,1124,1,18,3,1179,0,0,0,0,8.072,False
nipy/nipype,e446466290b9ccba5d5aa589971c97e744d9267b,382,1167,1,25,3,1221,0,0,0,0,6.997,False
nipy/nipype,69dce12bdf256c3bb0a8b6da9a1d1cdce48b66ec,395,1195,1,25,3,1252,0,0,0,0,5.015,False
nipy/nipype,27b33ef128f761cc7166205fc42ef7c04a8d4e4f,382,1167,1,25,3,1221,0,0,0,0,4.771,False
nipy/nipype,e03ab6f99f85fb54bc5f1ed2d9222af8f5bd66e0,316,758,1,25,2,777,0,0,0,0,5.805,False
nipy/nipype,168dfee8862e3a635d8fd6f0f4469ad0950e55b9,385,1165,1,25,3,1218,0,0,0,0,6.855,False
nipy/nipype,d68b929ae1f36f2704fa7cddd029b308acf8587a,355,1057,1,18,4,1113,0,0,0,0,6.347,False
nipy/nipype,1eeabd36597b67b192d6e16fd3abbb8d1d8121bf,396,1200,1,26,3,1257,0,0,0,0,6.276,False
nipy/nipype,a10963c408d3e3bbc8e1e91a21a7779ee2ca3fe9,395,1196,1,25,3,1253,0,0,0,0,2.986,False
nipy/nipype,7ead69d1aeb24f0d0884efe03075ef7de1759e1c,377,1136,1,18,3,1187,0,0,0,0,6.253,False
nipy/nipype,9eaa2a32c8cb3569633a79d6f7968270453f9aed,391,1182,1,25,3,1236,0,0,0,0,6.164,False
nipy/nipype,2995ded211a325aafcf7832f7799efe8b8e781c7,395,1196,1,25,3,1253,0,0,0,0,3.541,False
nipy/nipype,045b28ef9056fac1107bc4f0707859d043f3bfd1,382,1157,1,26,3,1210,0,0,0,0,4.385,False
nltk/nltk,e0b05bb36f18b3d6b2a44e4a1831b05d586791f3,296,911,1,177,0,990,0,0,0,0,7.326,True
nltk/nltk,ab1027691fcd0e6e9d206156a4fd01eb0c5db626,289,881,1,170,0,956,0,0,0,0,6.998,False
nltk/nltk,1244ab9fc4b130ae20127267d49eea506e30a9ae,289,881,1,170,0,968,0,0,0,0,6.215,False
nltk/nltk,68e4e589eb62750993aabef5554548973fe1e280,296,900,1,176,0,977,0,0,0,0,6.978,False
nltk/nltk,fc53edbf6f0763971afca5855386a2a382da37ac,296,911,1,177,0,990,0,0,0,0,6.598,False
nltk/nltk,abbe86b8af660b4fdf477505b89d92dd5aa46519,296,902,1,176,0,979,0,0,0,0,4.82,False
nltk/nltk,750e488569b6f80c72ae6ca74eff90eae55e6c4e,287,870,1,170,0,957,0,0,0,0,6.494,False
nltk/nltk,0a88301f9362d1c0bf546705826b52ab2dd5add5,287,870,1,170,0,957,0,0,0,0,5.851,False
nltk/nltk,af21c5836afccd1dc0fd24a8f86ebea9a96050d6,289,881,1,170,0,956,0,0,0,0,5.447,False
nltk/nltk,6c07b5e99389b47e13c5e70fa07b37ef29ea8f73,289,881,1,170,0,968,0,0,0,0,5.203,False
nltk/nltk,13cea29c3f99db93296b10c6333368f88be4135d,297,908,1,176,0,987,0,0,0,0,6.037,False
numba/numba,b49469f06176769ecfa47a7865ef2030f4ed77f4,367,1781,1,243,11,1471,1,0,2,0,8.661,True
numba/numba,ea2585bb9a17301218c7f845bbc91cc5fe076260,328,1512,1,232,12,1239,1,0,2,0,6.322,False
numba/numba,ce2139c7dd93127efb04b35f28f4bebc7f44dfd5,451,1598,1,227,13,1336,1,0,20,0,6.51,False
numba/numba,92df8df57dd31a3da51d3b0cf94a4ec2b591f71a,314,1460,1,229,13,1195,1,0,2,0,3.528,False
numba/numba,77a5b6333d91635bd16911225dca52a2f3d78425,328,1505,1,232,12,1231,1,0,2,0,4.806,False
numba/numba,d3b7ea1344779cf0bacfa82c754da5b71e133dbe,316,1480,1,230,12,1209,1,0,2,0,4.502,False
numba/numba,ddc6d35c241b849b2ed693e84ec1d11747029e40,326,1499,1,231,12,1225,1,0,2,0,4.883,False
numba/numba,1dabbf67426ad6243f7b6d791d3d38dbb68ab33e,364,1500,1,226,16,1246,1,0,20,0,5.038,False
numba/numba,0bac18af44d08e913cd512babb9f9b7f6386d30a,325,1493,1,230,12,1218,1,0,2,0,4.829,False
numba/numba,3b3eab8922c9ca199fc3b2c758886628a2ab7494,319,1479,1,228,12,1209,1,0,2,0,2.747,False
numba/numba,13ece9b97e6f01f750e870347f231282325f60c3,360,1449,2,205,15,1198,1,0,20,0,4.646,False
numba/numba,532306131aa3072c50ae3a6b124824cf63b61b1f,327,1305,1,209,14,1051,1,0,21,0,5.842,False
numba/numba,0aaf62d830e7a9d1dc5ffbf710a7cd38caa52d1a,360,1470,1,223,15,1216,1,0,20,0,5.662,False
numba/numba,23a5c659e1122c607deb291ff5f7dd796f2a2915,314,1460,1,229,13,1195,1,0,2,0,3.592,False
numba/numba,d7953a18dbf5ea231dc16e967ce8e9b754578ea6,354,1457,1,214,12,1178,1,0,20,0,5.858,False
numba/numba,1ea770564cb3c0c6cb9d8ab92e7faf23cd4c4c19,423,1682,1,227,13,1437,1,0,20,0,5.952,False
numba/numba,1e2dc49c699b72c48b258a7c15998b505058289a,422,1679,1,226,13,1435,1,0,20,0,3.157,False
nvidia/hpc-container-maker,ce582fa83c9dc96c74e0343fdc25c69c9ea277e8,108,659,1,2,0,666,0,0,5,0,1.703,True
nvidia/hpc-container-maker,dea6f6915b1f4131485885b40ca780d348900191,107,654,1,2,0,661,0,0,5,0,1.086,False
nvidia/hpc-container-maker,8a2d433cfb5265fb10e85ef0925f74f82da0242b,108,657,1,2,0,664,0,0,5,0,0.781,False
nvidia/hpc-container-maker,db9fd15221e0b2c9794e0a04c4214ac40a39e4a7,107,656,1,2,0,663,0,0,5,0,0.525,False
nvidia/hpc-container-maker,5d48c54e7ae8412841be766f5434be5924cbc5d6,95,661,1,2,0,666,0,0,4,0,1.333,False
nvidia/hpc-container-maker,5d7c29c4a16c59dbce7a21a51fed5d5e18e73763,103,635,1,2,0,641,0,0,5,0,0.979,False
nvidia/hpc-container-maker,f065b74de7fd09bebdde1be55b1e6c53dc629c68,103,635,1,2,0,641,0,0,5,0,0.768,False
nvidia/hpc-container-maker,cfd2dd88147a83e9ce3216981438896bdaa34c13,108,657,1,2,0,664,0,0,5,0,0.916,False
nvidia/hpc-container-maker,44b84723f910c7a809d49992ae8222e6362466bc,108,657,1,2,0,664,0,0,5,0,0.386,False
oasis-open/cti-python-stix2,fa8c95bba783c9dce8e2c56391077aee22767553,61,196,1,27,0,215,0,0,1,0,1.098,True
oasis-open/cti-python-stix2,33cfc4bb2786e6da0960bdaf9c8d19e4daebd938,26,78,2,10,0,79,0,0,0,0,0.44,False
oasis-open/cti-python-stix2,18ee0d831e7dd178e1208d57e47b63e05d7ccdf2,45,148,1,33,0,164,0,0,0,0,0.824,False
oasis-open/cti-python-stix2,3c80e5e7ebb641b5feb55337f9470ec9d9d58572,25,78,2,9,0,79,0,0,0,0,0.406,False
oasis-open/cti-python-stix2,a751df32c681e3ddfef92f29b91c071b84e91033,56,174,1,35,0,194,0,0,0,0,0.747,False
oasis-open/cti-python-stix2,81550cab92aaacbca5db0d37c607dfd1707ce4c3,61,196,1,27,0,215,0,0,0,0,0.777,False
oasis-open/cti-python-stix2,bb82beeec109e5e45d3ee19da97f4cd145b3491d,44,144,1,32,0,160,0,0,0,0,0.628,False
oasis-open/cti-python-stix2,d67f2da0ea839db464197f7da0f7991bdd774d1f,27,82,2,10,0,96,0,0,0,0,0.436,False
oasis-open/cti-python-stix2,72a032c6e31387254629e730470c3974919765a9,54,169,1,33,0,189,0,0,0,0,0.681,False
oasis-open/cti-python-stix2,b1a020bb38d74c407ac125b1e032850acfe7a880,26,77,2,10,0,78,0,0,0,0,0.349,False
oasis-open/cti-python-stix2,06e23b08b8877bedc909889800682eec16a219c9,38,122,2,22,0,135,0,0,0,0,0.711,False
oasis-open/cti-python-stix2,bfc47e73f5cdf336610e492e8fca4218566843d9,58,185,1,27,0,205,0,0,0,0,0.766,False
oasis-open/cti-python-stix2,f8d4669f800291fd5977efaf924c9bb97b12052f,38,122,2,22,0,135,0,0,0,0,0.461,False
oasis-open/cti-python-stix2,8aca39a0b037647f055ad11c85e0f289835f9f3d,41,133,1,29,0,145,0,0,0,0,0.601,False
oasis-open/cti-python-stix2,380926cff59f9e0d70914c2de933e4651f13259d,41,133,1,29,0,145,0,0,0,0,0.348,False
oasis-open/cti-python-stix2,fdb00c4a8cfe7327bbac609f029b3ff2366b8ccd,41,134,1,29,0,146,0,0,0,0,0.296,False
oasis-open/cti-python-stix2,4a9c38e0b50415f4733072fc76eb8ebd0749c84b,26,78,2,10,0,79,0,0,0,0,0.299,False
oasis-open/cti-python-stix2,658e70bf04b2145e8b108ea7117867288a31e2a7,43,139,1,31,0,150,0,0,0,0,0.641,False
oasis-open/cti-python-stix2,30a59ad77669cda8260640f99d6d8ff3a7574640,41,133,1,29,0,145,0,0,0,0,0.44,False
oasis-open/cti-python-stix2,85b5a1971b0f36c3acaa0d3da734329bdd8ebe0b,12,25,0,0,0,25,0,0,0,0,0.155,False
openai/openai-agents-python,6904dcbbdbf211aa2542a1e824db28985a0e914b,199,575,3,44,0,580,0,0,0,0,2.767,True
openai/openai-agents-python,5de3b5849ed973fa09b0e78fbe2a65f1b3073035,199,574,3,44,0,579,0,0,0,0,0.534,False
openai/openai-agents-python,dff0548d1381481897839d9dd5d0cd03db5adf93,175,525,3,42,2,528,0,0,0,0,1.284,False
openai/openai-agents-python,1364f4408e8e0d8bec1d6ac8337f68b3b888a4a7,148,402,2,32,0,401,0,0,0,0,0.938,False
openai/openai-agents-python,1f2dc816faa6b567fd5abecf83c959d4735494a1,173,504,2,38,2,507,0,0,0,0,0.843,False
openai/openai-agents-python,0f21c8aedb0251c6269934f9543021ee10e9489e,153,428,2,36,0,427,0,0,0,0,0.617,False
openai/openai-agents-python,f99fa5f23c039e8e8434871b0e39e9e889d4a03b,126,349,2,27,0,348,0,0,0,0,0.724,False
openai/openai-agents-python,f20aa40f56ec374841dfe6e4f3d6118c8e32fb2b,175,525,3,42,2,526,0,0,0,0,1.013,False
openai/openai-agents-python,db85a6d0310de3bb608555ee6b43bc9579e26e0c,157,440,2,36,2,440,0,0,0,0,0.589,False
openai/openai-agents-python,b09d37d8326c5d21760aaf10e9ff2eb8a01ebdaa,176,526,3,42,2,527,0,0,0,0,0.737,False
openai/openai-agents-python,b5bf795b6c537e6d56dea1815c2f6602f436dac8,194,564,3,42,0,569,0,0,0,0,1.098,False
pandas-dev/pandas,543680dcd9af5e4a9443d54204ec21e801652252,379,2552,2,248,270,2988,0,0,0,0,9.148,True
pandas-dev/pandas,fef01c5c58a72dd58e20c776bc30b21924131303,378,2547,2,247,265,2980,0,0,0,0,4.835,False
pandas-dev/pandas,6e61cf44ee847b871e1651b55e5e24a59b1b993b,378,2550,2,247,266,2986,0,0,0,0,4.794,False
pandas-dev/pandas,ab8541ce51b70a8be728e8a15d78f7a5f82b62de,384,2606,2,252,268,3041,0,0,0,0,8.184,False
pandas-dev/pandas,882fa9cd7005ccf2249f04f38a2f2fd661d4e62a,379,2552,2,248,270,2988,0,0,0,0,7.21,False
pandas-dev/pandas,84bf1ef82912ebf497a304b0ffd90914bfc41ea9,378,2548,2,247,266,2982,0,0,0,0,5.205,False
pandas-dev/pandas,5da9eb726c915412928ee44a0631a74bda614556,378,2550,2,247,266,2986,0,0,0,0,5.704,False
pandas-dev/pandas,02267e55586c33a4724dd5e9dbaecfe12e3aa8b4,378,2537,2,247,264,2975,0,0,0,0,7.276,False
pandas-dev/pandas,9bd352d89ca27f5cfa5fdb6388221966f5108bf7,379,2552,2,248,270,2988,0,0,0,0,6.786,False
pandas-dev/pandas,40a81803e707a053af2612e67a7752fe6f6fa1b4,378,2550,2,247,270,2987,0,0,0,0,4.553,False
pandas-dev/pandas,0110487d4bccf3f7498c22a71e6a0dfdb3be3a16,378,2547,2,247,264,2979,0,0,0,0,5.972,False
patroni/patroni,e8911304a33cb8f0c6c048d3f8bae717633aca09,77,245,3,23,0,260,0,0,1,1,1.707,True
patroni/patroni,db82a83eb4a3f2ec8f2489e1a01f8ad94deaecd1,75,234,3,23,0,241,0,0,1,1,1.351,False
patroni/patroni,2823adf747be78382dcc35c13228d9a7c12e8113,77,245,3,23,0,260,0,0,1,1,1.477,False
patroni/patroni,6d65aa311a9601986ac7ac8564448edd15ddfdb0,75,234,3,23,0,241,0,0,1,1,1.224,False
patroni/patroni,0a6c09e252ecbee6f5184c1e1e13075527c1b3f0,73,229,3,23,0,237,0,0,1,1,1.501,False
patroni/patroni,8f22fd255efc5710e4fd1853f12c34abf893abe6,77,244,3,23,0,259,0,0,1,1,1.333,False
patroni/patroni,7067d744c68a4358697336cb906a05cc4f9729b9,73,229,3,23,0,237,0,0,1,1,1.213,False
patroni/patroni,8acefefc4238b9d32cda2e8670ba53e212837c7c,68,217,3,22,0,223,0,0,1,1,1.153,False
patroni/patroni,b09af642e6a345c021860148fd9946e1698ad545,72,223,3,23,0,231,0,0,1,1,0.987,False
patroni/patroni,9d231aeecdd69f4d06c75a702755fa70d8c2b5f6,73,229,3,23,0,237,0,0,1,1,0.932,False
patroni/patroni,4456e267ebecdbc27f7c7ddc174b1997355a496e,73,229,3,23,0,237,0,0,1,1,0.837,False
patroni/patroni,e8a8bfe42f8f96747b0d9f432aaed907ebcf1c10,75,234,3,23,0,242,0,0,1,1,1.352,False
patroni/patroni,e1faa38e9024eadebc9274041887276164c215fd,76,234,3,23,0,242,0,0,1,1,0.591,False
patroni/patroni,14a44e14ba839348bdad140fa6a8ac1ecfcfe0ad,73,229,3,23,0,237,0,0,1,1,1.225,False
patroni/patroni,4ce0f99cfb5b08bf770a935c59936a6353e3d27d,76,234,3,23,0,242,0,0,1,1,1.2,False
patroni/patroni,2f800173a5e4cedfe99a6d6ad367057bfcc96d2b,75,234,3,23,0,241,0,0,1,1,0.978,False
patroni/patroni,e131065d746a94b093bdef24713a0eb28c3158d8,68,218,3,23,0,224,0,0,1,1,1.166,False
patroni/patroni,5ed4d33f7da60a7780a5693c677bcb82249a92f5,77,235,3,23,0,243,0,0,1,1,1.278,False
patroni/patroni,ab9faf9471035f29c1cc83bbe77b4b9e7220af6c,73,229,3,23,0,237,0,0,1,1,1.29,False
pdm-project/pdm,b728ef778f4d693a67bd9d11eaab00ad30c6802f,137,689,1,83,0,727,0,0,1,0,2.342,True
pdm-project/pdm,cd07cbf413c5f55006308856660ee1208285c83b,123,565,1,68,1,595,0,0,1,0,1.156,False
pdm-project/pdm,72c82f5441fe3b5e30358e9e7c1ea73647b852bf,106,466,1,49,1,471,0,0,1,0,1.639,False
pdm-project/pdm,2fe1dcf39e2ed9601dae534cdf6359807f926235,121,553,1,66,1,581,0,0,1,0,1.49,False
pdm-project/pdm,881cd4e38d31663ae67bdae227ec1ccdfd5e2c77,123,565,1,68,1,594,0,0,1,0,1.033,False
pdm-project/pdm,2343a8d3870e4ae1be04287687868d8a5216f80c,122,551,1,66,1,580,0,0,1,0,0.826,False
pdm-project/pdm,ddaa420aabc5708d2adbd14e2aca0ec5433a6fd0,123,565,1,68,1,595,0,0,1,0,0.818,False
pdm-project/pdm,46d006470b78de90c051f566e3fd9f69a5444907,122,552,1,66,1,581,0,0,1,0,0.835,False
pdm-project/pdm,c582a94ce4c21d1099790b0ea4f785a8769be654,131,660,1,79,0,699,0,0,1,0,1.31,False
pdm-project/pdm,609d1e9c5240aa07b9f8b032faf9164ef39cc3be,102,420,1,48,5,425,0,0,1,0,1.33,False
pdm-project/pdm,8e739451d9f106afbf91f9c50089a8cbc47fbf74,131,660,1,79,0,699,0,0,1,0,1.351,False
pdm-project/pdm,f37fb16c2459807e0b392dc3306c373e5f68cc4f,131,660,1,79,0,699,0,0,1,0,0.829,False
pdm-project/pdm,73b91d5803c44e6f12bec495651be802615b3826,132,663,1,79,0,702,0,0,1,0,0.857,False
pdm-project/pdm,fdfc2fb5ea7df6664c35b7d8188caa4551f3be5d,125,608,1,75,0,647,0,0,1,0,1.273,False
pdm-project/pdm,f0ad0c07af9184da790f689c5f1e05344cf6eaa2,131,660,1,79,0,699,0,0,1,0,1.077,False
pdm-project/pdm,acb40b0713c30466dcbab73e6b98d1add8e5dd98,131,658,1,79,0,699,0,0,1,0,0.955,False
pdm-project/pdm,96710e62b63973dfec467c80f07d04fc51074c59,95,376,1,42,5,379,0,0,1,0,1.158,False
pdm-project/pdm,89886b861bb3241fe09ac52b76992e32682cdc09,123,566,1,68,1,596,0,0,1,0,1.08,False
pdm-project/pdm,fba5a6a65c37c2b9307c4d6c8ce3aacf7abb7c92,131,657,1,79,0,698,0,0,1,0,1.028,False
pdm-project/pdm,26f2a178e378442f9aaa7785a583f9f3c9e98a5b,104,448,1,49,1,452,0,0,1,0,1.154,False
pdm-project/pdm,06d459247d9e5109e9321c6165afa941dd20fdca,123,565,1,68,1,595,0,0,1,0,1.084,False
pennylaneai/pennylane,e0b21748136c69e924be7d776c2588f47508f0b1,524,2113,3,432,0,2109,0,0,0,0,11.513,True
pennylaneai/pennylane,25071c8c7d577b9016af21b28ac1ae8363b5bb3a,304,991,1,257,0,989,0,0,0,0,5.973,False
pennylaneai/pennylane,d82ffc493e87271184a2b31992a39c8aa36d9b6e,280,876,1,218,0,883,0,0,0,0,2.573,False
pennylaneai/pennylane,a9ad7a0df257970fe2edd32b6cccad25ff01cb88,388,1506,2,323,0,1507,0,0,0,0,6.78,False
pennylaneai/pennylane,d03216e6ce5407a7f28489aa4d4b23a9c4345fac,415,1589,2,333,0,1607,0,0,0,0,3.151,False
pennylaneai/pennylane,e0f614cc390fc70b83cba1c9988cdb7ae4b5d2c6,460,1883,2,389,0,1876,0,0,0,0,7.512,False
pennylaneai/pennylane,754f2c978cba83a83ba7117df1b930d1512ea333,272,830,1,210,0,834,0,0,0,0,3.684,False
pennylaneai/pennylane,9d79f5da2c6c41abb6693bcedd8b63835aaa1880,434,1697,2,354,0,1698,0,0,0,0,6.784,False
pennylaneai/pennylane,d65f671326b71bd9e755a157ec913af31888934b,428,1678,2,348,0,1677,0,0,0,0,2.945,False
pennylaneai/pennylane,ea0107d15a2794dbe7772d89edd18a99b9b1e664,420,1613,2,344,0,1627,0,0,0,0,5.82,False
pennylaneai/pennylane,4c3ab729c0715c0a78a0e9b3454a650f0e7e7096,384,1482,2,319,0,1483,0,0,0,0,6.13,False
pennylaneai/pennylane,685cb00f62763c65dba59cb4b1566ecbeb789ad5,155,417,1,88,1,426,0,0,0,0,2.713,False
pennylaneai/pennylane,3306eddbf2822c4de958d75519d2e4a235c54dc5,275,854,1,213,0,857,0,0,0,0,3.925,False
pennylaneai/pennylane,2107490ba0ea196b62656d89bff7bc5b8a4205a0,166,405,1,102,1,402,0,0,0,0,2.697,False
pennylaneai/pennylane,d06c9c197dd6745e0056a94c8cdd419b4c0b6bfa,315,1093,1,268,0,1093,0,0,0,0,4.846,False
pennylaneai/pennylane,2252d453cfeb62f8aafc454a9513a87f614db533,433,1691,2,353,0,1692,0,0,0,0,6.294,False
pennylaneai/pennylane,e675ed7a63efbb2a92d3c8539fb96cc89459a43f,168,458,1,103,1,467,0,0,0,0,2.082,False
pennylaneai/pennylane,2b07d22cfcc6406ba28e5c647062340b240a4ee5,254,749,1,179,0,750,0,0,0,0,4.434,False
pennylaneai/pennylane,be3c88d320ee48a0f3fb761c981356137de20027,161,401,1,97,0,397,0,0,0,0,2.08,False
pennylaneai/pennylane,f7834de2bbb0f785bf79162d09142fa36476f567,412,1577,2,331,0,1595,0,0,0,0,7.283,False
pennylaneai/pennylane,abeeae3e8e085fa2802ebb63acf0a042cccbd67f,165,414,1,102,0,410,0,0,0,0,2.178,False
pre-commit/pre-commit,716da1e49c36b8ae46d1dd0ef5aabdb475ee4388,65,221,0,0,0,297,0,0,0,0,0.863,True
pre-commit/pre-commit,0359fae2da2aadb2fbd3afae1777edd3aa856cc9,64,213,0,0,0,289,0,0,0,0,0.733,False
pre-commit/pre-commit,0a8ba31b9b6656d90f94fc368b47acb502cea44d,57,198,0,0,0,276,0,0,0,0,0.754,False
pre-commit/pre-commit,f9473e756decd141a9834994840c1cb124564c2a,61,231,0,0,0,321,0,0,0,0,0.699,False
pre-commit/pre-commit,f74e3031bda69bc9b0f2a91ea83dc6e7a01e2986,56,191,0,0,0,263,0,0,0,0,0.508,False
pre-commit/pre-commit,49f95b9ef391639d09136666be375d99a3dccd04,63,237,1,3,0,327,0,0,0,0,0.65,False
pre-commit/pre-commit,8670d0b3bce13e5d1140c816c1a8a850cc99edfc,59,213,0,0,0,290,0,0,0,0,0.622,False
pre-commit/pre-commit,2f25085d60bf953fea457a3240c91886145dbcc5,56,198,0,0,0,275,0,0,0,0,0.427,False
pre-commit/pre-commit,34e9d117861ba758b3fd2d0b33eb70de9f05238d,57,199,0,0,0,277,0,0,0,0,0.215,False
pre-commit/pre-commit,d71699d7cdd02d54568209711934ad35c8e89dd7,56,198,0,0,0,275,0,0,0,0,0.176,False
pre-commit/pre-commit,8abfb37fdf8eac15940cfdeccb0a39f47b53df62,50,133,1,3,0,179,0,0,0,0,0.632,False
pre-commit/pre-commit,83f08025789c31de9168a69bd3b6f465305ef296,57,161,0,0,0,229,0,0,0,0,0.653,False
pre-commit/pre-commit,a737d5fe2f083150b31425777eed0803a0ca23e0,60,223,0,0,0,307,0,0,0,0,0.636,False
pre-commit/pre-commit,dd182fb42e0820d25ca865249d8c86fe98a0c8ec,45,113,0,0,0,149,0,0,0,0,0.571,False
pre-commit/pre-commit,1bd9bfefeb0454f9df480d0c8ecb38f55243ce8e,56,156,0,0,0,212,0,0,0,0,0.557,False
pre-commit/pre-commit,dc667ab9fbb75e17f7b57ab1d3c8e39e017df223,64,233,0,0,0,309,0,0,0,0,0.676,False
pre-commit/pre-commit,1c641b1c28ecc1005f46fdc76db4bbb0f67c82ac,57,198,0,0,0,276,0,0,0,0,0.481,False
pre-commit/pre-commit,ac3a37d1a0e3575bddf23fd9babf6e56202b2988,50,133,1,3,0,176,0,0,0,0,0.344,False
pre-commit/pre-commit,e3b14c35f782ed464e3f96b44e8509048187689f,45,110,0,0,0,144,0,0,0,0,0.495,False
pre-commit/pre-commit,f2da2c435c1123c4edc4ca9701c245cc25b0a50d,52,145,1,3,0,192,0,0,0,0,0.379,False
pre-commit/pre-commit,3a72fb39cbe94e945a070c984dc4e3de7f88a4c3,57,161,0,0,0,228,0,0,0,0,0.351,False
projectmesa/mesa,08ff1edaba02bd6af95c545f4312dd039fb80bb9,84,165,4,19,0,164,0,0,0,0,1.134,True
projectmesa/mesa,ccde77bd31b27a7d72152eb9cc41fbee16364d38,20,24,1,2,0,24,0,0,2,0,0.264,False
projectmesa/mesa,af3e6670efd11b3eef6a47aef68eb644213db056,83,153,4,19,0,151,0,0,0,0,0.794,False
projectmesa/mesa,4dc65a32312a3e37168a2f65c419046e4fea341e,88,144,1,18,0,146,0,0,2,0,1.009,False
projectmesa/mesa,b87ab898847dbf9124ae50c369a5ee00b849f30a,100,164,0,0,0,168,0,0,5,0,1.212,False
projectmesa/mesa,5c68906b7f7f1d96c2467695b3ee0eb18d9c01ed,100,110,1,2,0,110,0,0,5,0,0.975,False
projectmesa/mesa,3def79dd18b5f9978c7ccda0930a818082af127f,100,110,1,2,0,110,0,0,5,0,0.239,False
projectmesa/mesa,dbb926408d96258e30f8139aeed7e1ce3ec20167,79,145,3,16,0,144,0,0,0,0,0.79,False
projectmesa/mesa,113680d93cf1fee56ee26b436a889f2152e7aac6,46,74,3,8,0,74,0,0,2,0,0.666,False
projectmesa/mesa,ef383c4edef8b2e13f40bfd28e9d149386577ff3,89,150,1,18,0,152,0,0,0,0,0.739,False
projectmesa/mesa,2dedca4a8fa7d9bd27e0b2942584009443524aee,97,140,1,18,0,142,0,0,2,0,0.68,False
projectmesa/mesa,6f08b070e4e530f82ca526b3152bfb60d3188259,24,40,1,2,0,40,0,0,5,0,0.359,False
projectmesa/mesa,b0a36ecb1f7178aefd6c1c8ed86c53e56baa86c8,79,145,3,16,0,144,0,0,0,0,0.502,False
projectmesa/mesa,d680bf4719933756a41cced3a4f17620e0be9381,83,152,4,19,0,150,0,0,0,0,0.515,False
psf/black,bdd7fcd9396350b2887e22dec67072db3aeeeaa9,59,116,2,6,0,115,0,0,1,0,2.628,True
psf/black,262ad62ca9f1d1b1537cc95a91643fb781d7c501,59,116,2,6,0,115,0,0,1,0,1.812,False
psf/black,d4ff985853c8d140d73b9d362604deedb41eb20e,51,106,2,6,1,107,0,0,1,0,2.195,False
psf/black,0b4d7d55f78913be9e0a3738681ef3aafd5d9a5a,53,110,2,6,0,110,0,0,1,0,2.129,False
psf/black,b085473cc65da4fe76bbd6b1723ea76897e5e40b,59,116,2,6,0,115,0,0,1,0,2.195,False
psf/black,1fc3215e8c8856094b20d497e4e0e3e547ed38eb,28,32,1,4,0,30,0,0,0,0,1.891,False
psf/black,3a309a36fcfc30a96a7fdd68b6b2c3aa2aa5341c,28,31,1,4,0,29,0,0,0,0,1.823,False
psf/black,98fcccee55acba04afdd933676f56927cfe9bbe4,52,102,1,4,1,129,0,0,0,0,2.102,False
psf/black,659c29a41c7c686687aef21f57b95bcfa236b03b,56,115,2,6,0,115,0,0,1,0,2.301,False
psf/black,a20100395cf6179a81289452efad1d8e72b19682,59,117,2,6,0,117,0,0,1,0,1.908,False
psf/black,24c9c01e910eb566223961b00d3e2c3602c99a23,59,117,2,6,0,117,0,0,1,0,1.78,False
psf/black,995e4ada14d63a9bec39c5fc83275d0e49742618,56,115,2,6,0,115,0,0,1,0,2.066,False
psf/black,24e4cb20ab03c20af390fec7303207af2a4a09e8,59,116,2,6,0,115,0,0,1,0,2.028,False
psf/black,b3b341b44fde044938daa6691fa1064ea240ff96,54,102,1,4,1,129,0,0,0,0,2.061,False
psf/black,bbc36ea205292e213b0c9a448f630d19726605e4,59,116,2,6,0,115,0,0,1,0,2.21,False
pvlib/pvlib-python,216386ef2f2fcdcaf1b3ecb5913abdf54e9eabaf,94,179,2,19,1,158,0,0,21,0,1.968,True
pvlib/pvlib-python,5e43be7a7a924f8161181a49e93053aa4a80f54d,87,170,2,19,1,146,0,0,20,0,1.01,False
pvlib/pvlib-python,19c9598355b8243038bdeb1253d219e0371f71af,79,158,2,18,1,134,0,0,18,0,0.725,False
pvlib/pvlib-python,780c3ab8536db878ebcc65abd0ec90483005c658,76,159,2,18,1,131,0,0,17,0,0.941,False
pvlib/pvlib-python,4b113ab852b31df67db5f830833111e1159f4a51,89,174,2,19,1,146,0,0,21,0,1.236,False
pvlib/pvlib-python,171f10ca1c2a73ea41a06e4c6ecf4de1f53523e7,89,174,2,19,1,146,0,0,21,0,0.576,False
pvlib/pvlib-python,38eb89e5a9ac3b61ca71834a3e92af7dd51e03f5,89,173,2,19,1,146,0,0,21,0,0.757,False
pvlib/pvlib-python,1eafae0edb78a16b0ed8e531c85ca70498a76a20,89,174,2,19,1,146,0,0,21,0,0.885,False
pvlib/pvlib-python,a6995c377d65ce850c2d744ad42a2a79f6d511b3,89,173,2,19,1,146,0,0,21,0,0.805,False
pvlib/pvlib-python,16017609ea2765c4651dbc13b4743578363b641a,76,158,2,18,1,131,0,0,17,0,1.017,False
pvlib/pvlib-python,cc700f91ddfc511002d7468d335b43271dc7974a,88,173,2,19,1,146,0,0,21,0,1.037,False
pvlib/pvlib-python,0387b25bc9fedcae81e7de01579a7ef052fec32f,77,161,2,18,1,134,0,0,18,0,0.925,False
pvlib/pvlib-python,1eecaa38e8cf07a013a6bf00ea7378c9b23ba65e,79,161,2,18,1,137,0,0,19,0,0.728,False
pvlib/pvlib-python,26acf8ae894fb54ad9ef6836757ef4406d4bffae,76,159,2,18,1,131,0,0,17,0,0.81,False
pvlib/pvlib-python,afc90f67ddb66508c43cfe474acfaa3ab427eb0a,89,174,2,19,1,146,0,0,21,0,1.206,False
pvlib/pvlib-python,afdcdd4acc3fd00420a656b1c106d9a8bb85ad29,89,173,2,19,1,146,0,0,21,0,0.816,False
pvlib/pvlib-python,345b26ff9c839e682c4706d29b3da2d8970ae7c1,77,161,2,18,1,134,0,0,18,0,0.879,False
pvlib/pvlib-python,899b10c2f327aecb4603c36d33ac6e1561c694c3,85,167,2,18,1,143,0,0,20,0,0.841,False
pvlib/pvlib-python,6d886dc0fa8e0fa1d011e9332f609cee526c9bbd,89,173,2,19,1,146,0,0,21,0,0.987,False
pvlib/pvlib-python,6caa903b7bdb6db5b1c83523edbbfc2c8204002a,89,174,2,19,1,146,0,0,21,0,0.724,False
pydata/xarray,d008e331ba11f6cb648ff447756e14e3252b368d,144,814,1,90,0,1044,0,0,0,0,3.45,True
pydata/xarray,bb539d8e89fa7601e69fb9dbf849b051c61a3a31,143,801,1,89,0,1030,0,0,0,0,1.98,False
pydata/xarray,a64cf2d5476e7bbda099b34c40b7be1880dbd39a,95,440,1,63,0,469,0,0,0,0,1.909,False
pydata/xarray,6bfbaede69eb73810cb63672a8161bd1fc147594,101,474,1,68,0,518,0,0,0,0,1.97,False
pydata/xarray,46591d28d9fbbfc184aaf4075d330b1c8f070627,100,474,1,68,0,513,0,0,0,0,1.741,False
pydata/xarray,6295bc6bca1559680544ea86051f35fa2d367fe1,96,420,1,61,0,444,0,0,0,0,1.637,False
pydata/xarray,fb0cf7b5fe56519a933ffcecbce9e9327fe236a6,96,414,1,61,0,437,0,0,0,0,1.234,False
pydata/xarray,5a9ff0beb17090a64bc886bed6265c583ba8e32d,132,738,1,80,0,943,0,0,0,0,2.9,False
pydata/xarray,69c7e01e5167a3137c285cb50d1978252bb8bcbf,93,401,1,59,0,425,0,0,0,0,1.8,False
pydata/xarray,7cc6cc991e586a6158bb656b8001234ccda25407,109,554,1,71,0,679,0,0,0,0,2.495,False
pydata/xarray,c7c4aae1fa2bcb9417e498e7dcb4acc0792c402d,99,471,1,67,0,512,0,0,0,0,1.718,False
pydata/xarray,3f0049ffc51e4c709256cf174c435f741370148d,93,404,1,59,0,429,0,0,0,0,1.528,False
pydata/xarray,65ca92a5c0a4143d00dd7a822bcb1d49738717f1,95,440,1,63,0,469,0,0,0,0,1.441,False
pydata/xarray,19ebec52ef93ab8a640d04eb0edb7264823f6ba8,98,468,1,66,0,505,0,0,0,0,1.631,False
pydata/xarray,5bec4662a7dd4330eca6412c477ca3f238323ed2,110,558,1,71,0,684,0,0,0,0,2.148,False
pydata/xarray,e3b3bed2c2e27eb74adc2b7f80c365c2928cd78b,93,401,1,59,0,425,0,0,0,0,1.556,False
pydata/xarray,863e49066ca4d61c9adfe62aca3bf21b90e1af8c,95,410,1,60,0,435,0,0,0,0,1.461,False
pydata/xarray,2c77eb531b6689f9f1d2adbde0d8bf852f1f7362,94,433,1,62,0,461,0,0,0,0,1.561,False
pydata/xarray,eb7e112d45a9edebd8e5fb4f873e3e6adb18824a,100,474,1,68,0,513,0,0,0,0,1.917,False
pydata/xarray,c4e40d991c28be51de9ac560ce895ac7f9b14924,110,558,1,71,0,684,0,0,0,0,2.097,False
pydata/xarray,e5cc19cd8f8a69e0743f230f5bf51b7778a0ff96,94,433,1,62,0,463,0,0,0,0,1.593,False
pylint-dev/pylint,ed5963235706741560b095bd7e5a8865e3be1009,196,623,2,63,8,617,0,0,885,0,4.742,True
pylint-dev/pylint,43133c56d47bbc60e51a7f40433116b826eb18b7,115,291,0,0,1,273,0,0,0,0,2.315,False
pylint-dev/pylint,0b5a44359d8255c136af27c0ef5f5b196a526430,116,295,0,0,1,277,0,0,0,0,1.31,False
pylint-dev/pylint,2e0c41f66ee7a9fddbc517a3ca75a2ce0cf2efd1,193,614,2,52,8,608,0,0,885,0,3.252,False
pylint-dev/pylint,d597f252915ddcaaa15ccdfcb35670152cb83587,196,608,3,59,9,605,0,0,652,0,4.268,False
pylint-dev/pylint,3c5eca2ded3dd2b59ebaf23eb289453b5d2930f0,195,599,3,59,9,596,0,0,646,0,2.212,False
pylint-dev/pylint,24b5159e00b8a380c1776dab6ce096df7bad79b1,115,291,0,0,1,273,0,0,0,0,1.735,False
pylint-dev/pylint,eb950615d77a6b979af6e0d9954fdb4197f4a722,200,644,2,60,9,641,0,0,744,0,4.518,False
pylint-dev/pylint,58c4f370c7395d9d4e202ba83623768abcc3ac24,178,549,2,51,9,546,0,0,220,0,3.008,False
pylint-dev/pylint,d17bb0631ce13b00a68319f31425ddf5a57719eb,195,618,2,52,8,612,0,0,885,0,3.387,False
pylint-dev/pylint,1812899d04b535e2099ea0f9b8814ff3b266d9a9,196,623,2,63,8,617,0,0,885,0,2.03,False
pylint-dev/pylint,1de6da157c260c5a1398bc59c5f2b57abc4912a6,171,539,2,47,8,526,0,0,180,0,3.096,False
pylint-dev/pylint,dc1f5f6cbb1e649feab8ae53ed8be88845afeaf1,189,606,2,52,8,600,0,0,819,0,3.558,False
pylint-dev/pylint,754b487f4d892e3d4872b6fc7468a71db4e31c13,173,558,2,49,8,545,0,0,184,0,2.522,False
pylint-dev/pylint,b7eeccb603b119c14b8d1d0efd6b5edc723d690c,193,614,2,52,8,608,0,0,883,0,3.302,False
pylint-dev/pylint,15040ee7c42958606ae27aa32ccbe54371b83049,145,464,2,36,8,449,0,0,0,0,2.952,False
pylint-dev/pylint,466c671cbe5c4f23747b8684665cebefdf6d8fdf,193,614,2,52,8,608,0,0,883,0,3.095,False
pylint-dev/pylint,537e9da59e7df337fa39897d0b583ce0c12d3ed9,193,614,2,52,8,608,0,0,885,0,1.987,False
pylint-dev/pylint,e2c15e36531685c694d7ec4b6af0c2c8534672c0,193,612,2,52,8,606,0,0,877,0,2.034,False
pylint-dev/pylint,df5533f7d2d7bbe5092ddbbfb213c561fd263a64,192,608,2,52,8,602,0,0,869,0,2.331,False
pypsa/pypsa,03686184a56007b43f2e4f74d3b2caa1370d4e69,79,258,1,67,0,257,0,0,1,0,1.437,True
pypsa/pypsa,d3e13462d0622d7cc20c383d976bf566b6b8ad76,55,167,1,42,0,176,0,0,1,0,1.126,False
pypsa/pypsa,7b02177e9bf01dc0c7734cb7af9021c952426d56,44,131,1,31,0,133,0,0,1,0,0.726,False
pypsa/pypsa,8093c685c87d9666e7e7dd3bdb35f7a4ca29f12f,24,54,1,7,0,49,0,0,1,0,0.625,False
pypsa/pypsa,94fdc994beacc482c720892e0e5e2a77968efcc4,24,53,1,7,0,48,0,0,1,0,0.414,False
pypsa/pypsa,c36338c171cef52cdce7cd445795ee362435f6ea,40,124,1,30,0,125,0,0,1,0,0.742,False
pypsa/pypsa,0943f8749689c8e6913ba142d4cd750724c4a085,81,281,1,69,0,278,0,0,1,0,1.281,False
pypsa/pypsa,48f526719d95454efed652e147fcdb0c5a8edf83,24,53,1,7,0,48,0,0,1,0,0.5,False
pypsa/pypsa,6477a028855a336453c96c92b1c69072ec80f777,24,52,1,6,0,50,0,0,1,0,0.564,False
pypsa/pypsa,d09138688a63d11ae96d78e912b7e73be5d6fcc5,88,284,1,71,0,294,0,0,1,0,1.428,False
pytest-dev/pytest,bf451d47a1b3be80a7f89b3076e4816c47390037,85,403,1,38,3,722,0,0,4,0,0.74,True
pytest-dev/pytest,2051e30b9b596e944524ccb787ed20f9f5be93e3,73,209,1,26,1,377,0,0,1,0,1.344,False
pytest-dev/pytest,6d6bc97231f2d9a68002f1d191828fd3476ca8b8,79,380,1,30,4,691,0,0,5,0,1.636,False
pytest-dev/pytest,e2ee3144ed6e241dea8d96215fcdca18b3892551,82,399,1,43,4,709,0,0,5,0,1.359,False
pytest-dev/pytest,6aaa017b1e81f6eccc48ee4f6b52d25c49747554,81,402,1,43,4,712,0,0,5,0,1.657,False
pytest-dev/pytest,654d8da9f7ffd7a88e02ae2081ffcb2ca2e765b3,73,209,1,26,1,377,0,0,1,0,1.394,False
pytest-dev/pytest,da9a2b584eb7a6c7e924b2621ed0ddaeca0a7bea,81,404,1,43,4,715,0,0,5,0,1.393,False
pytest-dev/pytest,3a668ea6ff24b0c8f00498c3144c63bac561d925,74,199,2,23,2,344,0,0,1,0,1.315,False
pytest-dev/pytest,69356d20cfee9a81972dcbf93d8caf9eabe113e8,79,380,1,30,4,691,0,0,5,0,1.465,False
pytest-dev/pytest,8aba863a634f40560e25055d179220f0eefabe9a,74,212,1,26,1,380,0,0,1,0,1.098,False
pytest-dev/pytest,86446edc869f14de4d9e32d9f1fa4d8cd1df8cb6,82,396,1,30,4,701,0,0,5,0,1.346,False
pytest-dev/pytest,d466cc25a78b442cd4ccaafae4adef9a7f1e4012,76,375,1,23,3,628,0,0,4,0,1.424,False
pytest-dev/pytest,450d2646233c670654744d3d24330b69895bb9d2,72,200,2,23,1,355,0,0,1,0,1.195,False
pytest-dev/pytest,85a06cfafbe49f2c56e22cef4fa88adcf7b54f59,76,277,1,20,2,471,0,0,3,0,1.408,False
pytest-dev/pytest,29e336bd9bf87eaef8e2683196ee1975f1ad4088,73,193,2,20,2,333,0,0,1,0,1.148,False
pytest-dev/pytest,c0e53a61e65cb919bd29f62b756dfd57dfeef59a,73,209,1,26,1,377,0,0,1,0,1.297,False
pytest-dev/pytest,e670ff76cbad80108bde9bab616b66771b8653cf,75,211,1,24,2,368,0,0,1,0,1.175,False
pytest-dev/pytest,cc0fbbefa0f8a6b390e89ef0d4d64dd78783a5c1,81,404,1,43,4,713,0,0,5,0,1.386,False
pytest-dev/pytest,6e7dc8bac831cd8cf7a53b08efa366bd84f0c0fe,78,368,1,28,3,649,0,0,6,0,1.418,False
pytest-dev/pytest,66311ff702d98450f29a448a47c0cd5fd0c51081,76,349,1,24,3,603,0,0,4,0,1.162,False
pytest-dev/pytest,0225cb37c02b6760c8b1d0efcf3728f669bbfe17,74,204,2,23,2,353,0,0,1,0,0.939,False
python-cmd2/cmd2,96acc5a36233f17edcb0925ddf4ff382a0fa0f77,82,127,1,13,1,134,0,0,0,0,1.311,True
python-cmd2/cmd2,ddd07f9cd6d72baca1232ae98856cf3b3d564706,43,51,0,0,0,53,0,0,0,0,0.723,False
python-cmd2/cmd2,cc9d96a7c5309bec64856e4dd9554d2cee235d23,83,118,1,5,1,128,0,0,0,0,1.111,False
python-cmd2/cmd2,7a20c2e312513b8a84a6cfb56263cac9c67df04d,43,51,0,0,0,53,0,0,0,0,0.597,False
python-cmd2/cmd2,3efb3f14630d007572a5cf1246bdb78ee63be089,43,50,0,0,0,55,0,0,0,0,0.523,False
python-cmd2/cmd2,3f1b75df79fb2616d43faaa3c30552953c55488b,53,75,1,3,0,85,0,0,0,0,0.778,False
python-cmd2/cmd2,a0d829e4105cd431198feb43534adaf953b090ba,19,8,0,0,0,8,0,0,0,0,0.281,False
python-cmd2/cmd2,9fee6105210b36201b5d2edc610f20bd67eac9f2,43,50,0,0,0,55,0,0,0,0,0.611,False
python-cmd2/cmd2,b72edb07d59d45d4006dc596218a52d54396378a,48,65,1,3,0,74,0,0,0,0,0.539,False
python-cmd2/cmd2,0f9fcfcd95ee7fd30ebddabbf2068d8ddb725364,47,64,1,3,0,72,0,0,0,0,0.291,False
python-cmd2/cmd2,924f8a57a73de7da462e654f3937b134ca92dbc7,43,50,0,0,0,55,0,0,0,0,0.427,False
python-cmd2/cmd2,5f1ea98c1513225c7bf87976ca438410afff2268,82,120,1,5,1,131,0,0,0,0,1.106,False
python-cmd2/cmd2,6b14aa6579d9c5bdd32bf8c3d67f11db8b575bb0,83,117,1,5,1,128,0,0,0,0,0.749,False
python-cmd2/cmd2,4aa8370092d1aba5edaf77bf9a867b23adf4aa97,47,64,1,3,0,72,0,0,0,0,0.45,False
python-cmd2/cmd2,ccef0b4193297c0b88e8add373f6a49126ffe772,19,8,0,0,0,8,0,0,0,0,0.131,False
python-cmd2/cmd2,a5e52820df8da804347ef5a59519758f547bcb0f,47,64,1,3,0,72,0,0,0,0,0.461,False
python-cmd2/cmd2,bfd50611a7647af8b56fe34babf0b634708aaae9,19,8,0,0,0,8,0,0,0,0,0.132,False
python-cmd2/cmd2,990ec45e087aed2a9a6309db893c8a25cb3a89fd,56,82,1,3,0,98,0,0,0,0,0.8,False
python-cmd2/cmd2,e3a07c59b541b4a0b937c62ef38be6d8c011c0a3,81,119,1,5,1,129,0,0,0,0,1.052,False
python-cmd2/cmd2,eaf2918a8036e95a373cd9694317335dbc548cad,43,50,0,0,0,55,0,0,0,0,0.529,False
python-cmd2/cmd2,b3408bcb9328cc1eb2cae1be4afbbef0b0e18c0c,48,65,1,3,0,74,0,0,0,0,0.472,False
python-control/python-control,dc7d71bd1a2d143f10fa8fe91d31292bdf8f5113,80,294,2,33,3,347,0,0,20,0,1.769,True
python-control/python-control,ad6b49e09034166ba972bbd5d3c080495f3b23b1,71,272,2,33,1,315,0,0,20,0,1.461,False
python-control/python-control,ec7dc8aea29b51f08c4671a6d2fc2c800c29091f,79,298,2,34,1,348,0,0,20,0,1.44,False
python-control/python-control,8366806bc774d31ab946bb717e10a169f3247fdd,52,138,2,13,2,155,2,0,19,0,1.022,False
python-control/python-control,d810d5aac00cf9a4215f601247d08f6f7904bcfe,78,292,2,34,1,338,0,0,20,0,1.531,False
python-control/python-control,4acc78b8aec4f145e7e72c931accfa7e12e5cd4d,72,276,2,34,1,320,0,0,20,0,1.26,False
python-control/python-control,18975c5162e8d6b3cd43730f8734c935b340161c,61,218,1,27,1,236,2,0,21,0,1.13,False
python-control/python-control,bb82883cb4abf5171e82ae4c025c012f5218b6a7,73,279,2,34,1,323,0,0,20,0,1.385,False
python-control/python-control,f6799ab8e60d7fcd4b02d52d5903f08c24957faf,80,297,2,33,3,350,0,0,20,0,1.378,False
python-control/python-control,ebff1259a45dc7c45409ae439d36d7607afe86ee,79,300,2,34,1,350,0,0,20,0,1.414,False
python-control/python-control,6d513589810d54fa89d7cf234462d1a370c7d127,52,148,2,17,2,165,2,0,19,0,0.811,False
python-control/python-control,93c4c8d2827bad02e48234799f159f196acb2282,78,294,2,34,1,343,0,0,20,0,1.312,False
python-control/python-control,71bd7319fe324f7b7ff14b8210420843bf06d7d2,79,300,2,34,1,350,0,0,20,0,0.99,False
python-control/python-control,394e1c2c638cc0fe37d584fee6e4799794b3666e,80,294,2,33,3,347,0,0,20,0,1.301,False
python-control/python-control,08dcc951e1152706643146624b6b75912128cf2a,61,218,1,27,1,236,2,0,21,0,1.07,False
python-control/python-control,0ff045263f69802e32d7e5a69ac5c16142f7a96e,79,298,2,34,1,347,0,0,20,0,1.358,False
python-telegram-bot/python-telegram-bot,89556d02e36f3a9647cf480fe117647b5749f4be,249,1445,2,189,0,1447,0,0,0,0,4.798,True
python-telegram-bot/python-telegram-bot,a9f6afd0152e30f32db69d35211fc05eceb9edfe,230,1268,2,173,0,1270,0,0,0,0,3.999,False
python-telegram-bot/python-telegram-bot,cfc75bb08ba07aac21cedd7d946fcb3bcaf4cdef,228,1265,2,172,0,1267,0,0,0,0,1.261,False
python-telegram-bot/python-telegram-bot,86c8cae40d9e47dde478d48caf8f27ab9a56fa7f,231,1290,2,175,0,1292,0,0,0,0,2.104,False
python-telegram-bot/python-telegram-bot,277031cfb256933921531403fa70d036f863f459,220,1209,2,166,0,1211,0,0,1,0,2.427,False
python-telegram-bot/python-telegram-bot,dfb0ae3747e5cfaf362edaab835ef68642a7e97d,240,1385,2,182,0,1387,0,0,0,0,3.049,False
python-telegram-bot/python-telegram-bot,e4b0f8cb640439ac8d49ee2072a0d8147f7623f2,239,1352,2,182,0,1354,0,0,0,0,2.295,False
python-telegram-bot/python-telegram-bot,c0716dd34483b302a9c290d4e61b96a7ee941567,223,1213,2,166,0,1215,0,0,0,0,2.397,False
python-telegram-bot/python-telegram-bot,dd592cdd7c6059f80fa7362b7f6fc7e79fc878c7,240,1381,2,182,0,1383,0,0,0,0,2.638,False
python-telegram-bot/python-telegram-bot,cf728496e4ffb9b9f9aaa4c3518d9f8898d2b4d9,230,1266,2,173,0,1268,0,0,0,0,2.488,False
python-telegram-bot/python-telegram-bot,679d03897951eaeb0de6ae45894bbe08ad204c5a,239,1350,2,182,0,1352,0,0,0,0,2.59,False
python-telegram-bot/python-telegram-bot,71e4015e2271964ca9d2353adfa85928f4241d11,231,1290,2,175,0,1292,0,0,0,0,2.563,False
python-telegram-bot/python-telegram-bot,8a542e22a0c32d7122c4735004ca51bc072ef313,223,1213,2,166,0,1215,0,0,0,0,2.141,False
python/mypy,bf70dab2d09b61048a8b720e33efae18281a3313,242,1354,10,57,0,1382,0,0,91,0,7.172,True
python/mypy,b62957b992ec1da37c42ad37e8ed23fc51644b3e,236,1312,10,57,0,1343,0,0,91,0,5.023,False
python/mypy,644a20cebc89fcc06dca41099e217d474f2e1aba,234,1302,10,52,0,1333,0,0,91,0,4.466,False
python/mypy,1f339c035aaafd618ee3f78b638d0929b2f3e470,235,1307,10,57,0,1338,0,0,91,0,3.811,False
python/mypy,64dff4273d7b7140d66fe947b598005be3fd0a9c,241,1345,10,57,0,1374,0,0,91,0,4.754,False
python/mypy,5a786075d8c366ee753c62fa36857589023ed561,241,1346,10,57,0,1374,0,0,91,0,3.83,False
python/mypy,8241059c14f99ad750ae3ac0de6a4795bf990f61,236,1312,10,57,0,1343,0,0,91,0,4.587,False
python/mypy,68233f6ff328f35c7ac26a7efdd325ae1248468b,235,1307,10,57,0,1338,0,0,91,0,4.11,False
python/mypy,a3eb219fb9a1c4d700b897ebd5e0ba95d2846c35,241,1345,10,57,0,1374,0,0,91,0,4.655,False
python/mypy,abd9424039fd7b1f7da6b5c143a27c5b682371ee,242,1353,10,57,0,1381,0,0,91,0,4.493,False
python/mypy,5b28b62d9f87ac72e8dd5b65cf2cb9fa84fa4be5,241,1345,10,57,0,1374,0,0,91,0,4.181,False
python/mypy,e8147f2bdcd8899109fe1a9cffc770c436de95dc,241,1344,10,57,0,1373,0,0,91,0,3.796,False
python/mypy,ed88d823f1fd2c572d8600d2c461bff1a86237c1,236,1312,10,57,0,1343,0,0,91,0,4.617,False
python/mypy,116b92bae7b5dbf5e6bd36fd9b0c6804973e5554,242,1353,10,57,0,1381,0,0,91,0,5.435,False
pytorch/ignite,b92ad52c26e7a07a087afd661d1895aaf0151b34,154,447,4,42,0,464,0,0,0,0,2.626,True
pytorch/ignite,540b8148dd95ecc0700d3b1967a623a2d5ed5ae1,136,335,2,30,0,352,0,0,0,0,1.917,False
pytorch/ignite,dce97dfeacf1516e78b1cd9c6a37e57a1228ceed,148,409,4,39,0,429,0,0,0,0,2.191,False
pytorch/ignite,38db5c522d363c10d9cc50bb730ba58f2014fb0f,145,398,3,36,0,417,0,0,0,0,1.109,False
pytorch/ignite,7655a598271121ddcefdea2b5a5fca889437d5fc,115,227,2,22,0,252,0,0,0,0,1.45,False
pytorch/ignite,4d13db280cf82e4c7ae5f5253f7871c9c57e4b53,76,152,1,16,0,168,0,0,0,0,1.053,False
pytorch/ignite,a4c229d615d0aa975fc15e58018ef9c5736ab1df,127,258,1,20,0,274,0,0,0,0,1.408,False
pytorch/ignite,02030d5b614311e167c4ca3ff38d6fc1f09d9ffd,141,363,3,33,0,384,0,0,0,0,1.974,False
pytorch/ignite,d62c4e930c5400905ddda4cfa69c1897e2e7ef40,119,239,2,22,0,264,0,0,0,0,0.949,False
pytorch/ignite,0ea52729740ddd5e2da543527232ad23b0c9c97f,62,114,1,16,0,128,0,0,0,0,0.696,False
pytorch/ignite,52288468c3a580def73080e25a567bac51893300,136,350,3,32,0,368,0,0,0,0,1.48,False
pytorch/ignite,f996ebda8320c823c90fed2f16f0b7e0218ae028,113,221,1,20,0,245,0,0,0,0,1.549,False
pytorch/ignite,d48588f7972daf7d6d8e4dd91295c5f406e980d1,114,225,2,22,0,250,0,0,0,0,0.8,False
pytorch/ignite,08ec3286dc9b8c24f618942f9834b8d16fe8715d,111,214,1,18,0,238,0,0,0,0,0.703,False
pytorch/ignite,81ba5b36de92453422a43252b604a335059fcedd,67,126,1,14,0,141,0,0,0,0,0.472,False
pytorch/ignite,ad4b8a5d94166cfe23d91666a82bc86df81caba5,122,249,2,22,0,274,0,0,0,0,0.966,False
pytorch/ignite,d5c10ce69b16919f1fc45c79d9faddcc6f864b82,107,199,1,17,0,223,0,0,0,0,0.866,False
pytorch/ignite,51c113023dd7f3933aa2d03687dd838ad11c7e7b,113,222,1,20,0,247,0,0,0,0,0.915,False
pytorch/ignite,a582e2d5a1317d96889d17aa0fd11790a376e22b,43,70,1,2,0,71,0,0,0,0,0.396,False
pytorch/ignite,3827412dab234d289211ef3fc896aebbb29bfc71,134,317,2,28,0,333,0,0,0,0,1.336,False
pytorch/ignite,51d3e3e54ee042b5ef1b73a489aabe4b75968411,136,337,2,30,0,354,0,0,0,0,1.041,False
pytorch/torchtune,84aea68d90ff5f8e65af33fd004e7b84424bc712,246,702,4,12,0,671,0,0,0,0,4.123,True
pytorch/torchtune,89f21c28c2a2f37fd5ebace65d3f63a5497d8ae6,191,514,4,12,1,490,0,0,0,0,2.414,False
pytorch/torchtune,3c580fc0cd831043b5e1d8d9c0af60e67966136c,169,408,5,13,0,389,0,0,0,0,2.136,False
pytorch/torchtune,f35e5d6a840e1aeadefa92e87fd331c4798a0022,112,245,3,7,0,227,0,0,0,0,1.372,False
pytorch/torchtune,069bc4dcd9e7d6795efd042dbc64d145e8a785d3,170,430,4,11,0,400,0,0,0,0,1.895,False
pytorch/torchtune,f2bd4bc25b24587aef40f486087412b9da8f1d94,212,598,4,12,0,572,0,0,0,0,2.707,False
pytorch/torchtune,c5b738681ef0c2541344aff1063e5f85720b3c1f,191,509,4,12,1,487,0,0,0,0,1.597,False
pytorch/torchtune,e9b9ea568e169aea13ae2d03c0eb92ee241f47a1,207,577,4,12,0,550,0,0,0,0,1.905,False
pytorch/torchtune,3fddc56942846220b39945559f4b5e695873bb43,191,514,4,12,1,488,0,0,0,0,1.472,False
pytorch/torchtune,059cad9c1c0b684ec095634992468eca18bbd395,229,644,4,11,0,614,0,0,0,0,2.579,False
pytorch/torchtune,4107cc489eba9c25a1ddbfd1314be4a3a80de197,191,514,4,12,1,492,0,0,0,0,1.667,False
pytorch/torchtune,ae484c946c1c1f37982484908c55feb4322786ff,54,79,1,2,0,65,0,0,0,0,0.803,False
pyvista/pyvista,a7269d5477de1687f92b79d55ab10694c13c0410,168,754,1,116,0,1507,0,0,167,0,4.024,True
pyvista/pyvista,ebed4e8e0ed6b0af882c5d75a9d164846c8589f7,159,624,2,94,5,1211,0,0,164,0,3.415,False
pyvista/pyvista,9437248deb4600eaaedbd6c2796f9d3d8ff95167,162,718,1,106,0,1445,0,0,165,0,3.427,False
pyvista/pyvista,b4d40d762f8deb79be874a1f132d5bb0e66235db,70,228,1,48,0,236,0,0,103,0,1.488,False
pyvista/pyvista,c292624166385b4986e3ca85284a31eeac36bee6,155,603,2,90,5,624,0,0,164,0,3.165,False
pyvista/pyvista,db6ee8dd4a747b8864caae36c5d05883976a3ae5,116,451,1,79,0,467,0,0,157,0,2.572,False
pyvista/pyvista,1e485f56c02e409fa71ea8acf0c495008cd43a7f,161,665,2,97,5,1284,0,0,163,0,3.108,False
pyvista/pyvista,26fdd5ea20691d9e4329c6a03c8461e6bb812b54,154,589,2,87,5,608,0,0,163,0,2.834,False
pyvista/pyvista,673600daf5c1a4633b1750fb0849f77733dfe48a,152,582,1,85,5,600,0,0,162,0,1.954,False
pyvista/pyvista,adc548ab5bd7e38447b1524302f7534d515b8456,161,665,2,97,5,1284,0,0,163,0,3.048,False
pyvista/pyvista,2335614927c201f2f1b1753d7b959b50abe040db,152,582,1,85,5,601,0,0,162,0,2.448,False
pyvista/pyvista,5cd232d8359dae5b04cbfafb5e4a07e220636fce,145,549,1,80,5,570,0,0,160,0,2.57,False
pyvista/pyvista,3e9a19df9185814aee05ba06412e789408cfb1f7,159,623,2,94,5,646,0,0,164,0,3.231,False
pyvista/pyvista,846f1834f7428acff9395ef4b8a3bd39b42c99e6,92,352,1,70,0,370,0,0,147,0,2.131,False
pyvista/pyvista,91711e56edc0ccf561e9188376783530864d7f13,165,738,1,108,0,1477,0,0,166,0,3.593,False
pyvista/pyvista,89b855e37b5971ee728bf5150fae8f118997c068,161,665,2,97,5,1282,0,0,163,0,3.133,False
pyvista/pyvista,9ad8ddc23557eafdd74b7684ffad5d8b497e59eb,161,665,2,97,5,1282,0,0,163,0,1.584,False
pyvista/pyvista,1e82020eff67c0ce2530747421b1d71ec747973e,74,237,1,48,0,247,0,0,107,0,1.52,False
pyvista/pyvista,9d162b26c26b7708d80ef505f403b7dc10e070c6,159,624,2,94,5,647,0,0,164,0,3.058,False
rdflib/rdflib,0ea6ca579442219d67ffb1fc7313f05fd16d8d49,145,430,1,55,0,449,0,0,0,0,3.198,True
rdflib/rdflib,c050f27dd8ad19dd16c57a33e679ebe20834e47c,99,248,2,25,0,285,0,0,0,0,1.786,False
rdflib/rdflib,a8d435bb341b380b5d04b20f2a6b9beedcfbaac3,98,251,2,25,0,285,0,0,0,0,1.499,False
rdflib/rdflib,bcd05e93c0325854b2c44447996cb4bf91cc830c,142,401,1,55,0,420,0,0,0,0,2.381,False
rdflib/rdflib,d507fdac93be2ec3e35882e3efaa5e7c7349fa93,98,251,2,25,0,285,0,0,0,0,1.386,False
rdflib/rdflib,a3245fb1fac921a5d8e07bce80914c42f5399b32,98,246,2,24,0,286,0,0,0,0,1.612,False
rdflib/rdflib,038af4547e799845e08986867b24acafcbe72d48,133,346,2,47,0,380,0,0,0,0,2.095,False
rdflib/rdflib,845c28171626fe312128f63a4e9f2112ad107d6c,98,248,2,25,0,281,0,0,0,0,1.217,False
rdflib/rdflib,8213b7465783e636a394c86fd2387a44523d9c2f,142,402,1,55,0,421,0,0,0,0,2.116,False
rdflib/rdflib,39d07c4a5c9395f1322a269982e69b63cbf4db22,98,246,2,24,0,286,0,0,0,0,1.494,False
rdflib/rdflib,d9e86c932695d780bcdcdfadda150e4c1bcf72ef,135,355,2,50,0,390,0,0,0,0,2.015,False
reflex-dev/reflex,6afcaf60bde184258b79d3bba8eb35046a87a073,246,1116,2,98,0,1192,0,0,0,0,4.078,True
reflex-dev/reflex,98394ceb8ec40ee75c8f434b751316544cb81ec2,237,997,2,79,0,1062,0,0,0,0,3.024,False
reflex-dev/reflex,67702e092723a829e70f483e68f86c08213543f6,276,1071,4,192,0,1067,0,0,0,0,3.649,False
reflex-dev/reflex,bf0ebb8d09289a398f891964c53903f6a471d49d,273,1063,4,191,0,1058,0,0,0,0,1.118,False
reflex-dev/reflex,5e3cfecdeab4182e4a405e94fb2d78f7b70eb16a,232,956,3,61,0,1024,0,0,0,0,2.431,False
reflex-dev/reflex,9504700777fd067cc2bb73c66b62ce8f06955970,273,1062,4,191,0,1057,0,0,0,0,1.914,False
reflex-dev/reflex,84858854ae2bc4a5b3b136e04b65b44fef26ebab,258,958,2,124,0,934,0,0,0,1,2.118,False
reflex-dev/reflex,c32f1a8f09923b8a22641755fd9e43aba35368be,246,1104,2,96,0,1181,0,0,0,0,2.897,False
reflex-dev/reflex,3cb44431288dd143bed6ba67e9b13afc2cde1aa9,242,1061,2,93,0,1130,0,0,0,0,2.59,False
reflex-dev/reflex,cd1a30d75856a32d2a01912dad575fa8c88a1674,279,1086,4,193,0,1083,0,0,0,0,2.453,False
reflex-dev/reflex,000938414f46aeaff20256e63d84c96612ae014d,241,1028,2,91,0,1095,0,0,0,0,2.826,False
reflex-dev/reflex,8e66c9b3c75282c8439ace67c2c4559311b51a27,298,1107,3,131,0,1131,0,0,0,0,3.361,False
reflex-dev/reflex,427d7c56abe33a300f211680edd22b90c6981ef7,242,1043,2,92,0,1107,0,0,0,0,2.549,False
reflex-dev/reflex,3eab2b6e7d8dab972b9e5714a845777d664e7ecb,237,993,3,64,0,1058,0,0,0,0,2.18,False
reflex-dev/reflex,012151132e612475fc1a1298fc8aea5fbb6264fe,272,1062,4,192,0,1056,0,0,0,0,2.323,False
reflex-dev/reflex,dec777485fa3bfc32e4b544193d5ff1d271518bf,268,1016,2,164,0,995,0,0,0,1,1.894,False
reflex-dev/reflex,ea016314b0fa7442137701bf6be9be01d0d88c35,308,1190,3,133,0,1227,0,0,0,0,2.882,False
reflex-dev/reflex,8bb736111aab2e8e831cdd8b2c88a6e881335a28,288,1112,4,201,0,1108,0,0,0,0,2.26,False
reflex-dev/reflex,accaf6dc528db25a420e8d76de5d8839854b8dad,255,925,2,122,0,905,0,0,0,1,1.82,False
reflex-dev/reflex,43d79d3a2428122bf0284ce7f23fb3773a048a9f,234,968,3,61,0,1033,0,0,0,0,2.357,False
reframe-hpc/reframe,fcede1ac2d35d060aa4440d5559fb8d35c23ca01,150,423,1,27,0,428,1,0,12,0,2.566,True
reframe-hpc/reframe,67d07ffb791312f858675e1afe302e5e7fccf5c3,144,402,1,27,0,406,1,0,7,0,2.389,False
reframe-hpc/reframe,f63e0408e6315b887e07e6383d306ba37b9c8f1d,147,411,1,27,0,415,1,0,8,0,1.524,False
reframe-hpc/reframe,ada1dfcc52075f586a2e27f1198dfc1c493de5cc,150,422,1,27,0,427,1,0,12,0,1.025,False
reframe-hpc/reframe,50d6de8cda1b4b2bcd215c2e6f920a90ea36b16d,146,403,1,27,0,407,1,0,8,0,1.057,False
reframe-hpc/reframe,b7b9e3ec656bbc430f132d9558ae0360ddfeccdf,141,393,1,28,0,397,1,0,7,0,1.485,False
reframe-hpc/reframe,93de6f4ce259bdbceba478dbc29e6051c9b2e245,131,381,1,28,0,385,1,0,7,0,2.063,False
reframe-hpc/reframe,1d85917cee54243c047a8d9adc01c90050ca503b,128,376,1,29,0,379,1,0,6,0,1.27,False
reframe-hpc/reframe,0cd78028c73c047ed49314e6cf9f00bf0e76458e,131,376,1,28,0,380,1,0,7,0,0.963,False
reframe-hpc/reframe,32f9e258a22caace2ca7f9fef3b89d6082939b22,135,382,1,28,0,386,1,0,7,0,1.123,False
reframe-hpc/reframe,da525c16d3a43dd8b330804c71edc359890674d2,148,419,1,27,0,424,1,0,12,0,1.635,False
reframe-hpc/reframe,20a1a5e6a9c1fcc5a7b5bcfb202e9d1d2dcdd86a,143,399,1,27,0,403,1,0,7,0,1.65,False
reframe-hpc/reframe,0d2c11214c914584c754afffac360bfd3c3383f8,128,368,1,28,0,371,1,0,6,0,1.451,False
reframe-hpc/reframe,925be11f6c01c0f035f9bc8ce9ac5ce3daff2049,150,422,1,27,0,427,1,0,12,0,1.634,False
repobee/repobee,cbfc528f133d099530a7ad51975843226c4336b8,50,107,0,0,0,123,0,0,0,0,0.67,True
repobee/repobee,e09f89e67e43e9ee6cd24ace38bbb9313207166d,33,54,0,0,0,51,0,0,0,0,0.358,False
repobee/repobee,61345a279882f22c5fd5bc8d2db56516bb08d714,25,38,0,0,0,39,0,0,0,0,0.332,False
repobee/repobee,b706b5d9a283305d53af92c7a0bf641fcb12126c,25,38,0,0,0,39,0,0,0,0,0.181,False
repobee/repobee,2af51ca3028df5676d9a0cc56696666db03a9021,21,34,0,0,0,36,0,0,0,0,0.325,False
repobee/repobee,a755f0545212c149878c92bb49486dc6b11cff68,24,38,0,0,0,39,0,0,0,0,0.268,False
repobee/repobee,56406c954267f04b1cd53b9fd36bb98a5fbc299a,22,40,0,0,0,42,0,0,0,0,0.175,False
repobee/repobee,47fe1df45f8b1805337090591fa372ae77c9fca2,25,39,0,0,0,40,0,0,0,0,0.174,False
repobee/repobee,aa55df0f0e245e67b07938e9aac1f6299064da06,20,32,0,0,0,34,0,0,0,0,0.162,False
repobee/repobee,aa6378f691bd96d39bb4f8d307368654a0e065fe,21,35,0,0,0,37,0,0,0,0,0.106,False
repobee/repobee,9f90b85a1ff502c64c6dadc8152d792ed95072fa,20,33,0,0,0,35,0,0,0,0,0.173,False
repobee/repobee,fd8101a176a3d8e12ff1885ee8e1a51cb2911edd,22,40,0,0,0,41,0,0,0,0,0.192,False
repobee/repobee,d4323c801702bd37b000f62426c373b593a5ac8c,24,40,0,0,0,41,0,0,0,0,0.264,False
repobee/repobee,ee949e194694542a578c122c75923d45d2b5f762,22,37,0,0,0,38,0,0,0,0,0.256,False
repobee/repobee,74d7e576978e03e43e3ae0c3639f299a61e8e507,46,101,0,0,0,113,0,0,0,0,0.414,False
scikit-learn/scikit-learn,33a1f1690e7a7007633f59b6bee32017f4229864,626,2577,4,153,158,2798,0,0,0,0,11.794,True
scikit-learn/scikit-learn,37ac3fd1252e4d333bf7bc7dad2010def6d6d0b0,534,1837,3,114,101,2399,0,0,0,0,9.268,False
scikit-learn/scikit-learn,02dc9ed680e7f53f1b0d410dcdd37341c7958eb1,542,1848,5,129,105,2430,0,0,0,0,8.632,False
scikit-learn/scikit-learn,af8a6e592a1a15d92d77011856d5aa0ec4db4c6c,534,1818,2,104,99,2363,0,0,0,0,6.981,False
scikit-learn/scikit-learn,88cdeb85a9303a7b580952b720703a4aca9dc1c0,542,1840,5,129,105,2413,0,0,0,0,6.709,False
scikit-learn/scikit-learn,69e9111b437084f99011dde6ab8ccc848c8c3783,498,1782,5,86,105,2288,0,0,0,0,6.757,False
scikit-learn/scikit-learn,51407623e4f491f00e3b465626dd5c4b55860bd0,505,1778,3,121,103,2328,0,0,0,0,5.592,False
scikit-learn/scikit-learn,cd25abee0ad0ac95225d4a9be8948eff69f49690,618,2505,4,147,142,3299,0,0,0,0,11.395,False
scikit-learn/scikit-learn,b90661d6a46aa3619d3eec94d5281f5888add501,496,1768,5,86,105,2271,0,0,0,0,7.727,False
scikit-learn/scikit-learn,ff46f6e594efb2bd7adbeba0cf5f26d5cb3a6231,543,1792,5,130,68,2307,0,0,0,0,7.385,False
scikit-learn/scikit-learn,5cf88db24491112d2b8672f75df22f65a140d167,527,1775,2,103,99,2301,0,0,0,0,7.435,False
scikit-learn/scikit-learn,2c867b8f822eb7a684f0d5c4359e4426e1c9cfe0,618,2507,4,147,141,3300,0,0,0,0,9.539,False
scikit-learn/scikit-learn,f45a9071e1ff2bdc044c040959b5387c3d9559c8,617,2496,4,147,143,3290,0,0,0,0,5.444,False
scikit-learn/scikit-learn,6a3fc959b684e2f4b2fab28b27d5fa4018acb6a3,503,1730,2,120,74,2223,0,0,0,0,8.073,False
scikit-learn/scikit-learn,2620a5545a806ee416d9d10e07c2de30cdd9bf20,618,2504,4,147,142,3298,0,0,0,0,10.03,False
scikit-learn/scikit-learn,3e5469eda719956c076ae8e685ec1183bfd98569,494,1760,5,86,105,2263,3,0,0,0,8.073,False
scikit-learn/scikit-learn,faa940608befaeca99db501609c6db796739f30f,516,1714,2,102,94,2204,0,0,0,0,7.548,False
scikit-learn/scikit-learn,d9cfe3f6b1c58dd253dc87cb676ce5171ff1f8a1,618,2506,4,147,140,3299,0,0,0,0,10.01,False
scikit-learn/scikit-learn,e650a207efc9dd33556b1b9678b043f73a18aecb,538,1851,3,116,102,2418,0,0,0,0,8.541,False
scikit-learn/scikit-learn,e8c6cb151cff869cf1b61bddd3c72841318501ab,550,1840,4,135,71,2367,0,0,0,0,7.35,False
scikit-learn/scikit-learn,42d235924efa64987a19e945035c85414c53d4f0,620,2541,4,151,149,3361,0,0,0,0,10.385,False
scipp/plopp,46c48e4084d63c926cee00f1567c86a2e615b8f1,67,139,2,4,0,144,0,0,0,0,1.066,True
scipp/plopp,b0792693ded43696a6d0d6611f793da61076a0c4,63,160,3,6,0,155,0,0,0,0,0.703,False
scipp/plopp,96bc68d48abb1a420eda6262f0380870b2d36a2b,67,139,2,4,0,144,0,0,0,0,0.457,False
scipp/plopp,8d50dcd3135f1535045547850bdaa8ab5f6c14be,54,120,1,3,0,119,0,0,0,0,0.799,False
scipp/plopp,352f1ea6b41b2deb2de512ab1af48b804ee98893,65,168,3,6,0,163,0,0,0,0,0.518,False
scipp/plopp,239103c412e27e47867033ade0c2aaf07574ef6e,65,131,2,4,0,136,0,0,0,0,0.327,False
scipp/plopp,5ff1df7cf2938b6f1674658da4d1a517ee9adabe,63,159,3,6,0,154,0,0,0,0,0.362,False
scipp/plopp,235f95d38d72b903a76bd207400aa181c8d41140,54,119,1,3,0,118,0,0,0,0,0.592,False
scipp/plopp,77cf0921d7455123e88d31a5e718798c4fa4d9af,44,97,2,6,0,99,0,0,0,0,0.649,False
scipp/plopp,084c47363e896fd06135817bf4bea84bd2f7911c,67,139,2,4,0,144,0,0,0,0,0.531,False
scipp/plopp,c0fb9d6c12e887050c10adec4839c0ca11141a08,45,102,2,5,0,101,0,0,0,0,0.344,False
scipp/plopp,fae6e2a86c873d8b260f0098280c4cc644085267,63,159,3,6,0,154,0,0,0,0,0.418,False
scipp/plopp,ce3bf7908351dfb1bacf2ceb85b9c365fb23f7ed,61,146,3,9,0,143,0,0,0,0,0.88,False
scipp/plopp,1652b00f84f37eeb5b9c25f11378bae1bf31a41d,63,159,3,6,0,154,0,0,0,0,0.485,False
scipp/plopp,5810660ed35a509c6d7d32cdf8cb56a6b9dd7f32,67,139,2,4,0,144,0,0,0,0,0.414,False
scipp/plopp,df3a5f224ede8bd257882417f8e4a8c90d0a8be2,54,119,1,3,0,118,0,0,0,0,0.409,False
scipp/plopp,ee4cac6caf12d8d9db219183bebf0057425a3e84,54,119,1,3,0,118,0,0,0,0,0.13,False
scipp/plopp,5cbb9610ce1505b8dfb6678b686052f7755051db,61,146,3,9,0,143,0,0,0,0,0.437,False
scipp/plopp,b005b5278bd6ae7c2c925aded5f0bd1a48e6c476,35,76,0,0,0,76,0,0,0,0,0.483,False
scrapy/scrapy,00167edca0677fd9657a8c5995d30600dd37fe37,175,726,3,54,0,715,0,0,1,0,2.915,True
scrapy/scrapy,4300a1d240c7c2c21a4ef0c1c60c3d844493e516,174,678,3,55,0,667,0,0,1,0,2.729,False
scrapy/scrapy,afac3fd2c28ac5b16e7e3c95fca5acd1334f8c58,243,561,3,17,0,568,2,0,1,0,3.092,False
scrapy/scrapy,9b7452211a71676e84573def77483e3e7a32751b,177,462,3,15,0,466,0,0,1,0,2.298,False
scrapy/scrapy,00527fdcbe042ae5b3ea06e93e03a8a353d0524c,176,563,3,52,0,562,0,0,1,0,2.333,False
scrapy/scrapy,e2769cfe484fa9bf3d4b36623471cc605393ec85,175,497,3,26,0,496,0,0,1,0,2.505,False
scrapy/scrapy,a95de71d8ef7de2d5bee6584f0ab26994b8b9d12,180,468,3,15,0,471,0,0,1,0,1.917,False
scrapy/scrapy,8a4e51a19b9710452eacec8f83ed581ba202ec51,180,465,3,17,0,473,0,0,1,0,1.273,False
scrapy/scrapy,b8fabeed8652d22725959345700b9e7d00073de4,246,584,3,17,0,592,0,0,1,0,1.31,False
scrapy/scrapy,52d93490f57d4b2284e3d95efa5c622ab8ad16cb,175,499,3,26,0,498,0,0,1,0,1.505,False
scrapy/scrapy,cfb56400b29316a43208053a8ef6d48eb0eb499e,244,576,3,17,0,584,2,0,1,0,1.58,False
scrapy/scrapy,85696d7bab3ac4e7180251a8def3aee6a56999a1,175,558,3,52,0,557,0,0,1,0,1.832,False
scrapy/scrapy,7b49b9c0f53396ac89cbd74930bc4c6e41d41901,243,568,3,17,0,576,2,0,1,0,1.333,False
scrapy/scrapy,06ebdee35dc7ab5fa86c5076db341eae33485c37,176,557,3,52,0,555,0,0,1,0,1.726,False
scrapy/scrapy,4229048255639c260651ed254bed7cafc433a14b,173,606,3,53,0,603,0,0,1,0,1.663,False
scrapy/scrapy,4620d2f4256093296c490b412a95e4eb9aa5bd41,243,560,3,17,0,567,2,0,1,0,1.535,False
scrapy/scrapy,28eba610e22c0d2a42e830b4e64746edf44598f9,176,498,3,26,0,498,0,0,1,0,1.825,False
scrapy/scrapy,30d5779ea94ed1e9343a4590895a3f5e65e444b9,176,499,3,26,0,498,0,0,1,0,0.69,False
scrapy/scrapy,c8f3d07e86dd41074971b5423fb932c2eda6db1e,180,465,3,17,0,473,0,0,1,0,1.562,False
sdv-dev/sdv,a400b4e963fb140290007835ff7e2872b9d330b9,80,197,1,5,0,181,0,0,0,0,1.309,True
sdv-dev/sdv,9674ebc8ad5ad00285a4b4720b01051c2f35d958,76,187,1,5,0,171,0,0,0,0,0.69,False
sdv-dev/sdv,908ec43cb283abec52c24240d7fa28e77caf44ac,80,197,1,5,0,181,0,0,0,0,0.603,False
sdv-dev/sdv,e8921f9e7b49c9dbdd00637de5343ad2cc8d794a,66,144,0,0,0,128,0,0,0,0,0.721,False
sdv-dev/sdv,82791e920f604c310a50dc69d9c0ea3502fdaf58,66,144,0,0,0,128,0,0,0,0,0.348,False
sdv-dev/sdv,690a1e423015289fa4373d045f7546b270bf7e4f,66,144,0,0,0,128,0,0,0,0,0.346,False
sdv-dev/sdv,ac0032b54a52f7dadc4614e97ecb59a678f32327,66,144,0,0,0,128,0,0,0,0,0.356,False
sdv-dev/sdv,dc443d5d9deb574ee931ed760a6225d0337a1db9,66,144,0,0,0,128,0,0,0,0,0.384,False
sdv-dev/sdv,6941081bdedabb2ba275b17a82a2d137d373ca47,66,144,0,0,0,128,0,0,0,0,0.324,False
sdv-dev/sdv,667009ab8a6553435ba09712e1d94f08d7cf2726,80,197,1,5,0,181,0,0,0,0,0.663,False
sdv-dev/sdv,47f915bf4db31a8f37833129e9f6ad71a5ea627b,80,197,1,5,0,181,0,0,0,0,0.392,False
sdv-dev/sdv,267b6a5976808ba858b46efc8821c3a749a14196,76,187,1,5,0,171,0,0,0,0,0.62,False
sdv-dev/sdv,33a19f9f55ca41eaf70582228209c259f860737e,80,198,1,5,0,182,0,0,0,0,0.598,False
sdv-dev/sdv,a282bf021545be3411d0562f1e1a02ffcd63318e,77,189,1,5,0,173,0,0,0,0,0.616,False
sdv-dev/sdv,6d44f2384287178577a1a05e13e585fe34589be6,77,189,1,5,0,173,0,0,0,0,0.313,False
sissbruecker/linkding,5cc8c9c010175e9f438d9c1c31117b7ce735a46a,85,137,0,0,1,124,0,0,46,0,1.071,True
sissbruecker/linkding,9d61bdce52ddc916abcb9f932410102be17b354e,76,103,0,0,1,98,0,0,44,0,0.698,False
sissbruecker/linkding,cb0301fd9e55bc5bb4eb50ae3800a9a5d0168145,73,98,0,0,1,96,0,0,39,0,0.586,False
sissbruecker/linkding,d5a83722de3473ce367c2209f9145c59797d48fd,69,92,0,0,1,91,0,0,33,0,0.471,False
sissbruecker/linkding,b9bee24047f21f9b86a76682ab43d047e3f76f07,80,124,0,0,1,113,0,0,44,0,0.597,False
sissbruecker/linkding,b30486317d835cc70f272983d5981bcfc6aa4cd7,73,98,0,0,1,96,0,0,39,0,0.4,False
sissbruecker/linkding,a1822e2091b900bfcf5cf2ef62191255d8da1b71,70,93,0,0,1,92,0,0,33,0,0.33,False
sissbruecker/linkding,36a84276a20d418105ee973b5960ea79f7635018,72,97,0,0,1,95,0,0,37,0,0.303,False
sissbruecker/linkding,1b0684bd6cc1272f4ddcb6d93f987228d6e492b7,81,125,0,0,1,114,0,0,45,0,0.45,False
sissbruecker/linkding,aad62f61c9192789f4ac5087fba00fc2329b7e82,73,98,0,0,1,96,0,0,39,0,0.416,False
sissbruecker/linkding,2aab2813f44275683c70631ebc2a2a96dd748a6c,73,98,0,0,1,93,0,0,40,0,0.338,False
sissbruecker/linkding,5e8f5b2c588b6ad537cec100b9d18409149608a3,69,92,0,0,1,91,0,0,33,0,0.288,False
sissbruecker/linkding,ce213775b6be0a50d6b2f5ba4362c04b79a2b7cc,62,82,0,0,1,82,0,0,27,0,0.37,False
sissbruecker/linkding,20fe88dd572e1aeec53f7725b620263e7b11ed2d,73,98,0,0,1,96,0,0,39,0,0.46,False
sissbruecker/linkding,b28352fb28f0e892d4d93b2e5d787739a4118885,72,97,0,0,1,95,0,0,37,0,0.262,False
sissbruecker/linkding,8928c785301526674cb949d38b583d02a499b0a4,81,125,0,0,1,114,0,0,45,0,0.481,False
sissbruecker/linkding,1c6e5902db227517e452cfd55fe977c5f9c3fb0a,73,98,0,0,1,96,0,0,39,0,0.424,False
sissbruecker/linkding,ebed0c050d61366dc81aea41e75bbbf86bde0963,74,101,0,0,1,96,0,0,42,0,0.408,False
sissbruecker/linkding,16ed6ef200b83eb25c7fe19b4b83c9fc502daf71,61,83,0,0,1,83,0,0,26,0,0.319,False
sissbruecker/linkding,fc48b266a8c6005dca7d21ff96f4392ef62c0ccf,75,102,0,0,1,97,0,0,43,0,0.426,False
spacetelescope/jwst,e8ba844c92f5959069859aea0336214360f2d75d,386,823,6,49,6,827,0,0,0,0,6.8,True
spacetelescope/jwst,656ffe3e4bfe515da0228639cf77b7da3742cc7f,428,1012,4,169,1,1035,0,0,2,0,6.134,False
spacetelescope/jwst,c2d87f7a2c8c4e383b0b4c961d802205ca0b280f,382,802,6,45,6,809,0,0,0,0,5.162,False
spacetelescope/jwst,f7cf0676d234070eeaca670bf794b6fd19494d2a,399,827,6,45,6,835,0,0,0,0,4.13,False
spacetelescope/jwst,f3969c199f34558862ea702c2f953a7c144f9e8e,387,793,6,40,6,800,0,0,0,0,2.937,False
spacetelescope/jwst,644f2e3a75ee390666a8a5d4fdcc59cda10161a7,387,793,6,40,6,800,0,0,0,0,2.021,False
spacetelescope/jwst,2a708103b54d9e16239eb773e2aa6f6825cf59ce,387,793,6,40,6,800,0,0,0,0,2.446,False
spacetelescope/jwst,4342988027ee0811b57d3641bda4c8486d7da1f5,397,814,6,45,6,822,0,0,0,0,3.184,False
spacetelescope/jwst,3c053d10a1d4a04dbd642bbd61d17c706974cc43,382,802,6,45,6,809,0,0,0,0,3.132,False
spacetelescope/jwst,854f84b2586aa6135e8c4a41fec4b030d63d30c7,397,815,6,45,6,823,0,0,0,0,3.303,False
spacetelescope/jwst,d176230f633d270b4c52b66941030a2acef62d9b,435,960,4,165,2,974,0,0,2,0,6.263,False
spacetelescope/jwst,7cc16849c5e4bf89fa61d43d095dc7ef5c982f34,387,793,6,40,6,800,0,0,0,0,5.021,False
spacetelescope/jwst,f4291171d8d31dd3cba8c6feb28eec6a2f6816d0,383,815,6,49,6,820,0,0,0,0,3.995,False
spacetelescope/jwst,c607b4e6c235986de089ccd3cd318d895936e632,387,792,6,39,6,799,0,0,0,0,3.811,False
spacetelescope/jwst,c129fee33dbdd7c99a427e4425b81b940ab49dd0,432,997,4,107,1,1019,0,0,2,0,5.478,False
spdx/tools-python,552940abb52cbc9cf358e429d1388e9c1b25d7a6,284,944,3,32,0,950,0,0,0,0,3.283,True
spdx/tools-python,b0d946b354045ae4e01398f416ee7abbabfe8443,47,167,1,4,0,182,0,0,0,0,0.785,False
spdx/tools-python,3c50775bd6a5df3a1c3e4618ae8a91d9fc0bcee2,152,502,1,9,0,503,0,0,0,0,1.524,False
spdx/tools-python,e0c83cdf11863d40f26e1da4b940eebb769fe3f3,284,944,3,32,0,950,0,0,0,0,1.211,False
spdx/tools-python,248394cd2d1e60583f8c776e544f98b1184f42df,284,944,3,32,0,950,0,0,0,0,0.482,False
spdx/tools-python,788e8d4aec940a3c2b2f16bd731564ee1a8da5d8,133,439,0,0,0,439,0,0,0,0,1.549,False
spdx/tools-python,3838ef18317ca20626387f5aa05a506d71cf606a,47,167,1,4,0,182,0,0,0,0,0.746,False
spdx/tools-python,73f3f462591894cac8ef11e01ebec7e702e33c25,47,167,1,4,0,182,0,0,0,0,0.588,False
spdx/tools-python,ee95e603c9c774e696edd544131b801ee9bebaea,283,938,3,32,0,944,0,0,0,0,1.511,False
spdx/tools-python,e08e4d25d721bb1ada1301d9d8e8515852387ea0,284,944,3,32,0,950,0,0,0,0,0.55,False
spdx/tools-python,56fd6022e7ee817b7a37526266d8e3bef088647e,283,937,3,32,0,943,0,0,0,0,0.809,False
spdx/tools-python,44d510e94be6fd06b856605f41b322bbd3681732,284,944,3,32,0,950,0,0,0,0,0.526,False
spdx/tools-python,ce8cf6831af1cfdcec98fd537071f603e570ae02,278,929,3,32,0,935,0,0,0,0,0.736,False
spdx/tools-python,44196efd14de18aa1363a6ffd6c8c332433e1056,284,944,3,32,0,950,0,0,0,0,0.71,False
spdx/tools-python,328a816a5bb8ee43d4031c8df0a2655f571b532c,46,133,1,3,0,145,0,0,0,0,0.645,False
sphinx-doc/sphinx,8ef07089eeb3082f23338f18519d8cc96fd38b43,215,1237,6,95,0,1307,0,0,0,0,4.864,True
sphinx-doc/sphinx,4d90277c49633705148793ab02b28353c8a59b48,184,1023,8,64,4,1029,0,0,0,0,4.122,False
sphinx-doc/sphinx,9ed054279aeffd5b1d0642e2d24a8800389de29f,184,1025,8,64,4,1032,0,0,0,0,2.551,False
sphinx-doc/sphinx,57ed10c68057c96491acbd3e62254ccfaf9e3861,189,1046,8,73,4,1051,0,0,0,0,4.557,False
sphinx-doc/sphinx,1c131dfffe2d359eda93f7d4cc6d920fbe76efe4,205,1186,6,91,0,1214,0,0,0,0,4.758,False
sphinx-doc/sphinx,9175da437ed84e43b00ed4c28ccfe629260d3c13,188,1038,8,71,4,1054,0,0,0,0,4.037,False
sphinx-doc/sphinx,c17300aa7a8aafb57eac91e1e3b15a4061ff2440,179,1047,6,85,3,1047,0,0,0,0,4.095,False
sphinx-doc/sphinx,f90b506a9ff2b202fbec707be776cfa590519a14,199,1155,6,89,0,1183,0,0,0,0,3.962,False
sphinx-doc/sphinx,e05cef574b8f23ab1b57f57e7da6dee509a4e230,184,1025,8,64,4,1031,0,0,0,0,3.783,False
sphinx-doc/sphinx,f47bf1471d10d4ac938066bc84df879f1060ba7f,184,1022,8,64,4,1028,0,0,0,0,2.444,False
sphinx-doc/sphinx,4c91c038b220d07bbdfe0c1680af42fe897f342c,184,1026,8,64,4,1034,0,0,0,0,2.856,False
sphinx-doc/sphinx,34d6d3bc8d24b5213d0978e6c4d839340aaafbcd,181,1025,8,63,3,1023,0,0,0,0,3.95,False
sphinx-doc/sphinx,bcb1825679aa1aa8d637c4b948a172fa690bec58,179,1032,6,82,0,1045,0,0,0,0,4.22,False
sphinx-doc/sphinx,b372a99c0158f5799338a9a1b8611626ff1d114f,189,1046,8,73,4,1052,0,0,0,0,4.398,False
sphinx-doc/sphinx,8981e84779ff87f1a058939a5d678e5993d67aa8,188,1038,8,71,4,1054,0,0,0,0,4.134,False
sphinx-doc/sphinx,232dbe41c5250eb7d559d40438c4743483e95f15,184,1026,8,64,4,1033,0,0,0,0,3.671,False
sphinx-doc/sphinx,ac2b7599d212af7d04649959ce6926c63c3133fa,175,1009,6,82,0,1018,0,0,0,0,4.042,False
sphinx-doc/sphinx,3bc10dd90fc8d621103f1962eb6dc1ab137b8217,213,1221,6,94,0,1290,0,0,0,0,4.738,False
sphinx-doc/sphinx,d2c8cd3c803b27537a4d6f871279fce93d503d82,184,1022,8,64,4,1028,0,0,0,0,3.637,False
sphinx-doc/sphinx,82dad44e5bd3776ecb6fd8ded656bc8151d0e63d,184,1023,8,64,4,1029,0,0,0,0,2.45,False
sphinx-doc/sphinx,71db08c05197545944949d5aa76cd340e7143627,174,1013,6,82,3,1014,0,0,0,0,3.634,False
spikeinterface/spikeinterface,b8f7253b018d55c730e3cb096e17ff89339a5050,353,1308,6,99,0,1416,0,0,0,0,6.643,True
spikeinterface/spikeinterface,c6f8f1fae2ed8fa80b59c42cf8d1cff523b3c754,317,1171,6,94,0,1239,0,0,0,0,5.162,False
spikeinterface/spikeinterface,482bd7406b790528800d0c6eed99617ee6efff9d,317,1176,6,94,0,1245,0,0,0,0,1.885,False
spikeinterface/spikeinterface,526e308f3e01d8e653cfe6fc79c15e8c8bf08586,353,1313,6,99,0,1420,0,0,0,0,4.895,False
spikeinterface/spikeinterface,7268ab900443ca3f0239de3007352d05f2d7d875,354,1117,6,100,1,1170,1,0,0,0,5.313,False
spikeinterface/spikeinterface,e139e75d6d9a5bcbde9ce133db84a83ab7724a9e,322,1195,5,95,0,1268,0,0,0,0,5.398,False
spikeinterface/spikeinterface,e1535daac114ad293cb0acdb555f1a96d797f038,352,1300,6,99,0,1398,1,0,0,0,5.025,False
spikeinterface/spikeinterface,e4fa25abf4a949a31bdfebe7c868e393c11cfed3,328,1234,6,103,0,1309,0,0,0,0,4.185,False
spikeinterface/spikeinterface,1ed860fe15ec32f0aba5e7b876821393e9e5d758,347,1270,6,99,0,1362,1,0,0,0,4.311,False
spikeinterface/spikeinterface,740e7799c554387888afad655a10f4f3ace7f9dd,335,1250,6,104,0,1332,1,0,0,0,3.353,False
sqlfluff/sqlfluff,514690958e5afdafde117ac74124f8fd8f2bd89f,233,831,3,57,0,834,0,0,11,0,4.702,True
sqlfluff/sqlfluff,40b7e6b361a27b7b0a62a7933ded2c21b9be681d,134,348,2,12,0,351,0,0,7,0,2.185,False
sqlfluff/sqlfluff,d3ec79d6cab0f94bd831d570250bce1afd4b1dc5,131,344,2,12,0,347,0,0,7,0,1.516,False
sqlfluff/sqlfluff,dc9f74e73df4f3f20f7da3bd6119be37a4873b89,222,783,3,49,0,786,0,0,12,0,3.52,False
sqlfluff/sqlfluff,a5665e0d82dc3d8177fbf4a589623976cb1288be,54,136,2,24,0,136,0,0,2,0,0.88,False
sqlfluff/sqlfluff,ef7d86548757fcbc3405ac421c38acefa55db9aa,169,484,2,34,0,488,0,0,9,0,2.823,False
sqlfluff/sqlfluff,e1ae8df7404b6c0a4da8c43ef6b9facd0e028891,121,289,3,20,0,290,0,0,7,0,1.807,False
sqlfluff/sqlfluff,3117631a81c82ea94d25dea968cf1141918251bd,59,157,2,26,0,158,0,0,2,0,0.845,False
sqlfluff/sqlfluff,66fd602d0824138f212082c8fdf381266a9edad3,195,703,3,50,0,709,0,0,9,0,3.481,False
sqlfluff/sqlfluff,bcb5c6dfb42f1a195e8206f9dde7d9778877f099,130,341,2,12,0,344,0,0,7,0,1.546,False
sqlfluff/sqlfluff,763e453e7fbd2239f41ade47c88574bf81fc30c8,228,796,3,51,0,799,0,0,13,0,3.612,False
sqlfluff/sqlfluff,8e724ef8906eecce7179f4b7c52d4fc0672e4bd9,177,569,2,35,0,576,0,0,9,0,2.803,False
sqlfluff/sqlfluff,60dbf358e2023dfa09073c0f337e106db7f1f9e4,59,157,2,26,0,158,0,0,2,0,0.723,False
sqlfluff/sqlfluff,9188287795542e5cedc2961e023bf4050ff0fc8d,102,244,3,30,0,245,0,0,3,0,1.507,False
sqlfluff/sqlfluff,62e8dc3a148c40c0c28f62b23e943692a3198846,121,289,3,20,0,290,0,0,7,0,1.303,False
sqlfluff/sqlfluff,0826b41d77df19c1bd27d6110481ff78f9d1a68d,209,726,3,50,0,735,0,0,9,0,3.755,False
sqlfluff/sqlfluff,895e668a0047bd31fb87865fcab50d846bfb88ce,218,799,3,57,0,803,0,0,12,0,3.52,False
sqlfluff/sqlfluff,c0bad78f3fa9549591738c77f869724f721e6830,116,285,3,30,0,286,0,0,7,0,1.426,False
sqlfluff/sqlfluff,387470a44fb96f96aa5faf32f83e44d29bbe1535,121,289,3,20,0,290,0,0,7,0,0.926,False
sqlfluff/sqlfluff,24178a589c279220c6605324c446122d15ebc3fb,209,726,3,50,0,735,0,0,10,0,3.242,False
stanfordnlp/dspy,da482fdee1560de668f9ada9ecf764cb13c8548b,130,397,1,74,0,414,0,0,0,0,2.119,True
stanfordnlp/dspy,716e82cf8457ed8ec240e695cf1032a83d244a98,157,424,1,71,0,438,0,0,0,0,2.047,False
stanfordnlp/dspy,9a952fef5fa8399cb82cb726860814e21816f16d,181,424,1,81,0,430,0,0,0,0,2.998,False
stanfordnlp/dspy,37ee5dc8e7a628a92320a1b1944884f75563d659,138,287,2,38,0,289,0,0,1,0,1.714,False
stanfordnlp/dspy,b05b0739ef1be47f242ecd1685c3f4a6defcee9e,149,380,1,67,0,389,0,0,0,0,2.065,False
stanfordnlp/dspy,92d25a7066227d18f852eb49a397b46c11f0dc1a,176,405,1,79,0,412,0,0,0,0,2.219,False
stanfordnlp/dspy,94299c7edbbe39cbb086cff892e3902e27cb2f1d,122,367,1,70,0,379,0,0,0,0,1.547,False
stanfordnlp/dspy,3ded7a6266514c1569452b0e26bcd4e75c1ee6db,124,366,1,70,0,379,0,0,0,0,0.953,False
stanfordnlp/dspy,2e60022f9a524dfd406edc04444114f835d017a0,124,373,1,71,0,387,0,0,0,0,1.328,False
stanfordnlp/dspy,9391c2a9b386cbbbe27d18206790a40c27503348,186,441,1,86,0,449,0,0,0,0,2.363,False
stanfordnlp/dspy,81c2f579d50057d51351c259796e07958efdd9d1,141,295,2,39,0,297,0,0,1,0,1.577,False
stanfordnlp/dspy,6259dc46e9c07fe79e2bc7f21506e8a8105f4634,124,373,1,71,0,387,0,0,0,0,1.428,False
stanfordnlp/dspy,aca8ebd4d7f0e4da249e7873d359fb730e709ddd,124,373,1,71,0,387,0,0,0,0,0.494,False
stanfordnlp/dspy,b05394bb20722444648a33b4447156bcef202fd6,142,294,3,36,0,296,0,0,1,0,1.721,False
stanfordnlp/dspy,e4ec979a3d76f3375637f3a06bb92d406a36a31e,156,417,1,70,0,428,0,0,0,0,1.971,False
stanfordnlp/dspy,2dbc249b7d5def49aecaf8ab23d147e15ca6c63e,173,384,2,58,0,388,0,0,1,0,2.189,False
stanfordnlp/dspy,361473cb5fe29c91d0ee7b4fddc2967115f4f80f,130,397,1,74,0,414,0,0,0,0,1.515,False
stanfordnlp/dspy,dd954e3cf2fbb119530ca2e6885b784bad9bace9,144,357,1,60,0,363,0,0,6,0,1.736,False
statsmodels/statsmodels,831e26ca5dfb087658500f08236a30b99b3f4501,744,1857,9,48,34,1978,0,0,4,0,14.443,True
statsmodels/statsmodels,d0da572b061faf1c691b471e6ad60257b0a3ccf2,742,1828,8,45,34,1950,0,0,4,0,6.365,False
statsmodels/statsmodels,3e739c26729e2c844394f5918846e2897ad0f871,736,1799,6,61,34,1917,0,0,4,0,11.304,False
statsmodels/statsmodels,c967ca06d96b3314891b81b6839ebad5730a540f,736,1799,6,61,34,1917,0,0,4,0,5.692,False
statsmodels/statsmodels,35b803767bd7803ca5f9fc35d4546aa8cb7be844,735,1792,6,62,34,1908,0,0,4,0,7.027,False
statsmodels/statsmodels,f29be609729882446846a930bec1afbdc78a0d2b,743,1830,8,45,34,1953,0,0,4,0,10.949,False
statsmodels/statsmodels,27b28335f5921accbbda5f8ea6f0bc1768db282a,736,1797,6,61,34,1914,0,0,4,0,9.83,False
statsmodels/statsmodels,25473b2c6cd1b88c74c2459aac9d4b337d32b453,735,1792,6,62,34,1908,0,0,4,0,6.384,False
statsmodels/statsmodels,07997722c2581dafabdea068f51974536568377c,735,1792,6,62,34,1908,0,0,4,0,5.682,False
statsmodels/statsmodels,0838f111df35d73fdd921ed3007099b56928ce4f,743,1830,8,45,34,1953,0,0,4,0,10.618,False
statsmodels/statsmodels,37bd2e421bad61bc54e8260b86a10a68d17892b3,737,1812,6,61,34,1931,0,0,4,0,6.498,False
statsmodels/statsmodels,3b61c469ed8d4a6752b5bf01390789512f81f0c6,737,1803,6,61,34,1923,0,0,4,0,10.187,False
streamlink/streamlink,987c4176f5d23efb845a0c0b884eac926e650d47,264,842,3,15,0,823,0,0,4,0,4.888,True
streamlink/streamlink,5fadd7ee36edffa135774ab81731e083916fce84,261,833,3,15,0,816,0,0,4,0,1.783,False
streamlink/streamlink,2bcdafc67824a60d65bce8bea65d019061c4e360,262,835,3,15,0,818,0,0,4,0,1.672,False
streamlink/streamlink,5f64f2ee3a4d436cd6686efb2353109fd4da4b70,255,819,3,16,0,803,0,0,4,0,4.256,False
streamlink/streamlink,3995953c49718425db9fafd39a6088a95603dcb4,244,796,1,3,0,774,0,0,1,0,4.242,False
streamlink/streamlink,bebc2ae181ebccaf6a1b569570bb625383a1e8e2,261,835,3,16,0,819,0,0,4,0,3.184,False
streamlink/streamlink,fd83550d5e4c55b84a2e96de70d0ea54f46eee10,261,832,3,16,0,816,0,0,4,0,1.368,False
streamlink/streamlink,030dbc5f744c05aac4733b2c37bfd771df9b4c00,255,833,1,3,0,808,0,0,2,0,3.891,False
streamlink/streamlink,f90d560511523d67c71387eb67bb91fd577ec1bb,270,984,2,10,0,984,0,0,2,0,4.5,False
streamlink/streamlink,e29c8b75e664671216abc8c660f2dec21310cec9,254,904,2,10,0,915,0,0,2,0,2.117,False
streamlink/streamlink,e2a55461decc6856912325e8103cefb359027811,253,1012,2,8,0,961,0,0,1,0,3.864,False
streamlink/streamlink,4a234ff76a73ad238eea8470267366592963ad50,253,816,3,16,0,800,0,0,4,0,3.665,False
streamlink/streamlink,1ed85fcb24c6436f93c8e7ed9931e0266e7ee696,254,841,1,3,0,816,0,0,1,0,3.419,False
streamlink/streamlink,d89c7967402156368b81f668c6ab4ebfac42d642,253,815,3,16,0,799,0,0,4,0,2.705,False
streamlink/streamlink,4924b8a15a45de36b459cf1ed20296d414a85c15,262,1066,2,9,0,1012,0,0,2,0,3.139,False
streamlink/streamlink,bbd80a5c6f446652393b525a4a6ae6ed63e4c093,271,980,2,10,0,975,0,0,2,0,3.391,False
streamlink/streamlink,f3c3546925897243edb4e3ba42210c5262ce74cf,262,834,3,15,0,817,0,0,4,0,3.91,False
streamlink/streamlink,48aa67977b1e69730d582a32641ec5cbfe63971d,270,984,2,10,0,984,0,0,2,0,3.046,False
streamlink/streamlink,f43d0eb4714de529a45dd9161e7774d070699bad,267,852,3,16,0,837,0,0,4,0,3.703,False
streamlink/streamlink,6eed23436534df3a558b316d7d495a4021d7a5c7,244,793,1,3,0,773,0,0,1,0,3.328,False
sunpy/sunpy,7b7562c232c4031b0bcf3f13034f873eb4457eef,284,793,9,55,2,802,0,0,0,0,4.421,True
sunpy/sunpy,c6e2b3048cb3369a277a05271f54ec3e07522dce,276,747,8,66,2,756,0,0,0,0,2.502,False
sunpy/sunpy,fc1b29bd1e979f359244dd6673636dfed8b63fe9,281,744,7,65,2,758,0,0,1,0,3.483,False
sunpy/sunpy,0980fd6d4d3d846e87536faefb7e1ce69d721625,276,735,7,65,2,749,0,0,0,0,1.288,False
sunpy/sunpy,20d23c53ff36e8d5ac76ff8f691cd534fd7ade3e,277,740,7,64,2,749,0,0,0,0,2.615,False
sunpy/sunpy,9cf9e04e348d811465e9efc791eda50d29fe52a1,276,734,7,65,2,748,0,0,0,0,2.55,False
sunpy/sunpy,3f4c2a88affe625beb096c647d44f065d580e5c0,272,732,5,73,2,745,0,0,1,0,2.307,False
sunpy/sunpy,c1b32b80b8e589ab38c7a3bb4497a1c8a6673590,265,704,10,57,2,717,0,0,1,0,3.728,False
sunpy/sunpy,2a8a908eb332b98278644e71941936eae4fcc892,277,741,7,64,2,750,0,0,0,0,2.844,False
sunpy/sunpy,94b31a412fe9486db1a448e4e2e99a77d57ec2ae,255,665,9,55,2,678,0,0,1,0,2.994,False
sunpy/sunpy,242de49f01c04e40bc3120e26bc137b62e5b6012,256,670,9,55,2,683,0,0,1,0,1.25,False
sunpy/sunpy,f8200fa9048c6b15351c984ef2bdb43d521c876e,275,736,7,65,2,750,0,0,0,0,3.109,False
sympy/sympy,1b067d20fdb512f337a8b838eb0c74498720a472,856,7000,9,579,8,8120,0,0,17,0,23.817,True
sympy/sympy,110997fe18b9f7d5ba7d22f624d156a29bf40759,843,5474,7,541,22,6709,0,0,16,0,31.482,False
sympy/sympy,662cfb818e865f580e18b59efbb3540c34232beb,643,3997,10,410,1,4946,0,0,0,0,15.636,False
sympy/sympy,e486f1b79432c474ad29a1d1a3d11e60b1caae88,745,4931,9,481,1,6077,0,0,18,0,29.633,False
sympy/sympy,c267d554e16f0392af2b22a2922cbe0db7e8c798,732,4712,9,460,1,5788,0,0,18,0,28.56,False
sympy/sympy,768da1c6f6ec907524b8ebbf6bf818c92b56101b,728,4691,9,458,1,5766,0,0,18,0,28.911,False
sympy/sympy,63f8f465d48559fecb4e4bf3c48b75bf15a3e0ef,784,5095,8,489,22,6206,0,0,16,0,33.858,False
sympy/sympy,7b127bdf71a36d85216315f80c1b54d22b060818,677,4320,11,433,1,5316,0,0,0,0,36.181,False
sympy/sympy,7501960ea18912f9055a32be50bda30805fc0c95,758,4975,7,475,3,6099,0,0,18,0,33.067,False
sympy/sympy,39fe1d243440277a01d15fabc58dd36fc8c12f65,730,4729,9,460,1,5814,0,0,18,0,31.725,False
sympy/sympy,31d469a5335c81ec4a437e36a861945a6b43d916,842,5464,7,540,22,6698,0,0,16,0,38.121,False
sympy/sympy,15f56f3b0006d2ed2c29bde3c43e91618012c849,731,4734,9,460,1,5820,0,0,18,0,31.639,False
sympy/sympy,28b41c73c12b70d6ad9f6e45109a80649c4456da,777,5058,7,484,22,6153,0,0,16,0,31.745,False
sympy/sympy,14abc988525f344d1974c043f83b1e6b1247aea6,734,4823,9,475,1,5926,0,0,18,0,29.665,False
sympy/sympy,a6232c17a6d3c79e95353924df3a3cd062df0708,734,4823,9,475,1,5926,0,0,18,0,24.766,False
sympy/sympy,46921d2880a7b3d81b92e5ae7b147e955ef78b71,776,5053,7,484,22,6145,0,0,16,0,31.904,False
sympy/sympy,1599a0d7cdf529c2d0db3a68e74a9aabb8334aa5,668,4207,11,427,1,5164,0,0,0,0,33.443,False
sympy/sympy,7813fc7f409838fe4c317321fd11c285a98b4ceb,807,5272,7,506,22,6397,0,0,16,0,35.084,False
sympy/sympy,b7c5ba2bf3ffd5cf453b25af7c8ddd9a639800cb,746,4699,10,455,1,5743,0,0,0,0,34.083,False
sympy/sympy,82bf1d76747b3d309fba5079a16a4e3183fc21fd,696,4437,11,442,1,5446,0,0,0,0,29.727,False
sympy/sympy,3f935daa5634c765345bf99df9d85b3d31def1ec,697,4456,11,443,1,5468,0,0,0,0,29.082,False
tefra/xsdata,2b96e1d6c02684e8a866708b36635c44b2944a61,127,506,3,9,0,490,0,0,0,0,1.947,True
tefra/xsdata,cb80011ebd5b096ec5d0613c95fb01f2c2ff073b,118,468,1,5,0,709,0,0,0,0,1.767,False
tefra/xsdata,49c7f70c5f1ca8ceb8a30ad29fb00606c78b023c,119,465,1,5,0,704,0,0,0,0,1.037,False
tefra/xsdata,1a2cfeacfb876a95f8e976b92688eb6461406ab5,129,502,3,9,0,486,0,0,0,0,1.857,False
tefra/xsdata,d39e9aa62d72ef298915b00e8133a42dfaa1fe38,118,466,1,5,0,707,0,0,0,0,1.06,False
tefra/xsdata,e652e08c2fc312f85cc35e4f6b0c8c3948b9d071,129,501,3,9,0,485,0,0,0,0,1.099,False
tefra/xsdata,f83794875914223b76db0e731b7eec1ad078e429,109,423,1,4,0,626,0,0,0,0,1.394,False
tefra/xsdata,6eccffb886ca537c4d1b1fa0f59cac637311e43f,126,503,3,9,0,487,0,0,0,0,1.41,False
tefra/xsdata,1f42a6a5990664494049d4f97810cb0bcccc76df,126,503,3,9,0,487,0,0,0,0,0.64,False
tefra/xsdata,c6a1c6658eb9017d483d4f4f344881cea9969680,118,472,1,5,0,713,0,0,0,0,1.131,False
tefra/xsdata,a98b9269d86262d68f74d29382365fbb2cf499ef,109,423,1,4,0,626,0,0,0,0,0.936,False
tefra/xsdata,95755fe11e253b38ee1df5112880a0529203a15f,126,503,3,9,0,487,0,0,0,0,1.233,False
tefra/xsdata,4b4091c9a8a116e5faf231d58e70f6aa31872e51,115,450,1,5,0,682,0,0,0,0,1.188,False
tefra/xsdata,82ccdbbcc9e8d7ffeca20e7c8ffbb4b1858a4044,118,473,1,5,0,457,0,0,0,0,1.602,False
tefra/xsdata,6e3f505bf9ed57d6209dad5afc4a7bdf90bc5fe8,126,503,3,9,0,487,0,0,0,0,1.049,False
tefra/xsdata,0b2fe8b2256b617e1f3781d8359e7733b31ef26f,118,472,1,5,0,712,0,0,0,0,1.125,False
tefra/xsdata,1c8ad8679822bc0c8770b44d81a47f4189abc45e,107,415,1,4,0,616,0,0,0,0,1.135,False
tefra/xsdata,25f9bd4eea2deec734c21e36ac20015228910956,119,465,1,5,0,704,0,0,0,0,1.056,False
tefra/xsdata,8d431a234d79c487950acc0f3eac019fb98d5088,115,447,1,5,0,680,0,0,0,0,0.715,False
tefra/xsdata,fa05d61338a5beb06caf8438383bed0b9070ee26,118,473,1,5,0,457,0,0,0,0,1.188,False
tefra/xsdata,3db78fbcecbee73105dc49d69dc5f97e985a15ef,118,473,1,5,0,457,0,0,0,0,0.44,False
terrapower/armi,7b6693f1460d1c0d8d0a8e40edd22a07967bc6f8,280,1185,1,185,0,966,0,0,16,0,5.443,True
terrapower/armi,412c1e72cf08c860a262bab53e405b355bd4c9fe,272,1130,1,179,0,1147,0,0,16,0,4.2,False
terrapower/armi,0b3c7c1f8e88731c284fc80b7fadd27dcc6d49bb,275,1141,1,182,0,1159,0,0,16,0,2.543,False
terrapower/armi,f1f3dbea05c2564404a03d8e053f72c2af15daa9,276,1144,1,182,0,1164,0,0,16,0,1.888,False
terrapower/armi,a99a52c26034ef8264a8078a4b96d864ab2159f3,246,992,2,131,1,1028,0,0,0,0,4.31,False
terrapower/armi,6fd89e1b095c6290195967674758df0c64434caa,272,1130,1,179,0,1147,0,0,16,0,4.261,False
terrapower/armi,67af3ad2a093c6af6cc885ffdd78d14381316431,271,1117,1,178,0,1133,0,0,16,0,2.583,False
terrapower/armi,cfa6935d8c3f35352b479c1aabc4463d10f7d9e9,268,1079,2,170,0,1090,0,0,16,0,4.563,False
terrapower/armi,6e3f2dae1d4dc1e17dc41c4a82393386744dc2c1,267,1076,2,165,0,1099,0,0,16,0,4.259,False
terrapower/armi,4699c867e6b6fb7c1308a879e03c241f1d946b75,268,1079,2,170,0,1090,0,0,16,0,3.544,False
terrapower/armi,09902887715d5f43ee78098eb42c59c09ca10942,268,1112,2,170,0,1135,0,0,16,0,2.496,False
terrapower/armi,b436537edfed991e6ff560a1d1b2d4b018507db1,276,1144,1,182,0,1164,0,0,16,0,4.159,False
textualize/textual,3483d81fbed1f395d00b636b5043b0e9e80ca853,534,1866,1,137,0,1889,0,0,23,0,7.896,True
textualize/textual,efafbdfcc16fdd3c7e9b5906fc7d8cc6e354f70e,125,392,2,49,0,403,0,0,0,0,1.82,False
textualize/textual,3dea4337ace9fd0727d0f1d799f62a7e6a249023,403,1274,2,58,0,1296,0,0,10,0,5.02,False
textualize/textual,fa4f75fd25c625d150e11c476bf468bf506c3400,473,1527,2,105,0,1554,0,0,21,0,4.352,False
textualize/textual,154a6315939c302b4f6198426067651144fee685,479,1560,2,107,0,1591,0,0,21,0,2.435,False
textualize/textual,5aaa6b539cda123415512bb4b49bf60c007f1e3b,473,1532,2,108,0,1561,0,0,21,0,2.129,False
textualize/textual,0762a6b8583ce62890bb5f216b2a4cb1724b1c7d,308,934,2,47,0,947,0,0,3,0,3.099,False
textualize/textual,74aa90f5ac3e9cbd5e002cf504241a9b2d257930,418,1319,1,89,0,1338,0,0,20,0,3.875,False
textualize/textual,b9f2382f96e4ce96a859b6c4baccde70cfb8dc53,267,830,2,48,0,843,0,0,3,0,2.083,False
textualize/textual,49e71862688a60e5e29f6bb60084e45890a65285,454,1453,2,101,0,1480,0,0,21,0,3.997,False
textualize/textual,fd16a0487d4ce2acd5dd180eac255d5c4a032197,480,1566,2,108,0,1599,0,0,23,0,2.924,False
textualize/textual,cf46d4e70f29cd7e8b7263954e9c7f1d431368eb,459,1467,2,101,0,1494,0,0,21,0,2.495,False
textualize/textual,49612e3aa5ddf3e16bd959199a8886c3f8d2328d,402,1287,1,87,0,1307,0,0,20,0,2.815,False
textualize/textual,21e91cd132964b9eb44442e6c6765c8fa22c2128,531,1860,1,137,0,1883,0,0,23,0,4.965,False
textualize/textual,e5c54a36832b69e30da01f66fcfe629ec3c3b8c9,391,1221,2,57,0,1243,0,0,3,0,3.029,False
textualize/textual,2f055f6234928a37207759bc48876965905dc966,398,1274,1,86,0,1294,0,0,10,0,2.114,False
textualize/textual,a3887dfcbb7fe47cc6e10da7645d01cffe1a91e3,345,1053,2,51,0,1068,0,0,3,0,2.694,False
textualize/textual,0e9e3205e753388615badd989d7fab1aaba21ad5,519,1763,2,120,0,1792,0,0,23,0,5.374,False
textualize/textual,be850635c2d764dfa4d45707a0cb92bfd63f355d,323,960,2,50,0,973,0,0,3,0,2.768,False
textualize/textual,695e59bd3a08e901e5ad2c63ce09cd9c5307f6fc,409,1301,1,88,0,1320,0,0,20,0,2.771,False
textualize/textual,50b767f73b241c04751714620206d28742e8fc0a,487,1612,2,112,0,1645,0,0,23,0,4.019,False
tobymao/sqlglot,06db2350a1c625cc30212912a73267127fc4f3ea,78,410,1,21,4,404,0,0,0,0,2.512,True
tobymao/sqlglot,647611e16bdb5ecfc2eec30111cc6689200836b7,86,463,2,55,4,444,0,0,0,0,2.148,False
tobymao/sqlglot,fe609ddd6f7c5413c2e1d8b2e8cbb7b28ca57ca7,56,217,1,25,0,219,0,0,0,0,1.036,False
tobymao/sqlglot,e7b67e0c280179188ce1bca650735978b758dca1,76,420,1,46,4,409,0,0,0,0,2.1,False
tobymao/sqlglot,e92904e61ab3b14fe18d472df19311f9b014f6cc,76,420,1,46,4,401,0,0,0,0,1.887,False
tobymao/sqlglot,0746b6f96d9b8fad0d8fbea3e23170e8d56eb3ee,83,415,2,49,4,390,0,0,0,0,1.742,False
tobymao/sqlglot,44d650637d5d7a662b57ec1d8ca74dffe0f7ad73,76,409,1,46,4,386,0,0,0,0,1.968,False
tobymao/sqlglot,9c3cd2cabe39a683832c0fbad26714c31b41bc76,79,367,2,45,13,346,0,0,0,0,1.668,False
tobymao/sqlglot,1e07c4d29a43192fb57c120f3b9c1c2fa27d0fa6,76,408,1,46,4,381,0,0,0,0,2.004,False
tobymao/sqlglot,d89757e21665913d49a3ccc19deeea86ab59820c,76,411,1,46,4,391,0,0,0,0,1.923,False
tobymao/sqlglot,f8d4dc4bab90cd369eef090c23b81160a7ae78fc,76,411,1,46,4,391,0,0,0,0,1.473,False
tobymao/sqlglot,3fba6035ac0263beab73ab62013a64a56dea9165,76,407,1,46,4,379,0,0,0,0,1.928,False
tobymao/sqlglot,fcaae87d50653600048917945652cdf463bcc3cf,76,410,1,46,4,389,0,0,0,0,1.806,False
tobymao/sqlglot,065281e28be75597f3f97cee22995423ed483660,86,467,2,55,4,451,0,0,0,0,2.172,False
tobymao/sqlglot,59d886d6abfc00726b785a4d468f6b2e0f9d3b1a,77,427,1,47,4,415,0,0,0,0,2.027,False
tobymao/sqlglot,37c4809dfda48224fd982ea8a48d3dbc5c17f9ae,76,420,1,46,4,409,0,0,0,0,2.035,False
tobymao/sqlglot,58e54a164326f7978259c51133fecb5d0aea4e49,76,407,1,46,4,380,0,0,0,0,1.691,False
tobymao/sqlglot,2cc1462179cb26b341249e481377da10020d9563,76,407,1,46,4,382,0,0,0,0,1.599,False
tobymao/sqlglot,59f1d13bc5e37ebe6636b05e0381facc9725f7b0,86,463,2,55,4,444,0,0,0,0,2.043,False
tobymao/sqlglot,442c61defe05f4c168a7909d0a5fc5c043a2d2b4,76,407,1,46,4,379,0,0,0,0,2.093,False
tobymao/sqlglot,426075fe17b60b419f38a8ef5735977b953b92af,83,427,2,51,4,410,0,0,0,0,2.188,False
tornadoweb/tornado,d33bd7d7de020dfebeb847311a49edb481991d76,59,210,3,11,1,209,0,0,0,0,1.215,True
tornadoweb/tornado,06be57c11f98b24ce0f6ee2d04f0cfe8bfdb3b4d,70,279,3,10,1,277,1,0,0,0,1.403,False
tornadoweb/tornado,ff985fe509513325462441e017f1ec31dda737c1,65,245,3,11,1,246,0,0,0,0,1.193,False
tornadoweb/tornado,34c43f4775971ab9b2b8ed43356f218add6387b2,70,286,4,14,1,285,1,0,0,0,1.034,False
tornadoweb/tornado,69253c820df473407c562a227d0ba36df25018ab,69,274,3,10,1,276,1,0,0,0,1.174,False
tornadoweb/tornado,ecd8968c5135b810cd607b5902dda2cd32122b39,70,279,3,10,1,277,1,0,0,0,0.914,False
tornadoweb/tornado,15e350aa27493a98bf797d112af304b00c1d63c3,70,287,4,17,1,290,0,0,0,0,1.304,False
tornadoweb/tornado,97d6599637e683fcab1d391468a8408c8496939a,70,290,4,17,1,294,0,0,0,0,1.012,False
tornadoweb/tornado,8c8e154ae0b91df1ca41d0da567e5baa6499d6e4,64,244,3,11,1,245,0,0,0,0,0.962,False
tornadoweb/tornado,09e255779dc1db78a0c76e720660f802d7dc9cab,70,284,4,14,1,281,1,0,0,0,1.121,False
tornadoweb/tornado,940fd87fe9145d1154c8457221f86d56ea063c65,63,242,3,11,1,244,0,0,0,0,1.02,False
tornadoweb/tornado,c350dc9f4dfca5ede1002fa578cc33d6b1cea120,63,243,3,11,1,245,0,0,0,0,0.507,False
tornadoweb/tornado,6410cd98c1a5e938246a17cac0769f689ed471c5,70,289,4,17,1,293,0,0,0,0,1.047,False
tornadoweb/tornado,62e47215ce12aee83f951758c96775a43e80475b,70,285,4,14,1,283,1,0,0,0,0.949,False
tornadoweb/tornado,975e9168560cc03f6210d0d3aab10c870bd47080,63,243,3,11,1,244,0,0,0,0,0.955,False
tornadoweb/tornado,50800f37b72c7a401cd49c948cb5be85cabbafea,70,289,4,17,1,292,0,0,0,0,1.135,False
tox-dev/tox,7ed917be1c3ec063210d3d09d69d2950e408bd16,115,425,1,65,4,426,0,0,0,0,1.615,True
tox-dev/tox,37e2b53fcd9651cab0c786eca469e3e4c5ad9006,16,22,1,6,0,23,0,0,0,0,0.324,False
tox-dev/tox,4408cff65d72d5662e85da632e74154dfc030ef2,106,373,1,59,4,374,0,0,0,0,1.484,False
tox-dev/tox,41a41166c5b3fd8a7702fd2758fabb041a93e24e,51,90,1,12,3,100,0,0,0,0,0.677,False
tox-dev/tox,ef323dfa24cc5e0e751ce1df7b4141ac399b1867,105,371,1,59,4,372,0,0,0,0,0.869,False
tox-dev/tox,e0df6c16d90ff3dae3e08c42237bdda4feb065e3,94,305,1,47,6,308,0,0,0,0,1.151,False
tox-dev/tox,822c9d07699aa090fb8d37cb94247ea0d085125b,106,376,1,59,4,377,0,0,0,0,1.177,False
tox-dev/tox,957a280af356575b00ac6bee34fb02919e95766e,102,318,1,56,6,323,0,0,0,0,1.166,False
tox-dev/tox,1ee4a3335b1195c85b2fe0db120355dd50324f79,106,376,1,59,4,377,0,0,0,0,0.88,False
tox-dev/tox,3238abf7e95fa7c5c041554452f4cee055f6c0d7,106,373,1,59,4,374,0,0,0,0,0.85,False
tox-dev/tox,b9b4d02978b6b66e19986fe894aedf9ad26f54a5,106,373,1,59,4,374,0,0,0,0,0.509,False
tox-dev/tox,af35384bb2eeb13e1a023ce9f0e9530adafa63dd,106,373,1,59,4,374,0,0,0,0,0.387,False
tox-dev/tox,fd58e735918d85fe27679a666db4273c00e698c4,56,117,1,20,2,129,0,0,0,0,0.822,False
tox-dev/tox,74e96d97e7111ecb6a3fb25f05a1d3a1fd633fd6,100,314,1,49,6,318,0,0,0,0,0.873,False
tox-dev/tox,871d091ba4cda58217841867ce6c21c2cc007b6d,104,365,1,58,4,365,0,0,0,0,0.965,False
tox-dev/tox,0f0c505244f82b85b4c73f5f7ba33bc499b5e163,56,119,1,20,2,131,0,0,0,0,0.375,False
tox-dev/tox,d28a9ee0ea28b2356b24a0d0e0ed70c0141d41cc,106,375,1,59,4,376,0,0,0,0,0.859,False
tox-dev/tox,3b91d63c9c5a089ba8ae9cbaec20bdf52ecf25cf,17,26,1,7,1,28,0,0,0,0,0.319,False
tox-dev/tox,acadf36d08c5732e36e1547ba716d2c094c525e7,106,373,1,59,4,374,0,0,0,0,0.842,False
tox-dev/tox,b84efc8f1074351bbba7e226d629d9114e0cc1a4,23,33,1,9,1,35,0,0,0,0,0.356,False
tox-dev/tox,1eccb2042dd96a08e8a2684945c811bf5c32402f,19,29,1,7,1,31,0,0,0,0,0.209,False
twisted/twisted,7ac990f8d59699221633269c9e13b47dfbbab8a3,656,2638,14,93,2,2116,0,0,12,0,11.37,True
twisted/twisted,949f4b64d07acd0737e586c8b6e1a3ee7e88ba2b,654,2629,12,88,2,2084,0,0,12,0,6.327,False
twisted/twisted,026ef42f2fde2c1f6910854e5244cc501c88cb44,656,2636,12,88,2,2091,0,0,12,0,3.917,False
twisted/twisted,178a3e796931b941a0a5c1feb5ce3d931c6bcdc9,655,2632,14,91,2,2106,0,0,12,0,5.103,False
twisted/twisted,50a7feb94995e595dae4c74c49e76d14f6d30140,656,2638,14,92,2,2098,0,0,12,0,4.027,False
twisted/twisted,a60a32bc6349cb93a08ee58a73baddab31ff20b0,655,2627,12,88,2,2080,0,0,12,0,5.912,False
twisted/twisted,f4fd67430494a79fef8727529858681ed14cdf39,655,2631,14,92,2,2105,0,0,12,0,6.218,False
twisted/twisted,59a713107d507a0e042af829ed90e6bff8a463dd,654,2613,12,87,2,2065,0,0,27,0,5.98,False
twisted/twisted,63df84e454978bd7a2d57ed292913384ca352e1a,656,2638,14,92,2,2098,0,0,12,0,5.71,False
twisted/twisted,41db66cf45a6fdcceaa0e6f2485d6ad6263b1ffb,653,2624,14,92,2,2093,0,0,12,0,4.142,False
twisted/twisted,c9ae7d730aad4036bb0147f5ce70e6fea46dbb51,656,2633,12,88,2,2088,0,0,12,0,6.337,False
twisted/twisted,311d8dbaf40ddeb887cd3edab1333a3180e9d4d9,656,2637,12,88,2,2092,0,0,12,0,5.686,False
twisted/twisted,05cc97afa3c9c00386e5cd0c50e0807e9ef963d4,655,2631,14,92,2,2105,0,0,12,0,5.622,False
ucfopen/canvasapi,fef329b92c06d9ed58e4744f65b8acf605f31207,75,300,1,36,0,432,0,0,0,0,1.266,True
ucfopen/canvasapi,3ef34a89d63aa7461a079bc271944ad1f7ef5099,64,258,1,30,0,397,0,0,0,0,1.02,False
ucfopen/canvasapi,7eb0ec8ec2d8b9c5b6036edb3a93014b241c4fe6,39,139,1,7,0,205,0,0,0,0,0.695,False
ucfopen/canvasapi,57292e47249857f63db60a0d5415c0797a918544,48,197,1,25,0,319,0,0,0,0,0.695,False
ucfopen/canvasapi,39d8349de740964934bdf8c4809eae78adf3bd97,58,238,1,28,0,377,0,0,0,0,0.485,False
ucfopen/canvasapi,7e5d429f4b3bf54c3dc8e7a8f0f7bd09610f43fb,60,244,1,28,0,383,0,0,0,0,0.262,False
ucfopen/canvasapi,63afb04d00715e1d5ad311a4c51e5622a0cd8667,73,291,1,35,0,418,0,0,0,0,0.692,False
ucfopen/canvasapi,7b7ec3c76028bc0ae186cb870deaadaf4da5e7a6,39,140,1,7,0,206,0,0,0,0,0.339,False
ucfopen/canvasapi,fbb4c6106d79673622ff6355eab59d985433fa4b,64,258,1,30,0,397,0,0,0,0,0.653,False
ucfopen/canvasapi,e74ca803309df744b0619e35ae2df3473b828a75,73,288,1,34,0,414,0,0,0,0,0.62,False
ucfopen/canvasapi,e85c5552b8bd611ab87fbf84ba9d752a86567be8,69,278,1,31,0,423,0,0,0,0,0.689,False
ucfopen/canvasapi,8bd85663a2a91cf2ec37de431257ab80ce8e7d57,69,276,1,31,0,419,0,0,0,0,0.321,False
ucfopen/canvasapi,9fd5a6a5dfcbbaae52b9d42752ffee163852b1f9,39,139,1,7,0,205,0,0,0,0,0.363,False
ucfopen/canvasapi,94d735ad6c691821e08966641fbeac6bb900ecf0,73,288,1,34,0,414,0,0,0,0,0.561,False
ucfopen/canvasapi,f9dba3b1ac215c5a58ed8d07b5b9ae2b1d75a9a9,70,281,1,32,0,408,0,0,0,0,0.557,False
ucfopen/canvasapi,62aa3eb8045f4a5f5edeb16fafad3fdf44bff624,69,276,1,31,0,419,0,0,0,0,0.58,False
ucfopen/canvasapi,5644a6c89cc851216ec8114443d3af857ac6f70e,44,165,1,8,0,267,0,0,0,0,0.483,False
ucfopen/canvasapi,4234acba45be780265a19f4aeb52df5ee5bf924f,44,165,1,8,0,267,0,0,0,0,0.239,False
ucfopen/canvasapi,b52816e3cb89acccecfff90009f1fc989bc52a96,71,284,1,34,0,411,0,0,0,0,0.561,False
ucfopen/canvasapi,a959a8a10118da72c0e5771b09e6c53ced3ef33d,39,139,1,7,0,205,0,0,0,0,0.497,False
vertexproject/synapse,b5cc3206b4a0620ccbf75d560f93855f202e14ad,263,929,3,7,0,944,0,0,0,0,6.953,True
vertexproject/synapse,2cf04d94d938409b246e89d1aecefe8ed0feb577,139,313,1,13,0,315,5,0,0,0,2.025,False
vertexproject/synapse,c6db6455a18db6afcd2fd3ef86f0f7c8a10e1b51,140,319,1,13,0,321,5,0,0,0,0.937,False
vertexproject/synapse,985f8d1819a5a978a20ad9f847228178de4018fb,145,352,1,15,0,355,5,0,0,0,0.915,False
vertexproject/synapse,6f5fc661a88b8cc3f4befb2c9c7ddcebf0b89ba0,126,323,1,8,0,325,0,0,0,0,1.934,False
vertexproject/synapse,f069d21504fad7c0acb6ac96893400b899f9589c,139,314,1,13,0,316,5,0,0,0,1.366,False
vertexproject/synapse,178f474d2cb47ab261cb3cdb8249f0f353e8e1c9,139,313,1,13,0,315,5,0,0,0,0.703,False
vertexproject/synapse,68aea52a02ab7d24f0c4557c6704da114ab0fbe1,140,319,1,13,0,321,5,0,0,0,0.906,False
vertexproject/synapse,82966be7ae8b614ae15eb42b3bf7b8306e5604bf,139,313,1,13,0,315,5,0,0,0,0.857,False
vertexproject/synapse,c4259279399bfbe717448739eda74b1f135c8a1a,141,319,1,13,0,321,5,0,0,0,0.855,False
vertexproject/synapse,129e058c323f9ff0e1d130c0fa47bdfd423f6515,139,314,1,13,0,316,5,0,0,0,0.774,False
wemake-services/wemake-python-styleguide,2409cae2815b85de371c70d1df854156344c3c39,157,492,0,0,0,388,0,0,0,0,1.988,True
wemake-services/wemake-python-styleguide,73efd383c3712153a868a882a8353ef8169aabdc,147,512,0,0,0,403,0,0,0,0,1.917,False
wemake-services/wemake-python-styleguide,272f4d3e9030e4af6584d389fca042d0a06cb6e5,131,451,0,0,0,354,0,0,0,0,1.576,False
wemake-services/wemake-python-styleguide,c75c5b6dd812c8f0a953e3ae78887c5c7269c930,129,439,0,0,0,344,0,0,0,0,1.01,False
wemake-services/wemake-python-styleguide,f795ac5a03677076c5d0e08c9010b22c333c46db,145,478,0,0,0,378,0,0,0,0,1.607,False
wemake-services/wemake-python-styleguide,3daaea47fdc3bca4d8ea64e0c35761b7325c7479,145,506,0,0,0,399,0,0,0,0,1.367,False
wemake-services/wemake-python-styleguide,3e5f5b74e5527029205c3421e55417a68555f0c5,147,517,0,0,0,409,0,0,0,0,1.183,False
wemake-services/wemake-python-styleguide,ece40b94d7649cc30a3e8a896513719d28099aed,130,447,0,0,0,351,0,0,0,0,0.902,False
wemake-services/wemake-python-styleguide,259e5d39622bada48cba95dce2eb94d2d77aaecc,129,436,0,0,0,346,0,0,0,0,0.826,False
wemake-services/wemake-python-styleguide,ffcce608bbfe07dba658f9951ceeb5da78073472,144,477,0,0,0,377,0,0,0,0,1.303,False
wemake-services/wemake-python-styleguide,e8c548578b439d37ba977cad9ffe7bb6b9d91c89,145,506,0,0,0,399,0,0,0,0,1.127,False
wemake-services/wemake-python-styleguide,8e2151470afe13141eca3e538a3d6e5d7ba97a39,143,489,0,0,0,384,0,0,0,0,1.01,False
wemake-services/wemake-python-styleguide,7ad2e202921c58309bcc146faa0d8c66265c7bb3,131,452,0,0,0,355,0,0,0,0,0.865,False
wemake-services/wemake-python-styleguide,1f94c390491374ef88a483de66e88228c3104bac,141,480,0,0,0,378,0,0,0,0,0.652,False
wemake-services/wemake-python-styleguide,dd44222252b83af2226b74c313c8beefd92e271b,145,481,0,0,0,381,0,0,0,0,1.244,False
wemake-services/wemake-python-styleguide,a605c95bd84367cd8643c5163361c286de51bb96,142,485,0,0,0,382,0,0,0,0,0.924,False
wemake-services/wemake-python-styleguide,6791154f19b32fe1153ae973138e113520f66cbc,131,449,0,0,0,352,0,0,0,0,0.806,False
wemake-services/wemake-python-styleguide,c4414c8c23012277fcfe71250dbc73df72083769,145,506,0,0,0,399,0,0,0,0,0.987,False
wemake-services/wemake-python-styleguide,9879a18acafc691db215afb7c42dceb9a365a604,128,434,0,0,0,345,0,0,0,0,0.939,False
wemake-services/wemake-python-styleguide,7cf5e073c75dd5e1eb5f56eb55da4f2be13f2af1,145,481,0,0,0,381,0,0,0,0,1.069,False
xonsh/xonsh,4fc7d59c95f10821712d70fc9904b1906ec7e381,158,526,1,93,0,540,0,0,1,0,3.1,True
xonsh/xonsh,ffe7b3445cf64b25a741d214581d57871196fd34,161,539,1,89,0,552,0,0,1,0,2.699,False
xonsh/xonsh,eb0c3940fcab7e92024e60f2c66aba2d7d802aec,150,365,3,13,0,375,3,0,1,0,2.795,False
xonsh/xonsh,a131b38c2d17f3a4f144bc28cf0c9b32c6af9e1b,151,363,4,20,0,373,3,0,1,0,1.865,False
xonsh/xonsh,916d9ff53b5656ed0f1559995f071ee8e431a049,150,364,3,13,0,374,3,0,1,0,1.603,False
xonsh/xonsh,04cba39a53ccb7bb8e8a5a23939ed8d000687d6b,151,514,1,91,0,527,0,0,1,0,2.502,False
xonsh/xonsh,59a042010f95e62f3be91368bd866a8580273174,149,362,4,20,0,372,3,0,1,0,2.365,False
xonsh/xonsh,5268dd80031fe321b4d1811c2c818ff3236aba5a,167,554,1,89,0,572,0,0,2,0,3.068,False
xonsh/xonsh,9703c934b10da151a04bfe5fd17181145a933167,304,564,9,31,1,577,3,0,1,0,5.597,False
xonsh/xonsh,aae977c407760128d95385f75e02d02b87267e91,149,362,4,20,0,372,3,0,1,0,1.933,False
xonsh/xonsh,6fa83f830579d2bad39b1842911951f55a9da22c,161,539,1,89,0,552,0,0,1,0,2.689,False
xonsh/xonsh,86e4f004e30529f7ef210da9f03ac3223518f85c,161,539,1,89,0,552,0,0,1,0,1.612,False
xonsh/xonsh,10774002e5e78a33cb455fa19a1f7c28d62ee805,149,356,3,12,0,367,6,0,1,0,3.137,False
xonsh/xonsh,8bbefebef30f2a75a695aa6fc5ed23b14db8f842,156,368,4,20,0,378,3,0,1,0,2.096,False
xonsh/xonsh,6860b33870bf15d6953805f583f8aaa82934ef45,149,361,3,13,0,371,3,0,1,0,1.438,False
xonsh/xonsh,32d72af53d5e858b617c8a10c531b67e561f8421,158,526,1,93,0,540,0,0,1,0,2.529,False
xonsh/xonsh,6df0281da9e7f5dfced4d820fad2797c67a75e1c,151,363,4,20,0,373,3,0,1,0,2.078,False
xonsh/xonsh,c524028a78d33bbb7ea7f9cd544c5def4d6e890e,154,522,2,77,0,541,0,0,1,0,2.641,False
yt-dlp/yt-dlp,336b33e72fe0105a33c40c8e5afdff720e17afdb,1117,3716,5,46,6,3735,0,0,7,0,26.408,True
yt-dlp/yt-dlp,a6783a3b9905e547f6c1d4df9d7c7999feda8afa,1097,3592,1,1064,7,3614,0,0,7,0,9.622,False
yt-dlp/yt-dlp,d298693b1b266d198e8eeecb90ea17c4a031268f,1099,3612,1,1065,7,3633,0,0,7,0,9.005,False
yt-dlp/yt-dlp,07a1250e0e90515ff8142161536f9dafa6eaba1b,1041,3384,1,1011,6,3399,1,0,7,0,22.404,False
yt-dlp/yt-dlp,a3bab4752a2b3d56e5a59b4e0411bb8f695c010b,1089,3550,1,1055,7,3572,0,0,7,0,20.016,False
yt-dlp/yt-dlp,983c58fb7a809d827b5821d493819da954f2c00b,1098,3591,1,1064,7,3613,0,0,7,0,9.614,False
yt-dlp/yt-dlp,fca3eb5f8be08d5fab2e18b45b7281a12e566725,1099,3611,1,1065,7,3632,0,0,7,0,9.95,False
yt-dlp/yt-dlp,4b69e1b53ea21e631cd5dd68ff531e2f1671ec17,1090,3557,1,1056,7,3579,0,0,7,0,10.154,False
yt-dlp/yt-dlp,2ee3a0aff9be2be3bea60640d3d8a0febaf0acb6,1116,3703,5,46,6,3722,0,0,7,0,11.476,False
yt-dlp/yt-dlp,9d5e6de2e7a47226d1f72c713ad45c88ba01db68,1115,3705,5,46,6,3724,0,0,7,0,8.328,False
yukinarit/pyserde,2ae010d56d88c9232ef2817b7c8dca985077cdcf,86,144,1,4,0,146,0,0,0,0,1.09,True
yukinarit/pyserde,c7540b4420af5f01fc08ca703cdb3dfd53856546,65,108,0,0,0,109,0,0,0,0,0.919,False
yukinarit/pyserde,bd9039ef1ffac752f7566eb39fc2b3c0a18f7728,52,82,0,0,0,82,0,0,0,0,0.658,False
yukinarit/pyserde,d87205b851a792583cd05f060ba9a0f10a66e109,84,140,1,4,0,142,0,0,0,0,0.452,False
yukinarit/pyserde,76e919cc5e2692eb2ba7d194af0655af898191ae,74,124,1,4,0,127,0,0,0,0,0.815,False
yukinarit/pyserde,750581a83c381df55149bd762966ef17ec8ed904,84,140,1,4,0,142,0,0,0,0,0.345,False
yukinarit/pyserde,1e668d17742d8ef39f0b362b0c975bb324614058,37,46,0,0,0,46,0,0,0,0,0.454,False
yukinarit/pyserde,1f48c9ccd358f6d0eb5d0afd2ff87a0b47300ade,55,89,0,0,0,90,0,0,0,0,0.35,False
yukinarit/pyserde,0587025a1b205e649bff0ceb22a91f64c9dafdbf,84,140,1,4,0,142,0,0,0,0,0.435,False
yukinarit/pyserde,508c54d86a5e1fb954eea865e32ea426ee98f1cc,52,82,0,0,0,82,0,0,0,0,0.316,False
zarr-developers/zarr-python,0351c4e524e60b849dbaca2c00fabee20e882f46,59,278,1,36,1,319,0,0,0,0,1.355,True
zarr-developers/zarr-python,5889e96ca22cdc2f5a1878048b3a859af8743d6c,53,181,3,13,3,206,0,0,0,0,1.424,False
zarr-developers/zarr-python,0adcbe728d5d286c160974717bddc6e4fb881e5a,57,259,1,32,1,291,0,0,0,0,1.05,False
zarr-developers/zarr-python,f74e53aca5311ec077da71585dd962c4af7b8a11,56,243,1,37,1,262,0,0,0,0,0.903,False
zarr-developers/zarr-python,98f74d5e362eff88d1022749e82d7bed9d62b7a2,23,79,1,7,2,91,0,0,0,0,0.776,False
zarr-developers/zarr-python,4cbb17eb1c0e8aaca0fd32fa02de08dcdd1a01ab,52,215,1,34,1,237,0,0,0,0,1.074,False
zarr-developers/zarr-python,e10b69d72a2d00ffdfa39ac4f4195363fb8e16fd,57,261,1,32,1,297,0,0,0,0,0.859,False
zarr-developers/zarr-python,feeb08f4e49f6574d712fe5ceb42ce80ab6ceb3f,57,261,1,32,1,297,0,0,0,0,0.662,False
zarr-developers/zarr-python,b3010fcddb5f14aaed51bf456888e636df8c2697,60,230,2,31,2,248,0,0,0,0,1.281,False
zarr-developers/zarr-python,501ae9eaf1f5df774b2981db7020a4e6d1490606,56,243,1,37,1,262,0,0,0,0,0.659,False
zarr-developers/zarr-python,fb11810170e864aada188f656fdc254d2de82720,58,255,1,30,1,278,0,0,0,0,0.595,False
zarr-developers/zarr-python,32540b4fa98e6d9ca72b29134cf015333acc7c97,70,269,2,38,2,297,0,0,0,0,0.985,False
zarr-developers/zarr-python,d54f25c460f8835a0ec9a7b4bc3482159a5608f9,23,79,1,7,2,91,0,0,0,0,0.652,False
zarr-developers/zarr-python,4e53a70728c69330bc096877a6172618cb717aa5,56,243,1,37,1,262,0,0,0,0,0.633,False
zarr-developers/zarr-python,06e3215faab96a8092e7874958f2b700fa362969,70,267,2,37,2,295,0,0,0,0,0.89,False
zarr-developers/zarr-python,c677da4b0bc3e600b23cad0cea1253b7923810b0,60,230,2,31,2,248,0,0,0,0,1.02,False
zarr-developers/zarr-python,372995e42dee6f06c69d146d887be0db5b5bfe7b,57,259,1,32,1,291,0,0,0,0,0.788,False
zarr-developers/zarr-python,584d66dd4c2c8ccb5788aa6f9a27bfa76e3166bd,57,259,1,32,1,291,0,0,0,0,0.403,False
zarr-developers/zarr-python,f4278a5aa37768ef0abdf7b2b0e89bfaf594f22b,57,261,1,32,1,297,0,0,0,0,0.639,False
zarr-developers/zarr-python,9dd9ac640f215dc1f9176979940b9f419e51e25a,55,234,1,36,1,255,0,0,0,0,0.908,False
