repo,repo_key,dataset,instance_id,pr_number,base_commit,created_at,image,n_src_py_files_study,file_group,src_changed_lines_study,n_new_src_py_study,n_f2p,draw_rank
aiogram/aiogram,aiogram/aiogram,swebench_live_full,aiogram__aiogram-1665,1665,02683b8c3736b87f7af6ab86d4e1f56932309b0e,2025-04-03 10:56:10+00:00,starryzhang/sweb.eval.x86_64.aiogram_1776_aiogram-1665,1,single,12,0,1.0,1
aiogram/aiogram,aiogram/aiogram,swerebench_filtered,aiogram__aiogram-1247,1247,90654ac0fa3b33e3dc3dd7ff47ea9a4e84a040d5,2023-08-05 21:51:04+00:00,swerebench/sweb.eval.x86_64.aiogram_1776_aiogram-1247,1,single,3,0,1.0,2
aiogram/aiogram,aiogram/aiogram,swebench_live_full,aiogram__aiogram-1670,1670,25e9127db9004c9c49ca46bdf5297682fac71fbb,2025-04-10 01:06:16+00:00,starryzhang/sweb.eval.x86_64.aiogram_1776_aiogram-1670,1,single,48,0,3.0,3
aiogram/aiogram,aiogram/aiogram,swebench_live_full,aiogram__aiogram-1674,1674,20d36a2ab8a21eeff2f360f73b14b99d5e397762,2025-04-15 22:46:44+00:00,starryzhang/sweb.eval.x86_64.aiogram_1776_aiogram-1674,1,single,8,0,1.0,4
aiogram/aiogram,aiogram/aiogram,swerebench_filtered,aiogram__aiogram-661,661,0ca9f98baf5820c2f6cd3d770d7e6cc61bdf8306,2021-08-08 16:17:44+00:00,swerebench/sweb.eval.x86_64.aiogram_1776_aiogram-661,2,multi,60,0,1.0,5
aiogram/aiogram,aiogram/aiogram,swebench_live_full,aiogram__aiogram-1474,1474,6d655330afe90a1277bcfbe3b5861b7552634f75,2024-05-01 10:31:56+00:00,starryzhang/sweb.eval.x86_64.aiogram_1776_aiogram-1474,1,single,17,0,1.0,6
aiogram/aiogram,aiogram/aiogram,swerebench_filtered,aiogram__aiogram-1267,1267,577b44cdc1807eb181cd982b20b6492bb24b42de,2023-08-14 19:13:42+00:00,swerebench/sweb.eval.x86_64.aiogram_1776_aiogram-1267,4,multi,29,0,1.0,7
aiogram/aiogram,aiogram/aiogram,swerebench_filtered,aiogram__aiogram-1250,1250,b311d59fce5d1f7554825b6c60daadcce189e9e7,2023-08-06 16:16:34+00:00,swerebench/sweb.eval.x86_64.aiogram_1776_aiogram-1250,1,single,13,0,1.0,8
aiogram/aiogram,aiogram/aiogram,swerebench_filtered,aiogram__aiogram-1283,1283,b7be9c2b81c2f4312634d2e1173c8a1c04f8dbb4,2023-08-26 19:30:34+00:00,swerebench/sweb.eval.x86_64.aiogram_1776_aiogram-1283,2,multi,6,0,1.0,9
aiogram/aiogram,aiogram/aiogram,swerebench_filtered,aiogram__aiogram-1370,1370,ebade3d51f11fdcbc8b673cdde7b9f034d652ad5,2023-11-20 09:00:14+00:00,swerebench/sweb.eval.x86_64.aiogram_1776_aiogram-1370,2,multi,23,0,2.0,10
aiogram/aiogram,aiogram/aiogram,swebench_live_full,aiogram__aiogram-1594,1594,51beb4825723c83947377738d9fd449aa2f7d746,2024-10-21 22:43:00+00:00,starryzhang/sweb.eval.x86_64.aiogram_1776_aiogram-1594,4,multi,85,0,3.0,11
aiogram/aiogram,aiogram/aiogram,swerebench_filtered,aiogram__aiogram-1318,1318,8a77939d5bf7778be8a65e3531781220245724ff,2023-09-21 19:51:21+00:00,swerebench/sweb.eval.x86_64.aiogram_1776_aiogram-1318,1,single,4,0,1.0,12
aiogram/aiogram,aiogram/aiogram,swerebench_filtered,aiogram__aiogram-912,912,6ad242399b88f522060d9ce4578d9599e5137762,2022-05-14 14:16:44+00:00,swerebench/sweb.eval.x86_64.aiogram_1776_aiogram-912,2,multi,5,0,1.0,13
aiogram/aiogram,aiogram/aiogram,swebench_live_full,aiogram__aiogram-1497,1497,b5d94f17b567fbc49a1c809e9fee6e19931b977f,2024-05-29 10:37:44+00:00,starryzhang/sweb.eval.x86_64.aiogram_1776_aiogram-1497,1,single,2,0,1.0,14
aiogram/aiogram,aiogram/aiogram,swerebench_filtered,aiogram__aiogram-989,989,e7cee430b21eb8eb26988f7dc56e1928ddbc014e,2022-08-24 07:58:12+00:00,swerebench/sweb.eval.x86_64.aiogram_1776_aiogram-989,2,multi,17,0,1.0,15
aiogram/aiogram,aiogram/aiogram,swebench_live_full,aiogram__aiogram-1585,1585,080878be865ea63857ab67be1db6cd8f1bb9e503,2024-09-28 00:01:15+00:00,starryzhang/sweb.eval.x86_64.aiogram_1776_aiogram-1585,1,single,8,0,2.0,16
aiogram/aiogram,aiogram/aiogram,swebench_live_full,aiogram__aiogram-1657,1657,78748d36fd1fe9a71c3d42a7a88e0b63edd1c3d7,2025-03-23 14:24:20+00:00,starryzhang/sweb.eval.x86_64.aiogram_1776_aiogram-1657,1,single,86,0,4.0,17
aiogram/aiogram,aiogram/aiogram,swebench_live_full,aiogram__aiogram-1469,1469,f1c9fc50f0a7e186bab4587b28d019a909a7e97f,2024-04-23 13:24:20+00:00,starryzhang/sweb.eval.x86_64.aiogram_1776_aiogram-1469,1,single,13,0,28.0,18
astropy/astropy,astropy/astropy,swebench_full,astropy__astropy-14702,14702,b3b8295c4b0478558bd0e4c6ec28bf16b90880b8,2023-04-27 15:10:47+00:00,swebench/sweb.eval.x86_64.astropy_1776_astropy-14702,1,single,5,0,4.0,1
astropy/astropy,astropy/astropy,swebench_full,astropy__astropy-14484,14484,09e54670e4a46ed510e32d8206e4853920684952,2023-03-02 18:48:46+00:00,swebench/sweb.eval.x86_64.astropy_1776_astropy-14484,1,single,3,0,3.0,2
astropy/astropy,astropy/astropy,swebench_full,astropy__astropy-14163,14163,d083189bbc188807c3d62bd419ea5bbf38cf7d56,2022-12-10 03:40:34+00:00,swebench/sweb.eval.x86_64.astropy_1776_astropy-14163,1,single,25,0,2.0,3
astropy/astropy,astropy/astropy,swebench_full,astropy__astropy-14578,14578,c748299218dcbd9e15caef558722cc04aa658fad,2023-03-24 20:31:26+00:00,swebench/sweb.eval.x86_64.astropy_1776_astropy-14578,1,single,14,0,3.0,4
astropy/astropy,astropy/astropy,swebench_full,astropy__astropy-12544,12544,3a0cd2d8cd7b459cdc1e1b97a14f3040ccc1fffc,2021-11-30 16:14:01+00:00,swebench/sweb.eval.x86_64.astropy_1776_astropy-12544,1,single,20,0,2.0,5
astropy/astropy,astropy/astropy,swebench_full,astropy__astropy-14413,14413,34d79ea59b3ba25820dfe7fc9782e9014826e8b0,2023-02-18 01:17:04+00:00,swebench/sweb.eval.x86_64.astropy_1776_astropy-14413,3,multi,74,0,7.0,6
astropy/astropy,astropy/astropy,swebench_full,astropy__astropy-8519,8519,0e1d299f8f7084b8cb6286caed92e3169317027f,2019-03-21 17:59:36+00:00,swebench/sweb.eval.x86_64.astropy_1776_astropy-8519,1,single,18,0,1.0,7
astropy/astropy,astropy/astropy,swebench_full,astropy__astropy-13462,13462,d441bfdbb8e6dc57a52d8c1b117cadd030f0657a,2022-07-16 16:57:17+00:00,swebench/sweb.eval.x86_64.astropy_1776_astropy-13462,1,single,16,0,1.0,8
astropy/astropy,astropy/astropy,swebench_full,astropy__astropy-13838,13838,a6c712375ed38d422812e013566a34f928677acd,2022-10-15 11:03:12+00:00,swebench/sweb.eval.x86_64.astropy_1776_astropy-13838,1,single,8,0,1.0,9
astropy/astropy,astropy/astropy,swebench_full,astropy__astropy-14528,14528,13b1bef09be51cb875ca665bb2cb14f5e5cf68de,2023-03-14 16:42:42+00:00,swebench/sweb.eval.x86_64.astropy_1776_astropy-14528,1,single,23,0,1.0,10
astropy/astropy,astropy/astropy,swebench_full,astropy__astropy-7441,7441,5e5764ed27a8ee1a162a09e3398fcfb7481389af,2018-05-08 10:23:12+00:00,swebench/sweb.eval.x86_64.astropy_1776_astropy-7441,2,multi,53,0,3.0,11
astropy/astropy,astropy/astropy,swebench_full,astropy__astropy-13842,13842,3b448815e21b117d34fe63007b8ef63ee084fefb,2022-10-17 20:14:28+00:00,swebench/sweb.eval.x86_64.astropy_1776_astropy-13842,2,multi,12,0,16.0,12
astropy/astropy,astropy/astropy,swebench_full,astropy__astropy-13236,13236,6ed769d58d89380ebaa1ef52b300691eefda8928,2022-05-09 14:16:30+00:00,swebench/sweb.eval.x86_64.astropy_1776_astropy-13236,1,single,7,0,2.0,13
astropy/astropy,astropy/astropy,swebench_full,astropy__astropy-13438,13438,4bd88be61fdf4185b9c198f7e689a40041e392ee,2022-07-07 07:29:35+00:00,swebench/sweb.eval.x86_64.astropy_1776_astropy-13438,1,single,4,0,5.0,14
astropy/astropy,astropy/astropy,swebench_full,astropy__astropy-13404,13404,16743c6faf5cb8433bf9f7702ae70d002a96caaf,2022-06-27 21:58:57+00:00,swebench/sweb.eval.x86_64.astropy_1776_astropy-13404,1,single,15,0,8.0,15
astropy/astropy,astropy/astropy,swebench_full,astropy__astropy-12057,12057,b6769c18c0881b6d290e543e9334c25043018b3f,2021-08-14 10:06:53+00:00,swebench/sweb.eval.x86_64.astropy_1776_astropy-12057,1,single,63,0,8.0,16
astropy/astropy,astropy/astropy,swebench_full,astropy__astropy-14590,14590,5f74eacbcc7fff707a44d8eb58adaa514cb7dcb5,2023-03-27 23:57:35+00:00,swebench/sweb.eval.x86_64.astropy_1776_astropy-14590,1,single,77,0,12.0,17
astropy/astropy,astropy/astropy,swebench_full,astropy__astropy-13032,13032,d707b792d3ca45518a53b4a395c81ee86bd7b451,2022-03-31 16:32:46+00:00,swebench/sweb.eval.x86_64.astropy_1776_astropy-13032,1,single,12,0,2.0,18
astropy/astropy,astropy/astropy,swebench_full,astropy__astropy-8872,8872,b750a0e6ee76fb6b8a099a4d16ec51977be46bf6,2019-06-19 20:34:56+00:00,swebench/sweb.eval.x86_64.astropy_1776_astropy-8872,1,single,11,0,1.0,19
astropy/astropy,astropy/astropy,swebench_full,astropy__astropy-7737,7737,153e9447ae032d92be74e54272565f6e39c69b3c,2018-08-14 18:13:03+00:00,swebench/sweb.eval.x86_64.astropy_1776_astropy-7737,1,single,20,0,7.0,20
astropy/astroquery,astropy/astroquery,swerebench_filtered,astropy__astroquery-3116,3116,88b640990ccb590905c3bc45ebda983c2963b148,2024-10-04 10:13:16+00:00,swerebench/sweb.eval.x86_64.astropy_1776_astroquery-3116,1,single,27,0,1.0,1
astropy/astroquery,astropy/astroquery,swerebench_filtered,astropy__astroquery-1584,1584,b1805f64eec5ff8874890105c70c1381b36f1a50,2019-11-11 10:20:57+00:00,swerebench/sweb.eval.x86_64.astropy_1776_astroquery-1584,1,single,48,0,2.0,2
astropy/astroquery,astropy/astroquery,swerebench_filtered,astropy__astroquery-3068,3068,cc25c379de5bbed3ab3d39dc1567cc939ece30f1,2024-07-16 15:07:11+00:00,swerebench/sweb.eval.x86_64.astropy_1776_astroquery-3068,1,single,15,0,1.0,3
astropy/astroquery,astropy/astroquery,swerebench_filtered,astropy__astroquery-3168,3168,aeccd83259aaa9ebdc9a48325791f89789e4324d,2025-01-07 11:04:13+00:00,swerebench/sweb.eval.x86_64.astropy_1776_astroquery-3168,1,single,7,0,1.0,4
astropy/astroquery,astropy/astroquery,swerebench_filtered,astropy__astroquery-3199,3199,5019431af2ce05bc51c18f3626e62790f4f5d3a7,2025-02-03 11:20:34+00:00,swerebench/sweb.eval.x86_64.astropy_1776_astroquery-3199,1,single,2,0,1.0,5
astropy/astroquery,astropy/astroquery,swerebench_filtered,astropy__astroquery-2654,2654,8b24c19057bdd0b51028ac545983149abc87b05a,2023-02-01 19:45:08+00:00,swerebench/sweb.eval.x86_64.astropy_1776_astroquery-2654,1,single,2,0,128.0,6
astropy/astroquery,astropy/astroquery,swerebench_filtered,astropy__astroquery-2160,2160,241d896bede51d68dc48d02f3569d532178492ef,2021-09-28 14:41:36+00:00,swerebench/sweb.eval.x86_64.astropy_1776_astroquery-2160,1,single,3,0,4.0,7
astropy/astroquery,astropy/astroquery,swerebench_filtered,astropy__astroquery-3031,3031,604f284c1d63ac4ab2dc00c3fc85414786da3db3,2024-06-11 22:48:01+00:00,swerebench/sweb.eval.x86_64.astropy_1776_astroquery-3031,3,multi,98,0,1.0,8
astropy/astroquery,astropy/astroquery,swerebench_filtered,astropy__astroquery-2444,2444,2543cc26f4ee53a0aaa4c629e814adf8a3ff93d2,2022-06-17 01:13:04+00:00,swerebench/sweb.eval.x86_64.astropy_1776_astroquery-2444,1,single,8,0,1.0,9
astropy/astroquery,astropy/astroquery,swerebench_filtered,astropy__astroquery-3105,3105,0667ec801ed66f38f11fcb3eff01d5314d2c9212,2024-09-25 22:12:07+00:00,swerebench/sweb.eval.x86_64.astropy_1776_astroquery-3105,1,single,25,0,1.0,10
astropy/astroquery,astropy/astroquery,swerebench_filtered,astropy__astroquery-3224,3224,819280102e2de055ae4680aa151290dc1ef8e4fc,2025-02-22 06:50:00+00:00,swerebench/sweb.eval.x86_64.astropy_1776_astroquery-3224,1,single,10,0,3.0,11
astropy/astroquery,astropy/astroquery,swerebench_filtered,astropy__astroquery-3275,3275,f3f44261e811f690690eed8c2073d0a91e9eca81,2025-03-26 16:32:21+00:00,swerebench/sweb.eval.x86_64.astropy_1776_astroquery-3275,1,single,13,0,1.0,12
astropy/photutils,astropy/photutils,swerebench_filtered,astropy__photutils-1312,1312,ab71f240b0ef610871165a514355d6bbebdc0839,2022-03-18 14:07:56+00:00,swerebench/sweb.eval.x86_64.astropy_1776_photutils-1312,1,single,16,0,1.0,1
astropy/photutils,astropy/photutils,swerebench_filtered,astropy__photutils-1292,1292,fe8272af6b93138cc2ab8bd6098872a2078b5cca,2022-02-09 17:27:42+00:00,swerebench/sweb.eval.x86_64.astropy_1776_photutils-1292,1,single,4,0,2.0,2
astropy/photutils,astropy/photutils,swerebench_filtered,astropy__photutils-1943,1943,dcfe91707566dfb7b2f7e6d0e511132c1d10066a,2024-10-24 23:31:06+00:00,swerebench/sweb.eval.x86_64.astropy_1776_photutils-1943,4,multi,67,0,3.0,3
astropy/photutils,astropy/photutils,swerebench_filtered,astropy__photutils-1648,1648,6feb1204a8388f7cca5f702906d96ea2ac7e335c,2023-11-01 03:40:54+00:00,swerebench/sweb.eval.x86_64.astropy_1776_photutils-1648,1,single,11,0,1.0,4
astropy/photutils,astropy/photutils,swerebench_filtered,astropy__photutils-1935,1935,349a5aa6dc52291b587c4ea8720f5a064272ec1c,2024-10-16 15:23:30+00:00,swerebench/sweb.eval.x86_64.astropy_1776_photutils-1935,1,single,6,0,2.0,5
astropy/photutils,astropy/photutils,swerebench_filtered,astropy__photutils-1663,1663,a50fe171cf1242560cace73d2e04e729a4420fbc,2023-11-21 15:59:05+00:00,swerebench/sweb.eval.x86_64.astropy_1776_photutils-1663,4,multi,52,0,2.0,6
astropy/photutils,astropy/photutils,swerebench_filtered,astropy__photutils-1805,1805,1f474ae20fcf1b0a7953d59948a1fd458ba91aa5,2024-07-09 19:51:32+00:00,swerebench/sweb.eval.x86_64.astropy_1776_photutils-1805,1,single,75,0,2.0,7
astropy/photutils,astropy/photutils,swerebench_filtered,astropy__photutils-1956,1956,d73bfb7b311565909da2cc554739617cdf2193ef,2024-11-20 18:24:51+00:00,swerebench/sweb.eval.x86_64.astropy_1776_photutils-1956,1,single,4,0,1.0,8
astropy/photutils,astropy/photutils,swerebench_filtered,astropy__photutils-1978,1978,3d06161529624d7d3e886bb46d22aa99dcd015b5,2024-12-30 09:20:06+00:00,swerebench/sweb.eval.x86_64.astropy_1776_photutils-1978,2,multi,24,0,2.0,9
astropy/photutils,astropy/photutils,swerebench_filtered,astropy__photutils-1679,1679,d501ad53210917bad71f870adb98243f0fb60d2f,2023-12-15 19:57:29+00:00,swerebench/sweb.eval.x86_64.astropy_1776_photutils-1679,1,single,27,0,1.0,10
astropy/photutils,astropy/photutils,swerebench_filtered,astropy__photutils-1512,1512,2f5e0759acc7477cc4c2ed185ce445825771af5a,2023-04-03 21:50:16+00:00,swerebench/sweb.eval.x86_64.astropy_1776_photutils-1512,1,single,6,0,1.0,11
astropy/photutils,astropy/photutils,swerebench_filtered,astropy__photutils-1477,1477,29d92acce49438c9d22bcdae11c12145f93ce613,2022-12-08 17:22:56+00:00,swerebench/sweb.eval.x86_64.astropy_1776_photutils-1477,1,single,100,0,2.0,12
aws-cloudformation/cfn-lint,aws-cloudformation/cfn-lint,swebench_live_full,aws-cloudformation__cfn-lint-3714,3714,9782e80c58fb4e403cc48d64a2369f9748a7e5e1,2024-09-24 16:33:44+00:00,starryzhang/sweb.eval.x86_64.aws-cloudformation_1776_cfn-lint-3714,2,multi,24,0,1.0,1
aws-cloudformation/cfn-lint,aws-cloudformation/cfn-lint,swebench_live_full,aws-cloudformation__cfn-lint-3399,3399,5d5e6c8f0e9cc6f37c73fc3b5967f8d4f3acaa22,2024-06-25 15:16:13+00:00,starryzhang/sweb.eval.x86_64.aws-cloudformation_1776_cfn-lint-3399,2,multi,64,0,4.0,2
aws-cloudformation/cfn-lint,aws-cloudformation/cfn-lint,swebench_live_full,aws-cloudformation__cfn-lint-3712,3712,c944440469ccdc5cd79c825da46536997429850b,2024-09-24 03:05:50+00:00,starryzhang/sweb.eval.x86_64.aws-cloudformation_1776_cfn-lint-3712,3,multi,61,0,3.0,3
aws-cloudformation/cfn-lint,aws-cloudformation/cfn-lint,swebench_live_full,aws-cloudformation__cfn-lint-3563,3563,b16d6b4ce0796020a0ad5ee1c56453fde6079f2b,2024-08-02 23:42:54+00:00,starryzhang/sweb.eval.x86_64.aws-cloudformation_1776_cfn-lint-3563,5,multi,62,0,1.0,4
aws-cloudformation/cfn-lint,aws-cloudformation/cfn-lint,swebench_live_full,aws-cloudformation__cfn-lint-3707,3707,cf66b46cf9fdbb050a6e29438ca226757359af7d,2024-09-23 15:10:36+00:00,starryzhang/sweb.eval.x86_64.aws-cloudformation_1776_cfn-lint-3707,1,single,6,0,1.0,5
aws-cloudformation/cfn-lint,aws-cloudformation/cfn-lint,swebench_live_full,aws-cloudformation__cfn-lint-3663,3663,df3f505f90faf20d2d1023c18627808166666cac,2024-09-05 16:13:41+00:00,starryzhang/sweb.eval.x86_64.aws-cloudformation_1776_cfn-lint-3663,2,multi,11,0,2.0,6
aws-cloudformation/cfn-lint,aws-cloudformation/cfn-lint,swebench_live_full,aws-cloudformation__cfn-lint-3548,3548,e17d66e519d5dc5ac56dc687d5849d1e59fdcc24,2024-07-31 15:27:22+00:00,starryzhang/sweb.eval.x86_64.aws-cloudformation_1776_cfn-lint-3548,2,multi,31,0,5.0,7
aws-cloudformation/cfn-lint,aws-cloudformation/cfn-lint,swebench_live_full,aws-cloudformation__cfn-lint-4236,4236,89ea045335200022a08aefa933beaa9b4c73e10d,2025-08-26 18:22:09+00:00,starryzhang/sweb.eval.x86_64.aws-cloudformation_1776_cfn-lint-4236,1,single,9,0,1.0,8
aws-cloudformation/cfn-lint,aws-cloudformation/cfn-lint,swebench_live_full,aws-cloudformation__cfn-lint-3875,3875,8454bc9a7146e2b648090e866d09054589070599,2024-12-12 18:21:48+00:00,starryzhang/sweb.eval.x86_64.aws-cloudformation_1776_cfn-lint-3875,1,single,13,0,2.0,9
aws-cloudformation/cfn-lint,aws-cloudformation/cfn-lint,swebench_live_full,aws-cloudformation__cfn-lint-3785,3785,a6eb97ac7ecc6c09a67c33f013d110ed207319a1,2024-10-23 21:24:45+00:00,starryzhang/sweb.eval.x86_64.aws-cloudformation_1776_cfn-lint-3785,1,single,70,0,2.0,10
aws-cloudformation/cfn-lint,aws-cloudformation/cfn-lint,swebench_live_full,aws-cloudformation__cfn-lint-4149,4149,8e57c919f45e57f6b9199aaae415d423ad033c5d,2025-05-21 20:57:24+00:00,starryzhang/sweb.eval.x86_64.aws-cloudformation_1776_cfn-lint-4149,1,single,5,0,1.0,11
aws-cloudformation/cfn-lint,aws-cloudformation/cfn-lint,swebench_live_full,aws-cloudformation__cfn-lint-3731,3731,d61eb8c4c8c5a4645e937913d60200d6ffd85799,2024-10-03 18:25:28+00:00,starryzhang/sweb.eval.x86_64.aws-cloudformation_1776_cfn-lint-3731,3,multi,19,0,2.0,12
aws-cloudformation/cfn-lint,aws-cloudformation/cfn-lint,swebench_live_full,aws-cloudformation__cfn-lint-3629,3629,374d5f5c3a5dff429c14d9dce2e709ac52527f3e,2024-08-27 20:37:47+00:00,starryzhang/sweb.eval.x86_64.aws-cloudformation_1776_cfn-lint-3629,1,single,6,0,1.0,13
aws-cloudformation/cfn-lint,aws-cloudformation/cfn-lint,swebench_live_full,aws-cloudformation__cfn-lint-3890,3890,700563cda182416a6c99af4bcaa96077c2412465,2024-12-30 17:40:33+00:00,starryzhang/sweb.eval.x86_64.aws-cloudformation_1776_cfn-lint-3890,1,single,26,0,1.0,14
aws-cloudformation/cfn-lint,aws-cloudformation/cfn-lint,swebench_live_full,aws-cloudformation__cfn-lint-3552,3552,8f1d89a6acab43cfa6a6e1931442ba362d48617a,2024-07-31 22:43:06+00:00,starryzhang/sweb.eval.x86_64.aws-cloudformation_1776_cfn-lint-3552,5,multi,177,1,9.0,15
aws-cloudformation/cfn-lint,aws-cloudformation/cfn-lint,swebench_live_full,aws-cloudformation__cfn-lint-3855,3855,58dc21c83ff28a683cbbf5cede11a916a2ff77e6,2024-12-05 21:51:07+00:00,starryzhang/sweb.eval.x86_64.aws-cloudformation_1776_cfn-lint-3855,1,single,10,0,1.0,16
aws-cloudformation/cfn-lint,aws-cloudformation/cfn-lint,swebench_live_full,aws-cloudformation__cfn-lint-3749,3749,07652d4a4133e825aeeb09973398575b25713c82,2024-10-15 20:46:50+00:00,starryzhang/sweb.eval.x86_64.aws-cloudformation_1776_cfn-lint-3749,1,single,11,0,3.0,17
aws-cloudformation/cfn-lint,aws-cloudformation/cfn-lint,swebench_live_full,aws-cloudformation__cfn-lint-3639,3639,eeb12087fb278a67f263fb9f3cc495959112ef8c,2024-08-29 21:41:07+00:00,starryzhang/sweb.eval.x86_64.aws-cloudformation_1776_cfn-lint-3639,1,single,7,0,2.0,18
aws-cloudformation/cfn-lint,aws-cloudformation/cfn-lint,swebench_live_full,aws-cloudformation__cfn-lint-3450,3450,36ff520aba444d75a9bcb34e1a12661ecece9ebf,2024-06-28 21:40:35+00:00,starryzhang/sweb.eval.x86_64.aws-cloudformation_1776_cfn-lint-3450,2,multi,67,0,2.0,19
aws-cloudformation/cfn-lint,aws-cloudformation/cfn-lint,swebench_live_full,aws-cloudformation__cfn-lint-4026,4026,8ea6c9ccdb70f2ed05c3b61c9f83690ebc079c4c,2025-03-18 16:49:26+00:00,starryzhang/sweb.eval.x86_64.aws-cloudformation_1776_cfn-lint-4026,2,multi,54,0,2.0,20
Azure/azure-cli,azure/azure-cli,swerebench_filtered,Azure__azure-cli-2053,2053,27816f4891c85592ad6f06bcc94008fa7d144b69,2017-02-13 16:48:43+00:00,swerebench/sweb.eval.x86_64.azure_1776_azure-cli-2053,4,multi,140,0,1.0,1
Azure/azure-cli,azure/azure-cli,swerebench_filtered,Azure__azure-cli-3354,3354,4417fb03c91b0caa5f88a72ca0372d5931c072d9,2017-05-15 16:03:53+00:00,swerebench/sweb.eval.x86_64.azure_1776_azure-cli-3354,1,single,30,0,1.0,2
Azure/azure-cli,azure/azure-cli,swerebench_filtered,Azure__azure-cli-4265,4265,85c0e4c8fb21e26a4984cad3b21a5e22a6a8b92b,2017-08-18 19:52:45+00:00,swerebench/sweb.eval.x86_64.azure_1776_azure-cli-4265,2,multi,59,0,1.0,3
Azure/azure-cli,azure/azure-cli,swerebench_filtered,Azure__azure-cli-2214,2214,01bbaf048c7669c024ece5e84c9360d829624574,2017-02-22 21:17:11+00:00,swerebench/sweb.eval.x86_64.azure_1776_azure-cli-2214,1,single,2,0,1.0,4
Azure/azure-cli,azure/azure-cli,swerebench_filtered,Azure__azure-cli-2844,2844,a8395ea70322dbf535d474d52ebf3d625a6cbdf0,2017-04-12 18:02:44+00:00,swerebench/sweb.eval.x86_64.azure_1776_azure-cli-2844,2,multi,6,0,1.0,5
Azure/azure-cli,azure/azure-cli,swerebench_filtered,Azure__azure-cli-2955,2955,3079f47653297161fd877f994cfaa0bc202f039f,2017-04-21 17:50:06+00:00,swerebench/sweb.eval.x86_64.azure_1776_azure-cli-2955,5,multi,89,1,1.0,6
Azure/azure-cli,azure/azure-cli,swerebench_filtered,Azure__azure-cli-3743,3743,e80e204a01bf4f32c17d8f89a955c3dd49eaa7ec,2017-06-15 20:19:26+00:00,swerebench/sweb.eval.x86_64.azure_1776_azure-cli-3743,1,single,8,0,1.0,7
Azure/azure-cli,azure/azure-cli,swerebench_filtered,Azure__azure-cli-1876,1876,62dab24154f910ff7f3ef2b6b3783945b58e9098,2017-01-26 00:16:00+00:00,swerebench/sweb.eval.x86_64.azure_1776_azure-cli-1876,2,multi,48,0,1.0,8
Azure/azure-cli,azure/azure-cli,swerebench_filtered,Azure__azure-cli-3643,3643,c024331912bbf467725d76d437557ebc6e4aba17,2017-06-09 16:51:58+00:00,swerebench/sweb.eval.x86_64.azure_1776_azure-cli-3643,1,single,4,0,2.0,9
Azure/azure-cli,azure/azure-cli,swerebench_filtered,Azure__azure-cli-2467,2467,d79710730933432d2c8ccd722d31fbbf75845ce0,2017-03-11 06:05:00+00:00,swerebench/sweb.eval.x86_64.azure_1776_azure-cli-2467,2,multi,6,0,1.0,10
beeware/briefcase,beeware/briefcase,swebench_live_full,beeware__briefcase-2214,2214,bfe5f893f4f2bd7e8256fd229cbfefb27c2dddc1,2025-03-30 09:17:01+00:00,starryzhang/sweb.eval.x86_64.beeware_1776_briefcase-2214,4,multi,90,0,11.0,1
beeware/briefcase,beeware/briefcase,swerebench_filtered,beeware__briefcase-1387,1387,5483fd9a4d61f90f932a845311c6f820a1566cd3,2023-07-28 00:40:44+00:00,swerebench/sweb.eval.x86_64.beeware_1776_briefcase-1387,1,single,28,0,8.0,2
beeware/briefcase,beeware/briefcase,swebench_live_full,beeware__briefcase-1824,1824,f69c998d3eb61e06ba3f4a33ac7049008bc4d22c,2024-05-21 15:57:17+00:00,starryzhang/sweb.eval.x86_64.beeware_1776_briefcase-1824,1,single,9,0,1.0,3
beeware/briefcase,beeware/briefcase,swebench_live_full,beeware__briefcase-1823,1823,6a562dbc931c2b764d797b83e60a10aea07d0290,2024-05-21 15:08:22+00:00,starryzhang/sweb.eval.x86_64.beeware_1776_briefcase-1823,1,single,2,0,10.0,4
beeware/briefcase,beeware/briefcase,swebench_live_full,beeware__briefcase-2302,2302,80d08a54a42bc6ba5dce85e42f025dcd916c175d,2025-05-20 13:40:20+00:00,starryzhang/sweb.eval.x86_64.beeware_1776_briefcase-2302,1,single,11,0,16.0,5
beeware/briefcase,beeware/briefcase,swerebench_filtered,beeware__briefcase-1373,1373,405c8b6f884c3e47f0107e5de8b41d2440bb8456,2023-07-22 15:23:04+00:00,swerebench/sweb.eval.x86_64.beeware_1776_briefcase-1373,1,single,2,0,6.0,6
beeware/briefcase,beeware/briefcase,swerebench_filtered,beeware__briefcase-935,935,8ddd7dbff44bf989d1ed92146d47219d61f36b23,2022-10-21 19:11:54+00:00,swerebench/sweb.eval.x86_64.beeware_1776_briefcase-935,1,single,7,0,1.0,7
beeware/briefcase,beeware/briefcase,swebench_live_full,beeware__briefcase-2085,2085,4005202304fdef04a5e87de2e8b09c9de506dcae,2024-12-15 15:59:46+00:00,starryzhang/sweb.eval.x86_64.beeware_1776_briefcase-2085,1,single,2,0,4.0,8
beeware/briefcase,beeware/briefcase,swerebench_filtered,beeware__briefcase-927,927,79faf75b5155e8f4090ed0468903f207d931dd29,2022-10-16 20:33:26+00:00,swerebench/sweb.eval.x86_64.beeware_1776_briefcase-927,2,multi,6,0,2.0,9
beeware/briefcase,beeware/briefcase,swerebench_filtered,beeware__briefcase-1054,1054,e6954efaea4b10a84a2437ba3d0f63842cd484a6,2023-01-21 21:15:22+00:00,swerebench/sweb.eval.x86_64.beeware_1776_briefcase-1054,1,single,35,0,3.0,10
beeware/briefcase,beeware/briefcase,swerebench_filtered,beeware__briefcase-1307,1307,96479a0cab4814ea5ed359d2431628d145e86698,2023-06-11 18:32:06+00:00,swerebench/sweb.eval.x86_64.beeware_1776_briefcase-1307,1,single,84,0,8.0,11
beeware/briefcase,beeware/briefcase,swebench_live_full,beeware__briefcase-1972,1972,f366e9cc11d9f8196454356af8d4bd40f0d1d6f1,2024-08-27 00:07:16+00:00,starryzhang/sweb.eval.x86_64.beeware_1776_briefcase-1972,1,single,2,0,1.0,12
beeware/briefcase,beeware/briefcase,swerebench_filtered,beeware__briefcase-1180,1180,d6986051cdbb17c42249d61f2ca20c3154d24edd,2023-04-13 06:19:05+00:00,swerebench/sweb.eval.x86_64.beeware_1776_briefcase-1180,1,single,4,0,1.0,13
beeware/briefcase,beeware/briefcase,swebench_live_full,beeware__briefcase-1910,1910,3eb7226b6e519c691aa31760cac2c8237ab95991,2024-07-12 04:47:45+00:00,starryzhang/sweb.eval.x86_64.beeware_1776_briefcase-1910,3,multi,117,0,6.0,14
beeware/briefcase,beeware/briefcase,swebench_live_full,beeware__briefcase-2089,2089,a898beaed7126f07b3a0ae21df8b291d512f798f,2024-12-18 15:58:50+00:00,starryzhang/sweb.eval.x86_64.beeware_1776_briefcase-2089,2,multi,36,0,6.0,15
beeware/briefcase,beeware/briefcase,swebench_live_full,beeware__briefcase-1598,1598,7d689209e70625938af7549bdd17feac79436b2f,2024-01-11 19:23:09+00:00,starryzhang/sweb.eval.x86_64.beeware_1776_briefcase-1598,2,multi,81,0,19.0,16
beeware/briefcase,beeware/briefcase,swerebench_filtered,beeware__briefcase-864,864,f33e6970b9a74e21726a4774db803ccddad27eb1,2022-09-23 08:01:19+00:00,swerebench/sweb.eval.x86_64.beeware_1776_briefcase-864,1,single,2,0,2.0,17
beeware/briefcase,beeware/briefcase,swebench_live_full,beeware__briefcase-2114,2114,8acc982527cefbffae5bbc46c9b1221a2b66c723,2025-01-17 01:30:07+00:00,starryzhang/sweb.eval.x86_64.beeware_1776_briefcase-2114,3,multi,24,0,5.0,18
beeware/briefcase,beeware/briefcase,swerebench_filtered,beeware__briefcase-1088,1088,2f9f79b13e716902804740a20f1526ba4b1e14b1,2023-02-09 14:16:52+00:00,swerebench/sweb.eval.x86_64.beeware_1776_briefcase-1088,1,single,4,0,15.0,19
beeware/briefcase,beeware/briefcase,swerebench_filtered,beeware__briefcase-955,955,219e06736e0fea106ea6b111233f24923d4cb7af,2022-11-05 14:35:28+00:00,swerebench/sweb.eval.x86_64.beeware_1776_briefcase-955,1,single,2,0,2.0,20
borgbackup/borg,borgbackup/borg,swerebench_filtered,borgbackup__borg-6683,6683,ae417cccf6a2653c010a1f379f3fdef8e55d7ccd,2022-05-08 16:39:23+00:00,swerebench/sweb.eval.x86_64.borgbackup_1776_borg-6683,1,single,8,0,1.0,1
borgbackup/borg,borgbackup/borg,swerebench_filtered,borgbackup__borg-7448,7448,1428ffeae90aea899b70ee0cd96812bf7286d6e0,2023-03-17 21:32:20+00:00,swerebench/sweb.eval.x86_64.borgbackup_1776_borg-7448,1,single,4,0,2.0,2
borgbackup/borg,borgbackup/borg,swerebench_filtered,borgbackup__borg-2527,2527,eaf90cb73dfbe2e7996ae444d5c6bffd0ea89f7a,2017-05-17 17:34:07+00:00,swerebench/sweb.eval.x86_64.borgbackup_1776_borg-2527,4,multi,151,0,1.0,3
borgbackup/borg,borgbackup/borg,swerebench_filtered,borgbackup__borg-7942,7942,e6d40f63d46b7fa9b4e3f549d66fdc5ffa1fd972,2023-11-18 16:42:35+00:00,swerebench/sweb.eval.x86_64.borgbackup_1776_borg-7942,1,single,9,0,1.0,4
borgbackup/borg,borgbackup/borg,swerebench_filtered,borgbackup__borg-6528,6528,e5e360d5b61c2b91e136a0c59319561190685011,2022-04-03 15:07:50+00:00,swerebench/sweb.eval.x86_64.borgbackup_1776_borg-6528,1,single,31,0,1.0,5
borgbackup/borg,borgbackup/borg,swerebench_filtered,borgbackup__borg-7388,7388,b04b4438bf2905cc95e4aec2caa8487414b47b0a,2023-02-26 18:20:08+00:00,swerebench/sweb.eval.x86_64.borgbackup_1776_borg-7388,3,multi,7,0,1.0,6
borgbackup/borg,borgbackup/borg,swerebench_filtered,borgbackup__borg-6529,6529,269b94828458dfcea6c684e925ec61d9d16bd214,2022-04-03 15:09:33+00:00,swerebench/sweb.eval.x86_64.borgbackup_1776_borg-6529,1,single,31,0,1.0,7
borgbackup/borg,borgbackup/borg,swerebench_filtered,borgbackup__borg-6684,6684,c2b6ccf9bbf230e2465f0e18bd2833a573e86f52,2022-05-08 16:40:04+00:00,swerebench/sweb.eval.x86_64.borgbackup_1776_borg-6684,1,single,8,0,1.0,8
borgbackup/borg,borgbackup/borg,swerebench_filtered,borgbackup__borg-7583,7583,852172f5ce12d0a709e2e8884356a9a3378a71b9,2023-05-17 15:41:46+00:00,swerebench/sweb.eval.x86_64.borgbackup_1776_borg-7583,3,multi,21,0,1.0,9
borgbackup/borg,borgbackup/borg,swerebench_filtered,borgbackup__borg-2566,2566,2dcbe02e5ae2c5674b350866b145c028966e1664,2017-05-25 10:37:50+00:00,swerebench/sweb.eval.x86_64.borgbackup_1776_borg-2566,1,single,7,0,3.0,10
borgbackup/borg,borgbackup/borg,swerebench_filtered,borgbackup__borg-7941,7941,7c20bb52d1085a27bc75496c313679a045b058e3,2023-11-18 16:40:38+00:00,swerebench/sweb.eval.x86_64.borgbackup_1776_borg-7941,2,multi,12,0,1.0,11
borgbackup/borg,borgbackup/borg,swerebench_filtered,borgbackup__borg-2555,2555,5a667d6f6aad54ba1246fee4dbf54a67f75b80f4,2017-05-23 00:25:08+00:00,swerebench/sweb.eval.x86_64.borgbackup_1776_borg-2555,1,single,22,0,2.0,12
borgbackup/borg,borgbackup/borg,swerebench_filtered,borgbackup__borg-7712,7712,e69568309599bd88313c8e5c756296063a9b7e9b,2023-07-04 23:12:33+00:00,swerebench/sweb.eval.x86_64.borgbackup_1776_borg-7712,1,single,8,0,2.0,13
borgbackup/borg,borgbackup/borg,swerebench_filtered,borgbackup__borg-7492,7492,6b02c05f2b644320850fb040c2631b3090bb6db6,2023-04-02 17:44:03+00:00,swerebench/sweb.eval.x86_64.borgbackup_1776_borg-7492,3,multi,37,0,2.0,14
borgbackup/borg,borgbackup/borg,swerebench_filtered,borgbackup__borg-7474,7474,8dc52b23dbf1ebe54e827fc545db01dc4f830d5f,2023-03-24 20:59:21+00:00,swerebench/sweb.eval.x86_64.borgbackup_1776_borg-7474,2,multi,59,0,1.0,15
borgbackup/borg,borgbackup/borg,swerebench_filtered,borgbackup__borg-6527,6527,abd3b476de9ea6301fc2d892d377b215b087dd84,2022-04-03 14:50:20+00:00,swerebench/sweb.eval.x86_64.borgbackup_1776_borg-6527,3,multi,63,0,1.0,16
borgbackup/borg,borgbackup/borg,swerebench_filtered,borgbackup__borg-6682,6682,a3e99a2b512d3d78d3aa7d4e8d9c652dc67ae745,2022-05-08 16:33:20+00:00,swerebench/sweb.eval.x86_64.borgbackup_1776_borg-6682,1,single,8,0,1.0,17
borgbackup/borg,borgbackup/borg,swerebench_filtered,borgbackup__borg-8436,8436,5a87b41e370b2f18b7b9d75a3cca98e8a32768d2,2024-09-29 13:57:21+00:00,swerebench/sweb.eval.x86_64.borgbackup_1776_borg-8436,2,multi,138,1,1.0,18
borgbackup/borg,borgbackup/borg,swerebench_filtered,borgbackup__borg-7549,7549,2181103c3f9fdfff7fbaadbde3bffe203547b404,2023-05-08 00:53:00+00:00,swerebench/sweb.eval.x86_64.borgbackup_1776_borg-7549,2,multi,32,0,3.0,19
borgbackup/borg,borgbackup/borg,swerebench_filtered,borgbackup__borg-7517,7517,9263705de74cfa26be4e2a6395d1d6ae2ff70428,2023-04-10 17:58:10+00:00,swerebench/sweb.eval.x86_64.borgbackup_1776_borg-7517,3,multi,91,0,2.0,20
bridgecrewio/checkov,bridgecrewio/checkov,swebench_live_full,bridgecrewio__checkov-5936,5936,d07fdc994015772a9fa0dc1a12d1391b5765916c,2024-01-12 12:04:04+00:00,starryzhang/sweb.eval.x86_64.bridgecrewio_1776_checkov-5936,1,single,4,0,1.0,1
bridgecrewio/checkov,bridgecrewio/checkov,swebench_live_full,bridgecrewio__checkov-6695,6695,e1a17d5af24185b8bc1952c8c46af130fce90794,2024-08-30 07:32:14+00:00,starryzhang/sweb.eval.x86_64.bridgecrewio_1776_checkov-6695,1,single,2,0,1.0,2
bridgecrewio/checkov,bridgecrewio/checkov,swebench_live_full,bridgecrewio__checkov-6657,6657,ea3ab628b456c0d8d401f37b568c90628a39e33a,2024-08-15 09:21:17+00:00,starryzhang/sweb.eval.x86_64.bridgecrewio_1776_checkov-6657,3,multi,85,0,1.0,3
bridgecrewio/checkov,bridgecrewio/checkov,swebench_live_full,bridgecrewio__checkov-6933,6933,cb2283feaea643b822267526336ce20e67fb983e,2025-01-03 21:26:05+00:00,starryzhang/sweb.eval.x86_64.bridgecrewio_1776_checkov-6933,2,multi,18,0,1.0,4
bridgecrewio/checkov,bridgecrewio/checkov,swebench_live_full,bridgecrewio__checkov-7124,7124,342c86dd97b8b75a077007586c8bd91abe962bfe,2025-04-24 07:03:48+00:00,starryzhang/sweb.eval.x86_64.bridgecrewio_1776_checkov-7124,1,single,53,0,1.0,5
bridgecrewio/checkov,bridgecrewio/checkov,swerebench_filtered,bridgecrewio__checkov-2167,2167,808f3e95d3c6de42e70de5a3789bfef386077573,2022-01-01 22:36:16+00:00,swerebench/sweb.eval.x86_64.bridgecrewio_1776_checkov-2167,2,multi,43,0,1.0,6
bridgecrewio/checkov,bridgecrewio/checkov,swebench_live_full,bridgecrewio__checkov-7022,7022,8b0f288ae10065b5f40673d904f2204c5a3ec770,2025-02-22 03:56:32+00:00,starryzhang/sweb.eval.x86_64.bridgecrewio_1776_checkov-7022,1,single,2,0,1.0,7
bridgecrewio/checkov,bridgecrewio/checkov,swebench_live_full,bridgecrewio__checkov-6144,6144,9e99247da3d2f1e775789b5ce08add155f1e5b01,2024-04-03 10:26:06+00:00,starryzhang/sweb.eval.x86_64.bridgecrewio_1776_checkov-6144,1,single,11,0,7.0,8
bridgecrewio/checkov,bridgecrewio/checkov,swerebench_filtered,bridgecrewio__checkov-281,281,439d03c1a8e6186077d9d363a945fc5fde2b6057,2020-05-21 07:32:53+00:00,swerebench/sweb.eval.x86_64.bridgecrewio_1776_checkov-281,1,single,7,0,1.0,9
bridgecrewio/checkov,bridgecrewio/checkov,swebench_live_full,bridgecrewio__checkov-6314,6314,fd4e896ee9b632e9bd85e4abb5d5250ed4b5ea67,2024-05-16 14:16:08+00:00,starryzhang/sweb.eval.x86_64.bridgecrewio_1776_checkov-6314,1,single,4,0,1.0,10
bridgecrewio/checkov,bridgecrewio/checkov,swerebench_filtered,bridgecrewio__checkov-211,211,53d4eebf3493703c42035e9efea89fdf8050fb43,2020-03-30 12:33:23+00:00,swerebench/sweb.eval.x86_64.bridgecrewio_1776_checkov-211,1,single,3,0,1.0,11
bridgecrewio/checkov,bridgecrewio/checkov,swebench_live_full,bridgecrewio__checkov-7002,7002,8b0f288ae10065b5f40673d904f2204c5a3ec770,2025-02-07 23:28:13+00:00,starryzhang/sweb.eval.x86_64.bridgecrewio_1776_checkov-7002,2,multi,14,0,1.0,12
bridgecrewio/checkov,bridgecrewio/checkov,swerebench_filtered,bridgecrewio__checkov-1147,1147,e3cbb34c9c312a0310b032b7ca4956a10b61a0f7,2021-04-29 15:57:20+00:00,swerebench/sweb.eval.x86_64.bridgecrewio_1776_checkov-1147,1,single,18,0,1.0,13
bridgecrewio/checkov,bridgecrewio/checkov,swebench_live_full,bridgecrewio__checkov-6354,6354,a902244a6743eff627eaf485e01ae6ae0a9f24d5,2024-05-24 19:02:19+00:00,starryzhang/sweb.eval.x86_64.bridgecrewio_1776_checkov-6354,2,multi,13,0,1.0,14
bridgecrewio/checkov,bridgecrewio/checkov,swerebench_filtered,bridgecrewio__checkov-474,474,7019fcfa760456261d6148846e0ce941fa6ccfc9,2020-07-29 06:35:33+00:00,swerebench/sweb.eval.x86_64.bridgecrewio_1776_checkov-474,1,single,8,0,1.0,15
bridgecrewio/checkov,bridgecrewio/checkov,swerebench_filtered,bridgecrewio__checkov-2214,2214,9f448d714432d3118a00a453c76dd8762aa284ab,2022-01-15 11:01:27+00:00,swerebench/sweb.eval.x86_64.bridgecrewio_1776_checkov-2214,1,single,2,0,2.0,16
bridgecrewio/checkov,bridgecrewio/checkov,swebench_live_full,bridgecrewio__checkov-6612,6612,f73de91a10c4c02bbd6b3238fd2c2184ec4786af,2024-07-27 07:17:29+00:00,starryzhang/sweb.eval.x86_64.bridgecrewio_1776_checkov-6612,2,multi,4,0,2.0,17
bridgecrewio/checkov,bridgecrewio/checkov,swebench_live_full,bridgecrewio__checkov-6999,6999,ddf2b88dfa506fb43a73cc9f64dc7377a679c0b3,2025-02-07 07:14:27+00:00,starryzhang/sweb.eval.x86_64.bridgecrewio_1776_checkov-6999,3,multi,70,0,6.0,18
bridgecrewio/checkov,bridgecrewio/checkov,swerebench_filtered,bridgecrewio__checkov-1457,1457,415fa65362b1b51b569a2f8348a5981614acf422,2021-08-02 07:39:39+00:00,swerebench/sweb.eval.x86_64.bridgecrewio_1776_checkov-1457,1,single,10,0,1.0,19
bridgecrewio/checkov,bridgecrewio/checkov,swerebench_filtered,bridgecrewio__checkov-289,289,63a441563ff271fd675bb05c77e1620dbfd865a9,2020-05-24 05:28:36+00:00,swerebench/sweb.eval.x86_64.bridgecrewio_1776_checkov-289,1,single,18,0,1.0,20
canonical/charmcraft,canonical/charmcraft,swerebench_filtered,canonical__charmcraft-1763,1763,ff36d80d6bb160dec17cb6067c34fbb600b96798,2024-07-25 18:44:17+00:00,swerebench/sweb.eval.x86_64.canonical_1776_charmcraft-1763,1,single,29,0,5.0,1
canonical/charmcraft,canonical/charmcraft,swerebench_filtered,canonical__charmcraft-684,684,43241f1e12adda17c61245c6c6ed93e354b8e932,2022-02-23 08:38:29+00:00,swerebench/sweb.eval.x86_64.canonical_1776_charmcraft-684,1,single,10,0,1.0,2
canonical/charmcraft,canonical/charmcraft,swerebench_filtered,canonical__charmcraft-2084,2084,0ab0cc25005a65cad2f00f37e925cdae6d9398a7,2025-01-17 01:17:08+00:00,swerebench/sweb.eval.x86_64.canonical_1776_charmcraft-2084,1,single,46,0,2.0,3
canonical/charmcraft,canonical/charmcraft,swerebench_filtered,canonical__charmcraft-869,869,a95394f28ff6c0b974d39baa44f6d34530fd6a5f,2022-09-16 13:56:09+00:00,swerebench/sweb.eval.x86_64.canonical_1776_charmcraft-869,1,single,34,0,1.0,4
canonical/charmcraft,canonical/charmcraft,swerebench_filtered,canonical__charmcraft-2106,2106,389f8ca582592c9a65a19ffa0d522a677174f094,2025-01-22 18:02:02+00:00,swerebench/sweb.eval.x86_64.canonical_1776_charmcraft-2106,1,single,7,0,1.0,5
canonical/charmcraft,canonical/charmcraft,swerebench_filtered,canonical__charmcraft-1759,1759,2d1e6d367ccf20a4debb0cbb3715c315dfcd390e,2024-07-24 12:10:27+00:00,swerebench/sweb.eval.x86_64.canonical_1776_charmcraft-1759,1,single,2,0,6.0,6
canonical/charmcraft,canonical/charmcraft,swerebench_filtered,canonical__charmcraft-1850,1850,4a3cbacbd5a1cae3cd1076e2ff8ba93f3e49f3e7,2024-08-26 19:31:17+00:00,swerebench/sweb.eval.x86_64.canonical_1776_charmcraft-1850,2,multi,31,0,1.0,7
canonical/charmcraft,canonical/charmcraft,swerebench_filtered,canonical__charmcraft-1365,1365,acf98be9c75e25e31050b8c40381e4c08e11245f,2023-10-30 16:40:21+00:00,swerebench/sweb.eval.x86_64.canonical_1776_charmcraft-1365,1,single,2,0,1.0,8
canonical/charmcraft,canonical/charmcraft,swerebench_filtered,canonical__charmcraft-917,917,754050ef4091ed4f1aeaf58934850deb50d046aa,2022-10-27 20:03:13+00:00,swerebench/sweb.eval.x86_64.canonical_1776_charmcraft-917,1,single,18,0,1.0,9
canonical/charmcraft,canonical/charmcraft,swerebench_filtered,canonical__charmcraft-1165,1165,57858344491374f189c8c277a2f6a2fe4c8d77d3,2023-07-17 18:36:46+00:00,swerebench/sweb.eval.x86_64.canonical_1776_charmcraft-1165,1,single,20,0,1.0,10
canonical/charmcraft,canonical/charmcraft,swerebench_filtered,canonical__charmcraft-1741,1741,8f64d66a11bbba33604af734946cc730fcac9540,2024-07-18 19:46:33+00:00,swerebench/sweb.eval.x86_64.canonical_1776_charmcraft-1741,1,single,33,0,194.0,11
canonical/charmcraft,canonical/charmcraft,swerebench_filtered,canonical__charmcraft-1745,1745,51a55f7320370179bb48b4e5f6cd02a9de46cc13,2024-07-19 22:53:24+00:00,swerebench/sweb.eval.x86_64.canonical_1776_charmcraft-1745,1,single,11,0,1.0,12
canonical/charmcraft,canonical/charmcraft,swerebench_filtered,canonical__charmcraft-1892,1892,d2fcbfd55cce43aef5247ffa8af52ea6149dde44,2024-09-11 14:24:01+00:00,swerebench/sweb.eval.x86_64.canonical_1776_charmcraft-1892,1,single,1,0,11.0,13
canonical/charmcraft,canonical/charmcraft,swerebench_filtered,canonical__charmcraft-2060,2060,6d0d9ce4d7656fe77df8b322f30c892ef212862a,2024-12-20 17:48:42+00:00,swerebench/sweb.eval.x86_64.canonical_1776_charmcraft-2060,1,single,23,0,1.0,14
canonical/charmcraft,canonical/charmcraft,swerebench_filtered,canonical__charmcraft-1891,1891,2fa3602fa2455c132418486ef35886d0201956f9,2024-09-11 14:19:14+00:00,swerebench/sweb.eval.x86_64.canonical_1776_charmcraft-1891,1,single,4,0,5.0,15
canonical/charmcraft,canonical/charmcraft,swerebench_filtered,canonical__charmcraft-1818,1818,c29dbccfa82989ba1bf97823e135bd590e125bb6,2024-08-15 19:20:32+00:00,swerebench/sweb.eval.x86_64.canonical_1776_charmcraft-1818,3,multi,58,0,2.0,16
canonical/charmcraft,canonical/charmcraft,swerebench_filtered,canonical__charmcraft-1744,1744,ac08e98e5dd6d0764beba24275193004bdc3df2d,2024-07-19 21:31:47+00:00,swerebench/sweb.eval.x86_64.canonical_1776_charmcraft-1744,1,single,14,0,3.0,17
canonical/charmcraft,canonical/charmcraft,swerebench_filtered,canonical__charmcraft-915,915,e5ac156c3ae6d335cb78b4494f3dac8386bd2798,2022-10-26 19:59:43+00:00,swerebench/sweb.eval.x86_64.canonical_1776_charmcraft-915,1,single,7,0,1.0,18
canonical/charmcraft,canonical/charmcraft,swerebench_filtered,canonical__charmcraft-1823,1823,c29dbccfa82989ba1bf97823e135bd590e125bb6,2024-08-16 14:37:20+00:00,swerebench/sweb.eval.x86_64.canonical_1776_charmcraft-1823,3,multi,58,0,2.0,19
canonical/charmcraft,canonical/charmcraft,swerebench_filtered,canonical__charmcraft-866,866,7790c04425256960b954ec62747154f69402ec8a,2022-09-15 13:19:53+00:00,swerebench/sweb.eval.x86_64.canonical_1776_charmcraft-866,1,single,16,0,1.0,20
cloud-custodian/cloud-custodian,cloud-custodian/cloud-custodian,swerebench_filtered,cloud-custodian__cloud-custodian-5645,5645,b3f4660c3b1104e00f1a63fc6142aa0b3589e199,2020-04-23 19:57:54+00:00,swerebench/sweb.eval.x86_64.cloud-custodian_1776_cloud-custodian-5645,3,multi,52,0,2.0,1
cloud-custodian/cloud-custodian,cloud-custodian/cloud-custodian,swerebench_filtered,cloud-custodian__cloud-custodian-5640,5640,898910ea9fb3643a72a88ff3ff839d4c75dd1eed,2020-04-23 10:24:30+00:00,swerebench/sweb.eval.x86_64.cloud-custodian_1776_cloud-custodian-5640,5,multi,128,0,3.0,2
cloud-custodian/cloud-custodian,cloud-custodian/cloud-custodian,swerebench_filtered,cloud-custodian__cloud-custodian-5616,5616,80a8bbdb99472241754781a08945df9fe6bcd73c,2020-04-19 14:17:18+00:00,swerebench/sweb.eval.x86_64.cloud-custodian_1776_cloud-custodian-5616,1,single,4,0,1.0,3
cloud-custodian/cloud-custodian,cloud-custodian/cloud-custodian,swerebench_filtered,cloud-custodian__cloud-custodian-5531,5531,5f0b86d17ba7056759e2987d01b827d2267e44c5,2020-04-01 10:25:20+00:00,swerebench/sweb.eval.x86_64.cloud-custodian_1776_cloud-custodian-5531,2,multi,83,0,1.0,4
cloud-custodian/cloud-custodian,cloud-custodian/cloud-custodian,swebench_live_full,cloud-custodian__cloud-custodian-10255,10255,9a38db80b0ad2947e0e6a5dcc67577872f2524bc,2025-07-09 22:58:49+00:00,starryzhang/sweb.eval.x86_64.cloud-custodian_1776_cloud-custodian-10255,1,single,6,0,1.0,5
cloud-custodian/cloud-custodian,cloud-custodian/cloud-custodian,swerebench_filtered,cloud-custodian__cloud-custodian-5595,5595,577aefaf34557a445470be106c954e5d667dc36e,2020-04-15 13:46:14+00:00,swerebench/sweb.eval.x86_64.cloud-custodian_1776_cloud-custodian-5595,1,single,10,0,1.0,6
cloud-custodian/cloud-custodian,cloud-custodian/cloud-custodian,swerebench_filtered,cloud-custodian__cloud-custodian-5472,5472,d3596445a82b76a722dc3244bb18770258109a8a,2020-03-19 21:19:39+00:00,swerebench/sweb.eval.x86_64.cloud-custodian_1776_cloud-custodian-5472,1,single,106,0,1.0,7
cloud-custodian/cloud-custodian,cloud-custodian/cloud-custodian,swerebench_filtered,cloud-custodian__cloud-custodian-6689,6689,097a06f45b00781be9687fa08387e64c866c1ef6,2021-05-18 07:58:26+00:00,swerebench/sweb.eval.x86_64.cloud-custodian_1776_cloud-custodian-6689,2,multi,45,0,1.0,8
cloud-custodian/cloud-custodian,cloud-custodian/cloud-custodian,swerebench_filtered,cloud-custodian__cloud-custodian-5526,5526,5f0b86d17ba7056759e2987d01b827d2267e44c5,2020-03-31 21:10:48+00:00,swerebench/sweb.eval.x86_64.cloud-custodian_1776_cloud-custodian-5526,1,single,6,0,1.0,9
cloud-custodian/cloud-custodian,cloud-custodian/cloud-custodian,swerebench_filtered,cloud-custodian__cloud-custodian-4846,4846,91f2016bfe3a595ec2b0a73695ebce8ad962175c,2019-09-23 13:39:59+00:00,swerebench/sweb.eval.x86_64.cloud-custodian_1776_cloud-custodian-4846,2,multi,59,0,2.0,10
cloud-custodian/cloud-custodian,cloud-custodian/cloud-custodian,swerebench_filtered,cloud-custodian__cloud-custodian-5532,5532,c9a61ade52b5d6eb4c32ede4e2c69220ea38bcd7,2020-04-01 14:16:28+00:00,swerebench/sweb.eval.x86_64.cloud-custodian_1776_cloud-custodian-5532,1,single,74,0,4.0,11
conan-io/conan,conan-io/conan,swerebench_filtered,conan-io__conan-5005,5005,3a53d711221524c14ce7add50e4b1894383cf6fa,2019-04-18 19:29:38+00:00,swerebench/sweb.eval.x86_64.conan-io_1776_conan-5005,1,single,10,0,1.0,1
conan-io/conan,conan-io/conan,swebench_live_full,conan-io__conan-16776,16776,8ebf1ca548854919398c38d9f15912ad01f3b18a,2024-08-03 13:10:38+00:00,starryzhang/sweb.eval.x86_64.conan-io_1776_conan-16776,1,single,10,0,1.0,2
conan-io/conan,conan-io/conan,swebench_live_full,conan-io__conan-17532,17532,e9e4bb13e821470f28411742f1de179a796bc005,2024-12-27 12:40:38+00:00,starryzhang/sweb.eval.x86_64.conan-io_1776_conan-17532,1,single,2,0,1.0,3
conan-io/conan,conan-io/conan,swebench_live_full,conan-io__conan-16552,16552,2035d2848ea3ba4dd2533a602d9a2f88487f942e,2024-06-26 13:08:25+00:00,starryzhang/sweb.eval.x86_64.conan-io_1776_conan-16552,2,multi,13,0,2.0,4
conan-io/conan,conan-io/conan,swebench_live_full,conan-io__conan-16011,16011,0597c50d8ca21c219f8187b8396954b8f74fbb16,2024-04-03 14:57:17+00:00,starryzhang/sweb.eval.x86_64.conan-io_1776_conan-16011,1,single,12,0,1.0,5
conan-io/conan,conan-io/conan,swebench_live_full,conan-io__conan-16849,16849,52a41eaefb06cae7cacce096713534690ecd347b,2024-08-20 21:43:10+00:00,starryzhang/sweb.eval.x86_64.conan-io_1776_conan-16849,1,single,7,0,4.0,6
conan-io/conan,conan-io/conan,swebench_live_full,conan-io__conan-18101,18101,025c796756241ba9bed8c979e72930afa712b299,2025-04-08 20:28:42+00:00,starryzhang/sweb.eval.x86_64.conan-io_1776_conan-18101,2,multi,6,0,1.0,7
conan-io/conan,conan-io/conan,swebench_live_full,conan-io__conan-15575,15575,32718f18e917edad561dd1058c1479894b0191f7,2024-01-31 23:49:08+00:00,starryzhang/sweb.eval.x86_64.conan-io_1776_conan-15575,1,single,9,0,1.0,8
conan-io/conan,conan-io/conan,swebench_live_full,conan-io__conan-17102,17102,2e3f51782056b6665560f9af6166e30d7c2801ab,2024-10-02 15:35:31+00:00,starryzhang/sweb.eval.x86_64.conan-io_1776_conan-17102,2,multi,61,0,1.0,9
conan-io/conan,conan-io/conan,swebench_live_full,conan-io__conan-17517,17517,003e2cfb746dbc83370758c192edacebd761472b,2024-12-20 22:31:36+00:00,starryzhang/sweb.eval.x86_64.conan-io_1776_conan-17517,3,multi,13,0,2.0,10
conan-io/conan,conan-io/conan,swebench_live_full,conan-io__conan-18842,18842,f4513c503371e5c5c6ba7ac27603bcc7cb0b89ff,2025-08-28 09:51:31+00:00,starryzhang/sweb.eval.x86_64.conan-io_1776_conan-18842,1,single,3,0,1.0,11
conan-io/conan,conan-io/conan,swebench_live_full,conan-io__conan-16986,16986,216d3acf9a0047a258ac2f3a0645f2dc9a04c630,2024-09-12 12:47:26+00:00,starryzhang/sweb.eval.x86_64.conan-io_1776_conan-16986,1,single,6,0,2.0,12
conan-io/conan,conan-io/conan,swebench_live_full,conan-io__conan-17382,17382,aa4920ec0935511b0f3d8f57040b70c00996e0c4,2024-11-26 18:21:46+00:00,starryzhang/sweb.eval.x86_64.conan-io_1776_conan-17382,1,single,3,0,1.0,13
conan-io/conan,conan-io/conan,swerebench_filtered,conan-io__conan-11655,11655,442d11232b52a24b97a0470b7e17a1bdb3ec97ea,2022-07-15 14:11:41+00:00,xingyaoww/sweb.eval.x86_64.conan-io_s_conan-11655,3,multi,92,0,3.0,14
conan-io/conan,conan-io/conan,swebench_live_full,conan-io__conan-18442,18442,dcdc6aef0470ac5c013c6c29541b308ad34a6ebf,2025-06-10 13:15:10+00:00,starryzhang/sweb.eval.x86_64.conan-io_1776_conan-18442,1,single,11,0,1.0,15
conan-io/conan,conan-io/conan,swebench_live_full,conan-io__conan-16013,16013,767012b66a61ff350f8bd021e338bd504c3e222b,2024-04-03 20:44:31+00:00,starryzhang/sweb.eval.x86_64.conan-io_1776_conan-16013,1,single,4,0,3.0,16
conan-io/conan,conan-io/conan,swebench_live_full,conan-io__conan-16871,16871,d99c7149ff64c2dd98b5d9752f5308f8ffd70474,2024-08-25 21:10:13+00:00,starryzhang/sweb.eval.x86_64.conan-io_1776_conan-16871,3,multi,74,0,5.0,17
conan-io/conan,conan-io/conan,swerebench_filtered,conan-io__conan-4539,4539,84d3c55cf7036c445621592e200b3e16c2147a3e,2019-02-18 00:12:37+00:00,swerebench/sweb.eval.x86_64.conan-io_1776_conan-4539,3,multi,38,0,2.0,18
conan-io/conan,conan-io/conan,swebench_live_full,conan-io__conan-17092,17092,f31647f3ef2feaabc91b2875d540ae48d2a4a4c8,2024-10-01 12:20:09+00:00,starryzhang/sweb.eval.x86_64.conan-io_1776_conan-17092,2,multi,41,0,6.0,19
conan-io/conan,conan-io/conan,swerebench_filtered,conan-io__conan-4380,4380,256c14775b6281dec546aec1aa4c5973fe0d3ac8,2019-01-24 15:01:20+00:00,swerebench/sweb.eval.x86_64.conan-io_1776_conan-4380,3,multi,42,0,1.0,20
dask/dask,dask/dask,swerebench_filtered,dask__dask-10509,10509,d86545992a7b81fc92a8bd63e0f02c6d95419585,2023-09-13 14:16:23+00:00,xingyaoww/sweb.eval.x86_64.dask_s_dask-10509,1,single,3,0,2.0,1
dask/dask,dask/dask,swerebench_filtered,dask__dask-3522,3522,771a045cd9196b37af54bee16761da7330c943a6,2018-05-23 02:28:15+00:00,swerebench/sweb.eval.x86_64.dask_1776_dask-3522,1,single,14,0,1.0,2
dask/dask,dask/dask,swerebench_filtered,dask__dask-5777,5777,0ecef985bb7c75e02b0bc50aa1564f004103b0d1,2020-01-09 16:25:10+00:00,swerebench/sweb.eval.x86_64.dask_1776_dask-5777,5,multi,166,1,2364.0,3
dask/dask,dask/dask,swerebench_filtered,dask__dask-11801,11801,b88fbbbb22722b24331c5b4ce76f522c069fdd92,2025-02-28 17:47:40+00:00,swerebench/sweb.eval.x86_64.dask_1776_dask-11801,2,multi,68,0,4.0,4
dask/dask,dask/dask,swerebench_filtered,dask__dask-11300,11300,1ba9c5bf9d0b005b89a04804f29c16e5f0f2dadf,2024-08-12 08:15:37+00:00,swerebench/sweb.eval.x86_64.dask_1776_dask-11300,2,multi,37,0,2.0,5
dask/dask,dask/dask,swerebench_filtered,dask__dask-11605,11605,44c75d08f6b693c53315c7926b5681af33696f5d,2024-12-17 09:27:33+00:00,swerebench/sweb.eval.x86_64.dask_1776_dask-11605,3,multi,155,0,8.0,6
dask/dask,dask/dask,swerebench_filtered,dask__dask-5905,5905,5a7f4524217d0d3ee9e44b6b6513264de7f16171,2020-02-17 07:58:55+00:00,swerebench/sweb.eval.x86_64.dask_1776_dask-5905,1,single,2,0,1.0,7
dask/dask,dask/dask,swerebench_filtered,dask__dask-5888,5888,5f61f7f79b861be5ffdbf59950889166628a8fa6,2020-02-13 10:42:10+00:00,swerebench/sweb.eval.x86_64.dask_1776_dask-5888,3,multi,20,0,1.0,8
dask/dask,dask/dask,swerebench_filtered,dask__dask-5975,5975,2b7945ed783bc1be7bb67ab78b4ca246adfa9804,2020-03-04 18:58:31+00:00,swerebench/sweb.eval.x86_64.dask_1776_dask-5975,1,single,2,0,6.0,9
dask/dask,dask/dask,swerebench_filtered,dask__dask-3016,3016,9a1f92801eebeefba4481fa5c9fc00badeee148a,2017-12-19 13:49:50+00:00,swerebench/sweb.eval.x86_64.dask_1776_dask-3016,2,multi,46,0,2.0,10
dask/dask,dask/dask,swerebench_filtered,dask__dask-6624,6624,519b62fed6fa577a52b9273e11ccd9ba6d49644b,2020-09-11 14:19:15+00:00,swerebench/sweb.eval.x86_64.dask_1776_dask-6624,3,multi,59,0,4.0,11
dask/dask,dask/dask,swerebench_filtered,dask__dask-2466,2466,37c3ae2e091412f5e2fdf3c957c383e89e4c8bb2,2017-06-16 14:00:21+00:00,swerebench/sweb.eval.x86_64.dask_1776_dask-2466,3,multi,23,0,18.0,12
dask/dask,dask/dask,swerebench_filtered,dask__dask-8801,8801,9634da11a5a6e5eb64cf941d2088aabffe504adb,2022-03-11 17:40:06+00:00,xingyaoww/sweb.eval.x86_64.dask_s_dask-8801,1,single,32,0,2.0,13
dask/dask,dask/dask,swerebench_filtered,dask__dask-11301,11301,1ba9c5bf9d0b005b89a04804f29c16e5f0f2dadf,2024-08-12 09:42:48+00:00,swerebench/sweb.eval.x86_64.dask_1776_dask-11301,3,multi,46,0,3.0,14
dask/dask,dask/dask,swerebench_filtered,dask__dask-11288,11288,1ba9c5bf9d0b005b89a04804f29c16e5f0f2dadf,2024-08-08 16:40:34+00:00,swerebench/sweb.eval.x86_64.dask_1776_dask-11288,1,single,33,0,2.0,15
dask/dask,dask/dask,swerebench_filtered,dask__dask-4506,4506,221eb099ea8690ef7da334aa97b9a4e30e679f61,2019-02-19 16:13:42+00:00,swerebench/sweb.eval.x86_64.dask_1776_dask-4506,1,single,15,0,1.0,16
dask/dask,dask/dask,swerebench_filtered,dask__dask-10765,10765,63b6bb84015975c8466e80d1d498a293835ae936,2024-01-10 09:10:40+00:00,xingyaoww/sweb.eval.x86_64.dask_s_dask-10765,1,single,23,0,1.0,17
dask/dask,dask/dask,swerebench_filtered,dask__dask-3955,3955,92c8cba82e5e427f9acbdadcc6973a531466ae41,2018-09-05 17:06:45+00:00,swerebench/sweb.eval.x86_64.dask_1776_dask-3955,2,multi,8,0,2.0,18
dask/dask,dask/dask,swerebench_filtered,dask__dask-11707,11707,c5524337c7abf5f9c5436736cbc8c081c193e8ab,2025-01-30 19:17:47+00:00,swerebench/sweb.eval.x86_64.dask_1776_dask-11707,2,multi,15,0,3.0,19
dask/dask,dask/dask,swerebench_filtered,dask__dask-11698,11698,d8eb38e97db5a83d893b178a2bb8ec7c34bd8f29,2025-01-24 10:53:53+00:00,swerebench/sweb.eval.x86_64.dask_1776_dask-11698,1,single,5,0,1.0,20
deepset-ai/haystack,deepset-ai/haystack,swerebench_filtered,deepset-ai__haystack-7653,7653,af53e8430d93e1bca9a411cf162d72ad41dd6c02,2024-05-06 11:48:51+00:00,swerebench/sweb.eval.x86_64.deepset-ai_1776_haystack-7653,5,multi,97,0,11.0,1
deepset-ai/haystack,deepset-ai/haystack,swerebench_filtered,deepset-ai__haystack-7929,7929,8b9eddcd948e972c844e03000c2802e85e462c2a,2024-06-25 15:00:05+00:00,swerebench/sweb.eval.x86_64.deepset-ai_1776_haystack-7929,1,single,1,0,3.0,2
deepset-ai/haystack,deepset-ai/haystack,swerebench_filtered,deepset-ai__haystack-6261,6261,676da681d08e2fc97b1e6ff66ef98f57c6f0260f,2023-11-09 12:30:57+00:00,swerebench/sweb.eval.x86_64.deepset-ai_1776_haystack-6261,1,single,6,0,1.0,3
deepset-ai/haystack,deepset-ai/haystack,swebench_live_full,deepset-ai__haystack-6717,6717,0616197b44ae95da03aad7e5ac3997b243bd735d,2024-01-10 10:15:54+00:00,starryzhang/sweb.eval.x86_64.deepset-ai_1776_haystack-6717,1,single,5,0,3.0,4
deepset-ai/haystack,deepset-ai/haystack,swebench_live_full,deepset-ai__haystack-8489,8489,906177329bcc54f6946af361fcd3d0e334e6ce5f,2024-10-24 04:16:29+00:00,starryzhang/sweb.eval.x86_64.deepset-ai_1776_haystack-8489,5,multi,40,0,4.0,5
deepset-ai/haystack,deepset-ai/haystack,swebench_live_full,deepset-ai__haystack-9568,9568,fc64884819b37c944a9580c022698c19102a37eb,2025-06-30 11:17:12+00:00,starryzhang/sweb.eval.x86_64.deepset-ai_1776_haystack-9568,2,multi,31,0,4.0,6
deepset-ai/haystack,deepset-ai/haystack,swebench_live_full,deepset-ai__haystack-9336,9336,e3f9da13d0df40b5898e480c725ee329ca175858,2025-05-01 17:39:02+00:00,starryzhang/sweb.eval.x86_64.deepset-ai_1776_haystack-9336,1,single,71,0,4.0,7
deepset-ai/haystack,deepset-ai/haystack,swerebench_filtered,deepset-ai__haystack-7983,7983,e92a0e4bebe14352f4d540278a77a8e34021c62f,2024-07-05 09:00:03+00:00,swerebench/sweb.eval.x86_64.deepset-ai_1776_haystack-7983,1,single,13,0,3.0,8
deepset-ai/haystack,deepset-ai/haystack,swebench_live_full,deepset-ai__haystack-9189,9189,f6fceb1b568bf08f8244cf123b71cf32af8bec33,2025-04-07 16:34:07+00:00,starryzhang/sweb.eval.x86_64.deepset-ai_1776_haystack-9189,2,multi,154,0,5.0,9
deepset-ai/haystack,deepset-ai/haystack,swebench_live_full,deepset-ai__haystack-6857,6857,9af6c7e442580c1df4763e6170ed36918d16eddd,2024-01-31 11:41:00+00:00,starryzhang/sweb.eval.x86_64.deepset-ai_1776_haystack-6857,1,single,23,0,2.0,10
deepset-ai/haystack,deepset-ai/haystack,swebench_live_full,deepset-ai__haystack-7303,7303,8d7a58347ddce640b4871f6017936537a9f1088c,2024-03-05 08:22:02+00:00,starryzhang/sweb.eval.x86_64.deepset-ai_1776_haystack-7303,1,single,77,0,2.0,11
deepset-ai/haystack,deepset-ai/haystack,swebench_live_full,deepset-ai__haystack-9688,9688,5f3c37d287a4fa882d59161a20f762e9102bc6aa,2025-08-06 15:31:12+00:00,starryzhang/sweb.eval.x86_64.deepset-ai_1776_haystack-9688,2,multi,181,0,6.0,12
deepset-ai/haystack,deepset-ai/haystack,swerebench_filtered,deepset-ai__haystack-7685,7685,2428bc2a92c2cb97381523beb9662a14fe15e9b5,2024-05-13 10:23:20+00:00,swerebench/sweb.eval.x86_64.deepset-ai_1776_haystack-7685,2,multi,10,0,2.0,13
deepset-ai/haystack,deepset-ai/haystack,swerebench_filtered,deepset-ai__haystack-7988,7988,d7a7d9c1fb07c9e351a740e33e9347c67e0ccf08,2024-07-07 14:31:20+00:00,swerebench/sweb.eval.x86_64.deepset-ai_1776_haystack-7988,1,single,11,0,2.0,14
deepset-ai/haystack,deepset-ai/haystack,swerebench_filtered,deepset-ai__haystack-6841,6841,0fbb0655f0ddcb5ae07f90872c7bf7b2d5df72b9,2024-01-29 11:21:41+00:00,swerebench/sweb.eval.x86_64.deepset-ai_1776_haystack-6841,2,multi,23,0,4.0,15
deepset-ai/haystack,deepset-ai/haystack,swebench_live_full,deepset-ai__haystack-7042,7042,05af9c3439b05c8e730a3185fc84e2b45cda22b3,2024-02-20 08:45:55+00:00,starryzhang/sweb.eval.x86_64.deepset-ai_1776_haystack-7042,1,single,21,0,3.0,16
deepset-ai/haystack,deepset-ai/haystack,swebench_live_full,deepset-ai__haystack-9582,9582,848115c65edb98fe600d71cb398f8a5e4c874f76,2025-07-02 07:05:42+00:00,starryzhang/sweb.eval.x86_64.deepset-ai_1776_haystack-9582,1,single,6,0,2.0,17
deepset-ai/haystack,deepset-ai/haystack,swebench_live_full,deepset-ai__haystack-8941,8941,db4f23771abb41e598ad65041c997d72d6268dd9,2025-02-26 17:52:08+00:00,starryzhang/sweb.eval.x86_64.deepset-ai_1776_haystack-8941,1,single,42,0,1.0,18
deepset-ai/haystack,deepset-ai/haystack,swerebench_filtered,deepset-ai__haystack-6776,6776,bce988eab00aa21272df177070b02c8d9789515c,2024-01-18 14:34:13+00:00,swerebench/sweb.eval.x86_64.deepset-ai_1776_haystack-6776,1,single,3,0,1.0,19
deepset-ai/haystack,deepset-ai/haystack,swebench_live_full,deepset-ai__haystack-8804,8804,ad5d29d92fec1592ee8a8597df46ea09b9260f8a,2025-02-04 10:33:45+00:00,starryzhang/sweb.eval.x86_64.deepset-ai_1776_haystack-8804,2,multi,7,0,4.0,20
django-json-api/django-rest-framework-json-api,django-json-api/django-rest-framework-json-api,swebench_live_full,django-json-api__django-rest-framework-json-api-1286,1286,87108d4d6472b0c76e8c8fff53a6f08a026dd319,2025-07-17 15:19:55+00:00,starryzhang/sweb.eval.x86_64.django-json-api_1776_django-rest-framework-json-api-1286,1,single,6,0,1.0,1
django-json-api/django-rest-framework-json-api,django-json-api/django-rest-framework-json-api,swerebench_filtered,django-json-api__django-rest-framework-json-api-842,842,e09b85dc3a7220f2e6fb1a3994ba176a2b71566f,2020-10-15 14:43:03+00:00,swerebench/sweb.eval.x86_64.django-json-api_1776_django-rest-framework-json-api-842,1,single,2,0,2.0,2
django-json-api/django-rest-framework-json-api,django-json-api/django-rest-framework-json-api,swerebench_filtered,django-json-api__django-rest-framework-json-api-1245,1245,6eff72e1be5fd8359f58c519091016f3e6709e23,2024-07-22 22:07:08+00:00,swerebench/sweb.eval.x86_64.django-json-api_1776_django-rest-framework-json-api-1245,1,single,10,0,2.0,3
django-json-api/django-rest-framework-json-api,django-json-api/django-rest-framework-json-api,swerebench_filtered,django-json-api__django-rest-framework-json-api-1020,1020,3db6bce73e017a883e3f9139f5acaa466b634c71,2021-12-02 20:38:28+00:00,swerebench/sweb.eval.x86_64.django-json-api_1776_django-rest-framework-json-api-1020,1,single,5,0,1.0,4
django-json-api/django-rest-framework-json-api,django-json-api/django-rest-framework-json-api,swerebench_filtered,django-json-api__django-rest-framework-json-api-1220,1220,2568417f1940834c058ccf8319cf3e4bc0913bee,2024-04-18 19:46:32+00:00,swerebench/sweb.eval.x86_64.django-json-api_1776_django-rest-framework-json-api-1220,1,single,13,0,1.0,5
django-json-api/django-rest-framework-json-api,django-json-api/django-rest-framework-json-api,swerebench_filtered,django-json-api__django-rest-framework-json-api-1074,1074,46551a9aada19c503e363b20b47765009038d996,2022-07-20 11:13:20+00:00,swerebench/sweb.eval.x86_64.django-json-api_1776_django-rest-framework-json-api-1074,1,single,9,0,1.0,6
django-json-api/django-rest-framework-json-api,django-json-api/django-rest-framework-json-api,swebench_live_full,django-json-api__django-rest-framework-json-api-1301,1301,142c76edadf7bf4d6c6692da307c03355103b1f6,2025-08-20 14:22:30+00:00,starryzhang/sweb.eval.x86_64.django-json-api_1776_django-rest-framework-json-api-1301,1,single,2,0,3.0,7
django-json-api/django-rest-framework-json-api,django-json-api/django-rest-framework-json-api,swerebench_filtered,django-json-api__django-rest-framework-json-api-1231,1231,21493c1abda91af80de13202407485ef1a21dc50,2024-06-04 21:07:00+00:00,swerebench/sweb.eval.x86_64.django-json-api_1776_django-rest-framework-json-api-1231,2,multi,12,0,2.0,8
django-json-api/django-rest-framework-json-api,django-json-api/django-rest-framework-json-api,swebench_live_full,django-json-api__django-rest-framework-json-api-1283,1283,0394cf91b87f6d488be3da8ef585df325786c73a,2025-07-14 13:14:27+00:00,starryzhang/sweb.eval.x86_64.django-json-api_1776_django-rest-framework-json-api-1283,3,multi,19,0,4.0,9
django-json-api/django-rest-framework-json-api,django-json-api/django-rest-framework-json-api,swerebench_filtered,django-json-api__django-rest-framework-json-api-868,868,3263061a486e7b6bbfff066620a605383714fdf6,2020-12-04 03:42:03+00:00,swerebench/sweb.eval.x86_64.django-json-api_1776_django-rest-framework-json-api-868,1,single,5,0,3.0,10
django-json-api/django-rest-framework-json-api,django-json-api/django-rest-framework-json-api,swerebench_filtered,django-json-api__django-rest-framework-json-api-1162,1162,71508efa3fee8ff75c9cfcd092844801aeb407e1,2023-06-28 06:04:41+00:00,swerebench/sweb.eval.x86_64.django-json-api_1776_django-rest-framework-json-api-1162,1,single,6,0,3.0,11
django/django,django/django,swebench_full,django__django-14471,14471,c609d5149c9295207cd7b2e8154e7b80a18d834a,2021-05-31 11:52:18+00:00,swebench/sweb.eval.x86_64.django_1776_django-14471,1,single,23,0,2.0,1
django/django,django/django,swebench_full,django__django-14089,14089,d01709aae21de9cd2565b9c52f32732ea28a2d98,2021-03-06 20:51:08+00:00,swebench/sweb.eval.x86_64.django_1776_django-14089,1,single,3,0,1.0,2
django/django,django/django,swebench_full,django__django-5158,5158,f9de1972685ab5ab31ce483a297d85d3e119088b,2015-08-19 10:02:04+00:00,swebench/sweb.eval.x86_64.django_1776_django-5158,1,single,10,0,5.0,3
django/django,django/django,swebench_full,django__django-14416,14416,84c7c4a477eae5de394d036d7ba1e58a37e18b69,2021-05-19 11:22:26+00:00,swebench/sweb.eval.x86_64.django_1776_django-14416,1,single,7,0,1.0,4
django/django,django/django,swebench_full,django__django-14034,14034,db1fc5cd3c5d36cdb5d0fe4404efd6623dd3e8fb,2021-02-22 19:32:50+00:00,swebench/sweb.eval.x86_64.django_1776_django-14034,1,single,14,0,1.0,5
django/django,django/django,swebench_full,django__django-12394,12394,8c0c0235b6a23a0d69cd77286d0212de90d4af44,2020-01-30 17:11:15+00:00,swebench/sweb.eval.x86_64.django_1776_django-12394,1,single,5,0,1.0,6
django/django,django/django,swebench_full,django__django-14727,14727,7afca03c4058c25f2e1cec8d0b07c2157c93e831,2021-08-02 15:15:17+00:00,swebench/sweb.eval.x86_64.django_1776_django-14727,3,multi,18,0,2.0,7
django/django,django/django,swebench_full,django__django-13350,13350,5fcfe5361e5b8c9738b1ee4c1e9a6f293a7dda40,2020-08-26 12:07:10+00:00,swebench/sweb.eval.x86_64.django_1776_django-13350,2,multi,25,0,1.0,8
django/django,django/django,swebench_full,django__django-16501,16501,882f99031e6e447384bfe22044cc980567d2f40d,2023-01-26 05:49:37+00:00,swebench/sweb.eval.x86_64.django_1776_django-16501,1,single,12,0,1.0,9
django/django,django/django,swebench_full,django__django-15498,15498,d90e34c61b27fba2527834806639eebbcfab9631,2022-03-10 19:47:15+00:00,swebench/sweb.eval.x86_64.django_1776_django-15498,1,single,4,0,1.0,10
django/django,django/django,swebench_full,django__django-13822,13822,74fd233b1433da8c68de636172ee1c9c6d1c08c9,2020-12-30 02:26:00+00:00,swebench/sweb.eval.x86_64.django_1776_django-13822,1,single,6,0,4.0,11
django/django,django/django,swebench_full,django__django-13743,13743,cf2ca22a5797cdd53a10954e9811893325b24a30,2020-12-03 07:49:02+00:00,swebench/sweb.eval.x86_64.django_1776_django-13743,1,single,6,0,1.0,12
django/django,django/django,swebench_full,django__django-15474,15474,c121e32082edaff817d9f69dec0c24855dc0186f,2022-03-03 01:53:38+00:00,swebench/sweb.eval.x86_64.django_1776_django-15474,1,single,3,0,1.0,13
django/django,django/django,swebench_full,django__django-13279,13279,6e9c5ee88fc948e05b4a7d9f82a8861ed2b0343d,2020-08-07 05:15:16+00:00,swebench/sweb.eval.x86_64.django_1776_django-13279,1,single,9,0,9.0,14
django/django,django/django,swebench_full,django__django-13128,13128,2d67222472f80f251607ae1b720527afceba06ad,2020-06-30 18:06:56+00:00,swebench/sweb.eval.x86_64.django_1776_django-13128,1,single,43,0,7.0,15
django/django,django/django,swebench_full,django__django-12591,12591,75410228dfd16e49eb3c0ea30b59b4c0d2ea6b03,2020-03-20 07:59:43+00:00,swebench/sweb.eval.x86_64.django_1776_django-12591,1,single,11,0,1.0,16
django/django,django/django,swebench_full,django__django-11457,11457,03cd3d137e2c29484b020b9768a4741f1096be97,2019-06-09 22:38:18+00:00,swebench/sweb.eval.x86_64.django_1776_django-11457,1,single,11,0,1.0,17
django/django,django/django,swebench_full,django__django-14779,14779,231de683d86374c2b74da2185efc6ddfb5eb3341,2021-08-18 21:32:42+00:00,swebench/sweb.eval.x86_64.django_1776_django-14779,1,single,2,0,2.0,18
django/django,django/django,swebench_full,django__django-16067,16067,c11336cd990e155371a5185cf3bd6942cad8d9da,2022-09-16 19:47:22+00:00,swebench/sweb.eval.x86_64.django_1776_django-16067,1,single,6,0,1.0,19
django/django,django/django,swebench_full,django__django-8326,8326,af1fa5e7da21c57a4037e67f93493af4e78d454a,2017-04-07 11:18:46+00:00,swebench/sweb.eval.x86_64.django_1776_django-8326,1,single,40,0,1.0,20
docker/docker-py,docker/docker-py,swerebench_filtered,docker__docker-py-1143,1143,2d3bda84de39a75e560fc79512143d43e5d61226,2016-07-28 01:43:06+00:00,swerebench/sweb.eval.x86_64.docker_1776_docker-py-1143,1,single,38,0,1.0,1
docker/docker-py,docker/docker-py,swerebench_filtered,docker__docker-py-2917,2917,b2a18d7209f827d83cc33acb80aa31bf404ffd4b,2021-11-23 07:33:12+00:00,swerebench/sweb.eval.x86_64.docker_1776_docker-py-2917,3,multi,13,0,1.0,2
docker/docker-py,docker/docker-py,swerebench_filtered,docker__docker-py-1167,1167,2ef02df2f06fafe7d71c96bac1e18d68217703ab,2016-08-23 23:53:03+00:00,swerebench/sweb.eval.x86_64.docker_1776_docker-py-1167,2,multi,16,0,1.0,3
docker/docker-py,docker/docker-py,swerebench_filtered,docker__docker-py-3120,3120,576e47aaacf690a3fdd6cf98c345d48ecf834b7d,2023-05-06 19:23:04+00:00,swerebench/sweb.eval.x86_64.docker_1776_docker-py-3120,1,single,5,0,1.0,4
docker/docker-py,docker/docker-py,swerebench_filtered,docker__docker-py-1385,1385,07b20ce660f4a4b1e64ef3ede346eef9ec08635a,2017-01-09 23:14:24+00:00,swerebench/sweb.eval.x86_64.docker_1776_docker-py-1385,1,single,12,0,1.0,5
docker/docker-py,docker/docker-py,swerebench_filtered,docker__docker-py-3191,3191,cb8f2c6630584d6d1b2d9296a0c780af0f5e5549,2023-12-01 17:56:36+00:00,swerebench/sweb.eval.x86_64.docker_1776_docker-py-3191,3,multi,19,0,1.0,6
docker/docker-py,docker/docker-py,swerebench_filtered,docker__docker-py-2927,2927,26064dd6b584ee14878157b4c8b001eefed70caf,2021-12-22 14:47:49+00:00,swerebench/sweb.eval.x86_64.docker_1776_docker-py-2927,3,multi,32,0,3.0,7
docker/docker-py,docker/docker-py,swerebench_filtered,docker__docker-py-1255,1255,008730c670afb2f88c7db308901586fb24f1a60c,2016-10-12 23:07:38+00:00,swerebench/sweb.eval.x86_64.docker_1776_docker-py-1255,1,single,4,0,1.0,8
docker/docker-py,docker/docker-py,swerebench_filtered,docker__docker-py-1150,1150,650cc70e934044fcb5dfd27fd27777f91c337b6c,2016-08-03 00:27:54+00:00,swerebench/sweb.eval.x86_64.docker_1776_docker-py-1150,1,single,2,0,1.0,9
docker/docker-py,docker/docker-py,swerebench_filtered,docker__docker-py-2793,2793,31775a1532a66cf8a4c183a99bb5c73623147295,2021-03-24 17:02:52+00:00,swerebench/sweb.eval.x86_64.docker_1776_docker-py-2793,1,single,1,0,1.0,10
docker/docker-py,docker/docker-py,swerebench_filtered,docker__docker-py-3200,3200,6ceb08273c157cbab7b5c77bd71e7389f1a6acc5,2023-12-17 15:00:52+00:00,swerebench/sweb.eval.x86_64.docker_1776_docker-py-3200,3,multi,12,0,6.0,11
dpkp/kafka-python,dpkp/kafka-python,swebench_live_full,dpkp__kafka-python-2631,2631,48dd596462be5fc7cda004c85b26db823c184a39,2025-05-22 15:49:24+00:00,starryzhang/sweb.eval.x86_64.dpkp_1776_kafka-python-2631,1,single,17,0,1.0,1
dpkp/kafka-python,dpkp/kafka-python,swerebench_filtered,dpkp__kafka-python-1312,1312,141b6b29609f9594ad9d3d3302a0123d1b831261,2017-12-06 00:48:48+00:00,swerebench/sweb.eval.x86_64.dpkp_1776_kafka-python-1312,5,multi,144,0,1.0,2
dpkp/kafka-python,dpkp/kafka-python,swerebench_filtered,dpkp__kafka-python-1367,1367,618c5051493693c1305aa9f08e8a0583d5fcf0e3,2018-02-05 22:03:47+00:00,swerebench/sweb.eval.x86_64.dpkp_1776_kafka-python-1367,1,single,13,0,2.0,3
dpkp/kafka-python,dpkp/kafka-python,swerebench_filtered,dpkp__kafka-python-2548,2548,cebfed210c7bca4a6c699df6748b008dbb7ce087,2025-03-16 16:28:51+00:00,swerebench/sweb.eval.x86_64.dpkp_1776_kafka-python-2548,2,multi,43,0,2.0,4
dpkp/kafka-python,dpkp/kafka-python,swerebench_filtered,dpkp__kafka-python-1239,1239,cec1bdc9965b3d6729d4415e31b4dac04d603873,2017-10-05 17:16:48+00:00,swerebench/sweb.eval.x86_64.dpkp_1776_kafka-python-1239,1,single,9,0,1.0,5
dpkp/kafka-python,dpkp/kafka-python,swerebench_filtered,dpkp__kafka-python-2573,2573,70ec261b0d41448eb9d6b4ff9456d0d2d65edf15,2025-03-27 19:55:50+00:00,swerebench/sweb.eval.x86_64.dpkp_1776_kafka-python-2573,3,multi,22,0,1.0,6
dpkp/kafka-python,dpkp/kafka-python,swerebench_filtered,dpkp__kafka-python-1320,1320,009290ddd5d4616d70bff93f841e773af8b22750,2017-12-08 02:16:09+00:00,swerebench/sweb.eval.x86_64.dpkp_1776_kafka-python-1320,3,multi,144,0,1.0,7
dpkp/kafka-python,dpkp/kafka-python,swebench_live_full,dpkp__kafka-python-2608,2608,26fbd2eed37224a6815cf61f4f302bf060945576,2025-05-01 19:50:20+00:00,starryzhang/sweb.eval.x86_64.dpkp_1776_kafka-python-2608,2,multi,53,0,1.0,8
dpkp/kafka-python,dpkp/kafka-python,swerebench_filtered,dpkp__kafka-python-1029,1029,899f11730db5f209c03cfad20111ec131ee4c70b,2017-03-13 17:32:28+00:00,swerebench/sweb.eval.x86_64.dpkp_1776_kafka-python-1029,1,single,2,0,1.0,9
dpkp/kafka-python,dpkp/kafka-python,swerebench_filtered,dpkp__kafka-python-1769,1769,de6e9d3cc31db2d513e8d8f9dde4d77d400325ce,2019-03-30 15:36:49+00:00,swerebench/sweb.eval.x86_64.dpkp_1776_kafka-python-1769,1,single,8,0,2.0,10
dpkp/kafka-python,dpkp/kafka-python,swerebench_filtered,dpkp__kafka-python-1688,1688,812de351f75beefe73bd9bef55847ab61ccc951d,2019-01-03 23:14:30+00:00,swerebench/sweb.eval.x86_64.dpkp_1776_kafka-python-1688,1,single,10,0,1.0,11
dwavesystems/dimod,dwavesystems/dimod,swerebench_filtered,dwavesystems__dimod-459,459,8f6895d935af629edd492c86b2d31ea529997e27,2019-04-16 00:26:22+00:00,swerebench/sweb.eval.x86_64.dwavesystems_1776_dimod-459,1,single,3,0,1.0,1
dwavesystems/dimod,dwavesystems/dimod,swerebench_filtered,dwavesystems__dimod-527,527,f67f48677202adffea7a5484e021e2599177b238,2019-08-30 02:08:12+00:00,swerebench/sweb.eval.x86_64.dwavesystems_1776_dimod-527,2,multi,17,0,2.0,2
dwavesystems/dimod,dwavesystems/dimod,swerebench_filtered,dwavesystems__dimod-263,263,53a6efa00f23cd87774579536d589433601adca7,2018-08-15 22:09:36+00:00,swerebench/sweb.eval.x86_64.dwavesystems_1776_dimod-263,2,multi,109,0,15.0,3
dwavesystems/dimod,dwavesystems/dimod,swerebench_filtered,dwavesystems__dimod-307,307,63d9efac1c553e86c2cab6554d0af1ab3188b3c7,2018-10-25 16:36:53+00:00,swerebench/sweb.eval.x86_64.dwavesystems_1776_dimod-307,1,single,11,0,1.0,4
dwavesystems/dimod,dwavesystems/dimod,swerebench_filtered,dwavesystems__dimod-387,387,72188236007a1225294a994f9684560de657d865,2019-01-22 22:20:52+00:00,swerebench/sweb.eval.x86_64.dwavesystems_1776_dimod-387,2,multi,102,0,3.0,5
dwavesystems/dimod,dwavesystems/dimod,swerebench_filtered,dwavesystems__dimod-336,336,54a79d8ad74234aac298d41531c76f73ee607b1b,2018-12-20 18:46:18+00:00,swerebench/sweb.eval.x86_64.dwavesystems_1776_dimod-336,1,single,15,0,1.0,6
dwavesystems/dimod,dwavesystems/dimod,swerebench_filtered,dwavesystems__dimod-398,398,15e6f93638b937156e8f0fff008c3b63a451aa45,2019-02-05 19:47:55+00:00,swerebench/sweb.eval.x86_64.dwavesystems_1776_dimod-398,2,multi,29,0,1.0,7
dwavesystems/dimod,dwavesystems/dimod,swerebench_filtered,dwavesystems__dimod-171,171,2859c969a064fb2b7053919c8f1b50977a408511,2018-04-09 20:45:34+00:00,swerebench/sweb.eval.x86_64.dwavesystems_1776_dimod-171,2,multi,38,0,2.0,8
dwavesystems/dimod,dwavesystems/dimod,swerebench_filtered,dwavesystems__dimod-310,310,680b0434b77e17e211e74f84503b05a476b9ec64,2018-10-26 16:37:48+00:00,swerebench/sweb.eval.x86_64.dwavesystems_1776_dimod-310,1,single,31,0,1.0,9
dwavesystems/dimod,dwavesystems/dimod,swerebench_filtered,dwavesystems__dimod-377,377,91938b74aac2dff4fdcc6dc55bf3b710465799ae,2019-01-18 22:54:21+00:00,swerebench/sweb.eval.x86_64.dwavesystems_1776_dimod-377,1,single,38,0,2.0,10
dwavesystems/dimod,dwavesystems/dimod,swerebench_filtered,dwavesystems__dimod-497,497,4920d4e490a40ae69fafb4709ff8cc91059feb79,2019-06-14 17:42:58+00:00,swerebench/sweb.eval.x86_64.dwavesystems_1776_dimod-497,3,multi,37,0,2.0,11
dwavesystems/dimod,dwavesystems/dimod,swerebench_filtered,dwavesystems__dimod-266,266,67f88fd545767cf999bf86e86bf93489f3a503b9,2018-08-21 21:32:44+00:00,swerebench/sweb.eval.x86_64.dwavesystems_1776_dimod-266,1,single,15,0,1.0,12
dwavesystems/dimod,dwavesystems/dimod,swerebench_filtered,dwavesystems__dimod-174,174,7b75e47ce4fec541e432f84367ba58393934b941,2018-04-10 00:05:58+00:00,swerebench/sweb.eval.x86_64.dwavesystems_1776_dimod-174,1,single,40,0,3.0,13
dwavesystems/dimod,dwavesystems/dimod,swerebench_filtered,dwavesystems__dimod-331,331,e89fd52174afdcb783a7859892b328ee989e01dd,2018-12-19 19:59:00+00:00,swerebench/sweb.eval.x86_64.dwavesystems_1776_dimod-331,1,single,16,0,1.0,14
dwavesystems/dimod,dwavesystems/dimod,swerebench_filtered,dwavesystems__dimod-259,259,4ebac589cfcddcfcef4b4e5160a07c5f67d999f6,2018-08-13 20:03:57+00:00,swerebench/sweb.eval.x86_64.dwavesystems_1776_dimod-259,1,single,8,0,1.0,15
dwavesystems/dimod,dwavesystems/dimod,swerebench_filtered,dwavesystems__dimod-383,383,72188236007a1225294a994f9684560de657d865,2019-01-22 19:59:56+00:00,swerebench/sweb.eval.x86_64.dwavesystems_1776_dimod-383,3,multi,137,0,4.0,16
dwavesystems/dimod,dwavesystems/dimod,swerebench_filtered,dwavesystems__dimod-384,384,cbcea2e9809fa2016e5728cf6d170db7f02e2712,2019-01-22 21:39:29+00:00,swerebench/sweb.eval.x86_64.dwavesystems_1776_dimod-384,2,multi,57,0,6.0,17
elastic/rally,elastic/rally,swerebench_filtered,elastic__rally-544,544,7387ca228ec1f0f7e6dc5f4938cfc62dbc4c5cba,2018-07-31 06:45:19+00:00,swerebench/sweb.eval.x86_64.elastic_1776_rally-544,1,single,5,0,1.0,1
elastic/rally,elastic/rally,swerebench_filtered,elastic__rally-507,507,1ceb4dbe3d5c925fbcc63bc4ec8426a653d7c6f3,2018-05-18 17:09:02+00:00,swerebench/sweb.eval.x86_64.elastic_1776_rally-507,2,multi,16,0,2.0,2
elastic/rally,elastic/rally,swerebench_filtered,elastic__rally-436,436,1ca746a1ef3cbf7c2441e9d6d2bb279795853991,2018-03-09 11:38:31+00:00,swerebench/sweb.eval.x86_64.elastic_1776_rally-436,4,multi,31,0,2.0,3
elastic/rally,elastic/rally,swerebench_filtered,elastic__rally-454,454,7a0e577136d44360d61b3b91a0dc00ecc659f016,2018-04-04 10:58:30+00:00,swerebench/sweb.eval.x86_64.elastic_1776_rally-454,1,single,19,0,4.0,4
elastic/rally,elastic/rally,swerebench_filtered,elastic__rally-540,540,f2557f8476f7ba34c5def1c0126218f19266dee1,2018-07-25 14:29:36+00:00,swerebench/sweb.eval.x86_64.elastic_1776_rally-540,1,single,1,0,2.0,5
elastic/rally,elastic/rally,swerebench_filtered,elastic__rally-451,451,7aad2e841ca7a2e022447993a83513f24b49c755,2018-03-27 17:26:22+00:00,swerebench/sweb.eval.x86_64.elastic_1776_rally-451,2,multi,89,0,11.0,6
elastic/rally,elastic/rally,swerebench_filtered,elastic__rally-557,557,a8f4694a7dd6a7b4098f49d93daf14b4e55a090a,2018-08-27 11:09:41+00:00,swerebench/sweb.eval.x86_64.elastic_1776_rally-557,1,single,25,0,6.0,7
elastic/rally,elastic/rally,swerebench_filtered,elastic__rally-1674,1674,6915655f2ebf11311db54ebd2014c942110e77e2,2023-02-22 12:19:31+00:00,swerebench/sweb.eval.x86_64.elastic_1776_rally-1674,1,single,11,0,2.0,8
elastic/rally,elastic/rally,swerebench_filtered,elastic__rally-627,627,4497951696f75078fe05e2def4b95592e074d211,2019-01-09 13:31:23+00:00,swerebench/sweb.eval.x86_64.elastic_1776_rally-627,1,single,12,0,1.0,9
elastic/rally,elastic/rally,swerebench_filtered,elastic__rally-430,430,188495b1fdcd8f9e36625ca2b10f1c9659750290,2018-03-08 13:23:20+00:00,swerebench/sweb.eval.x86_64.elastic_1776_rally-430,2,multi,22,0,2.0,10
elastic/rally,elastic/rally,swerebench_filtered,elastic__rally-469,469,a5408e0d0d07b271b509df8057a7c73303604c10,2018-04-12 11:53:51+00:00,swerebench/sweb.eval.x86_64.elastic_1776_rally-469,2,multi,105,0,9.0,11
elastic/rally,elastic/rally,swerebench_filtered,elastic__rally-612,612,ddc1e7a8873e5336809b7e6cfe3f434175a08ff3,2018-11-30 09:57:52+00:00,swerebench/sweb.eval.x86_64.elastic_1776_rally-612,1,single,12,0,9.0,12
elastic/rally,elastic/rally,swerebench_filtered,elastic__rally-1469,1469,207bb15258cdab397eea3a3e4fd4f08e50766bc5,2022-03-28 05:46:42+00:00,swerebench/sweb.eval.x86_64.elastic_1776_rally-1469,2,multi,6,0,1.0,13
elastic/rally,elastic/rally,swerebench_filtered,elastic__rally-524,524,54edbccaef684a2a5e202ba37b3fd0ca1b786821,2018-06-14 07:32:19+00:00,swerebench/sweb.eval.x86_64.elastic_1776_rally-524,1,single,12,0,2.0,14
elastic/rally,elastic/rally,swerebench_filtered,elastic__rally-1284,1284,df8634ecd0df12cc97ed44199a1837f0e5371e61,2021-06-16 08:26:45+00:00,swerebench/sweb.eval.x86_64.elastic_1776_rally-1284,2,multi,5,0,1.0,15
ethereum/web3.py,ethereum/web3.py,swerebench_filtered,ethereum__web3.py-3308,3308,f6629c25731dcc7ee98f94f6a806dd8798cdd8e6,2024-03-26 23:18:48+00:00,swerebench/sweb.eval.x86_64.ethereum_1776_web3.py-3308,4,multi,42,0,9.0,1
ethereum/web3.py,ethereum/web3.py,swerebench_filtered,ethereum__web3.py-3467,3467,3237c6f2c1bfaddb5da8ad9d370fd50ad26f1700,2024-08-28 21:59:20+00:00,swerebench/sweb.eval.x86_64.ethereum_1776_web3.py-3467,3,multi,32,0,2.0,2
ethereum/web3.py,ethereum/web3.py,swerebench_filtered,ethereum__web3.py-3289,3289,e29ce515208d424c9f9e54d512fcc0d2007b67bb,2024-03-14 22:39:53+00:00,swerebench/sweb.eval.x86_64.ethereum_1776_web3.py-3289,1,single,10,0,1.0,3
ethereum/web3.py,ethereum/web3.py,swerebench_filtered,ethereum__web3.py-3463,3463,9e21be09d8f4c2356228284ffb52f4f6a3026e35,2024-08-27 04:08:08+00:00,swerebench/sweb.eval.x86_64.ethereum_1776_web3.py-3463,2,multi,40,0,2.0,4
ethereum/web3.py,ethereum/web3.py,swerebench_filtered,ethereum__web3.py-3604,3604,0b6239f89c934d3c81d18d2c39747f1fd21cab88,2025-02-04 18:39:15+00:00,swerebench/sweb.eval.x86_64.ethereum_1776_web3.py-3604,1,single,9,0,1.0,5
ethereum/web3.py,ethereum/web3.py,swerebench_filtered,ethereum__web3.py-3103,3103,2c5009b00ed9dff12519871b4193f5d46b606b66,2023-09-20 20:14:35+00:00,swerebench/sweb.eval.x86_64.ethereum_1776_web3.py-3103,4,multi,16,0,1.0,6
ethereum/web3.py,ethereum/web3.py,swerebench_filtered,ethereum__web3.py-3594,3594,f7d1cd37c9acb3f6a565655da720b9848d9b65bb,2025-01-28 15:47:46+00:00,swerebench/sweb.eval.x86_64.ethereum_1776_web3.py-3594,2,multi,33,0,1.0,7
ethereum/web3.py,ethereum/web3.py,swerebench_filtered,ethereum__web3.py-3257,3257,ff6de1c0d49e9a135db9bce51249568ab2a4e3c1,2024-02-26 23:14:27+00:00,swerebench/sweb.eval.x86_64.ethereum_1776_web3.py-3257,3,multi,27,0,4.0,8
ethereum/web3.py,ethereum/web3.py,swerebench_filtered,ethereum__web3.py-3469,3469,bfe0706862f7624ef4915ff04ba250ef50548fe1,2024-08-29 17:14:10+00:00,swerebench/sweb.eval.x86_64.ethereum_1776_web3.py-3469,2,multi,54,0,2.0,9
ethereum/web3.py,ethereum/web3.py,swerebench_filtered,ethereum__web3.py-3187,3187,8f853f5841fd62187bce0c9f17be75627104ca43,2024-01-08 23:02:58+00:00,swerebench/sweb.eval.x86_64.ethereum_1776_web3.py-3187,3,multi,17,0,2.0,10
ethereum/web3.py,ethereum/web3.py,swerebench_filtered,ethereum__web3.py-3584,3584,941f8d08f66e34ca83dfaf6c4c96bb294153a996,2025-01-18 13:41:41+00:00,swerebench/sweb.eval.x86_64.ethereum_1776_web3.py-3584,2,multi,4,0,2.0,11
ethereum/web3.py,ethereum/web3.py,swerebench_filtered,ethereum__web3.py-3444,3444,6e5a5542571a9acbfb20b428e721a55816979a3c,2024-07-31 16:07:41+00:00,swerebench/sweb.eval.x86_64.ethereum_1776_web3.py-3444,2,multi,34,0,16.0,12
ethereum/web3.py,ethereum/web3.py,swerebench_filtered,ethereum__web3.py-3248,3248,0d3b74505820d2dbff82dfe702ce863d73a062ab,2024-02-23 16:08:48+00:00,swerebench/sweb.eval.x86_64.ethereum_1776_web3.py-3248,4,multi,31,0,4.0,13
ethereum/web3.py,ethereum/web3.py,swerebench_filtered,ethereum__web3.py-3120,3120,f55177b3be6f604a965e0b7d456ff3c6de3402ff,2023-10-09 18:39:41+00:00,swerebench/sweb.eval.x86_64.ethereum_1776_web3.py-3120,1,single,26,0,2.0,14
facelessuser/pymdown-extensions,facelessuser/pymdown-extensions,swerebench_filtered,facelessuser__pymdown-extensions-1567,1567,7a9d548ed3aa921e77fbedd202947ba884cca04c,2022-01-17 15:15:51+00:00,swerebench/sweb.eval.x86_64.facelessuser_1776_pymdown-extensions-1567,2,multi,22,0,2.0,1
facelessuser/pymdown-extensions,facelessuser/pymdown-extensions,swerebench_filtered,facelessuser__pymdown-extensions-1929,1929,02469ddebfe79da5341103270f62d594d57ff462,2023-01-29 18:31:32+00:00,swerebench/sweb.eval.x86_64.facelessuser_1776_pymdown-extensions-1929,2,multi,4,0,2.0,2
facelessuser/pymdown-extensions,facelessuser/pymdown-extensions,swerebench_filtered,facelessuser__pymdown-extensions-2551,2551,f6102ac0dca1756a1bd052277c44af29887edace,2024-12-22 16:16:27+00:00,swerebench/sweb.eval.x86_64.facelessuser_1776_pymdown-extensions-2551,1,single,45,0,3.0,3
facelessuser/pymdown-extensions,facelessuser/pymdown-extensions,swerebench_filtered,facelessuser__pymdown-extensions-934,934,759c780c7dbdd580a8d73a7c56dcfd86028ff5a4,2020-05-11 01:42:40+00:00,swerebench/sweb.eval.x86_64.facelessuser_1776_pymdown-extensions-934,2,multi,11,0,1.0,4
facelessuser/pymdown-extensions,facelessuser/pymdown-extensions,swebench_live_full,facelessuser__pymdown-extensions-2651,2651,f655468301b9372c1619a40c2f4b08e4d936b5d7,2025-04-27 19:44:03+00:00,starryzhang/sweb.eval.x86_64.facelessuser_1776_pymdown-extensions-2651,1,single,31,0,1.0,5
facelessuser/pymdown-extensions,facelessuser/pymdown-extensions,swerebench_filtered,facelessuser__pymdown-extensions-1822,1822,e9c26a243ce7bf8b7a227e84025e6371eaad15ed,2022-09-29 13:33:29+00:00,swerebench/sweb.eval.x86_64.facelessuser_1776_pymdown-extensions-1822,1,single,30,0,7.0,6
facelessuser/pymdown-extensions,facelessuser/pymdown-extensions,swebench_live_full,facelessuser__pymdown-extensions-2679,2679,fbf4bf22da3bc864f24b4ee6a2c05b145fb6c304,2025-05-28 18:58:48+00:00,starryzhang/sweb.eval.x86_64.facelessuser_1776_pymdown-extensions-2679,1,single,10,0,1.0,7
facelessuser/pymdown-extensions,facelessuser/pymdown-extensions,swerebench_filtered,facelessuser__pymdown-extensions-1043,1043,73bd554cf1c927e03d97be382597554d06db67ca,2020-08-03 03:51:39+00:00,swerebench/sweb.eval.x86_64.facelessuser_1776_pymdown-extensions-1043,3,multi,22,0,2.0,8
facelessuser/pymdown-extensions,facelessuser/pymdown-extensions,swerebench_filtered,facelessuser__pymdown-extensions-2547,2547,9df48dbc8426804c5848f6e7ddc2067d12f5e020,2024-12-07 17:17:36+00:00,swerebench/sweb.eval.x86_64.facelessuser_1776_pymdown-extensions-2547,3,multi,92,0,4.0,9
facelessuser/pymdown-extensions,facelessuser/pymdown-extensions,swerebench_filtered,facelessuser__pymdown-extensions-2245,2245,cf97b062b63675ace395955c16ef94968f4132a5,2023-11-21 14:12:37+00:00,swerebench/sweb.eval.x86_64.facelessuser_1776_pymdown-extensions-2245,1,single,28,0,1.0,10
facelessuser/pymdown-extensions,facelessuser/pymdown-extensions,swerebench_filtered,facelessuser__pymdown-extensions-1825,1825,7981fdabd75da31af0b8efb8dba9a20a6fb3e6db,2022-10-01 15:37:13+00:00,swerebench/sweb.eval.x86_64.facelessuser_1776_pymdown-extensions-1825,1,single,56,0,4.0,11
facelessuser/pymdown-extensions,facelessuser/pymdown-extensions,swerebench_filtered,facelessuser__pymdown-extensions-2576,2576,b5d38261aac121cb13cd459df0272c4c81abd67f,2025-01-20 23:58:35+00:00,swerebench/sweb.eval.x86_64.facelessuser_1776_pymdown-extensions-2576,2,multi,5,0,1.0,12
facelessuser/pymdown-extensions,facelessuser/pymdown-extensions,swerebench_filtered,facelessuser__pymdown-extensions-1725,1725,a1c2727e6496c28aff5b6db0dfa427e690966ee1,2022-06-04 16:04:25+00:00,swerebench/sweb.eval.x86_64.facelessuser_1776_pymdown-extensions-1725,2,multi,13,0,4.0,13
facelessuser/pymdown-extensions,facelessuser/pymdown-extensions,swerebench_filtered,facelessuser__pymdown-extensions-2362,2362,45b53a7cbe891021f5b5570bc056f97a119ed078,2024-04-22 02:46:44+00:00,swerebench/sweb.eval.x86_64.facelessuser_1776_pymdown-extensions-2362,2,multi,4,0,2.0,14
facelessuser/pymdown-extensions,facelessuser/pymdown-extensions,swerebench_filtered,facelessuser__pymdown-extensions-2039,2039,5e750734b7242d82258a0d9bf1db2ee966634903,2023-05-16 05:25:41+00:00,swerebench/sweb.eval.x86_64.facelessuser_1776_pymdown-extensions-2039,2,multi,4,0,1.0,15
facelessuser/pymdown-extensions,facelessuser/pymdown-extensions,swerebench_filtered,facelessuser__pymdown-extensions-1226,1226,0ad4ac32ac6f91b163fd297656d47ef249173951,2021-02-05 17:40:23+00:00,swerebench/sweb.eval.x86_64.facelessuser_1776_pymdown-extensions-1226,3,multi,72,0,2.0,16
falconry/falcon,falconry/falcon,swebench_live_full,falconry__falcon-2475,2475,cacaa905665a9a3360b23ea6e91d6ddfa1a42fb6,2025-07-03 22:47:46+00:00,starryzhang/sweb.eval.x86_64.falconry_1776_falcon-2475,1,single,18,0,2.0,1
falconry/falcon,falconry/falcon,swebench_live_full,falconry__falcon-2254,2254,cbca63dc7739720eab856f48b32f9e782438be7a,2024-07-21 21:21:34+00:00,starryzhang/sweb.eval.x86_64.falconry_1776_falcon-2254,4,multi,28,0,1.0,2
falconry/falcon,falconry/falcon,swebench_live_full,falconry__falcon-2450,2450,d8e868beb4ec60bceb2897477e8983fe10ad3b94,2025-04-25 19:35:35+00:00,starryzhang/sweb.eval.x86_64.falconry_1776_falcon-2450,1,single,28,0,12.0,3
falconry/falcon,falconry/falcon,swerebench_filtered,falconry__falcon-1785,1785,5ff8366acab493d2ce09f2a5ca474c1562c70360,2020-11-19 18:03:14+00:00,swerebench/sweb.eval.x86_64.falconry_1776_falcon-1785,1,single,8,0,2.0,4
falconry/falcon,falconry/falcon,swerebench_filtered,falconry__falcon-2027,2027,8702f2dd0a72dda4f3a974c5e925c3045bdebcca,2022-02-13 16:10:35+00:00,swerebench/sweb.eval.x86_64.falconry_1776_falcon-2027,1,single,30,0,1.0,5
falconry/falcon,falconry/falcon,swebench_live_full,falconry__falcon-2498,2498,c8e7d1dd5af65939d30d88a0fbc6aa2f2c920935,2025-07-22 15:24:51+00:00,starryzhang/sweb.eval.x86_64.falconry_1776_falcon-2498,5,multi,97,0,3.0,6
falconry/falcon,falconry/falcon,swebench_live_full,falconry__falcon-2366,2366,06fdf2885d70149803dbc47324ae8c951b7e58b3,2024-10-10 15:34:20+00:00,starryzhang/sweb.eval.x86_64.falconry_1776_falcon-2366,2,multi,38,0,14.0,7
falconry/falcon,falconry/falcon,swebench_live_full,falconry__falcon-2326,2326,e470e62395762e52f5bf72347f40657711de04ec,2024-09-10 18:17:52+00:00,starryzhang/sweb.eval.x86_64.falconry_1776_falcon-2326,3,multi,44,0,8.0,8
falconry/falcon,falconry/falcon,swebench_live_full,falconry__falcon-2477,2477,50b652584825883132e1c2eb98a6e3e12cf4e5ff,2025-07-09 14:53:46+00:00,starryzhang/sweb.eval.x86_64.falconry_1776_falcon-2477,2,multi,28,0,4.0,9
falconry/falcon,falconry/falcon,swerebench_filtered,falconry__falcon-993,993,673bb2e13613f04462a5515ba41f84dbab142970,2017-01-27 00:42:54+00:00,swerebench/sweb.eval.x86_64.falconry_1776_falcon-993,1,single,4,0,3.0,10
falconry/falcon,falconry/falcon,swerebench_filtered,falconry__falcon-1949,1949,62c8a2a459f62834f5a14a07692efc5ac86d34a9,2021-08-09 19:43:16+00:00,swerebench/sweb.eval.x86_64.falconry_1776_falcon-1949,1,single,40,0,1.0,11
falconry/falcon,falconry/falcon,swebench_live_full,falconry__falcon-2459,2459,ed80f698e987d5709a1360bb1899a603a81bb59b,2025-06-05 17:20:19+00:00,starryzhang/sweb.eval.x86_64.falconry_1776_falcon-2459,1,single,35,0,5.0,12
falconry/falcon,falconry/falcon,swebench_live_full,falconry__falcon-2248,2248,cd707961898e7012159b7205dabc4a2824eb3a68,2024-07-13 14:51:11+00:00,starryzhang/sweb.eval.x86_64.falconry_1776_falcon-2248,2,multi,21,0,31.0,13
falconry/falcon,falconry/falcon,swerebench_filtered,falconry__falcon-1873,1873,c7df22a7b72a84cfe6831e4132f6f988a6332706,2021-02-28 10:28:40+00:00,swerebench/sweb.eval.x86_64.falconry_1776_falcon-1873,1,single,11,0,8.0,14
falconry/falcon,falconry/falcon,swerebench_filtered,falconry__falcon-1602,1602,69f6a3232eb47d7f0ff631e4fdc09b168d836eff,2019-11-01 19:42:04+00:00,swerebench/sweb.eval.x86_64.falconry_1776_falcon-1602,2,multi,19,0,5.0,15
falconry/falcon,falconry/falcon,swebench_live_full,falconry__falcon-2356,2356,5ce771e19b9aed17401f5865011ebec59105f5a6,2024-10-04 20:17:27+00:00,starryzhang/sweb.eval.x86_64.falconry_1776_falcon-2356,3,multi,64,0,71.0,16
falconry/falcon,falconry/falcon,swebench_live_full,falconry__falcon-2322,2322,1f914c5143250c1113089868f30eed67697dc40d,2024-09-05 12:43:18+00:00,starryzhang/sweb.eval.x86_64.falconry_1776_falcon-2322,2,multi,21,0,1.0,17
falconry/falcon,falconry/falcon,swebench_live_full,falconry__falcon-2419,2419,77d5e6394a88ead151c9469494749f95f06b24bf,2024-12-09 12:04:12+00:00,starryzhang/sweb.eval.x86_64.falconry_1776_falcon-2419,1,single,20,1,1.0,18
falconry/falcon,falconry/falcon,swebench_live_full,falconry__falcon-2404,2404,11076b8fc78bb61707c271953783198f4b6a04f1,2024-11-10 13:56:15+00:00,starryzhang/sweb.eval.x86_64.falconry_1776_falcon-2404,2,multi,12,0,3.0,19
falconry/falcon,falconry/falcon,swebench_live_full,falconry__falcon-2426,2426,62c80e679c5a17eb08e1a836a2a8ad3f75697fdb,2025-01-11 20:41:42+00:00,starryzhang/sweb.eval.x86_64.falconry_1776_falcon-2426,1,single,72,0,8.0,20
Fatal1ty/mashumaro,fatal1ty/mashumaro,swerebench_filtered,Fatal1ty__mashumaro-130,130,b1f5ab3284bdac682fc465e67d7c8f8b2ce44827,2023-07-24 14:07:19+00:00,swerebench/sweb.eval.x86_64.fatal1ty_1776_mashumaro-130,1,single,2,0,2.0,1
Fatal1ty/mashumaro,fatal1ty/mashumaro,swerebench_filtered,Fatal1ty__mashumaro-145,145,a86eaf8e4a5f23a7e48644db230fc5a39beffc69,2023-08-23 09:54:56+00:00,swerebench/sweb.eval.x86_64.fatal1ty_1776_mashumaro-145,5,multi,90,0,2.0,2
Fatal1ty/mashumaro,fatal1ty/mashumaro,swerebench_filtered,Fatal1ty__mashumaro-128,128,73a937aebf8383da558cac3e71978cc1f8e6a0c7,2023-07-19 19:48:06+00:00,swerebench/sweb.eval.x86_64.fatal1ty_1776_mashumaro-128,1,single,9,0,2.0,3
Fatal1ty/mashumaro,fatal1ty/mashumaro,swerebench_filtered,Fatal1ty__mashumaro-162,162,92d539cfde20c50d953730128441b951f60505cd,2023-09-07 21:52:33+00:00,swerebench/sweb.eval.x86_64.fatal1ty_1776_mashumaro-162,3,multi,107,0,1.0,4
Fatal1ty/mashumaro,fatal1ty/mashumaro,swerebench_filtered,Fatal1ty__mashumaro-189,189,ab8242448631ab7a1ad2e437561377cd698a99e9,2024-01-20 13:23:35+00:00,swerebench/sweb.eval.x86_64.fatal1ty_1776_mashumaro-189,1,single,10,0,2.0,5
Fatal1ty/mashumaro,fatal1ty/mashumaro,swerebench_filtered,Fatal1ty__mashumaro-180,180,d70c5c5606bca8854ce9ad309bdb637309d590cb,2023-11-24 16:41:54+00:00,swerebench/sweb.eval.x86_64.fatal1ty_1776_mashumaro-180,5,multi,93,0,1.0,6
Fatal1ty/mashumaro,fatal1ty/mashumaro,swerebench_filtered,Fatal1ty__mashumaro-122,122,41b90d2a0505c2a5d463150d880df8cf917227a8,2023-06-30 21:12:15+00:00,swerebench/sweb.eval.x86_64.fatal1ty_1776_mashumaro-122,1,single,15,0,1.0,7
Fatal1ty/mashumaro,fatal1ty/mashumaro,swerebench_filtered,Fatal1ty__mashumaro-159,159,7349f736c5d4b25f0c9ae3849f6daed1e7a6e06f,2023-09-03 19:11:36+00:00,swerebench/sweb.eval.x86_64.fatal1ty_1776_mashumaro-159,1,single,5,0,4.0,8
Fatal1ty/mashumaro,fatal1ty/mashumaro,swerebench_filtered,Fatal1ty__mashumaro-178,178,b7d6435a96ede5cef7d1915a3817e3e1f14df6e7,2023-11-14 10:44:59+00:00,swerebench/sweb.eval.x86_64.fatal1ty_1776_mashumaro-178,4,multi,56,0,2.0,9
Fatal1ty/mashumaro,fatal1ty/mashumaro,swerebench_filtered,Fatal1ty__mashumaro-116,116,8ec9c6e0d644209698f2446700fdebf1ed47e19d,2023-06-14 20:10:39+00:00,swerebench/sweb.eval.x86_64.fatal1ty_1776_mashumaro-116,2,multi,11,0,1.0,10
Fatal1ty/mashumaro,fatal1ty/mashumaro,swerebench_filtered,Fatal1ty__mashumaro-220,220,c076075516af07c0bb552b1a388019380f8d76ae,2024-04-28 21:20:10+00:00,swerebench/sweb.eval.x86_64.fatal1ty_1776_mashumaro-220,2,multi,23,0,1.0,11
Fatal1ty/mashumaro,fatal1ty/mashumaro,swerebench_filtered,Fatal1ty__mashumaro-127,127,73a937aebf8383da558cac3e71978cc1f8e6a0c7,2023-07-19 19:13:06+00:00,swerebench/sweb.eval.x86_64.fatal1ty_1776_mashumaro-127,1,single,3,0,1.0,12
Fatal1ty/mashumaro,fatal1ty/mashumaro,swerebench_filtered,Fatal1ty__mashumaro-191,191,c3c6739640533426ac08b231b747607aeb596c9c,2024-01-27 11:19:40+00:00,swerebench/sweb.eval.x86_64.fatal1ty_1776_mashumaro-191,3,multi,62,0,1.0,13
Fatal1ty/mashumaro,fatal1ty/mashumaro,swerebench_filtered,Fatal1ty__mashumaro-142,142,89f4b1ad2048877e72dc4c86a3c532683753ea8a,2023-08-21 15:43:35+00:00,swerebench/sweb.eval.x86_64.fatal1ty_1776_mashumaro-142,1,single,13,0,1.0,14
fitbenchmarking/fitbenchmarking,fitbenchmarking/fitbenchmarking,swerebench_filtered,fitbenchmarking__fitbenchmarking-1353,1353,c451994dba5cf826520ab10f894f3b1260b29215,2024-10-30 02:00:22+00:00,swerebench/sweb.eval.x86_64.fitbenchmarking_1776_fitbenchmarking-1353,1,single,11,0,1.0,1
fitbenchmarking/fitbenchmarking,fitbenchmarking/fitbenchmarking,swerebench_filtered,fitbenchmarking__fitbenchmarking-320,320,be3361d4fd7a34a8a2fcfa7a8510908accf9222a,2019-11-27 12:33:32+00:00,swerebench/sweb.eval.x86_64.fitbenchmarking_1776_fitbenchmarking-320,1,single,12,0,1.0,2
fitbenchmarking/fitbenchmarking,fitbenchmarking/fitbenchmarking,swerebench_filtered,fitbenchmarking__fitbenchmarking-1110,1110,df465dc1b60d580dfb885ee9d03866c25988566f,2022-12-23 21:59:47+00:00,swerebench/sweb.eval.x86_64.fitbenchmarking_1776_fitbenchmarking-1110,2,multi,78,0,2.0,3
fitbenchmarking/fitbenchmarking,fitbenchmarking/fitbenchmarking,swerebench_filtered,fitbenchmarking__fitbenchmarking-1336,1336,f3f92bfbb2a4b0573142330fe4e824904a92fb59,2024-10-02 15:48:29+00:00,swerebench/sweb.eval.x86_64.fitbenchmarking_1776_fitbenchmarking-1336,1,single,22,0,1.0,4
fitbenchmarking/fitbenchmarking,fitbenchmarking/fitbenchmarking,swerebench_filtered,fitbenchmarking__fitbenchmarking-1271,1271,98e3393ac3df0c3ad6be298ceb208742873c35e5,2024-04-11 14:01:30+00:00,swerebench/sweb.eval.x86_64.fitbenchmarking_1776_fitbenchmarking-1271,1,single,143,0,1.0,5
fitbenchmarking/fitbenchmarking,fitbenchmarking/fitbenchmarking,swerebench_filtered,fitbenchmarking__fitbenchmarking-1094,1094,6911a5099e8d9f0430f94dff41d207d38448701c,2022-11-28 13:43:25+00:00,swerebench/sweb.eval.x86_64.fitbenchmarking_1776_fitbenchmarking-1094,2,multi,22,0,2.0,6
fitbenchmarking/fitbenchmarking,fitbenchmarking/fitbenchmarking,swerebench_filtered,fitbenchmarking__fitbenchmarking-1041,1041,d4e104323741131792a1b92e596bc5760afab9a2,2022-04-20 15:03:05+00:00,swerebench/sweb.eval.x86_64.fitbenchmarking_1776_fitbenchmarking-1041,3,multi,16,0,1.0,7
fitbenchmarking/fitbenchmarking,fitbenchmarking/fitbenchmarking,swerebench_filtered,fitbenchmarking__fitbenchmarking-1358,1358,f88b68edb089a0fa66f94df45fb504490d495839,2024-10-31 19:01:33+00:00,swerebench/sweb.eval.x86_64.fitbenchmarking_1776_fitbenchmarking-1358,1,single,19,0,1.0,8
fitbenchmarking/fitbenchmarking,fitbenchmarking/fitbenchmarking,swerebench_filtered,fitbenchmarking__fitbenchmarking-1338,1338,798f3bc6058a5a3b2207e5fc19d059bdfc18d4b0,2024-10-03 09:26:11+00:00,swerebench/sweb.eval.x86_64.fitbenchmarking_1776_fitbenchmarking-1338,3,multi,24,0,6.0,9
fitbenchmarking/fitbenchmarking,fitbenchmarking/fitbenchmarking,swerebench_filtered,fitbenchmarking__fitbenchmarking-1203,1203,e349416a48d3bcb826ed088c7822876123473443,2023-11-28 09:58:29+00:00,swerebench/sweb.eval.x86_64.fitbenchmarking_1776_fitbenchmarking-1203,4,multi,56,0,9.0,10
fitbenchmarking/fitbenchmarking,fitbenchmarking/fitbenchmarking,swerebench_filtered,fitbenchmarking__fitbenchmarking-1244,1244,bf51c519b48a817bcceaf59332081343a358c608,2024-02-02 10:27:06+00:00,swerebench/sweb.eval.x86_64.fitbenchmarking_1776_fitbenchmarking-1244,2,multi,86,0,20.0,11
fitbenchmarking/fitbenchmarking,fitbenchmarking/fitbenchmarking,swerebench_filtered,fitbenchmarking__fitbenchmarking-1337,1337,546e9783dafe0ab502cceff43e4464c6ef5de843,2024-10-02 17:18:54+00:00,swerebench/sweb.eval.x86_64.fitbenchmarking_1776_fitbenchmarking-1337,1,single,19,0,1.0,12
fitbenchmarking/fitbenchmarking,fitbenchmarking/fitbenchmarking,swerebench_filtered,fitbenchmarking__fitbenchmarking-1150,1150,1ebe9d7a7263650029516ac293e4d0d41c8ff8c7,2023-03-30 14:21:32+00:00,swerebench/sweb.eval.x86_64.fitbenchmarking_1776_fitbenchmarking-1150,2,multi,25,0,1.0,13
fitbenchmarking/fitbenchmarking,fitbenchmarking/fitbenchmarking,swerebench_filtered,fitbenchmarking__fitbenchmarking-604,604,eddaae19cee2e5dc1c8d15519a2ad07bb5c58ed0,2020-08-13 14:19:46+00:00,swerebench/sweb.eval.x86_64.fitbenchmarking_1776_fitbenchmarking-604,2,multi,73,0,1.0,14
fitbenchmarking/fitbenchmarking,fitbenchmarking/fitbenchmarking,swerebench_filtered,fitbenchmarking__fitbenchmarking-661,661,6641c44ab97f156badf34a1075791a21304df4a3,2020-10-13 09:07:04+00:00,swerebench/sweb.eval.x86_64.fitbenchmarking_1776_fitbenchmarking-661,1,single,2,0,1.0,15
fitbenchmarking/fitbenchmarking,fitbenchmarking/fitbenchmarking,swerebench_filtered,fitbenchmarking__fitbenchmarking-1462,1462,82716374bf37f0fe0e6f6a5fc5cc14fa7d036976,2025-03-18 20:03:00+00:00,swerebench/sweb.eval.x86_64.fitbenchmarking_1776_fitbenchmarking-1462,2,multi,54,0,2.0,16
fitbenchmarking/fitbenchmarking,fitbenchmarking/fitbenchmarking,swerebench_filtered,fitbenchmarking__fitbenchmarking-904,904,9a63e9316c755bfe24a3bbb2cd821d2bb9a45920,2021-08-10 14:54:15+00:00,swerebench/sweb.eval.x86_64.fitbenchmarking_1776_fitbenchmarking-904,1,single,24,0,1.0,17
fitbenchmarking/fitbenchmarking,fitbenchmarking/fitbenchmarking,swerebench_filtered,fitbenchmarking__fitbenchmarking-1085,1085,b6009bff0dab092f772f5bb46bb21312acb0e607,2022-11-15 09:37:33+00:00,swerebench/sweb.eval.x86_64.fitbenchmarking_1776_fitbenchmarking-1085,2,multi,36,0,1.0,18
fitbenchmarking/fitbenchmarking,fitbenchmarking/fitbenchmarking,swerebench_filtered,fitbenchmarking__fitbenchmarking-887,887,c35a839af9dc75807c452ebcf2346c18fb4ce558,2021-07-16 12:17:18+00:00,swerebench/sweb.eval.x86_64.fitbenchmarking_1776_fitbenchmarking-887,1,single,3,0,1.0,19
fitbenchmarking/fitbenchmarking,fitbenchmarking/fitbenchmarking,swerebench_filtered,fitbenchmarking__fitbenchmarking-329,329,6a41e646051513f80570287b96796f879534b072,2019-11-28 17:37:08+00:00,swerebench/sweb.eval.x86_64.fitbenchmarking_1776_fitbenchmarking-329,5,multi,30,0,1.0,20
fonttools/fonttools,fonttools/fonttools,swebench_live_full,fonttools__fonttools-3581,3581,ee56bb0edaac43d5b7113b2a9d00ed9723ae83b2,2024-07-03 12:45:55+00:00,starryzhang/sweb.eval.x86_64.fonttools_1776_fonttools-3581,1,single,7,0,1.0,1
fonttools/fonttools,fonttools/fonttools,swebench_live_full,fonttools__fonttools-3726,3726,7ad7cfd0588e6ee67bdfc0f1bc2e43dd4503e44d,2024-12-09 20:54:33+00:00,starryzhang/sweb.eval.x86_64.fonttools_1776_fonttools-3726,2,multi,42,0,2.0,2
fonttools/fonttools,fonttools/fonttools,swebench_live_full,fonttools__fonttools-3559,3559,5e6b12d12fa08abafbeb7570f47707fbedf69a45,2024-06-03 15:38:16+00:00,starryzhang/sweb.eval.x86_64.fonttools_1776_fonttools-3559,2,multi,30,0,2.0,3
fonttools/fonttools,fonttools/fonttools,swebench_live_full,fonttools__fonttools-3520,3520,d757bfac8a140832fcb7ebdf1bd502480d6a6911,2024-05-23 18:01:44+00:00,starryzhang/sweb.eval.x86_64.fonttools_1776_fonttools-3520,1,single,7,0,2.0,4
fonttools/fonttools,fonttools/fonttools,swebench_live_full,fonttools__fonttools-3509,3509,969d09dcafd3669753e30060ccca7e5fd4c356cd,2024-05-17 11:08:09+00:00,starryzhang/sweb.eval.x86_64.fonttools_1776_fonttools-3509,1,single,2,0,1.0,5
fonttools/fonttools,fonttools/fonttools,swebench_live_full,fonttools__fonttools-3510,3510,b2b771076c37e3a5ab3ab8e93a39b978ae832c15,2024-05-17 15:09:13+00:00,starryzhang/sweb.eval.x86_64.fonttools_1776_fonttools-3510,1,single,5,0,2.0,6
fonttools/fonttools,fonttools/fonttools,swebench_live_full,fonttools__fonttools-3907,3907,7b50bde2ee3ac6c9e1936ea8c5351ffd84e4606c,2025-08-18 10:05:57+00:00,starryzhang/sweb.eval.x86_64.fonttools_1776_fonttools-3907,3,multi,31,0,2.0,7
fonttools/fonttools,fonttools/fonttools,swebench_live_full,fonttools__fonttools-3679,3679,18d4b17070b9974149310c874286b074226fb8d4,2024-11-04 19:11:15+00:00,starryzhang/sweb.eval.x86_64.fonttools_1776_fonttools-3679,1,single,44,0,1.0,8
fonttools/fonttools,fonttools/fonttools,swebench_live_full,fonttools__fonttools-3749,3749,46cb2d078adebb0830d054052c1a489e699583b0,2025-01-22 17:17:46+00:00,starryzhang/sweb.eval.x86_64.fonttools_1776_fonttools-3749,1,single,8,0,2.0,9
fonttools/fonttools,fonttools/fonttools,swebench_live_full,fonttools__fonttools-3682,3682,e04dfaab53c54b83096222993b914dc62e483156,2024-11-05 15:37:50+00:00,starryzhang/sweb.eval.x86_64.fonttools_1776_fonttools-3682,1,single,10,0,1.0,10
fonttools/fonttools,fonttools/fonttools,swebench_live_full,fonttools__fonttools-3429,3429,7cdac78423b259e77641fe3a1cf3a0b1cc5ec049,2024-01-24 12:15:46+00:00,starryzhang/sweb.eval.x86_64.fonttools_1776_fonttools-3429,3,multi,52,0,1.0,11
fonttools/fonttools,fonttools/fonttools,swebench_live_full,fonttools__fonttools-3850,3850,dff78057170e1dc42e09480c2a2829a01854ee02,2025-05-28 10:21:53+00:00,starryzhang/sweb.eval.x86_64.fonttools_1776_fonttools-3850,1,single,9,0,2.0,12
fonttools/fonttools,fonttools/fonttools,swebench_live_full,fonttools__fonttools-3437,3437,0572f7871823bdef3ceceaf41dedd0a6bd100995,2024-02-02 20:12:59+00:00,starryzhang/sweb.eval.x86_64.fonttools_1776_fonttools-3437,3,multi,77,1,1.0,13
fonttools/fonttools,fonttools/fonttools,swebench_live_full,fonttools__fonttools-3457,3457,84ebc7d34510720858db4916103b41dcd7f28730,2024-03-04 15:25:26+00:00,starryzhang/sweb.eval.x86_64.fonttools_1776_fonttools-3457,1,single,6,0,1.0,14
fonttools/fonttools,fonttools/fonttools,swebench_live_full,fonttools__fonttools-3874,3874,75af36804fb595cabd768d2bc3ccf9b64445a014,2025-06-26 19:36:48+00:00,starryzhang/sweb.eval.x86_64.fonttools_1776_fonttools-3874,2,multi,35,0,3.0,15
frictionlessdata/frictionless-py,frictionlessdata/frictionless-py,swerebench_filtered,frictionlessdata__frictionless-py-611,611,3c45ffc8f240a8d09440a82ded422fe341141039,2021-01-07 14:18:35+00:00,swerebench/sweb.eval.x86_64.frictionlessdata_1776_frictionless-py-611,1,single,4,0,2.0,1
frictionlessdata/frictionless-py,frictionlessdata/frictionless-py,swerebench_filtered,frictionlessdata__frictionless-py-602,602,696cd6c41dc6ace4f1bc5758e8f59f1812e1d6be,2020-12-21 07:30:20+00:00,swerebench/sweb.eval.x86_64.frictionlessdata_1776_frictionless-py-602,1,single,15,0,1.0,2
frictionlessdata/frictionless-py,frictionlessdata/frictionless-py,swerebench_filtered,frictionlessdata__frictionless-py-1117,1117,db804dc97281ec605d9542440fe1688670bba00f,2022-05-31 10:43:43+00:00,swerebench/sweb.eval.x86_64.frictionlessdata_1776_frictionless-py-1117,3,multi,21,0,8.0,3
frictionlessdata/frictionless-py,frictionlessdata/frictionless-py,swerebench_filtered,frictionlessdata__frictionless-py-1045,1045,e3fd70a742d7222b3c3e5b217344d0ae5bc002fe,2022-04-25 06:56:11+00:00,swerebench/sweb.eval.x86_64.frictionlessdata_1776_frictionless-py-1045,1,single,18,0,1.0,4
frictionlessdata/frictionless-py,frictionlessdata/frictionless-py,swerebench_filtered,frictionlessdata__frictionless-py-659,659,8ec7ea15273d466001345d89d030b2a172cdafd7,2021-02-08 10:49:00+00:00,swerebench/sweb.eval.x86_64.frictionlessdata_1776_frictionless-py-659,2,multi,12,0,6.0,5
frictionlessdata/frictionless-py,frictionlessdata/frictionless-py,swerebench_filtered,frictionlessdata__frictionless-py-1142,1142,33bfb1d99595667202aaa6fa01e54f4865e4c2fa,2022-06-21 09:09:46+00:00,swerebench/sweb.eval.x86_64.frictionlessdata_1776_frictionless-py-1142,1,single,15,0,3.0,6
frictionlessdata/frictionless-py,frictionlessdata/frictionless-py,swerebench_filtered,frictionlessdata__frictionless-py-724,724,55d71b51b6e0e15e7e6eb4bb5eaa221bae96344c,2021-03-01 11:56:34+00:00,swerebench/sweb.eval.x86_64.frictionlessdata_1776_frictionless-py-724,3,multi,26,0,2.0,7
frictionlessdata/frictionless-py,frictionlessdata/frictionless-py,swerebench_filtered,frictionlessdata__frictionless-py-994,994,84a1a8ad75c91758b2aad37f1be42a39d42d1846,2022-02-04 07:41:07+00:00,swerebench/sweb.eval.x86_64.frictionlessdata_1776_frictionless-py-994,2,multi,11,0,1.0,8
frictionlessdata/frictionless-py,frictionlessdata/frictionless-py,swerebench_filtered,frictionlessdata__frictionless-py-1007,1007,35425305296f34f0ce902994151b2d7bbf0aca5b,2022-03-28 08:52:15+00:00,swerebench/sweb.eval.x86_64.frictionlessdata_1776_frictionless-py-1007,4,multi,52,0,3.0,9
frictionlessdata/frictionless-py,frictionlessdata/frictionless-py,swerebench_filtered,frictionlessdata__frictionless-py-952,952,1b5a274bba5b736d1d7c4fc4a3eb62e64f56d1c0,2021-12-02 18:13:59+00:00,swerebench/sweb.eval.x86_64.frictionlessdata_1776_frictionless-py-952,3,multi,17,0,5.0,10
frictionlessdata/frictionless-py,frictionlessdata/frictionless-py,swerebench_filtered,frictionlessdata__frictionless-py-1112,1112,62346c0985fca4ddee41a1f09b748376fa83e2ea,2022-05-30 05:26:12+00:00,swerebench/sweb.eval.x86_64.frictionlessdata_1776_frictionless-py-1112,4,multi,22,0,6.0,11
frictionlessdata/frictionless-py,frictionlessdata/frictionless-py,swerebench_filtered,frictionlessdata__frictionless-py-1047,1047,930ae7e8d31ac3d1540e482badd03ab6e19aab56,2022-04-25 08:40:03+00:00,swerebench/sweb.eval.x86_64.frictionlessdata_1776_frictionless-py-1047,1,single,3,0,1.0,12
frictionlessdata/frictionless-py,frictionlessdata/frictionless-py,swerebench_filtered,frictionlessdata__frictionless-py-983,983,d62ccf6efbe23020956d35ce396b3cef9af18d42,2022-01-25 17:40:22+00:00,swerebench/sweb.eval.x86_64.frictionlessdata_1776_frictionless-py-983,1,single,7,0,1.0,13
frictionlessdata/frictionless-py,frictionlessdata/frictionless-py,swerebench_filtered,frictionlessdata__frictionless-py-1137,1137,01f88f774f522e21484886c24b30ab2247957217,2022-06-15 13:24:46+00:00,swerebench/sweb.eval.x86_64.frictionlessdata_1776_frictionless-py-1137,1,single,6,0,12.0,14
frictionlessdata/frictionless-py,frictionlessdata/frictionless-py,swerebench_filtered,frictionlessdata__frictionless-py-512,512,941099ddc4657afdc9c455e0a2d1e9857ff7494a,2020-11-09 11:08:04+00:00,swerebench/sweb.eval.x86_64.frictionlessdata_1776_frictionless-py-512,1,single,4,0,1.0,15
frictionlessdata/frictionless-py,frictionlessdata/frictionless-py,swerebench_filtered,frictionlessdata__frictionless-py-1092,1092,eabcc12f8291ccf18dc4ef9fe17da7caef7e861d,2022-05-23 18:46:28+00:00,swerebench/sweb.eval.x86_64.frictionlessdata_1776_frictionless-py-1092,1,single,6,0,2.0,16
frictionlessdata/frictionless-py,frictionlessdata/frictionless-py,swerebench_filtered,frictionlessdata__frictionless-py-945,945,5c1817f1d8d1931a6017024b24300a769f91f9a1,2021-11-08 12:14:41+00:00,swerebench/sweb.eval.x86_64.frictionlessdata_1776_frictionless-py-945,2,multi,71,0,1.0,17
frictionlessdata/frictionless-py,frictionlessdata/frictionless-py,swerebench_filtered,frictionlessdata__frictionless-py-442,442,2b27d87ac042119d93320051c5be78d9ebf954b6,2020-09-28 11:38:52+00:00,swerebench/sweb.eval.x86_64.frictionlessdata_1776_frictionless-py-442,4,multi,62,0,6.0,18
frictionlessdata/frictionless-py,frictionlessdata/frictionless-py,swerebench_filtered,frictionlessdata__frictionless-py-527,527,38002600c959bbe2863d533177d56a9df89c9fbd,2020-11-12 08:16:27+00:00,swerebench/sweb.eval.x86_64.frictionlessdata_1776_frictionless-py-527,2,multi,27,0,2.0,19
frictionlessdata/frictionless-py,frictionlessdata/frictionless-py,swerebench_filtered,frictionlessdata__frictionless-py-572,572,3cd163e1deff2ffb4aa5cede714eaa8c1c954ac6,2020-12-03 14:34:16+00:00,swerebench/sweb.eval.x86_64.frictionlessdata_1776_frictionless-py-572,1,single,13,0,1.0,20
GenericMappingTools/pygmt,genericmappingtools/pygmt,swerebench_filtered,GenericMappingTools__pygmt-990,990,5385fa5468cc9f12f3169218369dfd2d9915bb52,2021-03-02 23:02:00+00:00,swerebench/sweb.eval.x86_64.genericmappingtools_1776_pygmt-990,3,multi,51,0,1.0,1
GenericMappingTools/pygmt,genericmappingtools/pygmt,swerebench_filtered,GenericMappingTools__pygmt-619,619,9e0a8688afafefff970a2c5901322ddf3c5a2c6a,2020-09-20 00:36:02+00:00,swerebench/sweb.eval.x86_64.genericmappingtools_1776_pygmt-619,1,single,18,0,3.0,2
GenericMappingTools/pygmt,genericmappingtools/pygmt,swerebench_filtered,GenericMappingTools__pygmt-574,574,4856d64e441434e395c5b8e7874022052c76f9af,2020-09-02 01:39:18+00:00,swerebench/sweb.eval.x86_64.genericmappingtools_1776_pygmt-574,1,single,33,0,9.0,3
GenericMappingTools/pygmt,genericmappingtools/pygmt,swerebench_filtered,GenericMappingTools__pygmt-1382,1382,b69fd0c36d872a57a3a9ca14232e366193e96fb7,2021-07-10 21:23:23+00:00,swerebench/sweb.eval.x86_64.genericmappingtools_1776_pygmt-1382,2,multi,25,0,2.0,4
GenericMappingTools/pygmt,genericmappingtools/pygmt,swerebench_filtered,GenericMappingTools__pygmt-1258,1258,53b4e7416989e76be4ae2b19d352b076c4dd4fa1,2021-05-04 20:04:14+00:00,swerebench/sweb.eval.x86_64.genericmappingtools_1776_pygmt-1258,2,multi,16,0,1.0,5
GenericMappingTools/pygmt,genericmappingtools/pygmt,swerebench_filtered,GenericMappingTools__pygmt-575,575,89857c32c7e61c57fb1f03993cfb090c76366783,2020-09-02 05:24:02+00:00,swerebench/sweb.eval.x86_64.genericmappingtools_1776_pygmt-575,1,single,45,0,5.0,6
GenericMappingTools/pygmt,genericmappingtools/pygmt,swerebench_filtered,GenericMappingTools__pygmt-1484,1484,4163497b9a12bcfc35b337ced20dde9afae10ce7,2021-09-04 04:48:01+00:00,swerebench/sweb.eval.x86_64.genericmappingtools_1776_pygmt-1484,1,single,10,0,1.0,7
GenericMappingTools/pygmt,genericmappingtools/pygmt,swerebench_filtered,GenericMappingTools__pygmt-702,702,b8385bfd21faa3d282be5482d0cc056e7abe70ca,2020-11-24 03:46:34+00:00,swerebench/sweb.eval.x86_64.genericmappingtools_1776_pygmt-702,2,multi,54,0,1.0,8
GenericMappingTools/pygmt,genericmappingtools/pygmt,swerebench_filtered,GenericMappingTools__pygmt-1963,1963,1067fa316b214d470f26f4affba743a4835a53c8,2022-06-15 14:44:10+00:00,swerebench/sweb.eval.x86_64.genericmappingtools_1776_pygmt-1963,1,single,22,0,9.0,9
GenericMappingTools/pygmt,genericmappingtools/pygmt,swerebench_filtered,GenericMappingTools__pygmt-1329,1329,7f37e1ca5b14a4064447304a5bf3936489cf933f,2021-06-11 03:30:06+00:00,swerebench/sweb.eval.x86_64.genericmappingtools_1776_pygmt-1329,1,single,6,0,1.0,10
GenericMappingTools/pygmt,genericmappingtools/pygmt,swerebench_filtered,GenericMappingTools__pygmt-1530,1530,6aba9aea0484b1c9038a3ee63c3360d596401acb,2021-09-21 07:28:21+00:00,swerebench/sweb.eval.x86_64.genericmappingtools_1776_pygmt-1530,1,single,11,0,1.0,11
GenericMappingTools/pygmt,genericmappingtools/pygmt,swerebench_filtered,GenericMappingTools__pygmt-1307,1307,ec73ea42428da74fca505cf6c14e71c5c667a6f3,2021-05-27 21:00:27+00:00,swerebench/sweb.eval.x86_64.genericmappingtools_1776_pygmt-1307,1,single,9,0,2.0,12
GenericMappingTools/pygmt,genericmappingtools/pygmt,swerebench_filtered,GenericMappingTools__pygmt-975,975,6f3650a0d6db63cd1a164c00d192ef0c3dc24b22,2021-02-26 22:20:41+00:00,swerebench/sweb.eval.x86_64.genericmappingtools_1776_pygmt-975,1,single,26,0,1.0,13
getsentry/sentry-python,getsentry/sentry-python,swerebench_filtered,getsentry__sentry-python-2279,2279,d48d3eb79bd6a91570476e5d3fc627e195ca2eba,2023-07-28 14:34:15+00:00,swerebench/sweb.eval.x86_64.getsentry_1776_sentry-python-2279,1,single,8,0,1.0,1
getsentry/sentry-python,getsentry/sentry-python,swerebench_filtered,getsentry__sentry-python-2148,2148,2882ee800533b52f264cd49ff603537e217c05c6,2023-05-31 18:54:30+00:00,swerebench/sweb.eval.x86_64.getsentry_1776_sentry-python-2148,5,multi,14,0,1.0,2
getsentry/sentry-python,getsentry/sentry-python,swerebench_filtered,getsentry__sentry-python-2500,2500,35d86b69980632816b5e055a2d697cdecef14a36,2023-11-10 12:36:20+00:00,swerebench/sweb.eval.x86_64.getsentry_1776_sentry-python-2500,5,multi,104,0,1.0,3
getsentry/sentry-python,getsentry/sentry-python,swerebench_filtered,getsentry__sentry-python-4231,4231,2c3776c582a23b6936c76ef53008bf63f861b6fd,2025-04-02 10:52:44+00:00,swerebench/sweb.eval.x86_64.getsentry_1776_sentry-python-4231,2,multi,20,0,1.0,4
getsentry/sentry-python,getsentry/sentry-python,swerebench_filtered,getsentry__sentry-python-1053,1053,b530b6f89ba9c13a9f65a0fa3f151ed42c9befe0,2021-03-11 17:48:25+00:00,swerebench/sweb.eval.x86_64.getsentry_1776_sentry-python-1053,4,multi,34,0,1.0,5
getsentry/sentry-python,getsentry/sentry-python,swerebench_filtered,getsentry__sentry-python-3729,3729,200d0cdde8eed2caa89b91db8b17baabe983d2de,2024-11-05 08:44:37+00:00,swerebench/sweb.eval.x86_64.getsentry_1776_sentry-python-3729,1,single,21,0,3.0,6
getsentry/sentry-python,getsentry/sentry-python,swerebench_filtered,getsentry__sentry-python-3463,3463,c97ea700789f8259cafa5dab4751d11236ca7a6e,2024-08-27 11:31:02+00:00,swerebench/sweb.eval.x86_64.getsentry_1776_sentry-python-3463,2,multi,38,0,2.0,7
getsentry/sentry-python,getsentry/sentry-python,swerebench_filtered,getsentry__sentry-python-3461,3461,ad390863ed347b8395d4f0b4658acffc0e4b105b,2024-08-26 16:44:19+00:00,swerebench/sweb.eval.x86_64.getsentry_1776_sentry-python-3461,1,single,12,0,2.0,8
getsentry/sentry-python,getsentry/sentry-python,swerebench_filtered,getsentry__sentry-python-3942,3942,3f57299d1addff54a2d218c069e466a371edc8c4,2025-01-17 10:51:25+00:00,swerebench/sweb.eval.x86_64.getsentry_1776_sentry-python-3942,1,single,2,0,1.0,9
getsentry/sentry-python,getsentry/sentry-python,swerebench_filtered,getsentry__sentry-python-4179,4179,5715734eac1c5fb4b6ec61ef459080c74fa777b5,2025-03-20 16:23:17+00:00,swerebench/sweb.eval.x86_64.getsentry_1776_sentry-python-4179,1,single,8,0,1.0,10
getsentry/sentry-python,getsentry/sentry-python,swerebench_filtered,getsentry__sentry-python-3002,3002,6a733683ebd9728bab065b6e2d9ea11687e204a4,2024-04-22 15:16:15+00:00,swerebench/sweb.eval.x86_64.getsentry_1776_sentry-python-3002,1,single,9,0,2.0,11
getsentry/sentry-python,getsentry/sentry-python,swerebench_filtered,getsentry__sentry-python-3883,3883,8ced6609e6fcc95855f43cf9fc1d94b59836b57f,2024-12-18 23:44:31+00:00,swerebench/sweb.eval.x86_64.getsentry_1776_sentry-python-3883,1,single,195,0,2.0,12
getsentry/sentry-python,getsentry/sentry-python,swerebench_filtered,getsentry__sentry-python-2020,2020,eb5ee4acf1556a9973ef1fe7d0ae63bab150059d,2023-04-17 22:31:47+00:00,swerebench/sweb.eval.x86_64.getsentry_1776_sentry-python-2020,1,single,18,0,2.0,13
getsentry/sentry-python,getsentry/sentry-python,swerebench_filtered,getsentry__sentry-python-2552,2552,e9b5855d619ded6152bd84dff93f948ac2d32515,2023-11-30 22:45:13+00:00,swerebench/sweb.eval.x86_64.getsentry_1776_sentry-python-2552,1,single,91,0,1.0,14
getsentry/sentry-python,getsentry/sentry-python,swerebench_filtered,getsentry__sentry-python-3524,3524,a58154259468b0d2f944a4a01eb2bf96a543696c,2024-09-11 14:53:39+00:00,swerebench/sweb.eval.x86_64.getsentry_1776_sentry-python-3524,2,multi,31,0,4.0,15
google/flax,google/flax,swerebench_filtered,google__flax-4536,4536,33bf6b6adec5dd7e5981d970972ec5b0fb04cfc2,2025-02-10 04:15:11+00:00,swerebench/sweb.eval.x86_64.google_1776_flax-4536,2,multi,54,0,3.0,1
google/flax,google/flax,swerebench_filtered,google__flax-3537,3537,51e2cf536f5e0f63a4c7c1c4dccbb2831abf924f,2023-12-06 23:24:18+00:00,swerebench/sweb.eval.x86_64.google_1776_flax-3537,2,multi,50,0,2.0,2
google/flax,google/flax,swerebench_filtered,google__flax-2842,2842,398e170b1e14bec7369987af7beafd32405f21ef,2023-02-02 20:13:08+00:00,swerebench/sweb.eval.x86_64.google_1776_flax-2842,1,single,4,0,1.0,3
google/flax,google/flax,swerebench_filtered,google__flax-3485,3485,091df13e82629328b317fc20fe2f360c1d964435,2023-11-14 22:49:35+00:00,swerebench/sweb.eval.x86_64.google_1776_flax-3485,1,single,8,0,1.0,4
google/flax,google/flax,swerebench_filtered,google__flax-4705,4705,32ad6c57a6f2c09080e9746b903addcb5c2b226c,2025-04-15 01:12:55+00:00,swerebench/sweb.eval.x86_64.google_1776_flax-4705,2,multi,8,0,1.0,5
google/flax,google/flax,swerebench_filtered,google__flax-4002,4002,fbdc3394f67c973c3502c482d168152437fea3c2,2024-06-18 07:45:50+00:00,swerebench/sweb.eval.x86_64.google_1776_flax-4002,1,single,8,0,1.0,6
google/flax,google/flax,swerebench_filtered,google__flax-4580,4580,541385015d1925f50e47530ed838a485c315d58d,2025-02-26 22:34:11+00:00,swerebench/sweb.eval.x86_64.google_1776_flax-4580,1,single,7,0,1.0,7
google/flax,google/flax,swerebench_filtered,google__flax-3566,3566,b468207650e7fd2b9b4b035dbbec6176d9ae3734,2023-12-16 11:08:22+00:00,swerebench/sweb.eval.x86_64.google_1776_flax-3566,4,multi,106,0,7.0,8
google/flax,google/flax,swerebench_filtered,google__flax-4029,4029,3b21870822bd2a6d880194799b749bb69534769f,2024-06-26 00:14:58+00:00,swerebench/sweb.eval.x86_64.google_1776_flax-4029,1,single,46,0,1.0,9
google/flax,google/flax,swerebench_filtered,google__flax-4681,4681,e16cfc44f85a9c4b26f3ebb28249ba49ce3e1527,2025-04-04 00:52:21+00:00,swerebench/sweb.eval.x86_64.google_1776_flax-4681,1,single,6,0,1.0,10
google/flax,google/flax,swerebench_filtered,google__flax-3529,3529,829e004c6d5646f24bd048023a4407e3b4d5aa98,2023-12-05 01:03:50+00:00,swerebench/sweb.eval.x86_64.google_1776_flax-3529,1,single,60,0,1.0,11
google/flax,google/flax,swerebench_filtered,google__flax-4351,4351,b8bdafbbc53bfdb7266db18b4a5261eb0fff3625,2024-10-31 04:39:18+00:00,swerebench/sweb.eval.x86_64.google_1776_flax-4351,1,single,8,0,8.0,12
google/flax,google/flax,swerebench_filtered,google__flax-4317,4317,c1046ad08f885e3ff35e6fdec2bd0b6495e04e22,2024-10-21 09:50:38+00:00,swerebench/sweb.eval.x86_64.google_1776_flax-4317,1,single,6,0,1.0,13
google/flax,google/flax,swerebench_filtered,google__flax-3693,3693,c25f546ff4c72c6c85e5225fe8467331720034be,2024-02-14 00:25:33+00:00,swerebench/sweb.eval.x86_64.google_1776_flax-3693,2,multi,105,0,48.0,14
google/mobly,google/mobly,swerebench_filtered,google__mobly-821,821,c6145d2d18b6594420e5fa2ca95123d38e4b10ff,2022-05-16 10:48:42+00:00,swerebench/sweb.eval.x86_64.google_1776_mobly-821,2,multi,18,0,4.0,1
google/mobly,google/mobly,swerebench_filtered,google__mobly-582,582,ac5549a19bef84d226fa639da8b249ded508321e,2019-06-06 20:18:48+00:00,swerebench/sweb.eval.x86_64.google_1776_mobly-582,1,single,13,0,3.0,2
google/mobly,google/mobly,swerebench_filtered,google__mobly-164,164,464a16aee403100025085846f0b6a5e29620e5b6,2017-03-23 02:48:42+00:00,swerebench/sweb.eval.x86_64.google_1776_mobly-164,2,multi,44,0,1.0,3
google/mobly,google/mobly,swerebench_filtered,google__mobly-433,433,02b9d84acfe775a6fe73e2b960ba7e47765184d6,2018-04-11 23:35:44+00:00,swerebench/sweb.eval.x86_64.google_1776_mobly-433,1,single,6,0,1.0,4
google/mobly,google/mobly,swerebench_filtered,google__mobly-135,135,81f4c8854fdc7b07607efdb7f0da91b9e1b22d12,2017-02-28 17:06:35+00:00,swerebench/sweb.eval.x86_64.google_1776_mobly-135,3,multi,16,0,1.0,5
google/mobly,google/mobly,swerebench_filtered,google__mobly-194,194,5960e218c4006d8b7681ffe9698cbef160ad112f,2017-04-28 05:46:23+00:00,swerebench/sweb.eval.x86_64.google_1776_mobly-194,1,single,9,0,1.0,6
google/mobly,google/mobly,swerebench_filtered,google__mobly-276,276,2172facbb0ad8d1795a63e7b777d5938914cf758,2017-07-28 01:36:53+00:00,swerebench/sweb.eval.x86_64.google_1776_mobly-276,1,single,29,0,7.0,7
google/mobly,google/mobly,swerebench_filtered,google__mobly-328,328,51c912d1a8ffd5ace4a9a744a46498515cf5c145,2017-09-01 21:02:53+00:00,swerebench/sweb.eval.x86_64.google_1776_mobly-328,1,single,6,0,2.0,8
google/mobly,google/mobly,swerebench_filtered,google__mobly-513,513,5aa74012449604d732e51637d7775891caab7df2,2018-10-02 00:26:58+00:00,swerebench/sweb.eval.x86_64.google_1776_mobly-513,3,multi,57,0,5.0,9
google/mobly,google/mobly,swerebench_filtered,google__mobly-165,165,464a16aee403100025085846f0b6a5e29620e5b6,2017-03-23 03:39:23+00:00,swerebench/sweb.eval.x86_64.google_1776_mobly-165,2,multi,50,0,1.0,10
googleapis/python-storage,googleapis/python-storage,swerebench_filtered,googleapis__python-storage-392,392,d346c94253ddce6985bcdc7da8eaf3f0585a9f66,2021-03-09 22:21:47+00:00,swerebench/sweb.eval.x86_64.googleapis_1776_python-storage-392,1,single,6,0,1.0,1
googleapis/python-storage,googleapis/python-storage,swerebench_filtered,googleapis__python-storage-107,107,69b2c45079ce2c86f7847fdc9611a9462ae28678,2020-04-15 14:47:52+00:00,swerebench/sweb.eval.x86_64.googleapis_1776_python-storage-107,1,single,26,0,6.0,2
googleapis/python-storage,googleapis/python-storage,swerebench_filtered,googleapis__python-storage-1186,1186,9e4d1d8b44e55a1a10032b844932a8f5140c68fe,2023-11-17 22:27:45+00:00,swerebench/sweb.eval.x86_64.googleapis_1776_python-storage-1186,1,single,8,0,1.0,3
googleapis/python-storage,googleapis/python-storage,swerebench_filtered,googleapis__python-storage-72,72,4c1c819539f8026e14dbe67734be1395ccb18aae,2020-02-26 11:25:57+00:00,swerebench/sweb.eval.x86_64.googleapis_1776_python-storage-72,3,multi,81,0,68.0,4
googleapis/python-storage,googleapis/python-storage,swerebench_filtered,googleapis__python-storage-366,366,b91e57d6ca314ac4feaec30bf355fcf7ac4468c0,2021-01-26 23:59:35+00:00,swerebench/sweb.eval.x86_64.googleapis_1776_python-storage-366,1,single,21,0,1.0,5
googleapis/python-storage,googleapis/python-storage,swerebench_filtered,googleapis__python-storage-118,118,6152ab4067d39ba824f9b6a17b83859dd7236cec,2020-04-27 13:36:38+00:00,swerebench/sweb.eval.x86_64.googleapis_1776_python-storage-118,1,single,1,0,11.0,6
googleapis/python-storage,googleapis/python-storage,swerebench_filtered,googleapis__python-storage-480,480,e3e57a9c779d6b87852063787f19e27c76b1bb14,2021-06-25 16:44:26+00:00,swerebench/sweb.eval.x86_64.googleapis_1776_python-storage-480,2,multi,57,0,9.0,7
googleapis/python-storage,googleapis/python-storage,swerebench_filtered,googleapis__python-storage-445,445,179de2a7e0ca92b2cd849714a2d7801baaf1c551,2021-05-17 17:45:22+00:00,swerebench/sweb.eval.x86_64.googleapis_1776_python-storage-445,1,single,10,0,1.0,8
googleapis/python-storage,googleapis/python-storage,swerebench_filtered,googleapis__python-storage-267,267,ec52b38df211fad18a86d7e16d83db79de59d5f5,2020-09-02 20:37:25+00:00,swerebench/sweb.eval.x86_64.googleapis_1776_python-storage-267,1,single,19,0,1.0,9
googleapis/python-storage,googleapis/python-storage,swerebench_filtered,googleapis__python-storage-58,58,a834d1b54aa96152ced4d841c4e0c241acd2d8d8,2020-02-13 01:37:29+00:00,swerebench/sweb.eval.x86_64.googleapis_1776_python-storage-58,2,multi,33,0,60.0,10
googleapis/python-storage,googleapis/python-storage,swerebench_filtered,googleapis__python-storage-235,235,3465d08e098edb250dee5e97d1fb9ded8bae5700,2020-08-07 07:45:52+00:00,swerebench/sweb.eval.x86_64.googleapis_1776_python-storage-235,1,single,8,0,1.0,11
googleapis/python-storage,googleapis/python-storage,swerebench_filtered,googleapis__python-storage-1275,1275,4db96c960b07e503c1031c9fa879cf2af195f513,2024-05-15 21:50:14+00:00,swerebench/sweb.eval.x86_64.googleapis_1776_python-storage-1275,1,single,7,0,2.0,12
googleapis/python-storage,googleapis/python-storage,swerebench_filtered,googleapis__python-storage-185,185,7a4e7a5974abedb0b7b2e110cacbfcd0a40346b6,2020-06-18 16:39:56+00:00,swerebench/sweb.eval.x86_64.googleapis_1776_python-storage-185,2,multi,156,0,45.0,13
googleapis/python-storage,googleapis/python-storage,swerebench_filtered,googleapis__python-storage-1394,1394,6aef9b7bf17c3ff50518e90c688f1b08a1b90f6d,2024-12-11 16:58:59+00:00,swerebench/sweb.eval.x86_64.googleapis_1776_python-storage-1394,1,single,4,0,1.0,14
googleapis/python-storage,googleapis/python-storage,swerebench_filtered,googleapis__python-storage-1357,1357,8ec02c0e656a4e6786f256798f4b93b95b50acec,2024-10-02 10:29:36+00:00,swerebench/sweb.eval.x86_64.googleapis_1776_python-storage-1357,1,single,2,0,1.0,15
googleapis/python-storage,googleapis/python-storage,swerebench_filtered,googleapis__python-storage-282,282,2f4164d209494752bd3b9ec4d6ac389282f5c604,2020-09-30 07:00:30+00:00,swerebench/sweb.eval.x86_64.googleapis_1776_python-storage-282,1,single,2,0,1.0,16
googleapis/python-storage,googleapis/python-storage,swerebench_filtered,googleapis__python-storage-298,298,3bf5c5213a3fac2058a07539e0a1e1c4497d5f07,2020-10-19 14:26:40+00:00,swerebench/sweb.eval.x86_64.googleapis_1776_python-storage-298,1,single,4,0,2.0,17
googleapis/python-storage,googleapis/python-storage,swerebench_filtered,googleapis__python-storage-382,382,79d27da9fe842e44a9091076ea0ef52c5ef5ff72,2021-02-17 03:30:37+00:00,swerebench/sweb.eval.x86_64.googleapis_1776_python-storage-382,1,single,2,0,12.0,18
googleapis/python-storage,googleapis/python-storage,swerebench_filtered,googleapis__python-storage-323,323,547740c0a898492e76ce5e60dd20c7ddb8a53d1f,2020-11-22 16:39:38+00:00,swerebench/sweb.eval.x86_64.googleapis_1776_python-storage-323,1,single,2,0,1.0,19
googleapis/python-storage,googleapis/python-storage,swerebench_filtered,googleapis__python-storage-189,189,4d76e3882210ed2818a43256265f6df31348d410,2020-06-23 08:25:59+00:00,swerebench/sweb.eval.x86_64.googleapis_1776_python-storage-189,1,single,6,0,1.0,20
hgrecco/pint,hgrecco/pint,swerebench_filtered,hgrecco__pint-1186,1186,59b8b0a19385a710f41ff16253a37371b19a5647,2020-10-08 18:00:09+00:00,swerebench/sweb.eval.x86_64.hgrecco_1776_pint-1186,1,single,21,0,1.0,1
hgrecco/pint,hgrecco/pint,swerebench_filtered,hgrecco__pint-928,928,5109e05fe89e18258a5cc88f444d80cfb7d18cce,2019-12-12 18:14:18+00:00,swerebench/sweb.eval.x86_64.hgrecco_1776_pint-928,1,single,20,0,7.0,2
hgrecco/pint,hgrecco/pint,swebench_live_full,hgrecco__pint-2203,2203,16775fdc99688c4afd7954f51e1d61b9a491ab09,2025-08-05 15:17:46+00:00,starryzhang/sweb.eval.x86_64.hgrecco_1776_pint-2203,1,single,2,0,1.0,3
hgrecco/pint,hgrecco/pint,swerebench_filtered,hgrecco__pint-920,920,3936c36badcb27f12cad5d25072035613e7a35b0,2019-12-08 16:13:05+00:00,swerebench/sweb.eval.x86_64.hgrecco_1776_pint-920,3,multi,12,0,1.0,4
hgrecco/pint,hgrecco/pint,swerebench_filtered,hgrecco__pint-948,948,d662fd2580acfbdb3cbae6c57969c2b67408ce96,2019-12-22 02:02:28+00:00,swerebench/sweb.eval.x86_64.hgrecco_1776_pint-948,1,single,39,0,2.0,5
hgrecco/pint,hgrecco/pint,swebench_live_full,hgrecco__pint-2194,2194,a0264aa4aa3a74f84930e320b1ca69f13b29609d,2025-07-30 16:43:21+00:00,starryzhang/sweb.eval.x86_64.hgrecco_1776_pint-2194,2,multi,52,0,2.0,6
hgrecco/pint,hgrecco/pint,swerebench_filtered,hgrecco__pint-1347,1347,37a61ede6fbd628c7dc160eb36278cf41c96484c,2021-07-14 00:28:57+00:00,swerebench/sweb.eval.x86_64.hgrecco_1776_pint-1347,1,single,2,0,1.0,7
hgrecco/pint,hgrecco/pint,swerebench_filtered,hgrecco__pint-1476,1476,47bbe5b25215ec0bb2ce00bd24122743f9b9a4df,2022-03-01 21:24:13+00:00,swerebench/sweb.eval.x86_64.hgrecco_1776_pint-1476,1,single,13,0,2.0,8
hgrecco/pint,hgrecco/pint,swerebench_filtered,hgrecco__pint-1098,1098,e350d2174896d903f7c6c548398969850a1cc02f,2020-05-12 16:19:03+00:00,swerebench/sweb.eval.x86_64.hgrecco_1776_pint-1098,2,multi,14,0,1.0,9
hgrecco/pint,hgrecco/pint,swerebench_filtered,hgrecco__pint-1463,1463,5403f46ecf636d0749cf54cddf725d177d60af61,2022-02-09 01:32:30+00:00,swerebench/sweb.eval.x86_64.hgrecco_1776_pint-1463,2,multi,41,0,4.0,10
hgrecco/pint,hgrecco/pint,swerebench_filtered,hgrecco__pint-1087,1087,878f81e75dc61f7fe58e64c927fe2da939aca0dd,2020-04-23 15:02:39+00:00,swerebench/sweb.eval.x86_64.hgrecco_1776_pint-1087,1,single,22,0,1.0,11
hgrecco/pint,hgrecco/pint,swerebench_filtered,hgrecco__pint-1409,1409,f1dc122abc48eae80d88bc3adeb99081e46e6f29,2021-11-06 01:23:26+00:00,swerebench/sweb.eval.x86_64.hgrecco_1776_pint-1409,1,single,10,0,1.0,12
hgrecco/pint,hgrecco/pint,swerebench_filtered,hgrecco__pint-1625,1625,e0a8c221bfe7c83f5d6fcbe2e847724a41cf61a6,2022-10-23 11:11:58+00:00,swerebench/sweb.eval.x86_64.hgrecco_1776_pint-1625,1,single,2,0,2.0,13
hgrecco/pint,hgrecco/pint,swerebench_filtered,hgrecco__pint-1113,1113,583b2979f67452f0c5d29399ace07dd98808278e,2020-06-15 13:11:51+00:00,swerebench/sweb.eval.x86_64.hgrecco_1776_pint-1113,1,single,4,0,1.0,14
hgrecco/pint,hgrecco/pint,swerebench_filtered,hgrecco__pint-1111,1111,af723faccff4d4778dd21cafc71de78b015b91c3,2020-06-15 10:47:35+00:00,swerebench/sweb.eval.x86_64.hgrecco_1776_pint-1111,1,single,2,0,1.0,15
hgrecco/pint,hgrecco/pint,swerebench_filtered,hgrecco__pint-1361,1361,1d566538f8ee47fbf7c9127e0385fec8de0d9b78,2021-08-02 16:35:34+00:00,swerebench/sweb.eval.x86_64.hgrecco_1776_pint-1361,1,single,6,0,2.0,16
hgrecco/pint,hgrecco/pint,swerebench_filtered,hgrecco__pint-1426,1426,5bdf0109576b423823fd67fd5eaabe0ce4d02fc6,2021-11-24 23:13:15+00:00,swerebench/sweb.eval.x86_64.hgrecco_1776_pint-1426,2,multi,4,0,1.0,17
hgrecco/pint,hgrecco/pint,swerebench_filtered,hgrecco__pint-1055,1055,d8bd0d04be9544d8e7bdd6a5d74485330f5f8e01,2020-03-13 11:53:10+00:00,swerebench/sweb.eval.x86_64.hgrecco_1776_pint-1055,1,single,77,0,3.0,18
hgrecco/pint,hgrecco/pint,swerebench_filtered,hgrecco__pint-630,630,90174a33c00a1364fcf2af9c59adf7859b0706b2,2018-04-13 17:39:43+00:00,swerebench/sweb.eval.x86_64.hgrecco_1776_pint-630,1,single,31,0,12.0,19
hgrecco/pint,hgrecco/pint,swerebench_filtered,hgrecco__pint-962,962,68a3e9132597d8ffc55beb306c692e20c9c8a93e,2019-12-28 05:38:10+00:00,swerebench/sweb.eval.x86_64.hgrecco_1776_pint-962,2,multi,118,0,2.0,20
ibis-project/ibis,ibis-project/ibis,swerebench_filtered,ibis-project__ibis-4772,4772,438eb19f261b144c4c993eaf9c8ad3a475c22827,2022-11-04 21:53:10+00:00,swerebench/sweb.eval.x86_64.ibis-project_1776_ibis-4772,1,single,4,0,1.0,1
ibis-project/ibis,ibis-project/ibis,swerebench_filtered,ibis-project__ibis-4728,4728,3a054fce3db40e59894f6910fae92e247da89dc6,2022-10-26 18:13:53+00:00,swerebench/sweb.eval.x86_64.ibis-project_1776_ibis-4728,1,single,29,0,2.0,2
ibis-project/ibis,ibis-project/ibis,swerebench_filtered,ibis-project__ibis-9659,9659,69c5bf0de2061e329597309638efec49dd2b2a97,2024-07-22 16:14:33+00:00,swerebench/sweb.eval.x86_64.ibis-project_1776_ibis-9659,1,single,4,0,38.0,3
ibis-project/ibis,ibis-project/ibis,swerebench_filtered,ibis-project__ibis-10260,10260,0a86e3c82ac9fcaf39da2c0c49d6c922208a09d5,2024-10-01 11:11:50+00:00,swerebench/sweb.eval.x86_64.ibis-project_1776_ibis-10260,1,single,2,0,1.0,4
ibis-project/ibis,ibis-project/ibis,swerebench_filtered,ibis-project__ibis-4766,4766,ac59dacb6963052ad9dfa2fa6631798be845b6d3,2022-11-03 20:17:22+00:00,swerebench/sweb.eval.x86_64.ibis-project_1776_ibis-4766,1,single,10,0,8.0,5
ibis-project/ibis,ibis-project/ibis,swerebench_filtered,ibis-project__ibis-8262,8262,03acbd10ab55e6cdc9759682eafb79f13c4b4950,2024-02-07 17:50:40+00:00,swerebench/sweb.eval.x86_64.ibis-project_1776_ibis-8262,1,single,1,0,1.0,6
ibis-project/ibis,ibis-project/ibis,swerebench_filtered,ibis-project__ibis-4670,4670,725a6b1b989c3edae0b63d4681dfe9fc987582fe,2022-10-18 15:09:26+00:00,swerebench/sweb.eval.x86_64.ibis-project_1776_ibis-4670,5,multi,37,0,7.0,7
ibis-project/ibis,ibis-project/ibis,swebench_live_full,ibis-project__ibis-11506,11506,8641087cbfdb847bf5f1e9e3fd920be55bf659c7,2025-07-27 15:40:00+00:00,starryzhang/sweb.eval.x86_64.ibis-project_1776_ibis-11506,2,multi,16,0,7.0,8
ibis-project/ibis,ibis-project/ibis,swerebench_filtered,ibis-project__ibis-9658,9658,f019b6766ee81a41e3f78bfaba69439a6d0ee707,2024-07-22 16:05:37+00:00,swerebench/sweb.eval.x86_64.ibis-project_1776_ibis-9658,6,multi,108,1,5.0,9
ibis-project/ibis,ibis-project/ibis,swerebench_filtered,ibis-project__ibis-9595,9595,1b02b184c227290545c11b7bc4af6f24fe2b6f6e,2024-07-15 18:40:25+00:00,swerebench/sweb.eval.x86_64.ibis-project_1776_ibis-9595,1,single,6,0,1.0,10
instructlab/instructlab,instructlab/instructlab,swebench_live_full,instructlab__instructlab-2119,2119,9be662aacc994c7016e9c0724500c658589369f2,2024-08-21 15:10:24+00:00,starryzhang/sweb.eval.x86_64.instructlab_1776_instructlab-2119,1,single,5,0,1.0,1
instructlab/instructlab,instructlab/instructlab,swebench_live_full,instructlab__instructlab-3118,3118,a060edf190c8820adb8428678fb923f184aa42a4,2025-02-03 08:55:49+00:00,starryzhang/sweb.eval.x86_64.instructlab_1776_instructlab-3118,2,multi,6,0,1.0,2
instructlab/instructlab,instructlab/instructlab,swebench_live_full,instructlab__instructlab-1762,1762,81c69513b447656f0ba03a7ef6debfa505e0c22a,2024-07-17 18:00:06+00:00,starryzhang/sweb.eval.x86_64.instructlab_1776_instructlab-1762,1,single,4,0,1.0,3
instructlab/instructlab,instructlab/instructlab,swebench_live_full,instructlab__instructlab-1662,1662,0698b62870f094f2e9681e8ee0d2c53f6588b0a0,2024-07-11 09:09:31+00:00,starryzhang/sweb.eval.x86_64.instructlab_1776_instructlab-1662,4,multi,69,0,2.0,4
instructlab/instructlab,instructlab/instructlab,swebench_live_full,instructlab__instructlab-2825,2825,e0a1e8ce2fa10b9730dc9f6b3d4036f4e63947d9,2024-12-18 21:07:19+00:00,starryzhang/sweb.eval.x86_64.instructlab_1776_instructlab-2825,6,multi,90,0,1.0,5
instructlab/instructlab,instructlab/instructlab,swebench_live_full,instructlab__instructlab-1088,1088,6af299ac2396b0d29d7976c861765022f6df8ee9,2024-05-03 07:55:21+00:00,starryzhang/sweb.eval.x86_64.instructlab_1776_instructlab-1088,1,single,13,0,1.0,6
instructlab/instructlab,instructlab/instructlab,swebench_live_full,instructlab__instructlab-1677,1677,d7ed89dc00fff6b98d036a8519979fd6e9dd823b,2024-07-11 21:26:22+00:00,starryzhang/sweb.eval.x86_64.instructlab_1776_instructlab-1677,2,multi,20,0,2.0,7
instructlab/instructlab,instructlab/instructlab,swebench_live_full,instructlab__instructlab-2004,2004,e8097167e0f70e887cc7aa8b9eaeabacbff6ed6a,2024-08-06 23:19:35+00:00,starryzhang/sweb.eval.x86_64.instructlab_1776_instructlab-2004,2,multi,9,0,1.0,8
instructlab/instructlab,instructlab/instructlab,swebench_live_full,instructlab__instructlab-756,756,ca231b189adc84caf8bb15f96162719848b765aa,2024-03-26 20:32:20+00:00,starryzhang/sweb.eval.x86_64.instructlab_1776_instructlab-756,2,multi,87,0,2.0,9
instructlab/instructlab,instructlab/instructlab,swebench_live_full,instructlab__instructlab-1002,1002,4aa80b1f403f96dc3f6503c83dbea21b18e8a337,2024-04-25 17:12:26+00:00,starryzhang/sweb.eval.x86_64.instructlab_1776_instructlab-1002,4,multi,123,0,4.0,10
instructlab/instructlab,instructlab/instructlab,swebench_live_full,instructlab__instructlab-1443,1443,5398229da51147b24458d661a8c9820967ec5b10,2024-06-21 15:18:21+00:00,starryzhang/sweb.eval.x86_64.instructlab_1776_instructlab-1443,3,multi,69,0,6.0,11
instructlab/instructlab,instructlab/instructlab,swebench_live_full,instructlab__instructlab-2741,2741,ed2c941a8ee3dafb884746d03bcdc0cae57fd8a0,2024-12-04 04:53:44+00:00,starryzhang/sweb.eval.x86_64.instructlab_1776_instructlab-2741,5,multi,14,0,4.0,12
instructlab/instructlab,instructlab/instructlab,swebench_live_full,instructlab__instructlab-1102,1102,eadb214ef45a059d43e102942cc0d59046019a33,2024-05-03 15:24:40+00:00,starryzhang/sweb.eval.x86_64.instructlab_1776_instructlab-1102,4,multi,49,0,1.0,13
instructlab/instructlab,instructlab/instructlab,swebench_live_full,instructlab__instructlab-1923,1923,d0647edd0ab7fb7fb577491203645792c64137a4,2024-07-30 15:14:30+00:00,starryzhang/sweb.eval.x86_64.instructlab_1776_instructlab-1923,6,multi,44,0,1.0,14
instructlab/instructlab,instructlab/instructlab,swebench_live_full,instructlab__instructlab-969,969,a9f4f60b3974a0d1611427412d32656876c8fd80,2024-04-23 13:52:31+00:00,starryzhang/sweb.eval.x86_64.instructlab_1776_instructlab-969,1,single,18,0,1.0,15
instructlab/instructlab,instructlab/instructlab,swebench_live_full,instructlab__instructlab-615,615,faaf98858135cd8279caede18906d4b36a4b78a9,2024-03-14 13:19:12+00:00,starryzhang/sweb.eval.x86_64.instructlab_1776_instructlab-615,1,single,24,0,1.0,16
instructlab/instructlab,instructlab/instructlab,swebench_live_full,instructlab__instructlab-3125,3125,5e7c7b4d53ce320a4de201c31c4fdd153ab207bc,2025-02-06 01:56:14+00:00,starryzhang/sweb.eval.x86_64.instructlab_1776_instructlab-3125,4,multi,62,0,3.0,17
instructlab/instructlab,instructlab/instructlab,swebench_live_full,instructlab__instructlab-2789,2789,ed2c941a8ee3dafb884746d03bcdc0cae57fd8a0,2024-12-12 19:40:28+00:00,starryzhang/sweb.eval.x86_64.instructlab_1776_instructlab-2789,2,multi,23,0,1.0,18
instructlab/instructlab,instructlab/instructlab,swebench_live_full,instructlab__instructlab-2548,2548,cbd5be02c6694252263fc627a3078db8693a4f38,2024-10-28 20:52:50+00:00,starryzhang/sweb.eval.x86_64.instructlab_1776_instructlab-2548,1,single,5,0,1.0,19
instructlab/instructlab,instructlab/instructlab,swebench_live_full,instructlab__instructlab-367,367,59de6749732381006f3c97806b0e8c1d07c99efa,2024-03-07 00:06:35+00:00,starryzhang/sweb.eval.x86_64.instructlab_1776_instructlab-367,3,multi,103,0,1.0,20
ipython/ipython,ipython/ipython,swebench_live_full,ipython__ipython-14970,14970,1460cef36a6e15915af6a2aa57f3384cc05693bb,2025-08-26 17:28:34+00:00,starryzhang/sweb.eval.x86_64.ipython_1776_ipython-14970,1,single,14,0,1.0,1
ipython/ipython,ipython/ipython,swerebench_filtered,ipython__ipython-12884,12884,81b87f20aa8836b42fbb2b1dee7b662d8d5d46c6,2021-04-02 21:20:24+00:00,swerebench/sweb.eval.x86_64.ipython_1776_ipython-12884,9,multi,133,0,1.0,2
ipython/ipython,ipython/ipython,swebench_live_full,ipython__ipython-14555,14555,02545e95585fa222f9e83b83161e6af4065fd6f7,2024-10-21 16:20:44+00:00,starryzhang/sweb.eval.x86_64.ipython_1776_ipython-14555,1,single,6,0,1.0,3
ipython/ipython,ipython/ipython,swerebench_filtered,ipython__ipython-12130,12130,201acc865abb92a6184b3c01d21c577e1ff07139,2020-02-14 22:31:11+00:00,swerebench/sweb.eval.x86_64.ipython_1776_ipython-12130,2,multi,6,0,1.0,4
ipython/ipython,ipython/ipython,swerebench_filtered,ipython__ipython-11425,11425,36550f17759c1624d4dc76797c7212219d75f5d8,2018-10-20 20:56:50+00:00,swerebench/sweb.eval.x86_64.ipython_1776_ipython-11425,4,multi,50,0,1.0,5
ipython/ipython,ipython/ipython,swebench_live_full,ipython__ipython-14943,14943,4d0c438d617e49b77d68cd98208f7b2d371a1381,2025-07-19 12:31:48+00:00,starryzhang/sweb.eval.x86_64.ipython_1776_ipython-14943,2,multi,86,0,1.0,6
ipython/ipython,ipython/ipython,swerebench_filtered,ipython__ipython-12954,12954,322f2fe50d9dccb6134d3d61df7d90772ecf2751,2021-05-07 16:13:33+00:00,swerebench/sweb.eval.x86_64.ipython_1776_ipython-12954,1,single,17,0,1.0,7
ipython/ipython,ipython/ipython,swerebench_filtered,ipython__ipython-12144,12144,5b0df90efaa7fe99abb4d92b0acffc1051ec5549,2020-02-27 16:17:34+00:00,swerebench/sweb.eval.x86_64.ipython_1776_ipython-12144,2,multi,6,0,1.0,8
ipython/ipython,ipython/ipython,swebench_live_full,ipython__ipython-14969,14969,ad948680afaefee8cf530052807e2367db3826b3,2025-08-24 16:24:52+00:00,starryzhang/sweb.eval.x86_64.ipython_1776_ipython-14969,1,single,7,0,1.0,9
ipython/ipython,ipython/ipython,swebench_live_full,ipython__ipython-14798,14798,801c9adb94b213fc5e8cacb0d9920a0ff7727c2e,2025-02-27 00:53:44+00:00,starryzhang/sweb.eval.x86_64.ipython_1776_ipython-14798,1,single,28,0,1.0,10
ipython/ipython,ipython/ipython,swebench_live_full,ipython__ipython-14941,14941,4d0c438d617e49b77d68cd98208f7b2d371a1381,2025-07-19 08:53:38+00:00,starryzhang/sweb.eval.x86_64.ipython_1776_ipython-14941,3,multi,12,0,1.0,11
ipython/ipython,ipython/ipython,swebench_live_full,ipython__ipython-14966,14966,ad948680afaefee8cf530052807e2367db3826b3,2025-08-20 12:18:03+00:00,starryzhang/sweb.eval.x86_64.ipython_1776_ipython-14966,2,multi,44,0,1.0,12
ipython/ipython,ipython/ipython,swebench_live_full,ipython__ipython-14695,14695,b8220b5b975e3f4e19d078033aa1e68da28e2c9b,2025-01-29 16:02:08+00:00,starryzhang/sweb.eval.x86_64.ipython_1776_ipython-14695,1,single,2,0,1.0,13
ipython/ipython,ipython/ipython,swebench_live_full,ipython__ipython-14838,14838,978324813ce6a4a39156c549436b89eb22944038,2025-03-13 12:27:18+00:00,starryzhang/sweb.eval.x86_64.ipython_1776_ipython-14838,1,single,158,0,36.0,14
ipython/ipython,ipython/ipython,swebench_live_full,ipython__ipython-14503,14503,78fea5f8d7bf6ca55796e82ed341e7fd291878f0,2024-08-26 12:06:47+00:00,starryzhang/sweb.eval.x86_64.ipython_1776_ipython-14503,1,single,43,0,1.0,15
ipython/ipython,ipython/ipython,swebench_live_full,ipython__ipython-14474,14474,580137e726f52665d2cc19ab5a0aaac55da0d47a,2024-06-27 21:44:47+00:00,starryzhang/sweb.eval.x86_64.ipython_1776_ipython-14474,1,single,95,0,4.0,16
ipython/ipython,ipython/ipython,swebench_live_full,ipython__ipython-14486,14486,ad07901d8cf6fb874262c6387bd24d9e5a284144,2024-07-22 13:06:38+00:00,starryzhang/sweb.eval.x86_64.ipython_1776_ipython-14486,2,multi,17,0,4.0,17
ipython/ipython,ipython/ipython,swebench_live_full,ipython__ipython-14964,14964,cbac235320fe91056a0fb6dba74cd8bef7fc21d9,2025-08-19 16:56:51+00:00,starryzhang/sweb.eval.x86_64.ipython_1776_ipython-14964,1,single,5,0,1.0,18
ipython/ipython,ipython/ipython,swebench_live_full,ipython__ipython-14693,14693,637e037d668db7aebe61ae04261ebfc5cb7f32c5,2025-01-29 12:36:04+00:00,starryzhang/sweb.eval.x86_64.ipython_1776_ipython-14693,2,multi,49,0,1.0,19
ipython/ipython,ipython/ipython,swebench_live_full,ipython__ipython-14466,14466,1454013b8b615ce75d30d38b7710e3fccca16263,2024-06-20 11:01:28+00:00,starryzhang/sweb.eval.x86_64.ipython_1776_ipython-14466,1,single,12,0,1.0,20
iterative/dvc,iterative/dvc,swerebench_filtered,iterative__dvc-3727,3727,415a85c6bebf658e3cc6b35ec250897ba94869ea,2020-05-03 20:17:52+00:00,xingyaoww/sweb.eval.x86_64.iterative_s_dvc-3727,2,multi,15,0,2.0,1
iterative/dvc,iterative/dvc,swerebench_filtered,iterative__dvc-3316,3316,77f24af727c7ed6225296b20e80fd9e7b56b7460,2020-02-12 23:03:14+00:00,swerebench/sweb.eval.x86_64.iterative_1776_dvc-3316,2,multi,9,0,1.0,2
iterative/dvc,iterative/dvc,swerebench_filtered,iterative__dvc-2353,2353,b1f38d8e72a472042719c15691daab1560850d86,2019-08-01 08:30:02+00:00,swerebench/sweb.eval.x86_64.iterative_1776_dvc-2353,2,multi,4,0,1.0,3
iterative/dvc,iterative/dvc,swerebench_filtered,iterative__dvc-3729,3729,505b88afae783374a45f22258b58d560ed2146f9,2020-05-03 22:33:24+00:00,swerebench/sweb.eval.x86_64.iterative_1776_dvc-3729,2,multi,21,0,1.0,4
iterative/dvc,iterative/dvc,swerebench_filtered,iterative__dvc-6519,6519,e5cf9b203df01f13e5568c745906d74bc131235c,2021-09-01 20:38:58+00:00,xingyaoww/sweb.eval.x86_64.iterative_s_dvc-6519,1,single,19,0,1.0,5
iterative/dvc,iterative/dvc,swebench_live_full,iterative__dvc-10798,10798,ca73078b80438ac290e557efd2a0379f6b1f26b2,2025-07-04 19:39:56+00:00,starryzhang/sweb.eval.x86_64.iterative_1776_dvc-10798,3,multi,17,0,2.0,6
iterative/dvc,iterative/dvc,swerebench_filtered,iterative__dvc-2488,2488,09f6b1c7b9731b1e7f31e19c6c7c824b4c2e2c04,2019-09-11 09:27:50+00:00,swerebench/sweb.eval.x86_64.iterative_1776_dvc-2488,1,single,5,0,3.0,7
iterative/dvc,iterative/dvc,swerebench_filtered,iterative__dvc-1531,1531,fdb103ed666072d294f39317f15ece6be7c1701e,2019-01-25 23:56:25+00:00,swerebench/sweb.eval.x86_64.iterative_1776_dvc-1531,1,single,19,0,1.0,8
iterative/dvc,iterative/dvc,swerebench_filtered,iterative__dvc-3576,3576,a338fad036bd9ac8bdd79ecec964f8c5558609c4,2020-04-02 01:00:02+00:00,xingyaoww/sweb.eval.x86_64.iterative_s_dvc-3576,1,single,2,0,1.0,9
iterative/dvc,iterative/dvc,swerebench_filtered,iterative__dvc-2421,2421,4d267ef7424e6b87ed0bc9a6c69544c0f5fdb90c,2019-08-21 12:35:55+00:00,swerebench/sweb.eval.x86_64.iterative_1776_dvc-2421,1,single,1,0,1.0,10
iterative/dvc,iterative/dvc,swerebench_filtered,iterative__dvc-767,767,582cb9e0641528168bcacb002ff43f5736920a00,2018-06-13 10:17:22+00:00,swerebench/sweb.eval.x86_64.iterative_1776_dvc-767,3,multi,22,0,2.0,11
iterative/dvc,iterative/dvc,swebench_live_full,iterative__dvc-10842,10842,82efd3e7809606497b5c9a1f58e4abdbc7f98330,2025-08-15 13:23:41+00:00,starryzhang/sweb.eval.x86_64.iterative_1776_dvc-10842,5,multi,107,0,55.0,12
iterative/dvc,iterative/dvc,swerebench_filtered,iterative__dvc-4066,4066,51a8c782aeac0b758adef9a161ae97b17503cb01,2020-06-18 05:01:01+00:00,xingyaoww/sweb.eval.x86_64.iterative_s_dvc-4066,1,single,1,0,1.0,13
iterative/dvc,iterative/dvc,swerebench_filtered,iterative__dvc-4196,4196,71c478755399b049101ab9400e7f48dda2a47597,2020-07-12 06:49:45+00:00,swerebench/sweb.eval.x86_64.iterative_1776_dvc-4196,4,multi,25,0,1.0,14
iterative/dvc,iterative/dvc,swerebench_filtered,iterative__dvc-2564,2564,8787ac03808fcf38dcac01f7a57f82f216b28e12,2019-10-02 16:06:04+00:00,swerebench/sweb.eval.x86_64.iterative_1776_dvc-2564,2,multi,41,0,3.0,15
iterative/dvc,iterative/dvc,swerebench_filtered,iterative__dvc-2612,2612,0bfb3c0ab2ee229762d551bb622258b99e889ceb,2019-10-15 20:09:56+00:00,swerebench/sweb.eval.x86_64.iterative_1776_dvc-2612,1,single,4,0,1.0,16
iterative/dvc,iterative/dvc,swerebench_filtered,iterative__dvc-3620,3620,e05157f8e05e856d2e9966c30a3150c26b32b86f,2020-04-10 19:13:55+00:00,xingyaoww/sweb.eval.x86_64.iterative_s_dvc-3620,1,single,10,0,2.0,17
iterative/dvc,iterative/dvc,swerebench_filtered,iterative__dvc-1273,1273,c4295fa05c34c6ebf8951e83f52a03d4cd85d2a8,2018-10-30 01:36:43+00:00,swerebench/sweb.eval.x86_64.iterative_1776_dvc-1273,3,multi,84,0,1.0,18
iterative/dvc,iterative/dvc,swerebench_filtered,iterative__dvc-3329,3329,5b737a0a0b7e4ac3377d84c353be8ac7761685d4,2020-02-14 15:31:25+00:00,swerebench/sweb.eval.x86_64.iterative_1776_dvc-3329,1,single,2,0,1.0,19
iterative/dvc,iterative/dvc,swebench_live_full,iterative__dvc-10844,10844,29386a0dbba672881f4a729973ebc5fd95417cd3,2025-08-15 17:07:16+00:00,starryzhang/sweb.eval.x86_64.iterative_1776_dvc-10844,1,single,4,0,1.0,20
jackdewinter/pymarkdown,jackdewinter/pymarkdown,swerebench_filtered,jackdewinter__pymarkdown-269,269,cbe7b1ffc548995151ec36320c979a6123869159,2022-02-06 04:10:09+00:00,swerebench/sweb.eval.x86_64.jackdewinter_1776_pymarkdown-269,2,multi,77,0,59.0,1
jackdewinter/pymarkdown,jackdewinter/pymarkdown,swerebench_filtered,jackdewinter__pymarkdown-277,277,c1cbe8cb01ab83d3980c15653356bd14245436f3,2022-02-12 23:50:46+00:00,swerebench/sweb.eval.x86_64.jackdewinter_1776_pymarkdown-277,4,multi,138,0,9.0,2
jackdewinter/pymarkdown,jackdewinter/pymarkdown,swerebench_filtered,jackdewinter__pymarkdown-1136,1136,5d2b0c8a8cf12fa74d046e4a64f2ed11a0fc27e7,2024-07-10 00:02:06+00:00,swerebench/sweb.eval.x86_64.jackdewinter_1776_pymarkdown-1136,2,multi,116,0,2.0,3
jackdewinter/pymarkdown,jackdewinter/pymarkdown,swerebench_filtered,jackdewinter__pymarkdown-281,281,f87b0e2f3f20b19d69fd4dcf854d4b4c591ec232,2022-02-14 02:44:05+00:00,swerebench/sweb.eval.x86_64.jackdewinter_1776_pymarkdown-281,1,single,72,0,13.0,4
jackdewinter/pymarkdown,jackdewinter/pymarkdown,swerebench_filtered,jackdewinter__pymarkdown-291,291,c42a99c5b7d560c836b0d5b11ae01fae4a32bc69,2022-02-20 16:30:09+00:00,swerebench/sweb.eval.x86_64.jackdewinter_1776_pymarkdown-291,1,single,18,0,5.0,5
jackdewinter/pymarkdown,jackdewinter/pymarkdown,swerebench_filtered,jackdewinter__pymarkdown-1246,1246,911e871a488de37a5b90ebaf9e2f489e278848a3,2024-10-26 15:27:51+00:00,swerebench/sweb.eval.x86_64.jackdewinter_1776_pymarkdown-1246,3,multi,93,0,12.0,6
jackdewinter/pymarkdown,jackdewinter/pymarkdown,swerebench_filtered,jackdewinter__pymarkdown-893,893,77206faa3633b86c19dd7f2ba858334071fe5571,2023-12-03 23:07:56+00:00,swerebench/sweb.eval.x86_64.jackdewinter_1776_pymarkdown-893,1,single,34,0,1.0,7
jackdewinter/pymarkdown,jackdewinter/pymarkdown,swerebench_filtered,jackdewinter__pymarkdown-1094,1094,e4ef5c6b193ad3f5013e8a7721a0379e07cc1178,2024-05-26 15:33:18+00:00,swerebench/sweb.eval.x86_64.jackdewinter_1776_pymarkdown-1094,1,single,5,0,3.0,8
jackdewinter/pymarkdown,jackdewinter/pymarkdown,swerebench_filtered,jackdewinter__pymarkdown-1225,1225,c6892745c1338db2972c47aac7a0d1e59b6138db,2024-10-05 20:07:30+00:00,swerebench/sweb.eval.x86_64.jackdewinter_1776_pymarkdown-1225,2,multi,186,0,5.0,9
jackdewinter/pymarkdown,jackdewinter/pymarkdown,swerebench_filtered,jackdewinter__pymarkdown-279,279,b77e432d9d6f5b2b46b959d253bec24781444f6f,2022-02-13 16:33:02+00:00,swerebench/sweb.eval.x86_64.jackdewinter_1776_pymarkdown-279,1,single,83,0,5.0,10
jackdewinter/pymarkdown,jackdewinter/pymarkdown,swerebench_filtered,jackdewinter__pymarkdown-1215,1215,0983b67ce19c1986d7b6b35a1e697e53be12c91f,2024-09-23 02:42:10+00:00,swerebench/sweb.eval.x86_64.jackdewinter_1776_pymarkdown-1215,2,multi,58,0,3.0,11
jackdewinter/pymarkdown,jackdewinter/pymarkdown,swerebench_filtered,jackdewinter__pymarkdown-259,259,91e63ade5a88c244c8d404a42c80589ce9c53834,2022-01-30 17:39:40+00:00,swerebench/sweb.eval.x86_64.jackdewinter_1776_pymarkdown-259,1,single,131,0,2.0,12
jackdewinter/pymarkdown,jackdewinter/pymarkdown,swerebench_filtered,jackdewinter__pymarkdown-1210,1210,11d4ff7c378ea444513ac694ef503bc0940f3a15,2024-09-21 20:38:42+00:00,swerebench/sweb.eval.x86_64.jackdewinter_1776_pymarkdown-1210,4,multi,140,0,13.0,13
jackdewinter/pymarkdown,jackdewinter/pymarkdown,swerebench_filtered,jackdewinter__pymarkdown-886,886,30e3597933d3a90ef5318c2553cc2d24f833fe3f,2023-12-01 03:44:17+00:00,swerebench/sweb.eval.x86_64.jackdewinter_1776_pymarkdown-886,2,multi,30,0,7.0,14
jackdewinter/pymarkdown,jackdewinter/pymarkdown,swerebench_filtered,jackdewinter__pymarkdown-1218,1218,e479453b3d80125dde67ac5c70fde293c9dbf611,2024-09-29 23:15:54+00:00,swerebench/sweb.eval.x86_64.jackdewinter_1776_pymarkdown-1218,1,single,13,0,7.0,15
jackdewinter/pymarkdown,jackdewinter/pymarkdown,swerebench_filtered,jackdewinter__pymarkdown-1195,1195,c9bb2a86c5b12f9e4ec287324bd10287325bcfac,2024-09-07 21:49:19+00:00,swerebench/sweb.eval.x86_64.jackdewinter_1776_pymarkdown-1195,1,single,95,0,7.0,16
jackdewinter/pymarkdown,jackdewinter/pymarkdown,swerebench_filtered,jackdewinter__pymarkdown-428,428,1a83e3f3633e23d567b0d3b6868b8b9016205034,2022-07-25 04:28:54+00:00,swerebench/sweb.eval.x86_64.jackdewinter_1776_pymarkdown-428,1,single,90,0,10.0,17
jackdewinter/pymarkdown,jackdewinter/pymarkdown,swerebench_filtered,jackdewinter__pymarkdown-1248,1248,cee1f3f5575f73b671deb4374c6e7a263fa40df9,2024-10-27 22:36:06+00:00,swerebench/sweb.eval.x86_64.jackdewinter_1776_pymarkdown-1248,2,multi,94,0,3.0,18
jackdewinter/pymarkdown,jackdewinter/pymarkdown,swerebench_filtered,jackdewinter__pymarkdown-271,271,8fd549b1299d4c055ee2d192486d2cbcdaaf09d6,2022-02-06 18:26:22+00:00,swerebench/sweb.eval.x86_64.jackdewinter_1776_pymarkdown-271,2,multi,23,0,9.0,19
jlowin/fastmcp,jlowin/fastmcp,swebench_live_full,jlowin__fastmcp-690,690,a7ce4a84706ab0bae1c7e7a5f347ef30e1a9a073,2025-06-03 16:03:30+00:00,starryzhang/sweb.eval.x86_64.jlowin_1776_fastmcp-690,3,multi,89,1,11.0,1
jlowin/fastmcp,jlowin/fastmcp,swebench_live_full,jlowin__fastmcp-1397,1397,77bdc9de200a45149c09cbfabfe82de0744d53a7,2025-08-07 15:29:17+00:00,starryzhang/sweb.eval.x86_64.jlowin_1776_fastmcp-1397,1,single,26,0,3.0,2
jlowin/fastmcp,jlowin/fastmcp,swebench_live_full,jlowin__fastmcp-1135,1135,c0b01ceb1fe2e6243729bee0470059e0d38e9268,2025-07-13 14:11:19+00:00,starryzhang/sweb.eval.x86_64.jlowin_1776_fastmcp-1135,1,single,41,0,8.0,3
jlowin/fastmcp,jlowin/fastmcp,swebench_live_full,jlowin__fastmcp-279,279,2dc71971a2ace203fc9250efbbd21aa13960caae,2025-04-29 22:29:43+00:00,starryzhang/sweb.eval.x86_64.jlowin_1776_fastmcp-279,1,single,19,0,1.0,4
jlowin/fastmcp,jlowin/fastmcp,swebench_live_full,jlowin__fastmcp-317,317,4c216de113e58126d8a8e25b5f4bdc643aeaea70,2025-05-04 19:01:52+00:00,starryzhang/sweb.eval.x86_64.jlowin_1776_fastmcp-317,3,multi,48,0,16.0,5
jlowin/fastmcp,jlowin/fastmcp,swebench_live_full,jlowin__fastmcp-252,252,7df8db451dbbaf4e96adfd8289b6e84e64b5a5b2,2025-04-25 07:32:05+00:00,starryzhang/sweb.eval.x86_64.jlowin_1776_fastmcp-252,1,single,20,0,1.0,6
jlowin/fastmcp,jlowin/fastmcp,swebench_live_full,jlowin__fastmcp-1578,1578,94b1eb9d6e75cf12dccffc04f9f96f3bb8921bba,2025-08-22 08:59:14+00:00,starryzhang/sweb.eval.x86_64.jlowin_1776_fastmcp-1578,1,single,20,0,3.0,7
jlowin/fastmcp,jlowin/fastmcp,swebench_live_full,jlowin__fastmcp-1604,1604,1f3f82d245f97632b9bd9ccb63746acad9c87f71,2025-08-24 14:32:43+00:00,starryzhang/sweb.eval.x86_64.jlowin_1776_fastmcp-1604,6,multi,109,0,6.0,8
jlowin/fastmcp,jlowin/fastmcp,swebench_live_full,jlowin__fastmcp-1293,1293,4445c87bf4a1ea8462880ab2ce7d1c553822f67b,2025-07-29 18:58:14+00:00,starryzhang/sweb.eval.x86_64.jlowin_1776_fastmcp-1293,1,single,9,0,5.0,9
jlowin/fastmcp,jlowin/fastmcp,swebench_live_full,jlowin__fastmcp-620,620,c4d941f67174e0416ca4b8c0731dfec1eefcbc5a,2025-05-28 22:30:52+00:00,starryzhang/sweb.eval.x86_64.jlowin_1776_fastmcp-620,1,single,23,0,1.0,10
jlowin/fastmcp,jlowin/fastmcp,swebench_live_full,jlowin__fastmcp-299,299,d0869457b1b34b38229aa7203463ad1de201ce59,2025-05-02 18:44:30+00:00,starryzhang/sweb.eval.x86_64.jlowin_1776_fastmcp-299,4,multi,45,0,8.0,11
jlowin/fastmcp,jlowin/fastmcp,swebench_live_full,jlowin__fastmcp-1632,1632,3f24e401fd16069c620c7fff21e897bda7473909,2025-08-26 02:09:18+00:00,starryzhang/sweb.eval.x86_64.jlowin_1776_fastmcp-1632,1,single,61,0,6.0,12
jlowin/fastmcp,jlowin/fastmcp,swebench_live_full,jlowin__fastmcp-954,954,3c160d60d6add0401b3ab91f7931a60e94fd52ec,2025-06-26 01:25:27+00:00,starryzhang/sweb.eval.x86_64.jlowin_1776_fastmcp-954,1,single,62,0,1.0,13
jlowin/fastmcp,jlowin/fastmcp,swebench_live_full,jlowin__fastmcp-677,677,b1a173cdf7d3ce38ff287e78897d26dc98f52b26,2025-06-02 22:16:36+00:00,starryzhang/sweb.eval.x86_64.jlowin_1776_fastmcp-677,1,single,10,0,8.0,14
jlowin/fastmcp,jlowin/fastmcp,swebench_live_full,jlowin__fastmcp-455,455,5b05e80d8b558c7af6dd163a00150d4fa2d536fb,2025-05-15 00:12:36+00:00,starryzhang/sweb.eval.x86_64.jlowin_1776_fastmcp-455,4,multi,126,0,15.0,15
jlowin/fastmcp,jlowin/fastmcp,swebench_live_full,jlowin__fastmcp-309,309,5b6bec62458db536ee6a52f01be3855dfec44e37,2025-05-03 16:12:21+00:00,starryzhang/sweb.eval.x86_64.jlowin_1776_fastmcp-309,1,single,59,0,7.0,16
jlowin/fastmcp,jlowin/fastmcp,swebench_live_full,jlowin__fastmcp-1559,1559,c3d1176a69599b2080acfaeedf7a5be1b4bd9715,2025-08-20 20:24:44+00:00,starryzhang/sweb.eval.x86_64.jlowin_1776_fastmcp-1559,1,single,2,0,2.0,17
jlowin/fastmcp,jlowin/fastmcp,swebench_live_full,jlowin__fastmcp-1254,1254,d04840560a31ede819f4951f49b15e63d55ff23c,2025-07-24 16:05:28+00:00,starryzhang/sweb.eval.x86_64.jlowin_1776_fastmcp-1254,1,single,26,0,1.0,18
jlowin/fastmcp,jlowin/fastmcp,swebench_live_full,jlowin__fastmcp-605,605,c27385da78595fc4a47bef689f259317a3739904,2025-05-26 21:53:43+00:00,starryzhang/sweb.eval.x86_64.jlowin_1776_fastmcp-605,1,single,49,0,1.0,19
jlowin/fastmcp,jlowin/fastmcp,swebench_live_full,jlowin__fastmcp-754,754,1914c9626121c61cd8f9bae1ed1e4a294ba7b093,2025-06-08 01:42:37+00:00,starryzhang/sweb.eval.x86_64.jlowin_1776_fastmcp-754,2,multi,31,0,15.0,20
joke2k/faker,joke2k/faker,swerebench_filtered,joke2k__faker-790,790,29dff0a0f2a31edac21a18cfa50b5bc9206304b2,2018-07-31 14:58:53+00:00,swerebench/sweb.eval.x86_64.joke2k_1776_faker-790,4,multi,25,0,3.0,1
joke2k/faker,joke2k/faker,swerebench_filtered,joke2k__faker-1520,1520,948461af5094e9a2de1bd3357e715981490264a1,2021-09-27 06:42:10+00:00,swerebench/sweb.eval.x86_64.joke2k_1776_faker-1520,1,single,54,0,1.0,2
joke2k/faker,joke2k/faker,swerebench_filtered,joke2k__faker-1453,1453,ca43530c384807393bf2812ea86a16978738b2af,2021-06-02 15:08:00+00:00,swerebench/sweb.eval.x86_64.joke2k_1776_faker-1453,1,single,16,0,1.0,3
joke2k/faker,joke2k/faker,swebench_live_full,joke2k__faker-2018,2018,591cffeb14e2d92747f1f49639fcbbe1ed4a80a9,2024-04-05 17:07:11+00:00,starryzhang/sweb.eval.x86_64.joke2k_1776_faker-2018,1,single,2,0,1.0,4
joke2k/faker,joke2k/faker,swebench_live_full,joke2k__faker-2162,2162,adae52da073f306f94183aec3b92b4333fead930,2025-02-03 06:28:10+00:00,starryzhang/sweb.eval.x86_64.joke2k_1776_faker-2162,1,single,20,1,1.0,5
joke2k/faker,joke2k/faker,swerebench_filtered,joke2k__faker-1869,1869,fa79c6b0c510274b08b46ad0f007fd1b517a9ab2,2023-05-31 11:13:12+00:00,swerebench/sweb.eval.x86_64.joke2k_1776_faker-1869,1,single,4,0,1.0,6
joke2k/faker,joke2k/faker,swerebench_filtered,joke2k__faker-808,808,fc546bca9b4f411e8565aeb5ddd9ccee8de59494,2018-09-08 12:56:41+00:00,swerebench/sweb.eval.x86_64.joke2k_1776_faker-808,1,single,5,0,1.0,7
joke2k/faker,joke2k/faker,swebench_live_full,joke2k__faker-2093,2093,b51f852b097f416d9c60198a838ce3d5f396ea19,2024-08-26 16:23:09+00:00,starryzhang/sweb.eval.x86_64.joke2k_1776_faker-2093,1,single,73,0,4.0,8
joke2k/faker,joke2k/faker,swerebench_filtered,joke2k__faker-1193,1193,5b8105a7576114e9ec8e2da771dcadaf6453b33b,2020-06-02 07:11:05+00:00,swerebench/sweb.eval.x86_64.joke2k_1776_faker-1193,2,multi,69,0,1.0,9
joke2k/faker,joke2k/faker,swebench_live_full,joke2k__faker-1991,1991,17f22ba4cb5c158b63785c8e441597369dafdb61,2024-02-11 16:00:25+00:00,starryzhang/sweb.eval.x86_64.joke2k_1776_faker-1991,1,single,34,0,2.0,10
joke2k/faker,joke2k/faker,swerebench_filtered,joke2k__faker-1043,1043,e87a753f0463b259fffeacf2a33f0ed7f38ac023,2019-11-08 08:32:14+00:00,swerebench/sweb.eval.x86_64.joke2k_1776_faker-1043,1,single,2,0,2.0,11
joke2k/faker,joke2k/faker,swebench_live_full,joke2k__faker-2155,2155,da39d8262b1b4a3d88c3bf934c047deca354b01e,2025-01-22 22:50:06+00:00,starryzhang/sweb.eval.x86_64.joke2k_1776_faker-2155,2,multi,28,0,1.0,12
joke2k/faker,joke2k/faker,swebench_live_full,joke2k__faker-2099,2099,71715c88c21a186043c4da7f015bbc9ebdb94bb8,2024-09-04 09:42:22+00:00,starryzhang/sweb.eval.x86_64.joke2k_1776_faker-2099,1,single,101,0,6.0,13
joke2k/faker,joke2k/faker,swebench_live_full,joke2k__faker-2091,2091,71715c88c21a186043c4da7f015bbc9ebdb94bb8,2024-08-25 17:21:27+00:00,starryzhang/sweb.eval.x86_64.joke2k_1776_faker-2091,1,single,178,0,7.0,14
joke2k/faker,joke2k/faker,swerebench_filtered,joke2k__faker-1461,1461,6428fb541cf4e84b809c684c31d59ac088102aa4,2021-06-11 12:35:16+00:00,swerebench/sweb.eval.x86_64.joke2k_1776_faker-1461,1,single,23,0,2.0,15
joke2k/faker,joke2k/faker,swerebench_filtered,joke2k__faker-1937,1937,3f9b0e9c771c4bacd4d50cb90c02a912cb8b7780,2023-10-20 12:22:11+00:00,swerebench/sweb.eval.x86_64.joke2k_1776_faker-1937,2,multi,17,0,1.0,16
joke2k/faker,joke2k/faker,swebench_live_full,joke2k__faker-1979,1979,faa419b7af433c75253374c3d319ba5ffc3139cd,2024-01-19 21:44:35+00:00,starryzhang/sweb.eval.x86_64.joke2k_1776_faker-1979,1,single,82,0,1.0,17
joke2k/faker,joke2k/faker,swebench_live_full,joke2k__faker-2173,2173,7186962a1607332682dc1dad4e2b0d7c97825b84,2025-02-08 06:32:23+00:00,starryzhang/sweb.eval.x86_64.joke2k_1776_faker-2173,2,multi,36,0,1.0,18
joke2k/faker,joke2k/faker,swerebench_filtered,joke2k__faker-1164,1164,9f48a5c6a251b2b8d9f84f65472f946b85b9a923,2020-04-23 22:55:54+00:00,swerebench/sweb.eval.x86_64.joke2k_1776_faker-1164,1,single,12,0,1.0,19
joke2k/faker,joke2k/faker,swebench_live_full,joke2k__faker-2096,2096,4240ef8fc783c0c1598085b596783ace9ccaee03,2024-08-29 18:23:24+00:00,starryzhang/sweb.eval.x86_64.joke2k_1776_faker-2096,1,single,4,0,1.0,20
kedro-org/kedro,kedro-org/kedro,swebench_live_full,kedro-org__kedro-3950,3950,b6e585f80ace1896e6bd3c31d827a1991ed2c664,2024-06-12 15:37:30+00:00,starryzhang/sweb.eval.x86_64.kedro-org_1776_kedro-3950,1,single,2,0,1.0,1
kedro-org/kedro,kedro-org/kedro,swebench_live_full,kedro-org__kedro-4406,4406,a565d6607d1d16933dbb1ea42cfb9de39ef80980,2025-01-08 17:22:06+00:00,starryzhang/sweb.eval.x86_64.kedro-org_1776_kedro-4406,2,multi,21,0,1.0,2
kedro-org/kedro,kedro-org/kedro,swebench_live_full,kedro-org__kedro-4178,4178,fd6a69d78e7ab2de2d0392d55af2942bb69e6ab6,2024-09-19 14:22:20+00:00,starryzhang/sweb.eval.x86_64.kedro-org_1776_kedro-4178,2,multi,20,0,9.0,3
kedro-org/kedro,kedro-org/kedro,swebench_live_full,kedro-org__kedro-3716,3716,32b87be55f7b7e55179d0c288c97e5e33d139689,2024-03-14 16:03:59+00:00,starryzhang/sweb.eval.x86_64.kedro-org_1776_kedro-3716,1,single,24,0,6.0,4
kedro-org/kedro,kedro-org/kedro,swebench_live_full,kedro-org__kedro-4030,4030,fd17607434b8037aa6d19a73bcd1659f1f74c709,2024-07-25 09:36:35+00:00,starryzhang/sweb.eval.x86_64.kedro-org_1776_kedro-4030,1,single,12,0,1.0,5
kedro-org/kedro,kedro-org/kedro,swebench_live_full,kedro-org__kedro-4321,4321,6e3e4d1831a42d625754f3ec71bd0ded7d85be61,2024-11-11 17:14:06+00:00,starryzhang/sweb.eval.x86_64.kedro-org_1776_kedro-4321,1,single,8,0,1.0,6
kedro-org/kedro,kedro-org/kedro,swebench_live_full,kedro-org__kedro-5019,5019,94c35e92d00b621f4477967366d04af2be21facd,2025-07-25 14:32:19+00:00,starryzhang/sweb.eval.x86_64.kedro-org_1776_kedro-5019,1,single,2,0,20.0,7
kedro-org/kedro,kedro-org/kedro,swerebench_filtered,kedro-org__kedro-4392,4392,057de3457a778698001d9fd2f5797ca3b4a9ba3a,2024-12-24 21:04:17+00:00,swerebench/sweb.eval.x86_64.kedro-org_1776_kedro-4392,1,single,6,0,1.0,8
kedro-org/kedro,kedro-org/kedro,swebench_live_full,kedro-org__kedro-3680,3680,ac589ca13b2dccaa96526ec000a7778d297b24ff,2024-03-04 17:04:21+00:00,starryzhang/sweb.eval.x86_64.kedro-org_1776_kedro-3680,2,multi,40,0,1.0,9
kedro-org/kedro,kedro-org/kedro,swebench_live_full,kedro-org__kedro-3604,3604,cd026f5e1d849f047002d1c4978e5cb8e5a9f184,2024-02-07 22:15:16+00:00,starryzhang/sweb.eval.x86_64.kedro-org_1776_kedro-3604,3,multi,74,0,7.0,10
kedro-org/kedro,kedro-org/kedro,swebench_live_full,kedro-org__kedro-3731,3731,00789fa4d5f1ed8734d6e2561db4fd52c3feddc8,2024-03-21 21:35:18+00:00,starryzhang/sweb.eval.x86_64.kedro-org_1776_kedro-3731,2,multi,12,0,14.0,11
kedro-org/kedro,kedro-org/kedro,swebench_live_full,kedro-org__kedro-3944,3944,3c46b4120f503fff2644818411d1983f7be94e57,2024-06-10 14:14:24+00:00,starryzhang/sweb.eval.x86_64.kedro-org_1776_kedro-3944,2,multi,15,0,1.0,12
kedro-org/kedro,kedro-org/kedro,swebench_live_full,kedro-org__kedro-4540,4540,ed041973514db89e77ee78b13dd805ac0b358588,2025-03-03 14:31:53+00:00,starryzhang/sweb.eval.x86_64.kedro-org_1776_kedro-4540,1,single,27,0,1.0,13
kedro-org/kedro,kedro-org/kedro,swerebench_filtered,kedro-org__kedro-4570,4570,f1f49e51bd6cfce827f9090fc3d10096d6edab9c,2025-03-13 09:57:45+00:00,swerebench/sweb.eval.x86_64.kedro-org_1776_kedro-4570,1,single,16,0,1.0,14
kedro-org/kedro,kedro-org/kedro,swebench_live_full,kedro-org__kedro-3947,3947,25e8f49b7ea1fe8ecad16bff3c4242a715f98ccb,2024-06-11 14:37:00+00:00,starryzhang/sweb.eval.x86_64.kedro-org_1776_kedro-3947,1,single,7,0,1.0,15
kedro-org/kedro,kedro-org/kedro,swebench_live_full,kedro-org__kedro-3838,3838,8eff35713e7ed5ceb5c3a415c349fdcc5294a7b5,2024-04-24 15:49:45+00:00,starryzhang/sweb.eval.x86_64.kedro-org_1776_kedro-3838,4,multi,35,0,6.0,16
kedro-org/kedro,kedro-org/kedro,swebench_live_full,kedro-org__kedro-4092,4092,036016004c5a2805b977b268af39313d6e7d5700,2024-08-15 09:21:35+00:00,starryzhang/sweb.eval.x86_64.kedro-org_1776_kedro-4092,1,single,29,0,1.0,17
kedro-org/kedro,kedro-org/kedro,swebench_live_full,kedro-org__kedro-3693,3693,12bb1dd23855454a0e18a67843fc88540cc2eaf8,2024-03-11 13:47:07+00:00,starryzhang/sweb.eval.x86_64.kedro-org_1776_kedro-3693,1,single,10,0,1.0,18
kedro-org/kedro,kedro-org/kedro,swebench_live_full,kedro-org__kedro-4387,4387,46259b9f5b89a226d47e2119afb40ad7b4fa5e63,2024-12-17 15:19:49+00:00,starryzhang/sweb.eval.x86_64.kedro-org_1776_kedro-4387,1,single,65,0,1.0,19
kedro-org/kedro,kedro-org/kedro,swebench_live_full,kedro-org__kedro-3998,3998,beaf31382d3d58e4d956d3a82bafee462d31e4ed,2024-07-08 13:51:18+00:00,starryzhang/sweb.eval.x86_64.kedro-org_1776_kedro-3998,1,single,2,0,15.0,20
keras-team/keras,keras-team/keras,swebench_live_full,keras-team__keras-19863,19863,f6cf6a0e77dd504cfc35dd499dd8694b0b80b4ae,2024-06-17 09:58:10+00:00,starryzhang/sweb.eval.x86_64.keras-team_1776_keras-19863,1,single,24,0,1.0,1
keras-team/keras,keras-team/keras,swebench_live_full,keras-team__keras-19903,19903,596d5ba420dd2865d576db2c5f860d9d77db8054,2024-06-22 15:48:34+00:00,starryzhang/sweb.eval.x86_64.keras-team_1776_keras-19903,7,multi,108,0,3.0,2
keras-team/keras,keras-team/keras,swebench_live_full,keras-team__keras-19300,19300,df705d4fc719ab617705197248804d689ad74767,2024-03-13 07:57:31+00:00,starryzhang/sweb.eval.x86_64.keras-team_1776_keras-19300,1,single,7,0,1.0,3
keras-team/keras,keras-team/keras,swebench_live_full,keras-team__keras-21072,21072,d865f5f0f2b7862afb96a4bf3dabdd0d464e5da9,2025-03-19 18:58:52+00:00,starryzhang/sweb.eval.x86_64.keras-team_1776_keras-21072,3,multi,35,0,1.0,4
keras-team/keras,keras-team/keras,swebench_live_full,keras-team__keras-20125,20125,6fd4873a367d20624105967c5be0d451f72f946d,2024-08-15 10:14:47+00:00,starryzhang/sweb.eval.x86_64.keras-team_1776_keras-20125,1,single,2,0,1.0,5
keras-team/keras,keras-team/keras,swebench_live_full,keras-team__keras-19284,19284,4c356306273153d5dc26fc5772b106b4f750095f,2024-03-11 17:59:37+00:00,starryzhang/sweb.eval.x86_64.keras-team_1776_keras-19284,2,multi,6,0,1.0,6
keras-team/keras,keras-team/keras,swebench_live_full,keras-team__keras-19883,19883,ef50ceb0f05df7ba2bd406f935a75fad6a13255d,2024-06-19 17:22:19+00:00,starryzhang/sweb.eval.x86_64.keras-team_1776_keras-19883,2,multi,4,0,2.0,7
keras-team/keras,keras-team/keras,swebench_live_full,keras-team__keras-19685,19685,1353b11f343f06da7e8739369668de86d4875f23,2024-05-08 00:07:22+00:00,starryzhang/sweb.eval.x86_64.keras-team_1776_keras-19685,6,multi,97,0,7.0,8
keras-team/keras,keras-team/keras,swebench_live_full,keras-team__keras-19924,19924,a2e9a5252d2eab389bd19d359e6e7325a8232c79,2024-06-26 14:50:58+00:00,starryzhang/sweb.eval.x86_64.keras-team_1776_keras-19924,1,single,34,0,1.0,9
keras-team/keras,keras-team/keras,swebench_live_full,keras-team__keras-20206,20206,fa6be07ce86b3f8c5072a3d5ff355b4266baa32d,2024-09-04 02:18:31+00:00,starryzhang/sweb.eval.x86_64.keras-team_1776_keras-20206,1,single,8,0,2.0,10
keras-team/keras,keras-team/keras,swebench_live_full,keras-team__keras-20122,20122,816d219c04b2bdb7de81081fa14eac63000dac30,2024-08-14 14:53:12+00:00,starryzhang/sweb.eval.x86_64.keras-team_1776_keras-20122,2,multi,6,0,1.0,11
keras-team/keras,keras-team/keras,swebench_live_full,keras-team__keras-20765,20765,e345cbdfba9c656b01ef4e116822ad03ffe9d804,2025-01-15 18:28:28+00:00,starryzhang/sweb.eval.x86_64.keras-team_1776_keras-20765,1,single,25,0,1.0,12
keras-team/keras,keras-team/keras,swebench_live_full,keras-team__keras-19564,19564,29d10d1a6c58d02a4f9629ececddac6280c340cd,2024-04-19 21:03:01+00:00,starryzhang/sweb.eval.x86_64.keras-team_1776_keras-19564,1,single,7,0,1.0,13
keras-team/keras,keras-team/keras,swebench_live_full,keras-team__keras-19484,19484,6a9bc4c051f0e4ee5e4ff48f08fd14230036dc46,2024-04-10 22:45:57+00:00,starryzhang/sweb.eval.x86_64.keras-team_1776_keras-19484,1,single,2,0,1.0,14
keras-team/keras,keras-team/keras,swebench_live_full,keras-team__keras-19915,19915,f0bae912201bbd265a3485ccf4f490be2fc675c7,2024-06-25 14:03:04+00:00,starryzhang/sweb.eval.x86_64.keras-team_1776_keras-19915,1,single,11,0,3.0,15
keras-team/keras,keras-team/keras,swebench_live_full,keras-team__keras-20534,20534,a93828a94f105909f9398c00d2cddf4ac43197ac,2024-11-22 05:04:05+00:00,starryzhang/sweb.eval.x86_64.keras-team_1776_keras-20534,1,single,8,0,1.0,16
keras-team/keras,keras-team/keras,swebench_live_full,keras-team__keras-19387,19387,2958e0a8e61b01523b6232486683e21e22c85465,2024-03-27 01:49:48+00:00,starryzhang/sweb.eval.x86_64.keras-team_1776_keras-19387,1,single,4,0,1.0,17
keras-team/keras,keras-team/keras,swebench_live_full,keras-team__keras-20609,20609,1597013645bfcd31207d31b969193b458ce85626,2024-12-09 02:45:59+00:00,starryzhang/sweb.eval.x86_64.keras-team_1776_keras-20609,3,multi,49,0,1.0,18
keras-team/keras,keras-team/keras,swebench_live_full,keras-team__keras-20296,20296,ef407dbdc4b2d827a4509572904d6a6c539064e4,2024-09-27 06:47:29+00:00,starryzhang/sweb.eval.x86_64.keras-team_1776_keras-20296,1,single,19,0,1.0,19
keras-team/keras,keras-team/keras,swebench_live_full,keras-team__keras-20064,20064,933579d3c4a585f236982d05d3a74921f9567415,2024-07-30 07:13:36+00:00,starryzhang/sweb.eval.x86_64.keras-team_1776_keras-20064,1,single,9,0,2.0,20
Kozea/WeasyPrint,kozea/weasyprint,swebench_live_full,Kozea__WeasyPrint-2454,2454,f2caa70a95f21c7cf661762b62b030eec231d5e8,2025-05-06 22:12:12+00:00,starryzhang/sweb.eval.x86_64.kozea_1776_weasyprint-2454,2,multi,108,0,8.0,1
Kozea/WeasyPrint,kozea/weasyprint,swebench_live_full,kozea__weasyprint-2087,2087,2c09a8617476090aa634ac5e28e60c8d89247cb1,2024-03-05 11:46:44+00:00,starryzhang/sweb.eval.x86_64.kozea_1776_weasyprint-2087,2,multi,13,0,1.0,2
Kozea/WeasyPrint,kozea/weasyprint,swebench_live_full,kozea__weasyprint-2404,2404,fb462618190e87b4f0dec0bb677bcdea40b448a7,2025-03-07 22:09:00+00:00,starryzhang/sweb.eval.x86_64.kozea_1776_weasyprint-2404,1,single,12,0,1.0,3
Kozea/WeasyPrint,kozea/weasyprint,swebench_live_full,kozea__weasyprint-2051,2051,6e835e2729c24fac40e2f908c33bed9be5f6042d,2024-01-30 12:52:30+00:00,starryzhang/sweb.eval.x86_64.kozea_1776_weasyprint-2051,1,single,1,0,1.0,4
Kozea/WeasyPrint,kozea/weasyprint,swebench_live_full,kozea__weasyprint-2405,2405,fb462618190e87b4f0dec0bb677bcdea40b448a7,2025-03-08 00:01:12+00:00,starryzhang/sweb.eval.x86_64.kozea_1776_weasyprint-2405,2,multi,24,0,1.0,5
Kozea/WeasyPrint,kozea/weasyprint,swebench_live_full,kozea__weasyprint-2416,2416,1b24ad91323c8444e398b75ed40ad54cf678ea0d,2025-03-24 16:54:52+00:00,starryzhang/sweb.eval.x86_64.kozea_1776_weasyprint-2416,1,single,71,0,1.0,6
Kozea/WeasyPrint,kozea/weasyprint,swebench_live_full,kozea__weasyprint-2300,2300,ca74c8e81ce48b0f7b838492cab8634b9f1d33b7,2024-11-11 10:58:47+00:00,starryzhang/sweb.eval.x86_64.kozea_1776_weasyprint-2300,1,single,6,0,1.0,7
Kozea/WeasyPrint,kozea/weasyprint,swebench_live_full,kozea__weasyprint-2303,2303,d0fcb3c49700a43fd04f9030becbb59640f0ebdf,2024-11-12 10:37:58+00:00,starryzhang/sweb.eval.x86_64.kozea_1776_weasyprint-2303,1,single,3,0,1.0,8
Kozea/WeasyPrint,kozea/weasyprint,swebench_live_full,kozea__weasyprint-2143,2143,d5d7ce369aef035712cf73446f9085a32105846f,2024-05-01 20:04:53+00:00,starryzhang/sweb.eval.x86_64.kozea_1776_weasyprint-2143,5,multi,108,0,2.0,9
Kozea/WeasyPrint,kozea/weasyprint,swebench_live_full,kozea__weasyprint-2233,2233,f17bd4bfcab07d10a35a7e9c47920dbc43623e5b,2024-08-19 00:57:50+00:00,starryzhang/sweb.eval.x86_64.kozea_1776_weasyprint-2233,1,single,17,0,1.0,10
Kozea/WeasyPrint,kozea/weasyprint,swebench_live_full,kozea__weasyprint-2041,2041,a4a6c7d9e904de88feaeeb509879f431b64681ac,2024-01-15 14:39:43+00:00,starryzhang/sweb.eval.x86_64.kozea_1776_weasyprint-2041,1,single,17,0,3.0,11
Kozea/WeasyPrint,kozea/weasyprint,swebench_live_full,Kozea__WeasyPrint-2494,2494,121e6b37f9ea8eb24ea1061b517cb1c783a8b588,2025-07-06 11:54:40+00:00,starryzhang/sweb.eval.x86_64.kozea_1776_weasyprint-2494,1,single,1,0,1.0,12
Kozea/WeasyPrint,kozea/weasyprint,swebench_live_full,kozea__weasyprint-2425,2425,1a6f645e25685f267cbce6d23eebd920e5675dec,2025-04-01 14:31:40+00:00,starryzhang/sweb.eval.x86_64.kozea_1776_weasyprint-2425,4,multi,19,0,3.0,13
Kozea/WeasyPrint,kozea/weasyprint,swebench_live_full,kozea__weasyprint-2326,2326,3c6f9a5a55b79563e32c766a1b5409e1d20b3601,2024-12-10 09:56:32+00:00,starryzhang/sweb.eval.x86_64.kozea_1776_weasyprint-2326,1,single,40,0,1.0,14
Kozea/WeasyPrint,kozea/weasyprint,swebench_live_full,Kozea__WeasyPrint-2437,2437,9166f3ab18737d0813e6cf7e04a5e3d4ba22606b,2025-04-22 10:48:52+00:00,starryzhang/sweb.eval.x86_64.kozea_1776_weasyprint-2437,1,single,64,0,1.0,15
Kozea/WeasyPrint,kozea/weasyprint,swebench_live_full,kozea__weasyprint-2252,2252,7681902839b3f3192dae888e6dae38489bccf50e,2024-09-14 13:04:32+00:00,starryzhang/sweb.eval.x86_64.kozea_1776_weasyprint-2252,2,multi,72,0,9.0,16
Kozea/WeasyPrint,kozea/weasyprint,swebench_live_full,kozea__weasyprint-2301,2301,33763ade9bed7e20f0bc4fee4b207596abee5375,2024-11-11 15:28:30+00:00,starryzhang/sweb.eval.x86_64.kozea_1776_weasyprint-2301,1,single,17,0,1.0,17
Kozea/WeasyPrint,kozea/weasyprint,swebench_live_full,kozea__weasyprint-2398,2398,20197135f56dcd886248e671058933c14cdf5f78,2025-03-04 16:26:42+00:00,starryzhang/sweb.eval.x86_64.kozea_1776_weasyprint-2398,1,single,13,0,1.0,18
linkml/linkml,linkml/linkml,swerebench_filtered,linkml__linkml-1623,1623,3e04645fc5faf1d9a3486d9ff2fac7c7d7ea54ab,2023-09-14 00:54:17+00:00,swerebench/sweb.eval.x86_64.linkml_1776_linkml-1623,2,multi,9,0,1.0,1
linkml/linkml,linkml/linkml,swerebench_filtered,linkml__linkml-275,275,7588d9b7e50cba2f76eef40ac79e60bed582b6b2,2021-07-16 18:14:03+00:00,swerebench/sweb.eval.x86_64.linkml_1776_linkml-275,1,single,8,0,1.0,2
linkml/linkml,linkml/linkml,swerebench_filtered,linkml__linkml-1343,1343,a3bc3761821576ca02a383c8aeb518aff3d132ce,2023-03-16 16:34:47+00:00,swerebench/sweb.eval.x86_64.linkml_1776_linkml-1343,1,single,14,0,1.0,3
linkml/linkml,linkml/linkml,swerebench_filtered,linkml__linkml-995,995,3ea865ec1fcb7ea2c4f34f5291cab81f127285d7,2022-10-06 16:19:32+00:00,swerebench/sweb.eval.x86_64.linkml_1776_linkml-995,1,single,53,0,7.0,4
linkml/linkml,linkml/linkml,swerebench_filtered,linkml__linkml-283,283,08866026f4a0ae6977cabc9de1a984079873823b,2021-07-20 23:52:09+00:00,swerebench/sweb.eval.x86_64.linkml_1776_linkml-283,5,multi,137,0,1.0,5
linkml/linkml,linkml/linkml,swerebench_filtered,linkml__linkml-1697,1697,5c0dfa25f65b7170768b52c94f67ec609afeb745,2023-11-06 19:11:16+00:00,swerebench/sweb.eval.x86_64.linkml_1776_linkml-1697,1,single,2,0,1.0,6
linkml/linkml,linkml/linkml,swerebench_filtered,linkml__linkml-992,992,a4d277de1b25fb00f0a4df5a3cc0256accf323d3,2022-10-05 16:37:50+00:00,swerebench/sweb.eval.x86_64.linkml_1776_linkml-992,2,multi,13,0,1.0,7
linkml/linkml,linkml/linkml,swerebench_filtered,linkml__linkml-1772,1772,656d1719297b2a394273db13262ba76b1e0be118,2023-12-08 20:41:52+00:00,swerebench/sweb.eval.x86_64.linkml_1776_linkml-1772,1,single,43,0,1.0,8
linkml/linkml,linkml/linkml,swerebench_filtered,linkml__linkml-1709,1709,598376ce7f8c11bd3cf31f0ca7e3d5c34770021a,2023-11-11 23:08:05+00:00,swerebench/sweb.eval.x86_64.linkml_1776_linkml-1709,1,single,9,0,1.0,9
linkml/linkml,linkml/linkml,swerebench_filtered,linkml__linkml-1276,1276,df69f0f588175fac627e369c43f3f984d04744db,2023-01-31 19:10:51+00:00,swerebench/sweb.eval.x86_64.linkml_1776_linkml-1276,2,multi,75,0,1.0,10
marcosschroh/dataclasses-avroschema,marcosschroh/dataclasses-avroschema,swerebench_filtered,marcosschroh__dataclasses-avroschema-244,244,b8ccaaac4c38168644f8e4c60e50f2f97246b9eb,2023-02-16 07:56:07+00:00,swerebench/sweb.eval.x86_64.marcosschroh_1776_dataclasses-avroschema-244,1,single,9,0,1.0,1
marcosschroh/dataclasses-avroschema,marcosschroh/dataclasses-avroschema,swerebench_filtered,marcosschroh__dataclasses-avroschema-198,198,7dac7caec0b424c6146f521186aaa5add7fe8d47,2022-09-30 18:49:44+00:00,swerebench/sweb.eval.x86_64.marcosschroh_1776_dataclasses-avroschema-198,2,multi,29,0,3.0,2
marcosschroh/dataclasses-avroschema,marcosschroh/dataclasses-avroschema,swerebench_filtered,marcosschroh__dataclasses-avroschema-236,236,c5a9f9b6bd3fba8301a57787605b84ef06724c63,2023-01-19 07:56:33+00:00,swerebench/sweb.eval.x86_64.marcosschroh_1776_dataclasses-avroschema-236,1,single,10,0,1.0,3
marcosschroh/dataclasses-avroschema,marcosschroh/dataclasses-avroschema,swerebench_filtered,marcosschroh__dataclasses-avroschema-835,835,2bec52e49a789dfa90d5f4f0448498632cba33a6,2025-02-04 12:22:53+00:00,swerebench/sweb.eval.x86_64.marcosschroh_1776_dataclasses-avroschema-835,2,multi,9,0,1.0,4
marcosschroh/dataclasses-avroschema,marcosschroh/dataclasses-avroschema,swerebench_filtered,marcosschroh__dataclasses-avroschema-724,724,36dbe4e75283db628fc720f045b1ae5c02a5e2cb,2024-08-22 07:42:23+00:00,swerebench/sweb.eval.x86_64.marcosschroh_1776_dataclasses-avroschema-724,1,single,3,0,1.0,5
marcosschroh/dataclasses-avroschema,marcosschroh/dataclasses-avroschema,swerebench_filtered,marcosschroh__dataclasses-avroschema-723,723,6541274beed1c77426ce21fd538a29b23bfd7e87,2024-08-21 12:52:50+00:00,swerebench/sweb.eval.x86_64.marcosschroh_1776_dataclasses-avroschema-723,1,single,4,0,9.0,6
marcosschroh/dataclasses-avroschema,marcosschroh/dataclasses-avroschema,swerebench_filtered,marcosschroh__dataclasses-avroschema-777,777,0a2991e2a0e2080766d5b95a9a7b0e7c7659ef19,2024-10-17 07:13:04+00:00,swerebench/sweb.eval.x86_64.marcosschroh_1776_dataclasses-avroschema-777,1,single,7,0,1.0,7
marcosschroh/dataclasses-avroschema,marcosschroh/dataclasses-avroschema,swerebench_filtered,marcosschroh__dataclasses-avroschema-243,243,2a100666c93afb3f4916ea84b2ed9904b71a3632,2023-02-14 15:00:46+00:00,swerebench/sweb.eval.x86_64.marcosschroh_1776_dataclasses-avroschema-243,4,multi,13,0,1.0,8
marcosschroh/dataclasses-avroschema,marcosschroh/dataclasses-avroschema,swerebench_filtered,marcosschroh__dataclasses-avroschema-403,403,f009f4a98e50c5051dbc016f4f2c5724150c0b53,2023-08-30 14:13:37+00:00,swerebench/sweb.eval.x86_64.marcosschroh_1776_dataclasses-avroschema-403,1,single,12,0,1.0,9
marcosschroh/dataclasses-avroschema,marcosschroh/dataclasses-avroschema,swerebench_filtered,marcosschroh__dataclasses-avroschema-172,172,d88afb8df16039cf86fc0598e2d4c0431613987a,2022-04-15 14:27:12+00:00,swerebench/sweb.eval.x86_64.marcosschroh_1776_dataclasses-avroschema-172,2,multi,17,0,1.0,10
marcosschroh/dataclasses-avroschema,marcosschroh/dataclasses-avroschema,swerebench_filtered,marcosschroh__dataclasses-avroschema-815,815,90e487b0dc497dacb6b622e10ae422e89c3a5483,2024-12-06 17:47:17+00:00,swerebench/sweb.eval.x86_64.marcosschroh_1776_dataclasses-avroschema-815,1,single,13,0,1.0,11
Materials-Consortia/optimade-python-tools,materials-consortia/optimade-python-tools,swerebench_filtered,Materials-Consortia__optimade-python-tools-586,586,d48b7a80e24aad591857c386498774037bbec89c,2020-11-03 14:23:25+00:00,swerebench/sweb.eval.x86_64.materials-consortia_1776_optimade-python-tools-586,1,single,11,0,1.0,1
Materials-Consortia/optimade-python-tools,materials-consortia/optimade-python-tools,swerebench_filtered,Materials-Consortia__optimade-python-tools-2250,2250,98cb352464082019f10b6c7b0659c53f6240fbbb,2025-03-20 13:08:43+00:00,swerebench/sweb.eval.x86_64.materials-consortia_1776_optimade-python-tools-2250,1,single,51,0,2.0,2
Materials-Consortia/optimade-python-tools,materials-consortia/optimade-python-tools,swerebench_filtered,Materials-Consortia__optimade-python-tools-1001,1001,03b60f9f313db87daf5b76192a426588072a79e2,2021-11-21 21:28:41+00:00,swerebench/sweb.eval.x86_64.materials-consortia_1776_optimade-python-tools-1001,1,single,3,0,1.0,3
Materials-Consortia/optimade-python-tools,materials-consortia/optimade-python-tools,swerebench_filtered,Materials-Consortia__optimade-python-tools-700,700,f9d3b8a8fdf5e438f2b7c746bcdefb661de9c86c,2021-02-10 11:20:38+00:00,swerebench/sweb.eval.x86_64.materials-consortia_1776_optimade-python-tools-700,1,single,3,0,1.0,4
Materials-Consortia/optimade-python-tools,materials-consortia/optimade-python-tools,swerebench_filtered,Materials-Consortia__optimade-python-tools-1844,1844,55e2dd0c2d4c414ca8ec60b70902786b886a678a,2023-10-30 19:07:41+00:00,swerebench/sweb.eval.x86_64.materials-consortia_1776_optimade-python-tools-1844,1,single,24,0,1.0,5
Materials-Consortia/optimade-python-tools,materials-consortia/optimade-python-tools,swerebench_filtered,Materials-Consortia__optimade-python-tools-670,670,5fb7590db87866918745a7e9a67ecd1bdd7d7314,2021-01-11 15:10:33+00:00,swerebench/sweb.eval.x86_64.materials-consortia_1776_optimade-python-tools-670,1,single,73,0,1.0,6
Materials-Consortia/optimade-python-tools,materials-consortia/optimade-python-tools,swerebench_filtered,Materials-Consortia__optimade-python-tools-484,484,f14c67f80a837e0f4ed53937029a2c769ceab2e8,2020-09-01 11:48:07+00:00,swerebench/sweb.eval.x86_64.materials-consortia_1776_optimade-python-tools-484,2,multi,36,0,1.0,7
Materials-Consortia/optimade-python-tools,materials-consortia/optimade-python-tools,swerebench_filtered,Materials-Consortia__optimade-python-tools-814,814,00cb4e6872735e244123bef4acc74193118cf720,2021-05-27 09:39:56+00:00,swerebench/sweb.eval.x86_64.materials-consortia_1776_optimade-python-tools-814,1,single,118,0,5.0,8
Materials-Consortia/optimade-python-tools,materials-consortia/optimade-python-tools,swerebench_filtered,Materials-Consortia__optimade-python-tools-582,582,e7a8de9822da1edd8a2432e8d562982e27f00255,2020-11-02 18:42:20+00:00,swerebench/sweb.eval.x86_64.materials-consortia_1776_optimade-python-tools-582,1,single,9,0,3.0,9
Materials-Consortia/optimade-python-tools,materials-consortia/optimade-python-tools,swerebench_filtered,Materials-Consortia__optimade-python-tools-813,813,ce8b4ddd1dbdf2a11ab2d8f2457eb2cac6624009,2021-05-24 22:32:32+00:00,swerebench/sweb.eval.x86_64.materials-consortia_1776_optimade-python-tools-813,1,single,78,0,6.0,10
Materials-Consortia/optimade-python-tools,materials-consortia/optimade-python-tools,swerebench_filtered,Materials-Consortia__optimade-python-tools-796,796,44593e112de425d014b651e66dd7b9a156ec70e0,2021-05-07 15:10:02+00:00,swerebench/sweb.eval.x86_64.materials-consortia_1776_optimade-python-tools-796,3,multi,32,0,3.0,11
matplotlib/matplotlib,matplotlib/matplotlib,swebench_live_full,matplotlib__matplotlib-28734,28734,1c892c20334185294fa06ee5bf7a91ec843bbaa7,2024-08-16 19:08:40+00:00,starryzhang/sweb.eval.x86_64.matplotlib_1776_matplotlib-28734,1,single,7,0,1.0,1
matplotlib/matplotlib,matplotlib/matplotlib,swebench_live_full,matplotlib__matplotlib-29285,29285,7405482fdf3eba989ceb27e6ea71968e356d0b33,2024-12-11 19:56:13+00:00,starryzhang/sweb.eval.x86_64.matplotlib_1776_matplotlib-29285,1,single,1,0,1.0,2
matplotlib/matplotlib,matplotlib/matplotlib,swebench_full,matplotlib__matplotlib-24177,24177,493d608e39d32a67173c23a7bbc47d6bfedcef61,2022-10-15 10:52:31+00:00,swebench/sweb.eval.x86_64.matplotlib_1776_matplotlib-24177,1,single,2,0,1.0,3
matplotlib/matplotlib,matplotlib/matplotlib,swebench_full,matplotlib__matplotlib-25499,25499,738ead81fce08e582452ef30665ae1071d45092a,2023-03-18 18:33:30+00:00,swebench/sweb.eval.x86_64.matplotlib_1776_matplotlib-25499,1,single,5,0,1.0,4
matplotlib/matplotlib,matplotlib/matplotlib,swebench_full,matplotlib__matplotlib-26311,26311,3044bded1b23ae8dc73c1611b124e88db98308ac,2023-07-14 20:39:31+00:00,swebench/sweb.eval.x86_64.matplotlib_1776_matplotlib-26311,1,single,2,0,1.0,5
matplotlib/matplotlib,matplotlib/matplotlib,swebench_full,matplotlib__matplotlib-24627,24627,9d22ab09d52d279b125d8770967569de070913b2,2022-12-05 00:05:54+00:00,swebench/sweb.eval.x86_64.matplotlib_1776_matplotlib-24627,1,single,4,0,1.0,6
matplotlib/matplotlib,matplotlib/matplotlib,swebench_live_full,matplotlib__matplotlib-29317,29317,28f69ba98708393deb0f35501940f40b0f081504,2024-12-15 14:24:25+00:00,starryzhang/sweb.eval.x86_64.matplotlib_1776_matplotlib-29317,1,single,6,0,1.0,7
matplotlib/matplotlib,matplotlib/matplotlib,swebench_full,matplotlib__matplotlib-25238,25238,f726d2cf4e61bc3e01db99bc09a7871d0f574990,2023-02-17 06:03:51+00:00,swebench/sweb.eval.x86_64.matplotlib_1776_matplotlib-25238,1,single,6,0,1.0,8
matplotlib/matplotlib,matplotlib/matplotlib,swebench_full,matplotlib__matplotlib-26208,26208,f0f133943d3e4f1e2e665291fe1c8f658a84cc09,2023-06-28 21:31:50+00:00,swebench/sweb.eval.x86_64.matplotlib_1776_matplotlib-26208,1,single,2,0,2.0,9
matplotlib/matplotlib,matplotlib/matplotlib,swebench_full,matplotlib__matplotlib-24924,24924,5a87d37835693ccc6579938d4948cf91a974a23b,2023-01-10 07:28:52+00:00,swebench/sweb.eval.x86_64.matplotlib_1776_matplotlib-24924,1,single,9,0,2.0,10
matplotlib/matplotlib,matplotlib/matplotlib,swebench_live_full,matplotlib__matplotlib-28573,28573,c4510cae31e37f5dd8fe7ac8c3843e72ec8492ee,2024-07-14 07:49:51+00:00,starryzhang/sweb.eval.x86_64.matplotlib_1776_matplotlib-28573,1,single,6,0,1.0,11
matplotlib/matplotlib,matplotlib/matplotlib,swebench_full,matplotlib__matplotlib-21481,21481,d448de31b7deaec8310caaf8bba787e097bf9211,2021-10-28 08:05:46+00:00,swebench/sweb.eval.x86_64.matplotlib_1776_matplotlib-21481,1,single,3,0,1.0,12
matplotlib/matplotlib,matplotlib/matplotlib,swebench_live_full,matplotlib__matplotlib-28853,28853,fe6389f9b1bcad62b5b3620fa73507febc703607,2024-09-20 13:18:09+00:00,starryzhang/sweb.eval.x86_64.matplotlib_1776_matplotlib-28853,1,single,9,0,1.0,13
matplotlib/matplotlib,matplotlib/matplotlib,swebench_full,matplotlib__matplotlib-25425,25425,cb2bdb1300f40ae8746a1916480af4d0d7af5f77,2023-03-10 11:39:00+00:00,swebench/sweb.eval.x86_64.matplotlib_1776_matplotlib-25425,1,single,12,0,1.0,14
matplotlib/matplotlib,matplotlib/matplotlib,swebench_full,matplotlib__matplotlib-22991,22991,953790680ac667adb869e1f1cba2f2b534cc6f0b,2022-05-06 12:35:45+00:00,swebench/sweb.eval.x86_64.matplotlib_1776_matplotlib-22991,1,single,11,0,2.0,15
matplotlib/matplotlib,matplotlib/matplotlib,swebench_full,matplotlib__matplotlib-26466,26466,3dd06a46750d174f821df5377996f493f1af4ebb,2023-08-07 19:30:22+00:00,swebench/sweb.eval.x86_64.matplotlib_1776_matplotlib-26466,1,single,20,0,1.0,16
matplotlib/matplotlib,matplotlib/matplotlib,swebench_full,matplotlib__matplotlib-23174,23174,d73ba9e00eddae34610bf9982876b5aa62114ad5,2022-06-01 10:32:18+00:00,swebench/sweb.eval.x86_64.matplotlib_1776_matplotlib-23174,1,single,8,0,1.0,17
matplotlib/matplotlib,matplotlib/matplotlib,swebench_full,matplotlib__matplotlib-26472,26472,e4905bf8ae7d2f58025442018606f59641daa226,2023-08-08 20:53:05+00:00,swebench/sweb.eval.x86_64.matplotlib_1776_matplotlib-26472,2,multi,15,0,2.0,18
matplotlib/matplotlib,matplotlib/matplotlib,swebench_live_full,matplotlib__matplotlib-30223,30223,7edd74a20b59d8b61a7349b59056b8706058878b,2025-06-28 16:45:55+00:00,starryzhang/sweb.eval.x86_64.matplotlib_1776_matplotlib-30223,2,multi,16,0,1.0,19
matplotlib/matplotlib,matplotlib/matplotlib,swebench_live_full,matplotlib__matplotlib-28363,28363,5d6acdf486d0b7ca0065ea5eef9573f2c24b07b3,2024-06-09 07:04:08+00:00,starryzhang/sweb.eval.x86_64.matplotlib_1776_matplotlib-28363,1,single,9,0,1.0,20
matrix-org/synapse,matrix-org/synapse,swerebench_filtered,matrix-org__synapse-13223,13223,a962c5a56de69c03848646f25991fabe6e4c39d1,2022-07-08 11:09:24+00:00,swerebench/sweb.eval.x86_64.matrix-org_1776_synapse-13223,1,single,11,0,1.0,1
matrix-org/synapse,matrix-org/synapse,swerebench_filtered,matrix-org__synapse-6146,6146,dfe70096392b005b81aea551e629ec9aa45ca60e,2019-10-02 09:40:52+00:00,swerebench/sweb.eval.x86_64.matrix-org_1776_synapse-6146,1,single,2,0,1.0,2
matrix-org/synapse,matrix-org/synapse,swerebench_filtered,matrix-org__synapse-12358,12358,800ba87cc881856adae19ec40485578356398639,2022-04-01 18:15:52+00:00,swerebench/sweb.eval.x86_64.matrix-org_1776_synapse-12358,2,multi,11,0,1.0,3
matrix-org/synapse,matrix-org/synapse,swerebench_filtered,matrix-org__synapse-6098,6098,9614d3c9d1a99269684263f451b4bd5e7dc9f817,2019-09-24 14:58:33+00:00,swerebench/sweb.eval.x86_64.matrix-org_1776_synapse-6098,4,multi,130,0,1.0,4
matrix-org/synapse,matrix-org/synapse,swerebench_filtered,matrix-org__synapse-6212,6212,423f7ae3974e251fef110c90a620a51789459d68,2019-10-17 16:48:00+00:00,swerebench/sweb.eval.x86_64.matrix-org_1776_synapse-6212,1,single,13,0,1.0,5
matrix-org/synapse,matrix-org/synapse,swerebench_filtered,matrix-org__synapse-5415,5415,6d1e699b5c181542c686affd84ef81ea9649550a,2019-06-10 13:39:38+00:00,swerebench/sweb.eval.x86_64.matrix-org_1776_synapse-5415,3,multi,25,0,1.0,6
matrix-org/synapse,matrix-org/synapse,swerebench_filtered,matrix-org__synapse-5328,5328,fe2294ec8dc4b37d19930bd1ae0867645207af2e,2019-06-03 16:28:10+00:00,swerebench/sweb.eval.x86_64.matrix-org_1776_synapse-5328,4,multi,176,0,8.0,7
matrix-org/synapse,matrix-org/synapse,swerebench_filtered,matrix-org__synapse-5307,5307,58cce39f3a91d81f3c994d510b0a283efd468ec7,2019-05-31 14:59:06+00:00,swerebench/sweb.eval.x86_64.matrix-org_1776_synapse-5307,3,multi,42,0,1.0,8
matrix-org/synapse,matrix-org/synapse,swerebench_filtered,matrix-org__synapse-5257,5257,fa1b293da2e0a5e47864ccb49e530d8a81d81790,2019-05-24 22:14:31+00:00,swerebench/sweb.eval.x86_64.matrix-org_1776_synapse-5257,2,multi,13,0,1.0,9
matrix-org/synapse,matrix-org/synapse,swerebench_filtered,matrix-org__synapse-5256,5256,338dca58c094adf94a943f906fdb54ba15da7831,2019-05-24 21:33:52+00:00,swerebench/sweb.eval.x86_64.matrix-org_1776_synapse-5256,3,multi,40,0,1.0,10
matrix-org/synapse,matrix-org/synapse,swerebench_filtered,matrix-org__synapse-6711,6711,608bf7d741ada8606a0ae5f4961a8aef6728dac8,2020-01-15 17:04:46+00:00,swerebench/sweb.eval.x86_64.matrix-org_1776_synapse-6711,2,multi,6,0,1.0,11
matrix-org/synapse,matrix-org/synapse,swerebench_filtered,matrix-org__synapse-6145,6145,479fbac96f5accb752e39046684b904b816cfb44,2019-10-02 09:16:59+00:00,swerebench/sweb.eval.x86_64.matrix-org_1776_synapse-6145,1,single,14,0,1.0,12
matrix-org/synapse,matrix-org/synapse,swerebench_filtered,matrix-org__synapse-4772,4772,ac61b45a75304e90c05a5dba153900cfc0adb206,2019-03-01 08:48:39+00:00,swerebench/sweb.eval.x86_64.matrix-org_1776_synapse-4772,1,single,23,0,2.0,13
matrix-org/synapse,matrix-org/synapse,swerebench_filtered,matrix-org__synapse-6107,6107,2cd98812ba338eefe83fee4ae2390d00f5499de9,2019-09-25 09:37:54+00:00,swerebench/sweb.eval.x86_64.matrix-org_1776_synapse-6107,3,multi,69,0,1.0,14
mikedh/trimesh,mikedh/trimesh,swerebench_filtered,mikedh__trimesh-609,609,db0f8e7c6a3c0a3b027a93c15a33a8cc25c7f5b2,2019-11-11 18:13:35+00:00,swerebench/sweb.eval.x86_64.mikedh_1776_trimesh-609,3,multi,55,0,2.0,1
mikedh/trimesh,mikedh/trimesh,swebench_live_full,mikedh__trimesh-2265,2265,e20de7e292e57e798036ad22b38b2fb94dc33856,2024-08-13 17:45:36+00:00,starryzhang/sweb.eval.x86_64.mikedh_1776_trimesh-2265,3,multi,30,0,1.0,2
mikedh/trimesh,mikedh/trimesh,swebench_live_full,mikedh__trimesh-2201,2201,f00f27143e52dfda31457be57be7e930ad6fcee3,2024-03-31 19:13:55+00:00,starryzhang/sweb.eval.x86_64.mikedh_1776_trimesh-2201,3,multi,40,0,1.0,3
mikedh/trimesh,mikedh/trimesh,swebench_live_full,mikedh__trimesh-2133,2133,90a7ac5738b2ce64dae7bc399f9f0f788f9e7a17,2024-01-30 21:11:58+00:00,starryzhang/sweb.eval.x86_64.mikedh_1776_trimesh-2133,4,multi,99,0,1.0,4
mikedh/trimesh,mikedh/trimesh,swerebench_filtered,mikedh__trimesh-1331,1331,0174890c877fd5bcf7d070230216fa82aff12dc8,2021-08-19 17:28:40+00:00,swerebench/sweb.eval.x86_64.mikedh_1776_trimesh-1331,3,multi,174,0,1.0,5
mikedh/trimesh,mikedh/trimesh,swerebench_filtered,mikedh__trimesh-706,706,82a2acda892e82e9c727ea8ba81c301bbfca5d70,2020-02-04 17:08:41+00:00,swerebench/sweb.eval.x86_64.mikedh_1776_trimesh-706,2,multi,23,0,1.0,6
mikedh/trimesh,mikedh/trimesh,swebench_live_full,mikedh__trimesh-2354,2354,1493543559f9a56366052b74003cccf06900fe27,2025-02-10 23:22:14+00:00,starryzhang/sweb.eval.x86_64.mikedh_1776_trimesh-2354,9,multi,130,0,2.0,7
mikedh/trimesh,mikedh/trimesh,swerebench_filtered,mikedh__trimesh-851,851,5abd7553727ab9294d6b9bf475e11c33784ae391,2020-05-26 18:46:26+00:00,swerebench/sweb.eval.x86_64.mikedh_1776_trimesh-851,5,multi,19,0,1.0,8
mikedh/trimesh,mikedh/trimesh,swebench_live_full,mikedh__trimesh-2136,2136,021af1fedb3c6cff0e42cba9eed140eea7f819e3,2024-01-31 22:02:58+00:00,starryzhang/sweb.eval.x86_64.mikedh_1776_trimesh-2136,2,multi,70,0,1.0,9
mikedh/trimesh,mikedh/trimesh,swerebench_filtered,mikedh__trimesh-1444,1444,c6e6200fcddb4f8f00b60b1167a31499c5ee5b18,2022-01-02 23:02:33+00:00,swerebench/sweb.eval.x86_64.mikedh_1776_trimesh-1444,5,multi,29,0,1.0,10
mikedh/trimesh,mikedh/trimesh,swerebench_filtered,mikedh__trimesh-1449,1449,5113c5f517b1a094b03d183035203763d0a9c54d,2022-01-05 09:58:31+00:00,swerebench/sweb.eval.x86_64.mikedh_1776_trimesh-1449,2,multi,6,0,1.0,11
mikedh/trimesh,mikedh/trimesh,swebench_live_full,mikedh__trimesh-2360,2360,efca179db885d4ed34d08c5f050c57dc07330e7e,2025-02-20 01:37:11+00:00,starryzhang/sweb.eval.x86_64.mikedh_1776_trimesh-2360,3,multi,55,0,1.0,12
mikedh/trimesh,mikedh/trimesh,swebench_live_full,mikedh__trimesh-2411,2411,156e6c4b236fada0ba236f07365ab41d538264d7,2025-05-22 18:24:08+00:00,starryzhang/sweb.eval.x86_64.mikedh_1776_trimesh-2411,4,multi,61,0,2.0,13
mikedh/trimesh,mikedh/trimesh,swerebench_filtered,mikedh__trimesh-1287,1287,73a41c3659b7962a07c8ebd509bca2455010e34f,2021-07-15 19:05:39+00:00,swerebench/sweb.eval.x86_64.mikedh_1776_trimesh-1287,5,multi,93,0,3.0,14
mikedh/trimesh,mikedh/trimesh,swebench_live_full,mikedh__trimesh-2406,2406,a45d8a80abd53cb2ba568637f15721f2b516a0b1,2025-05-16 15:09:03+00:00,starryzhang/sweb.eval.x86_64.mikedh_1776_trimesh-2406,3,multi,82,0,2.0,15
mikedh/trimesh,mikedh/trimesh,swerebench_filtered,mikedh__trimesh-650,650,bf989493ce1919c96b0a904adf37140f10b32894,2019-12-06 18:48:13+00:00,swerebench/sweb.eval.x86_64.mikedh_1776_trimesh-650,4,multi,11,0,1.0,16
mikedh/trimesh,mikedh/trimesh,swebench_live_full,mikedh__trimesh-2152,2152,11cd6f885a0c1980c6b094dba1f5cb5b321021c3,2024-02-14 00:32:28+00:00,starryzhang/sweb.eval.x86_64.mikedh_1776_trimesh-2152,8,multi,134,0,1.0,17
mikedh/trimesh,mikedh/trimesh,swebench_live_full,mikedh__trimesh-2142,2142,20b4f177fd815ab65f1bf700335856d0281dae15,2024-02-02 18:43:49+00:00,starryzhang/sweb.eval.x86_64.mikedh_1776_trimesh-2142,3,multi,54,0,1.0,18
missionpinball/mpf,missionpinball/mpf,swerebench_filtered,missionpinball__mpf-1104,1104,04f9b7a8615af0c81701ddd066e77188be706c4a,2018-02-24 12:53:23+00:00,swerebench/sweb.eval.x86_64.missionpinball_1776_mpf-1104,2,multi,46,0,14.0,1
missionpinball/mpf,missionpinball/mpf,swerebench_filtered,missionpinball__mpf-1137,1137,941faa48843f7a67de2e59df89af6e44a7d4edbe,2018-04-07 14:51:26+00:00,swerebench/sweb.eval.x86_64.missionpinball_1776_mpf-1137,2,multi,108,1,2.0,2
missionpinball/mpf,missionpinball/mpf,swerebench_filtered,missionpinball__mpf-1287,1287,e67b40d891febb679279708351a6fb2560889b9f,2019-01-06 12:04:50+00:00,swerebench/sweb.eval.x86_64.missionpinball_1776_mpf-1287,1,single,18,0,1.0,3
missionpinball/mpf,missionpinball/mpf,swerebench_filtered,missionpinball__mpf-1236,1236,1a9272de79eab757957e1aba112a59997f8f4f1a,2018-10-13 15:52:07+00:00,swerebench/sweb.eval.x86_64.missionpinball_1776_mpf-1236,1,single,9,0,1.0,4
missionpinball/mpf,missionpinball/mpf,swerebench_filtered,missionpinball__mpf-1169,1169,879c4891d320e089ef7bb9a7b8aba0873c287afa,2018-05-07 18:51:58+00:00,swerebench/sweb.eval.x86_64.missionpinball_1776_mpf-1169,2,multi,42,0,1.0,5
missionpinball/mpf,missionpinball/mpf,swerebench_filtered,missionpinball__mpf-1289,1289,06fc30212bbe3ed4d73dff3bdec8248e1cc7ca28,2019-01-06 13:25:40+00:00,swerebench/sweb.eval.x86_64.missionpinball_1776_mpf-1289,1,single,178,0,1.0,6
missionpinball/mpf,missionpinball/mpf,swerebench_filtered,missionpinball__mpf-1074,1074,ca7dadb34fac8c7bc0cb2a036e61af9ec0b1369b,2018-01-22 19:18:54+00:00,swerebench/sweb.eval.x86_64.missionpinball_1776_mpf-1074,2,multi,172,0,3.0,7
missionpinball/mpf,missionpinball/mpf,swerebench_filtered,missionpinball__mpf-1226,1226,baa7bc960de8089abee0d917212c8f6093311f70,2018-09-27 23:07:03+00:00,swerebench/sweb.eval.x86_64.missionpinball_1776_mpf-1226,1,single,8,0,1.0,8
missionpinball/mpf,missionpinball/mpf,swerebench_filtered,missionpinball__mpf-1424,1424,c43bf1badfedd961d324af3199ea586438102ca3,2019-10-03 11:03:03+00:00,swerebench/sweb.eval.x86_64.missionpinball_1776_mpf-1424,2,multi,91,0,1.0,9
missionpinball/mpf,missionpinball/mpf,swerebench_filtered,missionpinball__mpf-1244,1244,ea714f2719e28818d07afbc52d774c79e148a4b3,2018-10-21 15:33:01+00:00,swerebench/sweb.eval.x86_64.missionpinball_1776_mpf-1244,2,multi,9,0,3.0,10
mne-tools/mne-python,mne-tools/mne-python,swerebench_filtered,mne-tools__mne-python-12324,12324,9f0dfefe612776226d22714958dec2f3e2c05e4b,2023-12-25 12:19:17+00:00,swerebench/sweb.eval.x86_64.mne-tools_1776_mne-python-12324,2,multi,14,0,5.0,1
mne-tools/mne-python,mne-tools/mne-python,swerebench_filtered,mne-tools__mne-python-12507,12507,b8d9c1713bfef91e7b7bb663ec18a528a9b1691f,2024-03-19 15:11:04+00:00,swerebench/sweb.eval.x86_64.mne-tools_1776_mne-python-12507,4,multi,193,0,2.0,2
mne-tools/mne-python,mne-tools/mne-python,swerebench_filtered,mne-tools__mne-python-12080,12080,643580122691d58e855f5f25124e78615fbcd933,2023-10-05 20:18:19+00:00,swerebench/sweb.eval.x86_64.mne-tools_1776_mne-python-12080,2,multi,12,0,1.0,3
mne-tools/mne-python,mne-tools/mne-python,swerebench_filtered,mne-tools__mne-python-11939,11939,82b2e82e42c5167f30df371f3ca7e18b86a2313a,2023-08-30 18:18:51+00:00,swerebench/sweb.eval.x86_64.mne-tools_1776_mne-python-11939,1,single,7,0,1.0,4
mne-tools/mne-python,mne-tools/mne-python,swerebench_filtered,mne-tools__mne-python-12605,12605,44c69f5a5990ecb57f0f6590b37986a81f2bd325,2024-05-07 20:12:52+00:00,swerebench/sweb.eval.x86_64.mne-tools_1776_mne-python-12605,3,multi,23,0,1.0,5
mne-tools/mne-python,mne-tools/mne-python,swerebench_filtered,mne-tools__mne-python-12033,12033,04e05d4d323b26af483dde38664cb817f7df8e8a,2023-09-29 21:08:48+00:00,swerebench/sweb.eval.x86_64.mne-tools_1776_mne-python-12033,4,multi,78,0,1.0,6
mne-tools/mne-python,mne-tools/mne-python,swerebench_filtered,mne-tools__mne-python-12661,12661,d0eff795ad5d52c72428f61cb39cfb966bd60571,2024-06-14 10:00:25+00:00,swerebench/sweb.eval.x86_64.mne-tools_1776_mne-python-12661,2,multi,7,0,1.0,7
mne-tools/mne-python,mne-tools/mne-python,swerebench_filtered,mne-tools__mne-python-12537,12537,940ac9553ce42c15b4c16ecd013824ca3ea7244a,2024-04-09 20:25:45+00:00,swerebench/sweb.eval.x86_64.mne-tools_1776_mne-python-12537,4,multi,46,0,8.0,8
mne-tools/mne-python,mne-tools/mne-python,swerebench_filtered,mne-tools__mne-python-11178,11178,1f19c0fcf89d2cfa6b2702c9d9f5a485797d4ec6,2022-09-16 20:25:11+00:00,swerebench/sweb.eval.x86_64.mne-tools_1776_mne-python-11178,2,multi,29,0,2.0,9
mne-tools/mne-python,mne-tools/mne-python,swerebench_filtered,mne-tools__mne-python-12514,12514,169372da67dc243b817f024820b349495a5aa109,2024-03-25 20:46:08+00:00,swerebench/sweb.eval.x86_64.mne-tools_1776_mne-python-12514,1,single,8,0,1.0,10
mne-tools/mne-python,mne-tools/mne-python,swerebench_filtered,mne-tools__mne-python-12027,12027,04e05d4d323b26af483dde38664cb817f7df8e8a,2023-09-28 21:43:14+00:00,swerebench/sweb.eval.x86_64.mne-tools_1776_mne-python-12027,2,multi,73,0,1.0,11
mne-tools/mne-python,mne-tools/mne-python,swerebench_filtered,mne-tools__mne-python-12128,12128,8c003e843717e316ba85008eff2298917489bbd1,2023-10-24 11:03:29+00:00,swerebench/sweb.eval.x86_64.mne-tools_1776_mne-python-12128,1,single,3,0,1.0,12
mne-tools/mne-python,mne-tools/mne-python,swerebench_filtered,mne-tools__mne-python-12326,12326,71faac906f00baa14b546da50d0f97aceedc004a,2023-12-26 14:46:37+00:00,swerebench/sweb.eval.x86_64.mne-tools_1776_mne-python-12326,2,multi,32,0,1.0,13
mwaskom/seaborn,mwaskom/seaborn,swebench_full,mwaskom__seaborn-2576,2576,430c1bf1fcc690f0431e6fc87b481b7b43776594,2021-05-06 18:35:25+00:00,swebench/sweb.eval.x86_64.mwaskom_1776_seaborn-2576,1,single,51,0,3.0,1
mwaskom/seaborn,mwaskom/seaborn,swebench_full,mwaskom__seaborn-3069,3069,54cab15bdacfaa05a88fbc5502a5b322d99f148e,2022-10-09 23:31:20+00:00,swebench/sweb.eval.x86_64.mwaskom_1776_seaborn-3069,1,single,15,0,2.0,2
mwaskom/seaborn,mwaskom/seaborn,swebench_full,mwaskom__seaborn-2853,2853,a674a83cc894b5941a86d4c51ba2e57c632882c1,2022-06-12 14:31:48+00:00,swebench/sweb.eval.x86_64.mwaskom_1776_seaborn-2853,1,single,2,0,1.0,3
mwaskom/seaborn,mwaskom/seaborn,swebench_full,mwaskom__seaborn-3010,3010,0f5a013e2cf43562deec3b879458e59a73853813,2022-09-11 19:37:32+00:00,swebench/sweb.eval.x86_64.mwaskom_1776_seaborn-3010,1,single,5,0,1.0,4
mwaskom/seaborn,mwaskom/seaborn,swebench_full,mwaskom__seaborn-3276,3276,3733590d86a7f2c2a95cd9940a34aa7df5f5a3d2,2023-02-23 14:34:53+00:00,swebench/sweb.eval.x86_64.mwaskom_1776_seaborn-3276,1,single,2,0,1.0,5
mwaskom/seaborn,mwaskom/seaborn,swebench_full,mwaskom__seaborn-3217,3217,623b0b723c671e99f04e8ababf19adc563f30168,2023-01-10 12:37:28+00:00,swebench/sweb.eval.x86_64.mwaskom_1776_seaborn-3217,2,multi,31,0,1.0,6
mwaskom/seaborn,mwaskom/seaborn,swebench_full,mwaskom__seaborn-2389,2389,bcdac5411a1b71ff8d4a2fd12a937c129513e79e,2020-12-18 19:35:43+00:00,swebench/sweb.eval.x86_64.mwaskom_1776_seaborn-2389,1,single,34,0,1.0,7
mwaskom/seaborn,mwaskom/seaborn,swebench_full,mwaskom__seaborn-2979,2979,ebc4bfe9f8bf5c4ff10b14da8a49c8baa1ba76d0,2022-08-26 11:07:57+00:00,swebench/sweb.eval.x86_64.mwaskom_1776_seaborn-2979,2,multi,12,0,3.0,8
mwaskom/seaborn,mwaskom/seaborn,swebench_full,mwaskom__seaborn-2813,2813,60e58eb07e4448694ca25e887684d39d5138babd,2022-05-18 00:32:38+00:00,swebench/sweb.eval.x86_64.mwaskom_1776_seaborn-2813,3,multi,7,0,2.0,9
mwaskom/seaborn,mwaskom/seaborn,swebench_full,mwaskom__seaborn-3180,3180,c8badb914bb8eaf5ec2578c0ecd434edb1234375,2022-12-09 01:37:27+00:00,swebench/sweb.eval.x86_64.mwaskom_1776_seaborn-3180,1,single,3,0,1.0,10
mwaskom/seaborn,mwaskom/seaborn,swebench_full,mwaskom__seaborn-3407,3407,515286e02be3e4c0ff2ef4addb34a53c4a676ee4,2023-06-27 23:17:29+00:00,swebench/sweb.eval.x86_64.mwaskom_1776_seaborn-3407,1,single,4,0,1.0,11
mwaskom/seaborn,mwaskom/seaborn,swebench_full,mwaskom__seaborn-3216,3216,557b0d29cdeae9703576f4bb0eb73dd997a1e4a4,2023-01-08 23:34:46+00:00,swebench/sweb.eval.x86_64.mwaskom_1776_seaborn-3216,2,multi,15,0,1.0,12
mwaskom/seaborn,mwaskom/seaborn,swebench_full,mwaskom__seaborn-3187,3187,22cdfb0c93f8ec78492d87edb810f10cb7f57a31,2022-12-18 00:04:22+00:00,swebench/sweb.eval.x86_64.mwaskom_1776_seaborn-3187,2,multi,12,0,2.0,13
mwaskom/seaborn,mwaskom/seaborn,swebench_full,mwaskom__seaborn-2996,2996,a5816697cbcab195a987f5e074204a052c13e1d5,2022-09-04 22:06:59+00:00,swebench/sweb.eval.x86_64.mwaskom_1776_seaborn-2996,2,multi,24,0,2.0,14
mwaskom/seaborn,mwaskom/seaborn,swebench_full,mwaskom__seaborn-3202,3202,d25872b0fc99dbf7e666a91f59bd4ed125186aa1,2022-12-23 02:15:50+00:00,swebench/sweb.eval.x86_64.mwaskom_1776_seaborn-3202,2,multi,9,0,2.0,15
mwaskom/seaborn,mwaskom/seaborn,swebench_full,mwaskom__seaborn-2946,2946,a1ede5eb82fa09164aff65da03136b7382fd5041,2022-08-08 10:48:52+00:00,swebench/sweb.eval.x86_64.mwaskom_1776_seaborn-2946,1,single,7,0,1.0,16
mwaskom/seaborn,mwaskom/seaborn,swebench_full,mwaskom__seaborn-3394,3394,9276e22a424fe2c834eff85231d0c916e293d613,2023-06-19 20:59:52+00:00,swebench/sweb.eval.x86_64.mwaskom_1776_seaborn-3394,3,multi,16,0,2.0,17
mwaskom/seaborn,mwaskom/seaborn,swebench_full,mwaskom__seaborn-2457,2457,ba086c2096962bbffde2a8eb721b322f382f9e0e,2021-01-30 22:18:52+00:00,swebench/sweb.eval.x86_64.mwaskom_1776_seaborn-2457,2,multi,15,0,1.0,18
mwaskom/seaborn,mwaskom/seaborn,swebench_full,mwaskom__seaborn-3190,3190,4a9e54962a29c12a8b103d75f838e0e795a6974d,2022-12-18 17:13:51+00:00,swebench/sweb.eval.x86_64.mwaskom_1776_seaborn-3190,1,single,2,0,1.0,19
mwaskom/seaborn,mwaskom/seaborn,swebench_full,mwaskom__seaborn-2848,2848,94621cef29f80282436d73e8d2c0aa76dab81273,2022-06-11 18:21:32+00:00,swebench/sweb.eval.x86_64.mwaskom_1776_seaborn-2848,1,single,7,0,1.0,20
narwhals-dev/narwhals,narwhals-dev/narwhals,swerebench_filtered,narwhals-dev__narwhals-1040,1040,9a51501d727c11ce486b9918dc4d6eced80bbddc,2024-09-21 20:55:55+00:00,swerebench/sweb.eval.x86_64.narwhals-dev_1776_narwhals-1040,4,multi,75,0,12.0,1
narwhals-dev/narwhals,narwhals-dev/narwhals,swerebench_filtered,narwhals-dev__narwhals-199,199,3e6059a60ec23c40025d15e9b49ec8eec57e6854,2024-05-21 21:28:10+00:00,swerebench/sweb.eval.x86_64.narwhals-dev_1776_narwhals-199,2,multi,14,0,2.0,2
narwhals-dev/narwhals,narwhals-dev/narwhals,swerebench_filtered,narwhals-dev__narwhals-944,944,e9afffd233ed4b4df5364dc8c16ba00e16f86871,2024-09-10 21:52:12+00:00,swerebench/sweb.eval.x86_64.narwhals-dev_1776_narwhals-944,4,multi,38,0,4.0,3
narwhals-dev/narwhals,narwhals-dev/narwhals,swerebench_filtered,narwhals-dev__narwhals-1679,1679,0a67642a507699fecedcb5f945c2e05b5a0f4160,2024-12-29 21:33:39+00:00,swerebench/sweb.eval.x86_64.narwhals-dev_1776_narwhals-1679,2,multi,30,0,2.0,4
narwhals-dev/narwhals,narwhals-dev/narwhals,swerebench_filtered,narwhals-dev__narwhals-1303,1303,5c3db5b149cbf64b97de49bc4ad726f019f9f578,2024-11-02 10:17:14+00:00,swerebench/sweb.eval.x86_64.narwhals-dev_1776_narwhals-1303,4,multi,117,0,8.0,5
narwhals-dev/narwhals,narwhals-dev/narwhals,swerebench_filtered,narwhals-dev__narwhals-254,254,ad97d7ede677875c74ece6110455095644cfdaab,2024-06-04 09:53:03+00:00,swerebench/sweb.eval.x86_64.narwhals-dev_1776_narwhals-254,1,single,3,0,1.0,6
narwhals-dev/narwhals,narwhals-dev/narwhals,swerebench_filtered,narwhals-dev__narwhals-1627,1627,ccf30e27ac1c14c68cb41b86062c793449ebe48f,2024-12-20 08:09:12+00:00,swerebench/sweb.eval.x86_64.narwhals-dev_1776_narwhals-1627,1,single,15,0,3.0,7
narwhals-dev/narwhals,narwhals-dev/narwhals,swerebench_filtered,narwhals-dev__narwhals-1613,1613,79de45774925b5dcdea17c3e1fda1aeac38d8c18,2024-12-18 12:05:09+00:00,swerebench/sweb.eval.x86_64.narwhals-dev_1776_narwhals-1613,2,multi,79,0,4.0,8
narwhals-dev/narwhals,narwhals-dev/narwhals,swerebench_filtered,narwhals-dev__narwhals-1475,1475,87d7e668eb301e6f9cd90ef8aff9d8a0bf0d8960,2024-11-30 19:46:32+00:00,swerebench/sweb.eval.x86_64.narwhals-dev_1776_narwhals-1475,2,multi,26,0,1.0,9
narwhals-dev/narwhals,narwhals-dev/narwhals,swerebench_filtered,narwhals-dev__narwhals-917,917,4cf94ce268c92b4d26b7e4fed6e245d3eee1bdfc,2024-09-06 12:19:19+00:00,swerebench/sweb.eval.x86_64.narwhals-dev_1776_narwhals-917,3,multi,131,0,12.0,10
narwhals-dev/narwhals,narwhals-dev/narwhals,swerebench_filtered,narwhals-dev__narwhals-1246,1246,f6b47c9a84de8533ccb66e66b93d2c23dc393e41,2024-10-24 18:06:39+00:00,swerebench/sweb.eval.x86_64.narwhals-dev_1776_narwhals-1246,1,single,19,0,1.0,11
narwhals-dev/narwhals,narwhals-dev/narwhals,swerebench_filtered,narwhals-dev__narwhals-978,978,77f505aaff1f25e57e8b00115f91f49ac64cf218,2024-09-15 13:35:08+00:00,swerebench/sweb.eval.x86_64.narwhals-dev_1776_narwhals-978,4,multi,67,0,2.0,12
narwhals-dev/narwhals,narwhals-dev/narwhals,swerebench_filtered,narwhals-dev__narwhals-595,595,7289d6f01a59f94dd8e5d2946d0ca992b790049c,2024-07-23 16:47:04+00:00,swerebench/sweb.eval.x86_64.narwhals-dev_1776_narwhals-595,1,single,6,0,1.0,13
narwhals-dev/narwhals,narwhals-dev/narwhals,swerebench_filtered,narwhals-dev__narwhals-828,828,cbf4bac2ccd5c89371a75ffb2c04bc92e9bae8dc,2024-08-20 16:09:56+00:00,swerebench/sweb.eval.x86_64.narwhals-dev_1776_narwhals-828,1,single,8,0,1.0,14
narwhals-dev/narwhals,narwhals-dev/narwhals,swerebench_filtered,narwhals-dev__narwhals-519,519,6db70d6272667853ba227e3643b6cd5ad5e6f283,2024-07-14 09:33:07+00:00,swerebench/sweb.eval.x86_64.narwhals-dev_1776_narwhals-519,1,single,4,0,1.0,15
narwhals-dev/narwhals,narwhals-dev/narwhals,swerebench_filtered,narwhals-dev__narwhals-1268,1268,0b333f99a1aaf03d8934318601c7738b75212cf0,2024-10-28 09:21:15+00:00,swerebench/sweb.eval.x86_64.narwhals-dev_1776_narwhals-1268,2,multi,26,0,1.0,16
narwhals-dev/narwhals,narwhals-dev/narwhals,swerebench_filtered,narwhals-dev__narwhals-1159,1159,1abea24fd837f3ac6ccb2ea6e0de60665259a50b,2024-10-09 19:42:18+00:00,swerebench/sweb.eval.x86_64.narwhals-dev_1776_narwhals-1159,4,multi,45,0,7.0,17
narwhals-dev/narwhals,narwhals-dev/narwhals,swerebench_filtered,narwhals-dev__narwhals-143,143,b22fc47f6ca376fa0ae9115800fa9b8ddfdbe99b,2024-05-11 20:12:52+00:00,swerebench/sweb.eval.x86_64.narwhals-dev_1776_narwhals-143,1,single,2,0,1.0,18
narwhals-dev/narwhals,narwhals-dev/narwhals,swerebench_filtered,narwhals-dev__narwhals-1026,1026,58d8535ec9737b5ae0623a1eb5aa22b4eaa2ece0,2024-09-20 13:45:37+00:00,swerebench/sweb.eval.x86_64.narwhals-dev_1776_narwhals-1026,3,multi,18,0,19.0,19
narwhals-dev/narwhals,narwhals-dev/narwhals,swerebench_filtered,narwhals-dev__narwhals-941,941,270adbd432259f21a24f8f9a4f3121ee19a3d646,2024-09-10 11:58:03+00:00,swerebench/sweb.eval.x86_64.narwhals-dev_1776_narwhals-941,4,multi,39,0,4.0,20
networkx/networkx,networkx/networkx,swerebench_filtered,networkx__networkx-3848,3848,3f4f9c3379a5d70fc58852154aab7b1051ff96d6,2020-03-04 08:11:36+00:00,swerebench/sweb.eval.x86_64.networkx_1776_networkx-3848,1,single,2,0,1.0,1
networkx/networkx,networkx/networkx,swerebench_filtered,networkx__networkx-7445,7445,ad673ffed8479b1303c156fa785f80fdb0f8f934,2024-05-13 08:39:42+00:00,swerebench/sweb.eval.x86_64.networkx_1776_networkx-7445,1,single,4,0,1.0,2
networkx/networkx,networkx/networkx,swerebench_filtered,networkx__networkx-2773,2773,3d7ea0d690e59c2d5d223528ea9e21b21fb7f8a4,2017-11-25 17:52:23+00:00,swerebench/sweb.eval.x86_64.networkx_1776_networkx-2773,1,single,2,0,1.0,3
networkx/networkx,networkx/networkx,swerebench_filtered,networkx__networkx-5354,5354,42985ba7d9f768c32c651e3e73d4d98b46776f54,2022-02-22 12:23:26+00:00,swerebench/sweb.eval.x86_64.networkx_1776_networkx-5354,2,multi,29,0,1.0,4
networkx/networkx,networkx/networkx,swerebench_filtered,networkx__networkx-7473,7473,fe5e2603708ff9aa6f757fc38e0dd3b272a76b11,2024-05-31 14:41:32+00:00,swerebench/sweb.eval.x86_64.networkx_1776_networkx-7473,2,multi,66,0,1.0,5
networkx/networkx,networkx/networkx,swebench_live_full,networkx__networkx-8013,8013,347403429a12a28bfd5ecc01f3054109ce94dabe,2025-04-30 13:00:18+00:00,starryzhang/sweb.eval.x86_64.networkx_1776_networkx-8013,1,single,11,0,1.0,6
networkx/networkx,networkx/networkx,swerebench_filtered,networkx__networkx-7332,7332,7e97d4c040a39cc4cbe22b2ab78c10f028610bb9,2024-03-05 00:30:47+00:00,swerebench/sweb.eval.x86_64.networkx_1776_networkx-7332,1,single,15,0,1.0,7
networkx/networkx,networkx/networkx,swerebench_filtered,networkx__networkx-6798,6798,0204a246a8bfba38153f03b3967a669c05a7181f,2023-07-20 08:27:09+00:00,swerebench/sweb.eval.x86_64.networkx_1776_networkx-6798,3,multi,190,0,5.0,8
networkx/networkx,networkx/networkx,swerebench_filtered,networkx__networkx-2566,2566,ea4db3e5dc6b962c72f61060d18a2af3c9977e34,2017-07-29 13:48:48+00:00,swerebench/sweb.eval.x86_64.networkx_1776_networkx-2566,1,single,154,0,3.0,9
networkx/networkx,networkx/networkx,swerebench_filtered,networkx__networkx-6259,6259,53be757de9a87a3413943737fbf8478bb23b17c7,2022-12-07 03:53:20+00:00,swerebench/sweb.eval.x86_64.networkx_1776_networkx-6259,1,single,29,0,5.0,10
networkx/networkx,networkx/networkx,swebench_live_full,networkx__networkx-8211,8211,8ec80c76f34ccb5df0ab197eef597da49d86f029,2025-08-29 13:10:02+00:00,starryzhang/sweb.eval.x86_64.networkx_1776_networkx-8211,1,single,6,0,1.0,11
networkx/networkx,networkx/networkx,swerebench_filtered,networkx__networkx-5394,5394,c39511522b272bf65b6a415169cd48d1bf3ff5c1,2022-03-15 22:32:49+00:00,swerebench/sweb.eval.x86_64.networkx_1776_networkx-5394,1,single,55,0,1.0,12
networkx/networkx,networkx/networkx,swerebench_filtered,networkx__networkx-2386,2386,464bf8fc08ffa09cfd0183fb5cae1adfe6839e12,2017-03-14 15:36:14+00:00,swerebench/sweb.eval.x86_64.networkx_1776_networkx-2386,1,single,83,0,2.0,13
networkx/networkx,networkx/networkx,swerebench_filtered,networkx__networkx-7928,7928,f02879d8bd86e7634c384d896e356d02611bcb26,2025-03-23 18:51:07+00:00,swerebench/sweb.eval.x86_64.networkx_1776_networkx-7928,4,multi,74,0,7.0,14
networkx/networkx,networkx/networkx,swerebench_filtered,networkx__networkx-5903,5903,28f78cfa9a386620ee1179582fda1db5ffc59f84,2022-07-29 02:02:29+00:00,swerebench/sweb.eval.x86_64.networkx_1776_networkx-5903,1,single,8,0,1.0,15
networkx/networkx,networkx/networkx,swerebench_filtered,networkx__networkx-2713,2713,9f6c9cd6a561d41192bc29f14fd9bc16bcaad919,2017-10-15 17:09:15+00:00,swerebench/sweb.eval.x86_64.networkx_1776_networkx-2713,2,multi,11,0,5.0,16
networkx/networkx,networkx/networkx,swerebench_filtered,networkx__networkx-5444,5444,1e48dad5c6038b549d7a4a01f190ffd3765eb913,2022-03-30 17:14:49+00:00,swerebench/sweb.eval.x86_64.networkx_1776_networkx-5444,1,single,2,0,2.0,17
networkx/networkx,networkx/networkx,swebench_live_full,networkx__networkx-8196,8196,36e8a1ee85ca0ab4195a486451ca7d72153e2e00,2025-08-14 20:12:34+00:00,starryzhang/sweb.eval.x86_64.networkx_1776_networkx-8196,1,single,12,0,1.0,18
networkx/networkx,networkx/networkx,swebench_live_full,networkx__networkx-8055,8055,679191810fc962e282b606622c90355f2e6f58ad,2025-05-20 14:39:55+00:00,starryzhang/sweb.eval.x86_64.networkx_1776_networkx-8055,1,single,15,0,2.0,19
networkx/networkx,networkx/networkx,swebench_live_full,networkx__networkx-8043,8043,ee458799cdb8c95864a0331bd945b4bb11337db9,2025-05-12 14:16:56+00:00,starryzhang/sweb.eval.x86_64.networkx_1776_networkx-8043,1,single,24,0,4.0,20
nilearn/nilearn,nilearn/nilearn,swerebench_filtered,nilearn__nilearn-3823,3823,bce754beea677d4d4a51191e21c64d09002f1429,2023-07-07 11:52:13+00:00,swerebench/sweb.eval.x86_64.nilearn_1776_nilearn-3823,3,multi,55,0,15.0,1
nilearn/nilearn,nilearn/nilearn,swerebench_filtered,nilearn__nilearn-3644,3644,ecf7686740f236274be94fe8a0757808e366debc,2023-04-03 09:20:16+00:00,swerebench/sweb.eval.x86_64.nilearn_1776_nilearn-3644,1,single,8,0,1.0,2
nilearn/nilearn,nilearn/nilearn,swerebench_filtered,nilearn__nilearn-3631,3631,564f21261f710930f8894d1bb14620df85ecae81,2023-03-29 22:19:27+00:00,swerebench/sweb.eval.x86_64.nilearn_1776_nilearn-3631,1,single,8,0,1.0,3
nilearn/nilearn,nilearn/nilearn,swerebench_filtered,nilearn__nilearn-4809,4809,9c22285597dcaf95018a224318bcf3b0bdaca3ad,2024-11-27 17:51:41+00:00,swerebench/sweb.eval.x86_64.nilearn_1776_nilearn-4809,5,multi,126,0,8.0,4
nilearn/nilearn,nilearn/nilearn,swerebench_filtered,nilearn__nilearn-4929,4929,cd17602ed281f5ebfb8b29f7178539344682acfd,2024-12-10 14:40:33+00:00,swerebench/sweb.eval.x86_64.nilearn_1776_nilearn-4929,1,single,63,0,2.0,5
nilearn/nilearn,nilearn/nilearn,swerebench_filtered,nilearn__nilearn-4256,4256,af1a24c0ea1c8ab13f1dc6ba70d6a2877eaeab50,2024-02-02 11:53:29+00:00,swerebench/sweb.eval.x86_64.nilearn_1776_nilearn-4256,9,multi,84,0,1.0,6
nilearn/nilearn,nilearn/nilearn,swerebench_filtered,nilearn__nilearn-5169,5169,fefa4d30c262384ebda0f1123a1691abf466a9f0,2025-02-20 11:06:03+00:00,swerebench/sweb.eval.x86_64.nilearn_1776_nilearn-5169,1,single,129,0,2.0,7
nilearn/nilearn,nilearn/nilearn,swerebench_filtered,nilearn__nilearn-5059,5059,b851ecc5a14a6d11aa9f8c2aa59cbede493e699f,2025-01-17 11:16:02+00:00,swerebench/sweb.eval.x86_64.nilearn_1776_nilearn-5059,1,single,130,0,9.0,8
nilearn/nilearn,nilearn/nilearn,swerebench_filtered,nilearn__nilearn-4967,4967,d57c0d86e991e8de5fed4ab1ff9fc8350ddeeb90,2024-12-18 14:14:04+00:00,swerebench/sweb.eval.x86_64.nilearn_1776_nilearn-4967,4,multi,95,0,13.0,9
nilearn/nilearn,nilearn/nilearn,swerebench_filtered,nilearn__nilearn-3924,3924,0b49cc0cd99ca5bfd8780e5429c5d744dc21db81,2023-08-23 13:25:10+00:00,swerebench/sweb.eval.x86_64.nilearn_1776_nilearn-3924,1,single,2,0,1.0,10
nilearn/nilearn,nilearn/nilearn,swerebench_filtered,nilearn__nilearn-4939,4939,d57c0d86e991e8de5fed4ab1ff9fc8350ddeeb90,2024-12-12 09:02:02+00:00,swerebench/sweb.eval.x86_64.nilearn_1776_nilearn-4939,2,multi,55,0,12.0,11
nilearn/nilearn,nilearn/nilearn,swerebench_filtered,nilearn__nilearn-3819,3819,787d662116a0808d074b0dd40c9b4c2498712819,2023-07-06 11:34:40+00:00,swerebench/sweb.eval.x86_64.nilearn_1776_nilearn-3819,4,multi,70,0,16.0,12
nilearn/nilearn,nilearn/nilearn,swerebench_filtered,nilearn__nilearn-2865,2865,dbbd221e3633c97464034c5366faa548728c9999,2021-06-04 16:01:59+00:00,swerebench/sweb.eval.x86_64.nilearn_1776_nilearn-2865,1,single,2,0,1.0,13
nilearn/nilearn,nilearn/nilearn,swerebench_filtered,nilearn__nilearn-3098,3098,d43706724a72df089080f62d9f1d9c319fa391b7,2021-12-15 12:34:11+00:00,swerebench/sweb.eval.x86_64.nilearn_1776_nilearn-3098,1,single,53,0,2.0,14
nilearn/nilearn,nilearn/nilearn,swerebench_filtered,nilearn__nilearn-4416,4416,9745e426b9b2ce78bceb675f1f80c5b4c7ecdd22,2024-05-17 14:16:10+00:00,swerebench/sweb.eval.x86_64.nilearn_1776_nilearn-4416,1,single,15,0,1.0,15
nilearn/nilearn,nilearn/nilearn,swerebench_filtered,nilearn__nilearn-4258,4258,58bad498166c09905b20c4d65f060f7b5f188b74,2024-02-02 17:13:31+00:00,swerebench/sweb.eval.x86_64.nilearn_1776_nilearn-4258,1,single,28,0,6.0,16
nilearn/nilearn,nilearn/nilearn,swerebench_filtered,nilearn__nilearn-4414,4414,2c0452e5267cedabf035569c27753473372e16ea,2024-05-16 21:54:11+00:00,swerebench/sweb.eval.x86_64.nilearn_1776_nilearn-4414,1,single,32,0,1.0,17
nilearn/nilearn,nilearn/nilearn,swerebench_filtered,nilearn__nilearn-4701,4701,567498d5a6d7766ebebbb6aa2c186786a5ea3534,2024-10-25 18:59:25+00:00,swerebench/sweb.eval.x86_64.nilearn_1776_nilearn-4701,2,multi,9,0,1.0,18
nilearn/nilearn,nilearn/nilearn,swerebench_filtered,nilearn__nilearn-4802,4802,b734e7af7f886de41daf19f3d030d89ac6f2c2c7,2024-11-27 12:54:55+00:00,swerebench/sweb.eval.x86_64.nilearn_1776_nilearn-4802,5,multi,67,0,1.0,19
nilearn/nilearn,nilearn/nilearn,swerebench_filtered,nilearn__nilearn-3971,3971,93c49f1ff2219506411aa20c35a971288708261e,2023-09-13 09:26:34+00:00,swerebench/sweb.eval.x86_64.nilearn_1776_nilearn-3971,3,multi,35,0,2.0,20
nipy/nipype,nipy/nipype,swerebench_filtered,nipy__nipype-2780,2780,e4753317288bc3440b28fa30da1c680187d7b07b,2018-11-15 11:13:46+00:00,swerebench/sweb.eval.x86_64.nipy_1776_nipype-2780,1,single,19,0,1.0,1
nipy/nipype,nipy/nipype,swerebench_filtered,nipy__nipype-2490,2490,88dbce1ce5439440bcc14c9aa46666c40f642152,2018-03-07 21:23:46+00:00,swerebench/sweb.eval.x86_64.nipy_1776_nipype-2490,1,single,10,0,1.0,2
nipy/nipype,nipy/nipype,swerebench_filtered,nipy__nipype-2030,2030,cda3fdc3be231f2c9d7bdbdbadee472a0bad9e92,2017-05-17 22:13:57+00:00,swerebench/sweb.eval.x86_64.nipy_1776_nipype-2030,1,single,107,0,1.0,3
nipy/nipype,nipy/nipype,swerebench_filtered,nipy__nipype-2527,2527,e446466290b9ccba5d5aa589971c97e744d9267b,2018-04-03 13:30:50+00:00,swerebench/sweb.eval.x86_64.nipy_1776_nipype-2527,1,single,5,0,1.0,4
nipy/nipype,nipy/nipype,swerebench_filtered,nipy__nipype-2669,2669,69dce12bdf256c3bb0a8b6da9a1d1cdce48b66ec,2018-08-02 04:22:30+00:00,swerebench/sweb.eval.x86_64.nipy_1776_nipype-2669,3,multi,30,0,2.0,5
nipy/nipype,nipy/nipype,swerebench_filtered,nipy__nipype-3663,3663,6ac81cabddcd1174e1d8630737136aa14b4a11ed,2024-08-01 09:45:41+00:00,swerebench/sweb.eval.x86_64.nipy_1776_nipype-3663,1,single,2,0,1.0,6
nipy/nipype,nipy/nipype,swerebench_filtered,nipy__nipype-2502,2502,27b33ef128f761cc7166205fc42ef7c04a8d4e4f,2018-03-20 21:19:03+00:00,swerebench/sweb.eval.x86_64.nipy_1776_nipype-2502,2,multi,44,0,1.0,7
nipy/nipype,nipy/nipype,swerebench_filtered,nipy__nipype-3658,3658,e03ab6f99f85fb54bc5f1ed2d9222af8f5bd66e0,2024-07-20 15:17:26+00:00,swerebench/sweb.eval.x86_64.nipy_1776_nipype-3658,1,single,43,0,1.0,8
nipy/nipype,nipy/nipype,swerebench_filtered,nipy__nipype-2429,2429,168dfee8862e3a635d8fd6f0f4469ad0950e55b9,2018-02-07 15:08:46+00:00,swerebench/sweb.eval.x86_64.nipy_1776_nipype-2429,1,single,4,0,1.0,9
nipy/nipype,nipy/nipype,swerebench_filtered,nipy__nipype-1937,1937,d68b929ae1f36f2704fa7cddd029b308acf8587a,2017-04-05 00:47:13+00:00,swerebench/sweb.eval.x86_64.nipy_1776_nipype-1937,1,single,46,0,2.0,10
nipy/nipype,nipy/nipype,swerebench_filtered,nipy__nipype-2750,2750,1eeabd36597b67b192d6e16fd3abbb8d1d8121bf,2018-10-24 15:58:09+00:00,swerebench/sweb.eval.x86_64.nipy_1776_nipype-2750,1,single,18,0,1.0,11
nipy/nipype,nipy/nipype,swerebench_filtered,nipy__nipype-2749,2749,a10963c408d3e3bbc8e1e91a21a7779ee2ca3fe9,2018-10-24 15:41:48+00:00,swerebench/sweb.eval.x86_64.nipy_1776_nipype-2749,3,multi,49,0,1.0,12
nipy/nipype,nipy/nipype,swerebench_filtered,nipy__nipype-2179,2179,7ead69d1aeb24f0d0884efe03075ef7de1759e1c,2017-09-10 18:53:22+00:00,swerebench/sweb.eval.x86_64.nipy_1776_nipype-2179,1,single,4,0,1.0,13
nipy/nipype,nipy/nipype,swerebench_filtered,nipy__nipype-2597,2597,9eaa2a32c8cb3569633a79d6f7968270453f9aed,2018-05-25 13:56:19+00:00,swerebench/sweb.eval.x86_64.nipy_1776_nipype-2597,1,single,8,0,1.0,14
nipy/nipype,nipy/nipype,swerebench_filtered,nipy__nipype-2673,2673,69dce12bdf256c3bb0a8b6da9a1d1cdce48b66ec,2018-08-02 16:39:58+00:00,swerebench/sweb.eval.x86_64.nipy_1776_nipype-2673,1,single,71,0,1.0,15
nipy/nipype,nipy/nipype,swerebench_filtered,nipy__nipype-2595,2595,9eaa2a32c8cb3569633a79d6f7968270453f9aed,2018-05-25 01:03:48+00:00,swerebench/sweb.eval.x86_64.nipy_1776_nipype-2595,1,single,3,0,1.0,16
nipy/nipype,nipy/nipype,swerebench_filtered,nipy__nipype-2757,2757,2995ded211a325aafcf7832f7799efe8b8e781c7,2018-10-25 18:16:29+00:00,swerebench/sweb.eval.x86_64.nipy_1776_nipype-2757,2,multi,15,0,1.0,17
nipy/nipype,nipy/nipype,swerebench_filtered,nipy__nipype-2349,2349,045b28ef9056fac1107bc4f0707859d043f3bfd1,2017-12-29 08:57:36+00:00,swerebench/sweb.eval.x86_64.nipy_1776_nipype-2349,1,single,16,0,1.0,18
nltk/nltk,nltk/nltk,swerebench_filtered,nltk__nltk-2801,2801,ab1027691fcd0e6e9d206156a4fd01eb0c5db626,2021-09-11 04:26:46+00:00,swerebench/sweb.eval.x86_64.nltk_1776_nltk-2801,1,single,32,0,2.0,1
nltk/nltk,nltk/nltk,swerebench_filtered,nltk__nltk-2769,2769,1244ab9fc4b130ae20127267d49eea506e30a9ae,2021-07-31 11:24:47+00:00,swerebench/sweb.eval.x86_64.nltk_1776_nltk-2769,1,single,58,0,1.0,2
nltk/nltk,nltk/nltk,swerebench_filtered,nltk__nltk-2888,2888,68e4e589eb62750993aabef5554548973fe1e280,2021-11-17 10:33:42+00:00,swerebench/sweb.eval.x86_64.nltk_1776_nltk-2888,4,multi,143,0,2.0,3
nltk/nltk,nltk/nltk,swerebench_filtered,nltk__nltk-3156,3156,fc53edbf6f0763971afca5855386a2a382da37ac,2023-05-17 21:38:58+00:00,swerebench/sweb.eval.x86_64.nltk_1776_nltk-3156,1,single,2,0,1.0,4
nltk/nltk,nltk/nltk,swerebench_filtered,nltk__nltk-2910,2910,abbe86b8af660b4fdf477505b89d92dd5aa46519,2021-12-12 20:28:54+00:00,swerebench/sweb.eval.x86_64.nltk_1776_nltk-2910,1,single,4,0,1.0,5
nltk/nltk,nltk/nltk,swerebench_filtered,nltk__nltk-2514,2514,750e488569b6f80c72ae6ca74eff90eae55e6c4e,2020-03-02 22:33:26+00:00,swerebench/sweb.eval.x86_64.nltk_1776_nltk-2514,1,single,12,0,1.0,6
nltk/nltk,nltk/nltk,swerebench_filtered,nltk__nltk-2564,2564,0a88301f9362d1c0bf546705826b52ab2dd5add5,2020-06-22 01:41:27+00:00,swerebench/sweb.eval.x86_64.nltk_1776_nltk-2564,2,multi,93,0,6.0,7
nltk/nltk,nltk/nltk,swerebench_filtered,nltk__nltk-2713,2713,af21c5836afccd1dc0fd24a8f86ebea9a96050d6,2021-05-10 13:42:55+00:00,swerebench/sweb.eval.x86_64.nltk_1776_nltk-2713,1,single,4,0,1.0,8
nltk/nltk,nltk/nltk,swerebench_filtered,nltk__nltk-2768,2768,6c07b5e99389b47e13c5e70fa07b37ef29ea8f73,2021-07-30 21:50:27+00:00,swerebench/sweb.eval.x86_64.nltk_1776_nltk-2768,1,single,30,0,3.0,9
nltk/nltk,nltk/nltk,swerebench_filtered,nltk__nltk-3205,3205,e0b05bb36f18b3d6b2a44e4a1831b05d586791f3,2023-11-09 07:51:48+00:00,swerebench/sweb.eval.x86_64.nltk_1776_nltk-3205,1,single,2,0,1.0,10
nltk/nltk,nltk/nltk,swerebench_filtered,nltk__nltk-3042,3042,13cea29c3f99db93296b10c6333368f88be4135d,2022-09-01 09:44:48+00:00,swerebench/sweb.eval.x86_64.nltk_1776_nltk-3042,1,single,10,0,1.0,11
numba/numba,numba/numba,swerebench_filtered,numba__numba-6681,6681,ea2585bb9a17301218c7f845bbc91cc5fe076260,2021-02-03 10:40:46+00:00,swerebench/sweb.eval.x86_64.numba_1776_numba-6681,2,multi,29,0,1.0,1
numba/numba,numba/numba,swerebench_filtered,numba__numba-5557,5557,ce2139c7dd93127efb04b35f28f4bebc7f44dfd5,2020-04-14 14:40:16+00:00,swerebench/sweb.eval.x86_64.numba_1776_numba-5557,1,single,13,0,1.0,2
numba/numba,numba/numba,swerebench_filtered,numba__numba-5889,5889,92df8df57dd31a3da51d3b0cf94a4ec2b591f71a,2020-06-19 10:56:05+00:00,swerebench/sweb.eval.x86_64.numba_1776_numba-5889,1,single,10,0,1.0,3
numba/numba,numba/numba,swerebench_filtered,numba__numba-6654,6654,77a5b6333d91635bd16911225dca52a2f3d78425,2021-01-20 19:46:23+00:00,swerebench/sweb.eval.x86_64.numba_1776_numba-6654,2,multi,19,0,17.0,4
numba/numba,numba/numba,swerebench_filtered,numba__numba-6028,6028,d3b7ea1344779cf0bacfa82c754da5b71e133dbe,2020-07-24 01:05:01+00:00,swerebench/sweb.eval.x86_64.numba_1776_numba-6028,1,single,18,0,1.0,5
numba/numba,numba/numba,swerebench_filtered,numba__numba-6635,6635,ddc6d35c241b849b2ed693e84ec1d11747029e40,2021-01-13 14:57:24+00:00,swerebench/sweb.eval.x86_64.numba_1776_numba-6635,1,single,3,0,1.0,6
numba/numba,numba/numba,swerebench_filtered,numba__numba-5627,5627,1dabbf67426ad6243f7b6d791d3d38dbb68ab33e,2020-04-24 15:24:50+00:00,swerebench/sweb.eval.x86_64.numba_1776_numba-5627,2,multi,18,0,1.0,7
numba/numba,numba/numba,swerebench_filtered,numba__numba-6582,6582,0bac18af44d08e913cd512babb9f9b7f6386d30a,2020-12-16 15:49:08+00:00,swerebench/sweb.eval.x86_64.numba_1776_numba-6582,2,multi,31,0,1.0,8
numba/numba,numba/numba,swerebench_filtered,numba__numba-5624,5624,1dabbf67426ad6243f7b6d791d3d38dbb68ab33e,2020-04-24 10:21:45+00:00,swerebench/sweb.eval.x86_64.numba_1776_numba-5624,2,multi,33,0,1.0,9
numba/numba,numba/numba,swerebench_filtered,numba__numba-6586,6586,0bac18af44d08e913cd512babb9f9b7f6386d30a,2020-12-17 12:10:12+00:00,swerebench/sweb.eval.x86_64.numba_1776_numba-6586,1,single,7,0,1.0,10
numba/numba,numba/numba,swerebench_filtered,numba__numba-6265,6265,3b3eab8922c9ca199fc3b2c758886628a2ab7494,2020-09-21 15:03:08+00:00,swerebench/sweb.eval.x86_64.numba_1776_numba-6265,1,single,20,0,1.0,11
numba/numba,numba/numba,swerebench_filtered,numba__numba-5213,5213,13ece9b97e6f01f750e870347f231282325f60c3,2020-02-07 14:38:18+00:00,swerebench/sweb.eval.x86_64.numba_1776_numba-5213,1,single,29,0,1.0,12
numba/numba,numba/numba,swerebench_filtered,numba__numba-3883,3883,532306131aa3072c50ae3a6b124824cf63b61b1f,2019-03-19 11:12:55+00:00,swerebench/sweb.eval.x86_64.numba_1776_numba-3883,1,single,44,0,1.0,13
numba/numba,numba/numba,swerebench_filtered,numba__numba-5361,5361,0aaf62d830e7a9d1dc5ffbf710a7cd38caa52d1a,2020-03-08 21:00:42+00:00,swerebench/sweb.eval.x86_64.numba_1776_numba-5361,1,single,6,0,1.0,14
numba/numba,numba/numba,swerebench_filtered,numba__numba-5808,5808,23a5c659e1122c607deb291ff5f7dd796f2a2915,2020-06-03 08:54:31+00:00,swerebench/sweb.eval.x86_64.numba_1776_numba-5808,1,single,3,0,2.0,15
numba/numba,numba/numba,swerebench_filtered,numba__numba-5176,5176,d7953a18dbf5ea231dc16e967ce8e9b754578ea6,2020-01-31 17:25:32+00:00,swerebench/sweb.eval.x86_64.numba_1776_numba-5176,1,single,4,0,1.0,16
numba/numba,numba/numba,swerebench_filtered,numba__numba-5356,5356,0aaf62d830e7a9d1dc5ffbf710a7cd38caa52d1a,2020-03-05 17:22:14+00:00,swerebench/sweb.eval.x86_64.numba_1776_numba-5356,6,multi,122,0,1.0,17
numba/numba,numba/numba,swerebench_filtered,numba__numba-5527,5527,1ea770564cb3c0c6cb9d8ab92e7faf23cd4c4c19,2020-04-08 16:42:05+00:00,swerebench/sweb.eval.x86_64.numba_1776_numba-5527,1,single,8,0,1.0,18
numba/numba,numba/numba,swerebench_filtered,numba__numba-6622,6622,77a5b6333d91635bd16911225dca52a2f3d78425,2021-01-06 12:08:43+00:00,swerebench/sweb.eval.x86_64.numba_1776_numba-6622,4,multi,72,0,2.0,19
numba/numba,numba/numba,swerebench_filtered,numba__numba-5478,5478,1e2dc49c699b72c48b258a7c15998b505058289a,2020-04-01 21:38:39+00:00,swerebench/sweb.eval.x86_64.numba_1776_numba-5478,5,multi,33,0,2.0,20
NVIDIA/hpc-container-maker,nvidia/hpc-container-maker,swerebench_filtered,NVIDIA__hpc-container-maker-346,346,dea6f6915b1f4131485885b40ca780d348900191,2021-02-25 19:16:42+00:00,swerebench/sweb.eval.x86_64.nvidia_1776_hpc-container-maker-346,1,single,8,0,3.0,1
NVIDIA/hpc-container-maker,nvidia/hpc-container-maker,swerebench_filtered,NVIDIA__hpc-container-maker-427,427,8a2d433cfb5265fb10e85ef0925f74f82da0242b,2022-05-20 16:47:11+00:00,swerebench/sweb.eval.x86_64.nvidia_1776_hpc-container-maker-427,2,multi,8,0,1.0,2
NVIDIA/hpc-container-maker,nvidia/hpc-container-maker,swerebench_filtered,NVIDIA__hpc-container-maker-378,378,db9fd15221e0b2c9794e0a04c4214ac40a39e4a7,2021-06-14 14:49:39+00:00,swerebench/sweb.eval.x86_64.nvidia_1776_hpc-container-maker-378,1,single,6,0,6.0,3
NVIDIA/hpc-container-maker,nvidia/hpc-container-maker,swerebench_filtered,NVIDIA__hpc-container-maker-244,244,5d48c54e7ae8412841be766f5434be5924cbc5d6,2020-03-20 22:31:45+00:00,swerebench/sweb.eval.x86_64.nvidia_1776_hpc-container-maker-244,1,single,29,0,4.0,4
NVIDIA/hpc-container-maker,nvidia/hpc-container-maker,swerebench_filtered,NVIDIA__hpc-container-maker-486,486,ce582fa83c9dc96c74e0343fdc25c69c9ea277e8,2024-05-14 16:36:31+00:00,swerebench/sweb.eval.x86_64.nvidia_1776_hpc-container-maker-486,2,multi,28,0,2.0,5
NVIDIA/hpc-container-maker,nvidia/hpc-container-maker,swerebench_filtered,NVIDIA__hpc-container-maker-286,286,5d7c29c4a16c59dbce7a21a51fed5d5e18e73763,2020-07-17 16:30:38+00:00,swerebench/sweb.eval.x86_64.nvidia_1776_hpc-container-maker-286,1,single,13,0,2.0,6
NVIDIA/hpc-container-maker,nvidia/hpc-container-maker,swerebench_filtered,NVIDIA__hpc-container-maker-312,312,f065b74de7fd09bebdde1be55b1e6c53dc629c68,2020-10-02 19:26:38+00:00,swerebench/sweb.eval.x86_64.nvidia_1776_hpc-container-maker-312,2,multi,69,0,2.0,7
NVIDIA/hpc-container-maker,nvidia/hpc-container-maker,swerebench_filtered,NVIDIA__hpc-container-maker-445,445,cfd2dd88147a83e9ce3216981438896bdaa34c13,2023-01-13 22:12:21+00:00,swerebench/sweb.eval.x86_64.nvidia_1776_hpc-container-maker-445,1,single,17,0,3.0,8
NVIDIA/hpc-container-maker,nvidia/hpc-container-maker,swerebench_filtered,NVIDIA__hpc-container-maker-456,456,44b84723f910c7a809d49992ae8222e6362466bc,2023-03-31 18:44:33+00:00,swerebench/sweb.eval.x86_64.nvidia_1776_hpc-container-maker-456,1,single,12,0,2.0,9
NVIDIA/hpc-container-maker,nvidia/hpc-container-maker,swerebench_filtered,NVIDIA__hpc-container-maker-311,311,f065b74de7fd09bebdde1be55b1e6c53dc629c68,2020-10-02 14:31:19+00:00,swerebench/sweb.eval.x86_64.nvidia_1776_hpc-container-maker-311,1,single,62,0,1.0,10
oasis-open/cti-python-stix2,oasis-open/cti-python-stix2,swerebench_filtered,oasis-open__cti-python-stix2-145,145,33cfc4bb2786e6da0960bdaf9c8d19e4daebd938,2018-03-21 14:32:58+00:00,swerebench/sweb.eval.x86_64.oasis-open_1776_cti-python-stix2-145,4,multi,49,0,1.0,1
oasis-open/cti-python-stix2,oasis-open/cti-python-stix2,swerebench_filtered,oasis-open__cti-python-stix2-444,444,18ee0d831e7dd178e1208d57e47b63e05d7ccdf2,2020-08-19 15:22:46+00:00,swerebench/sweb.eval.x86_64.oasis-open_1776_cti-python-stix2-444,3,multi,31,0,2.0,2
oasis-open/cti-python-stix2,oasis-open/cti-python-stix2,swerebench_filtered,oasis-open__cti-python-stix2-74,74,3c80e5e7ebb641b5feb55337f9470ec9d9d58572,2017-10-09 21:36:36+00:00,swerebench/sweb.eval.x86_64.oasis-open_1776_cti-python-stix2-74,2,multi,19,0,1.0,3
oasis-open/cti-python-stix2,oasis-open/cti-python-stix2,swerebench_filtered,oasis-open__cti-python-stix2-470,470,a751df32c681e3ddfef92f29b91c071b84e91033,2020-11-16 20:08:20+00:00,swerebench/sweb.eval.x86_64.oasis-open_1776_cti-python-stix2-470,1,single,2,0,3.0,4
oasis-open/cti-python-stix2,oasis-open/cti-python-stix2,swerebench_filtered,oasis-open__cti-python-stix2-534,534,81550cab92aaacbca5db0d37c607dfd1707ce4c3,2021-12-23 07:07:23+00:00,swerebench/sweb.eval.x86_64.oasis-open_1776_cti-python-stix2-534,2,multi,58,0,1.0,5
oasis-open/cti-python-stix2,oasis-open/cti-python-stix2,swerebench_filtered,oasis-open__cti-python-stix2-436,436,bb82beeec109e5e45d3ee19da97f4cd145b3491d,2020-07-24 15:41:29+00:00,swerebench/sweb.eval.x86_64.oasis-open_1776_cti-python-stix2-436,1,single,5,0,2.0,6
oasis-open/cti-python-stix2,oasis-open/cti-python-stix2,swerebench_filtered,oasis-open__cti-python-stix2-187,187,d67f2da0ea839db464197f7da0f7991bdd774d1f,2018-06-06 19:42:25+00:00,swerebench/sweb.eval.x86_64.oasis-open_1776_cti-python-stix2-187,1,single,8,0,1.0,7
oasis-open/cti-python-stix2,oasis-open/cti-python-stix2,swerebench_filtered,oasis-open__cti-python-stix2-454,454,72a032c6e31387254629e730470c3974919765a9,2020-09-12 23:21:38+00:00,swerebench/sweb.eval.x86_64.oasis-open_1776_cti-python-stix2-454,1,single,2,0,4.0,8
oasis-open/cti-python-stix2,oasis-open/cti-python-stix2,swerebench_filtered,oasis-open__cti-python-stix2-127,127,b1a020bb38d74c407ac125b1e032850acfe7a880,2018-02-19 20:07:31+00:00,swerebench/sweb.eval.x86_64.oasis-open_1776_cti-python-stix2-127,1,single,8,0,1.0,9
oasis-open/cti-python-stix2,oasis-open/cti-python-stix2,swerebench_filtered,oasis-open__cti-python-stix2-237,237,06e23b08b8877bedc909889800682eec16a219c9,2018-12-21 19:36:07+00:00,swerebench/sweb.eval.x86_64.oasis-open_1776_cti-python-stix2-237,3,multi,23,0,2.0,10
oasis-open/cti-python-stix2,oasis-open/cti-python-stix2,swerebench_filtered,oasis-open__cti-python-stix2-605,605,fa8c95bba783c9dce8e2c56391077aee22767553,2024-09-23 14:52:23+00:00,swerebench/sweb.eval.x86_64.oasis-open_1776_cti-python-stix2-605,1,single,1,0,1.0,11
oasis-open/cti-python-stix2,oasis-open/cti-python-stix2,swerebench_filtered,oasis-open__cti-python-stix2-489,489,bfc47e73f5cdf336610e492e8fca4218566843d9,2021-02-04 22:32:31+00:00,swerebench/sweb.eval.x86_64.oasis-open_1776_cti-python-stix2-489,1,single,33,0,1.0,12
oasis-open/cti-python-stix2,oasis-open/cti-python-stix2,swerebench_filtered,oasis-open__cti-python-stix2-258,258,f8d4669f800291fd5977efaf924c9bb97b12052f,2019-04-17 14:10:34+00:00,swerebench/sweb.eval.x86_64.oasis-open_1776_cti-python-stix2-258,1,single,4,0,1.0,13
oasis-open/cti-python-stix2,oasis-open/cti-python-stix2,swerebench_filtered,oasis-open__cti-python-stix2-343,343,8aca39a0b037647f055ad11c85e0f289835f9f3d,2020-02-16 00:26:49+00:00,swerebench/sweb.eval.x86_64.oasis-open_1776_cti-python-stix2-343,1,single,108,0,2.0,14
oasis-open/cti-python-stix2,oasis-open/cti-python-stix2,swerebench_filtered,oasis-open__cti-python-stix2-369,369,380926cff59f9e0d70914c2de933e4651f13259d,2020-03-06 23:53:44+00:00,swerebench/sweb.eval.x86_64.oasis-open_1776_cti-python-stix2-369,1,single,2,0,1.0,15
oasis-open/cti-python-stix2,oasis-open/cti-python-stix2,swerebench_filtered,oasis-open__cti-python-stix2-342,342,fdb00c4a8cfe7327bbac609f029b3ff2366b8ccd,2020-02-13 22:34:44+00:00,swerebench/sweb.eval.x86_64.oasis-open_1776_cti-python-stix2-342,1,single,42,0,1.0,16
oasis-open/cti-python-stix2,oasis-open/cti-python-stix2,swerebench_filtered,oasis-open__cti-python-stix2-133,133,4a9c38e0b50415f4733072fc76eb8ebd0749c84b,2018-03-02 16:37:42+00:00,swerebench/sweb.eval.x86_64.oasis-open_1776_cti-python-stix2-133,3,multi,20,0,2.0,17
oasis-open/cti-python-stix2,oasis-open/cti-python-stix2,swerebench_filtered,oasis-open__cti-python-stix2-393,393,658e70bf04b2145e8b108ea7117867288a31e2a7,2020-05-13 22:20:13+00:00,swerebench/sweb.eval.x86_64.oasis-open_1776_cti-python-stix2-393,2,multi,34,0,1.0,18
oasis-open/cti-python-stix2,oasis-open/cti-python-stix2,swerebench_filtered,oasis-open__cti-python-stix2-354,354,30a59ad77669cda8260640f99d6d8ff3a7574640,2020-02-25 02:13:07+00:00,swerebench/sweb.eval.x86_64.oasis-open_1776_cti-python-stix2-354,2,multi,11,0,2.0,19
oasis-open/cti-python-stix2,oasis-open/cti-python-stix2,swerebench_filtered,oasis-open__cti-python-stix2-10,10,85b5a1971b0f36c3acaa0d3da734329bdd8ebe0b,2017-05-15 15:03:14+00:00,swerebench/sweb.eval.x86_64.oasis-open_1776_cti-python-stix2-10,2,multi,4,0,1.0,20
openai/openai-agents-python,openai/openai-agents-python,swebench_live_full,openai__openai-agents-python-1633,1633,5de3b5849ed973fa09b0e78fbe2a65f1b3073035,2025-09-02 01:10:29+00:00,starryzhang/sweb.eval.x86_64.openai_1776_openai-agents-python-1633,2,multi,44,0,1.0,1
openai/openai-agents-python,openai/openai-agents-python,swebench_live_full,openai__openai-agents-python-999,999,dff0548d1381481897839d9dd5d0cd03db5adf93,2025-07-03 10:33:33+00:00,starryzhang/sweb.eval.x86_64.openai_1776_openai-agents-python-999,1,single,177,0,4.0,2
openai/openai-agents-python,openai/openai-agents-python,swebench_live_full,openai__openai-agents-python-737,737,1364f4408e8e0d8bec1d6ac8337f68b3b888a4a7,2025-05-21 22:32:37+00:00,starryzhang/sweb.eval.x86_64.openai_1776_openai-agents-python-737,1,single,53,0,1.0,3
openai/openai-agents-python,openai/openai-agents-python,swebench_live_full,openai__openai-agents-python-1124,1124,1f2dc816faa6b567fd5abecf83c959d4735494a1,2025-07-15 10:35:10+00:00,starryzhang/sweb.eval.x86_64.openai_1776_openai-agents-python-1124,1,single,9,0,5.0,4
openai/openai-agents-python,openai/openai-agents-python,swebench_live_full,openai__openai-agents-python-920,920,0f21c8aedb0251c6269934f9543021ee10e9489e,2025-06-23 06:39:24+00:00,starryzhang/sweb.eval.x86_64.openai_1776_openai-agents-python-920,2,multi,11,0,1.0,5
openai/openai-agents-python,openai/openai-agents-python,swebench_live_full,openai__openai-agents-python-1619,1619,5de3b5849ed973fa09b0e78fbe2a65f1b3073035,2025-08-29 21:02:29+00:00,starryzhang/sweb.eval.x86_64.openai_1776_openai-agents-python-1619,2,multi,104,0,6.0,6
openai/openai-agents-python,openai/openai-agents-python,swebench_live_full,openai__openai-agents-python-357,357,f99fa5f23c039e8e8434871b0e39e9e889d4a03b,2025-03-26 19:08:24+00:00,starryzhang/sweb.eval.x86_64.openai_1776_openai-agents-python-357,3,multi,33,0,2.0,7
openai/openai-agents-python,openai/openai-agents-python,swebench_live_full,openai__openai-agents-python-1192,1192,f20aa40f56ec374841dfe6e4f3d6118c8e32fb2b,2025-07-19 20:19:39+00:00,starryzhang/sweb.eval.x86_64.openai_1776_openai-agents-python-1192,1,single,11,0,5.0,8
openai/openai-agents-python,openai/openai-agents-python,swebench_live_full,openai__openai-agents-python-1043,1043,db85a6d0310de3bb608555ee6b43bc9579e26e0c,2025-07-09 07:03:24+00:00,starryzhang/sweb.eval.x86_64.openai_1776_openai-agents-python-1043,2,multi,25,0,19.0,9
openai/openai-agents-python,openai/openai-agents-python,swebench_live_full,openai__openai-agents-python-1636,1636,6904dcbbdbf211aa2542a1e824db28985a0e914b,2025-09-02 09:55:04+00:00,starryzhang/sweb.eval.x86_64.openai_1776_openai-agents-python-1636,1,single,4,0,4.0,10
openai/openai-agents-python,openai/openai-agents-python,swebench_live_full,openai__openai-agents-python-998,998,b09d37d8326c5d21760aaf10e9ff2eb8a01ebdaa,2025-07-03 05:25:06+00:00,starryzhang/sweb.eval.x86_64.openai_1776_openai-agents-python-998,1,single,113,0,5.0,11
openai/openai-agents-python,openai/openai-agents-python,swebench_live_full,openai__openai-agents-python-1601,1601,b5bf795b6c537e6d56dea1815c2f6602f436dac8,2025-08-28 05:18:26+00:00,starryzhang/sweb.eval.x86_64.openai_1776_openai-agents-python-1601,4,multi,84,1,1.0,12
openai/openai-agents-python,openai/openai-agents-python,swebench_live_full,openai__openai-agents-python-1193,1193,f20aa40f56ec374841dfe6e4f3d6118c8e32fb2b,2025-07-20 02:52:08+00:00,starryzhang/sweb.eval.x86_64.openai_1776_openai-agents-python-1193,2,multi,119,1,4.0,13
pandas-dev/pandas,pandas-dev/pandas,swerebench_filtered,pandas-dev__pandas-61183,61183,543680dcd9af5e4a9443d54204ec21e801652252,2025-03-26 16:40:24+00:00,swerebench/sweb.eval.x86_64.pandas-dev_1776_pandas-61183,2,multi,37,0,3.0,1
pandas-dev/pandas,pandas-dev/pandas,swerebench_filtered,pandas-dev__pandas-60736,60736,fef01c5c58a72dd58e20c776bc30b21924131303,2025-01-19 23:08:58+00:00,swerebench/sweb.eval.x86_64.pandas-dev_1776_pandas-60736,1,single,6,0,4.0,2
pandas-dev/pandas,pandas-dev/pandas,swerebench_filtered,pandas-dev__pandas-61022,61022,6e61cf44ee847b871e1651b55e5e24a59b1b993b,2025-03-01 03:21:19+00:00,swerebench/sweb.eval.x86_64.pandas-dev_1776_pandas-61022,1,single,15,0,5.0,3
pandas-dev/pandas,pandas-dev/pandas,swerebench_filtered,pandas-dev__pandas-57485,57485,ab8541ce51b70a8be728e8a15d78f7a5f82b62de,2024-02-18 13:10:51+00:00,xingyaoww/sweb.eval.x86_64.pandas-dev_s_pandas-57485,1,single,13,0,1.0,4
pandas-dev/pandas,pandas-dev/pandas,swerebench_filtered,pandas-dev__pandas-61146,61146,882fa9cd7005ccf2249f04f38a2f2fd661d4e62a,2025-03-19 17:02:58+00:00,swerebench/sweb.eval.x86_64.pandas-dev_1776_pandas-61146,2,multi,80,0,1.0,5
pandas-dev/pandas,pandas-dev/pandas,swerebench_filtered,pandas-dev__pandas-60791,60791,84bf1ef82912ebf497a304b0ffd90914bfc41ea9,2025-01-26 09:20:02+00:00,swerebench/sweb.eval.x86_64.pandas-dev_1776_pandas-60791,1,single,5,0,3.0,6
pandas-dev/pandas,pandas-dev/pandas,swerebench_filtered,pandas-dev__pandas-61017,61017,5da9eb726c915412928ee44a0631a74bda614556,2025-02-28 04:45:01+00:00,swerebench/sweb.eval.x86_64.pandas-dev_1776_pandas-61017,2,multi,13,0,2.0,7
pandas-dev/pandas,pandas-dev/pandas,swerebench_filtered,pandas-dev__pandas-60000,60000,02267e55586c33a4724dd5e9dbaecfe12e3aa8b4,2024-10-07 21:47:01+00:00,swerebench/sweb.eval.x86_64.pandas-dev_1776_pandas-60000,2,multi,5,0,2.0,8
pandas-dev/pandas,pandas-dev/pandas,swerebench_filtered,pandas-dev__pandas-61158,61158,9bd352d89ca27f5cfa5fdb6388221966f5108bf7,2025-03-21 03:03:30+00:00,swerebench/sweb.eval.x86_64.pandas-dev_1776_pandas-61158,3,multi,19,0,3.0,9
pandas-dev/pandas,pandas-dev/pandas,swerebench_filtered,pandas-dev__pandas-61105,61105,40a81803e707a053af2612e67a7752fe6f6fa1b4,2025-03-11 20:38:06+00:00,swerebench/sweb.eval.x86_64.pandas-dev_1776_pandas-61105,1,single,5,0,2.0,10
pandas-dev/pandas,pandas-dev/pandas,swerebench_filtered,pandas-dev__pandas-60691,60691,0110487d4bccf3f7498c22a71e6a0dfdb3be3a16,2025-01-10 06:21:42+00:00,swerebench/sweb.eval.x86_64.pandas-dev_1776_pandas-60691,1,single,3,0,2.0,11
patroni/patroni,patroni/patroni,swebench_live_full,patroni__patroni-3152,3152,db82a83eb4a3f2ec8f2489e1a01f8ad94deaecd1,2024-09-09 10:04:20+00:00,starryzhang/sweb.eval.x86_64.patroni_1776_patroni-3152,1,single,5,0,1.0,1
patroni/patroni,patroni/patroni,swebench_live_full,patroni__patroni-3370,3370,2823adf747be78382dcc35c13228d9a7c12e8113,2025-06-03 08:34:57+00:00,starryzhang/sweb.eval.x86_64.patroni_1776_patroni-3370,2,multi,69,0,5.0,2
patroni/patroni,patroni/patroni,swebench_live_full,patroni__patroni-3139,3139,6d65aa311a9601986ac7ac8564448edd15ddfdb0,2024-08-27 07:33:48+00:00,starryzhang/sweb.eval.x86_64.patroni_1776_patroni-3139,1,single,8,0,1.0,3
patroni/patroni,patroni/patroni,swebench_live_full,patroni__patroni-3072,3072,0a6c09e252ecbee6f5184c1e1e13075527c1b3f0,2024-05-31 14:06:06+00:00,starryzhang/sweb.eval.x86_64.patroni_1776_patroni-3072,1,single,27,0,2.0,4
patroni/patroni,patroni/patroni,swebench_live_full,patroni__patroni-3338,3338,8f22fd255efc5710e4fd1853f12c34abf893abe6,2025-04-22 14:29:10+00:00,starryzhang/sweb.eval.x86_64.patroni_1776_patroni-3338,1,single,12,0,1.0,5
patroni/patroni,patroni/patroni,swebench_live_full,patroni__patroni-3373,3373,2823adf747be78382dcc35c13228d9a7c12e8113,2025-06-04 10:03:03+00:00,starryzhang/sweb.eval.x86_64.patroni_1776_patroni-3373,2,multi,78,0,1.0,6
patroni/patroni,patroni/patroni,swebench_live_full,patroni__patroni-3094,3094,7067d744c68a4358697336cb906a05cc4f9729b9,2024-06-28 13:13:51+00:00,starryzhang/sweb.eval.x86_64.patroni_1776_patroni-3094,2,multi,20,0,1.0,7
patroni/patroni,patroni/patroni,swebench_live_full,patroni__patroni-2998,2998,8acefefc4238b9d32cda2e8670ba53e212837c7c,2024-01-02 08:18:19+00:00,starryzhang/sweb.eval.x86_64.patroni_1776_patroni-2998,1,single,18,0,1.0,8
patroni/patroni,patroni/patroni,swebench_live_full,patroni__patroni-3018,3018,b09af642e6a345c021860148fd9946e1698ad545,2024-02-05 09:59:54+00:00,starryzhang/sweb.eval.x86_64.patroni_1776_patroni-3018,2,multi,82,1,1.0,9
patroni/patroni,patroni/patroni,swebench_live_full,patroni__patroni-3045,3045,9d231aeecdd69f4d06c75a702755fa70d8c2b5f6,2024-04-08 04:12:54+00:00,starryzhang/sweb.eval.x86_64.patroni_1776_patroni-3045,1,single,12,0,1.0,10
patroni/patroni,patroni/patroni,swebench_live_full,patroni__patroni-3426,3426,e8911304a33cb8f0c6c048d3f8bae717633aca09,2025-08-14 11:08:42+00:00,starryzhang/sweb.eval.x86_64.patroni_1776_patroni-3426,1,single,13,0,1.0,11
patroni/patroni,patroni/patroni,swebench_live_full,patroni__patroni-3112,3112,4456e267ebecdbc27f7c7ddc174b1997355a496e,2024-07-29 07:23:27+00:00,starryzhang/sweb.eval.x86_64.patroni_1776_patroni-3112,2,multi,23,0,1.0,12
patroni/patroni,patroni/patroni,swebench_live_full,patroni__patroni-3198,3198,e8a8bfe42f8f96747b0d9f432aaed907ebcf1c10,2024-10-30 10:51:05+00:00,starryzhang/sweb.eval.x86_64.patroni_1776_patroni-3198,2,multi,10,1,1.0,13
patroni/patroni,patroni/patroni,swebench_live_full,patroni__patroni-3207,3207,e1faa38e9024eadebc9274041887276164c215fd,2024-11-11 14:49:49+00:00,starryzhang/sweb.eval.x86_64.patroni_1776_patroni-3207,1,single,5,0,1.0,14
patroni/patroni,patroni/patroni,swebench_live_full,patroni__patroni-3079,3079,14a44e14ba839348bdad140fa6a8ac1ecfcfe0ad,2024-06-13 07:35:56+00:00,starryzhang/sweb.eval.x86_64.patroni_1776_patroni-3079,1,single,2,0,1.0,15
patroni/patroni,patroni/patroni,swebench_live_full,patroni__patroni-3216,3216,4ce0f99cfb5b08bf770a935c59936a6353e3d27d,2024-11-18 08:09:38+00:00,starryzhang/sweb.eval.x86_64.patroni_1776_patroni-3216,1,single,5,0,1.0,16
patroni/patroni,patroni/patroni,swebench_live_full,patroni__patroni-3148,3148,2f800173a5e4cedfe99a6d6ad367057bfcc96d2b,2024-09-05 09:05:17+00:00,starryzhang/sweb.eval.x86_64.patroni_1776_patroni-3148,4,multi,103,0,3.0,17
patroni/patroni,patroni/patroni,swebench_live_full,patroni__patroni-3026,3026,e131065d746a94b093bdef24713a0eb28c3158d8,2024-02-28 06:30:50+00:00,starryzhang/sweb.eval.x86_64.patroni_1776_patroni-3026,3,multi,59,0,3.0,18
patroni/patroni,patroni/patroni,swebench_live_full,patroni__patroni-3310,3310,5ed4d33f7da60a7780a5693c677bcb82249a92f5,2025-03-14 08:28:31+00:00,starryzhang/sweb.eval.x86_64.patroni_1776_patroni-3310,1,single,16,0,1.0,19
patroni/patroni,patroni/patroni,swebench_live_full,patroni__patroni-3119,3119,ab9faf9471035f29c1cc83bbe77b4b9e7220af6c,2024-08-08 12:24:00+00:00,starryzhang/sweb.eval.x86_64.patroni_1776_patroni-3119,2,multi,24,0,3.0,20
pdm-project/pdm,pdm-project/pdm,swebench_live_full,pdm-project__pdm-2819,2819,cd07cbf413c5f55006308856660ee1208285c83b,2024-04-15 14:02:23+00:00,starryzhang/sweb.eval.x86_64.pdm-project_1776_pdm-2819,2,multi,40,0,21.0,1
pdm-project/pdm,pdm-project/pdm,swerebench_filtered,pdm-project__pdm-1712,1712,72c82f5441fe3b5e30358e9e7c1ea73647b852bf,2023-02-15 08:47:25+00:00,swerebench/sweb.eval.x86_64.pdm-project_1776_pdm-1712,3,multi,57,0,1.0,2
pdm-project/pdm,pdm-project/pdm,swebench_live_full,pdm-project__pdm-2554,2554,2fe1dcf39e2ed9601dae534cdf6359807f926235,2024-01-12 10:34:30+00:00,starryzhang/sweb.eval.x86_64.pdm-project_1776_pdm-2554,8,multi,158,0,4.0,3
pdm-project/pdm,pdm-project/pdm,swebench_live_full,pdm-project__pdm-2781,2781,881cd4e38d31663ae67bdae227ec1ccdfd5e2c77,2024-04-08 20:59:47+00:00,starryzhang/sweb.eval.x86_64.pdm-project_1776_pdm-2781,1,single,15,0,1.0,4
pdm-project/pdm,pdm-project/pdm,swebench_live_full,pdm-project__pdm-2688,2688,2343a8d3870e4ae1be04287687868d8a5216f80c,2024-03-13 09:29:15+00:00,starryzhang/sweb.eval.x86_64.pdm-project_1776_pdm-2688,9,multi,145,0,2.0,5
pdm-project/pdm,pdm-project/pdm,swebench_live_full,pdm-project__pdm-2850,2850,ddaa420aabc5708d2adbd14e2aca0ec5433a6fd0,2024-04-26 02:00:40+00:00,starryzhang/sweb.eval.x86_64.pdm-project_1776_pdm-2850,1,single,2,0,1.0,6
pdm-project/pdm,pdm-project/pdm,swebench_live_full,pdm-project__pdm-2687,2687,46d006470b78de90c051f566e3fd9f69a5444907,2024-03-13 07:55:48+00:00,starryzhang/sweb.eval.x86_64.pdm-project_1776_pdm-2687,7,multi,155,0,594.0,7
pdm-project/pdm,pdm-project/pdm,swebench_live_full,pdm-project__pdm-3393,3393,c582a94ce4c21d1099790b0ea4f785a8769be654,2025-02-12 01:08:00+00:00,starryzhang/sweb.eval.x86_64.pdm-project_1776_pdm-3393,1,single,7,0,1.0,8
pdm-project/pdm,pdm-project/pdm,swerebench_filtered,pdm-project__pdm-1421,1421,609d1e9c5240aa07b9f8b032faf9164ef39cc3be,2022-10-07 06:29:29+00:00,swerebench/sweb.eval.x86_64.pdm-project_1776_pdm-1421,2,multi,26,0,1.0,9
pdm-project/pdm,pdm-project/pdm,swerebench_filtered,pdm-project__pdm-3315,3315,8e739451d9f106afbf91f9c50089a8cbc47fbf74,2024-11-28 00:19:09+00:00,swerebench/sweb.eval.x86_64.pdm-project_1776_pdm-3315,2,multi,26,0,6.0,10
pdm-project/pdm,pdm-project/pdm,swebench_live_full,pdm-project__pdm-3374,3374,f37fb16c2459807e0b392dc3306c373e5f68cc4f,2025-01-10 02:54:02+00:00,starryzhang/sweb.eval.x86_64.pdm-project_1776_pdm-3374,5,multi,39,0,3.0,11
pdm-project/pdm,pdm-project/pdm,swebench_live_full,pdm-project__pdm-3435,3435,73b91d5803c44e6f12bec495651be802615b3826,2025-03-26 18:56:57+00:00,starryzhang/sweb.eval.x86_64.pdm-project_1776_pdm-3435,4,multi,36,0,5.0,12
pdm-project/pdm,pdm-project/pdm,swebench_live_full,pdm-project__pdm-3109,3109,fdfc2fb5ea7df6664c35b7d8188caa4551f3be5d,2024-08-15 02:45:00+00:00,starryzhang/sweb.eval.x86_64.pdm-project_1776_pdm-3109,2,multi,31,0,1.0,13
pdm-project/pdm,pdm-project/pdm,swerebench_filtered,pdm-project__pdm-3377,3377,f0ad0c07af9184da790f689c5f1e05344cf6eaa2,2025-01-13 08:39:01+00:00,swerebench/sweb.eval.x86_64.pdm-project_1776_pdm-3377,3,multi,42,0,8.0,14
pdm-project/pdm,pdm-project/pdm,swebench_live_full,pdm-project__pdm-3255,3255,acb40b0713c30466dcbab73e6b98d1add8e5dd98,2024-11-05 00:19:14+00:00,starryzhang/sweb.eval.x86_64.pdm-project_1776_pdm-3255,1,single,3,0,1.0,15
pdm-project/pdm,pdm-project/pdm,swerebench_filtered,pdm-project__pdm-1187,1187,96710e62b63973dfec467c80f07d04fc51074c59,2022-06-30 06:20:49+00:00,swerebench/sweb.eval.x86_64.pdm-project_1776_pdm-1187,1,single,6,0,1.0,16
pdm-project/pdm,pdm-project/pdm,swebench_live_full,pdm-project__pdm-2909,2909,89886b861bb3241fe09ac52b76992e32682cdc09,2024-05-29 08:21:56+00:00,starryzhang/sweb.eval.x86_64.pdm-project_1776_pdm-2909,2,multi,9,0,2.0,17
pdm-project/pdm,pdm-project/pdm,swebench_live_full,pdm-project__pdm-3237,3237,fba5a6a65c37c2b9307c4d6c8ce3aacf7abb7c92,2024-10-31 07:54:56+00:00,starryzhang/sweb.eval.x86_64.pdm-project_1776_pdm-3237,1,single,74,0,1.0,18
pdm-project/pdm,pdm-project/pdm,swerebench_filtered,pdm-project__pdm-1518,1518,26f2a178e378442f9aaa7785a583f9f3c9e98a5b,2022-11-16 01:25:57+00:00,swerebench/sweb.eval.x86_64.pdm-project_1776_pdm-1518,2,multi,27,0,1.0,19
pdm-project/pdm,pdm-project/pdm,swerebench_filtered,pdm-project__pdm-2905,2905,06d459247d9e5109e9321c6165afa941dd20fdca,2024-05-25 13:08:25+00:00,swerebench/sweb.eval.x86_64.pdm-project_1776_pdm-2905,2,multi,24,0,1.0,20
PennyLaneAI/pennylane,pennylaneai/pennylane,swerebench_filtered,PennyLaneAI__pennylane-3381,3381,25071c8c7d577b9016af21b28ac1ae8363b5bb3a,2022-11-17 18:58:29+00:00,swerebench/sweb.eval.x86_64.pennylaneai_1776_pennylane-3381,2,multi,16,0,1.0,1
PennyLaneAI/pennylane,pennylaneai/pennylane,swerebench_filtered,PennyLaneAI__pennylane-3182,3182,d82ffc493e87271184a2b31992a39c8aa36d9b6e,2022-10-18 16:57:38+00:00,swerebench/sweb.eval.x86_64.pennylaneai_1776_pennylane-3182,1,single,6,0,1.0,2
PennyLaneAI/pennylane,pennylaneai/pennylane,swerebench_filtered,PennyLaneAI__pennylane-4736,4736,a9ad7a0df257970fe2edd32b6cccad25ff01cb88,2023-10-25 20:09:01+00:00,swerebench/sweb.eval.x86_64.pennylaneai_1776_pennylane-4736,2,multi,25,0,3.0,3
PennyLaneAI/pennylane,pennylaneai/pennylane,swerebench_filtered,PennyLaneAI__pennylane-5538,5538,d03216e6ce5407a7f28489aa4d4b23a9c4345fac,2024-04-18 07:47:52+00:00,swerebench/sweb.eval.x86_64.pennylaneai_1776_pennylane-5538,1,single,43,0,15.0,4
PennyLaneAI/pennylane,pennylaneai/pennylane,swerebench_filtered,PennyLaneAI__pennylane-6398,6398,e0f614cc390fc70b83cba1c9988cdb7ae4b5d2c6,2024-10-15 17:25:49+00:00,swerebench/sweb.eval.x86_64.pennylaneai_1776_pennylane-6398,1,single,27,0,4.0,5
PennyLaneAI/pennylane,pennylaneai/pennylane,swerebench_filtered,PennyLaneAI__pennylane-2964,2964,754f2c978cba83a83ba7117df1b930d1512ea333,2022-08-16 21:56:05+00:00,swerebench/sweb.eval.x86_64.pennylaneai_1776_pennylane-2964,2,multi,24,0,10.0,6
PennyLaneAI/pennylane,pennylaneai/pennylane,swerebench_filtered,PennyLaneAI__pennylane-5866,5866,9d79f5da2c6c41abb6693bcedd8b63835aaa1880,2024-06-17 17:21:22+00:00,swerebench/sweb.eval.x86_64.pennylaneai_1776_pennylane-5866,1,single,24,0,1.0,7
PennyLaneAI/pennylane,pennylaneai/pennylane,swerebench_filtered,PennyLaneAI__pennylane-5831,5831,d65f671326b71bd9e755a157ec913af31888934b,2024-06-10 21:47:06+00:00,swerebench/sweb.eval.x86_64.pennylaneai_1776_pennylane-5831,1,single,4,0,1.0,8
PennyLaneAI/pennylane,pennylaneai/pennylane,swerebench_filtered,PennyLaneAI__pennylane-5582,5582,ea0107d15a2794dbe7772d89edd18a99b9b1e664,2024-04-26 16:22:36+00:00,swerebench/sweb.eval.x86_64.pennylaneai_1776_pennylane-5582,1,single,19,0,2.0,9
PennyLaneAI/pennylane,pennylaneai/pennylane,swerebench_filtered,PennyLaneAI__pennylane-4663,4663,4c3ab729c0715c0a78a0e9b3454a650f0e7e7096,2023-10-10 21:00:09+00:00,swerebench/sweb.eval.x86_64.pennylaneai_1776_pennylane-4663,1,single,28,0,7.0,10
PennyLaneAI/pennylane,pennylaneai/pennylane,swerebench_filtered,PennyLaneAI__pennylane-889,889,685cb00f62763c65dba59cb4b1566ecbeb789ad5,2020-11-04 08:40:18+00:00,swerebench/sweb.eval.x86_64.pennylaneai_1776_pennylane-889,1,single,49,0,1.0,11
PennyLaneAI/pennylane,pennylaneai/pennylane,swerebench_filtered,PennyLaneAI__pennylane-3024,3024,3306eddbf2822c4de958d75519d2e4a235c54dc5,2022-09-05 08:21:24+00:00,swerebench/sweb.eval.x86_64.pennylaneai_1776_pennylane-3024,1,single,82,0,2.0,12
PennyLaneAI/pennylane,pennylaneai/pennylane,swerebench_filtered,PennyLaneAI__pennylane-1329,1329,2107490ba0ea196b62656d89bff7bc5b8a4205a0,2021-05-17 17:50:41+00:00,swerebench/sweb.eval.x86_64.pennylaneai_1776_pennylane-1329,1,single,9,0,301.0,13
PennyLaneAI/pennylane,pennylaneai/pennylane,swerebench_filtered,PennyLaneAI__pennylane-3477,3477,d06c9c197dd6745e0056a94c8cdd419b4c0b6bfa,2022-12-06 14:08:06+00:00,swerebench/sweb.eval.x86_64.pennylaneai_1776_pennylane-3477,2,multi,77,0,3.0,14
PennyLaneAI/pennylane,pennylaneai/pennylane,swerebench_filtered,PennyLaneAI__pennylane-5846,5846,2252d453cfeb62f8aafc454a9513a87f614db533,2024-06-12 17:47:40+00:00,swerebench/sweb.eval.x86_64.pennylaneai_1776_pennylane-5846,1,single,35,0,6.0,15
PennyLaneAI/pennylane,pennylaneai/pennylane,swerebench_filtered,PennyLaneAI__pennylane-963,963,e675ed7a63efbb2a92d3c8539fb96cc89459a43f,2020-12-14 04:40:20+00:00,swerebench/sweb.eval.x86_64.pennylaneai_1776_pennylane-963,1,single,38,0,7.0,16
PennyLaneAI/pennylane,pennylaneai/pennylane,swerebench_filtered,PennyLaneAI__pennylane-2603,2603,2b07d22cfcc6406ba28e5c647062340b240a4ee5,2022-05-22 21:19:52+00:00,swerebench/sweb.eval.x86_64.pennylaneai_1776_pennylane-2603,2,multi,14,0,15.0,17
PennyLaneAI/pennylane,pennylaneai/pennylane,swerebench_filtered,PennyLaneAI__pennylane-1357,1357,be3c88d320ee48a0f3fb761c981356137de20027,2021-05-22 23:34:02+00:00,swerebench/sweb.eval.x86_64.pennylaneai_1776_pennylane-1357,1,single,37,0,10.0,18
PennyLaneAI/pennylane,pennylaneai/pennylane,swerebench_filtered,PennyLaneAI__pennylane-5448,5448,f7834de2bbb0f785bf79162d09142fa36476f567,2024-03-27 19:07:17+00:00,swerebench/sweb.eval.x86_64.pennylaneai_1776_pennylane-5448,2,multi,15,0,1.0,19
PennyLaneAI/pennylane,pennylaneai/pennylane,swerebench_filtered,PennyLaneAI__pennylane-1405,1405,abeeae3e8e085fa2802ebb63acf0a042cccbd67f,2021-06-11 14:11:56+00:00,swerebench/sweb.eval.x86_64.pennylaneai_1776_pennylane-1405,1,single,20,0,4.0,20
pre-commit/pre-commit,pre-commit/pre-commit,swerebench_filtered,pre-commit__pre-commit-2746,2746,0359fae2da2aadb2fbd3afae1777edd3aa856cc9,2023-02-04 19:27:55+00:00,swerebench/sweb.eval.x86_64.pre-commit_1776_pre-commit-2746,2,multi,18,0,2.0,1
pre-commit/pre-commit,pre-commit/pre-commit,swerebench_filtered,pre-commit__pre-commit-1359,1359,0a8ba31b9b6656d90f94fc368b47acb502cea44d,2020-03-10 16:05:44+00:00,swerebench/sweb.eval.x86_64.pre-commit_1776_pre-commit-1359,1,single,16,0,2.0,2
pre-commit/pre-commit,pre-commit/pre-commit,swerebench_filtered,pre-commit__pre-commit-2345,2345,f9473e756decd141a9834994840c1cb124564c2a,2022-04-14 21:30:36+00:00,swerebench/sweb.eval.x86_64.pre-commit_1776_pre-commit-2345,1,single,3,0,1.0,3
pre-commit/pre-commit,pre-commit/pre-commit,swerebench_filtered,pre-commit__pre-commit-1299,1299,f74e3031bda69bc9b0f2a91ea83dc6e7a01e2986,2020-01-28 20:43:51+00:00,swerebench/sweb.eval.x86_64.pre-commit_1776_pre-commit-1299,1,single,2,0,1.0,4
pre-commit/pre-commit,pre-commit/pre-commit,swerebench_filtered,pre-commit__pre-commit-2480,2480,49f95b9ef391639d09136666be375d99a3dccd04,2022-08-11 07:34:24+00:00,swerebench/sweb.eval.x86_64.pre-commit_1776_pre-commit-2480,1,single,6,0,1.0,5
pre-commit/pre-commit,pre-commit/pre-commit,swerebench_filtered,pre-commit__pre-commit-1715,1715,8670d0b3bce13e5d1140c816c1a8a850cc99edfc,2020-11-25 21:57:11+00:00,swerebench/sweb.eval.x86_64.pre-commit_1776_pre-commit-1715,1,single,28,0,5.0,6
pre-commit/pre-commit,pre-commit/pre-commit,swerebench_filtered,pre-commit__pre-commit-1497,1497,2f25085d60bf953fea457a3240c91886145dbcc5,2020-06-09 16:52:08+00:00,swerebench/sweb.eval.x86_64.pre-commit_1776_pre-commit-1497,1,single,3,0,1.0,7
pre-commit/pre-commit,pre-commit/pre-commit,swerebench_filtered,pre-commit__pre-commit-1382,1382,34e9d117861ba758b3fd2d0b33eb70de9f05238d,2020-04-02 07:08:52+00:00,swerebench/sweb.eval.x86_64.pre-commit_1776_pre-commit-1382,1,single,10,0,1.0,8
pre-commit/pre-commit,pre-commit/pre-commit,swerebench_filtered,pre-commit__pre-commit-1480,1480,d71699d7cdd02d54568209711934ad35c8e89dd7,2020-05-31 19:43:00+00:00,swerebench/sweb.eval.x86_64.pre-commit_1776_pre-commit-1480,1,single,4,0,1.0,9
pre-commit/pre-commit,pre-commit/pre-commit,swerebench_filtered,pre-commit__pre-commit-713,713,8abfb37fdf8eac15940cfdeccb0a39f47b53df62,2018-02-24 23:43:02+00:00,swerebench/sweb.eval.x86_64.pre-commit_1776_pre-commit-713,2,multi,9,0,2.0,10
pre-commit/pre-commit,pre-commit/pre-commit,swerebench_filtered,pre-commit__pre-commit-1251,1251,83f08025789c31de9168a69bd3b6f465305ef296,2019-12-24 01:47:18+00:00,swerebench/sweb.eval.x86_64.pre-commit_1776_pre-commit-1251,1,single,39,0,4.0,11
pre-commit/pre-commit,pre-commit/pre-commit,swerebench_filtered,pre-commit__pre-commit-2154,2154,a737d5fe2f083150b31425777eed0803a0ca23e0,2021-12-04 21:05:45+00:00,swerebench/sweb.eval.x86_64.pre-commit_1776_pre-commit-2154,1,single,38,0,2.0,12
pre-commit/pre-commit,pre-commit/pre-commit,swerebench_filtered,pre-commit__pre-commit-566,566,dd182fb42e0820d25ca865249d8c86fe98a0c8ec,2017-07-22 22:18:05+00:00,swerebench/sweb.eval.x86_64.pre-commit_1776_pre-commit-566,3,multi,25,0,4.0,13
pre-commit/pre-commit,pre-commit/pre-commit,swerebench_filtered,pre-commit__pre-commit-1092,1092,1bd9bfefeb0454f9df480d0c8ecb38f55243ce8e,2019-07-22 17:23:42+00:00,swerebench/sweb.eval.x86_64.pre-commit_1776_pre-commit-1092,1,single,3,0,1.0,14
pre-commit/pre-commit,pre-commit/pre-commit,swerebench_filtered,pre-commit__pre-commit-2686,2686,dc667ab9fbb75e17f7b57ab1d3c8e39e017df223,2023-01-09 17:32:05+00:00,swerebench/sweb.eval.x86_64.pre-commit_1776_pre-commit-2686,1,single,9,0,1.0,15
pre-commit/pre-commit,pre-commit/pre-commit,swerebench_filtered,pre-commit__pre-commit-1341,1341,1c641b1c28ecc1005f46fdc76db4bbb0f67c82ac,2020-02-22 05:24:54+00:00,swerebench/sweb.eval.x86_64.pre-commit_1776_pre-commit-1341,1,single,9,0,1.0,16
pre-commit/pre-commit,pre-commit/pre-commit,swerebench_filtered,pre-commit__pre-commit-718,718,ac3a37d1a0e3575bddf23fd9babf6e56202b2988,2018-03-03 23:24:53+00:00,swerebench/sweb.eval.x86_64.pre-commit_1776_pre-commit-718,1,single,11,0,1.0,17
pre-commit/pre-commit,pre-commit/pre-commit,swerebench_filtered,pre-commit__pre-commit-537,537,e3b14c35f782ed464e3f96b44e8509048187689f,2017-05-10 19:53:23+00:00,swerebench/sweb.eval.x86_64.pre-commit_1776_pre-commit-537,1,single,6,0,1.0,18
pre-commit/pre-commit,pre-commit/pre-commit,swerebench_filtered,pre-commit__pre-commit-803,803,f2da2c435c1123c4edc4ca9701c245cc25b0a50d,2018-07-20 01:49:48+00:00,swerebench/sweb.eval.x86_64.pre-commit_1776_pre-commit-803,1,single,2,0,1.0,19
pre-commit/pre-commit,pre-commit/pre-commit,swerebench_filtered,pre-commit__pre-commit-1259,1259,3a72fb39cbe94e945a070c984dc4e3de7f88a4c3,2019-12-30 19:02:32+00:00,swerebench/sweb.eval.x86_64.pre-commit_1776_pre-commit-1259,1,single,2,0,1.0,20
projectmesa/mesa,projectmesa/mesa,swerebench_filtered,projectmesa__mesa-1796,1796,ccde77bd31b27a7d72152eb9cc41fbee16364d38,2023-09-10 12:11:49+00:00,swerebench/sweb.eval.x86_64.projectmesa_1776_mesa-1796,1,single,19,0,1.0,1
projectmesa/mesa,projectmesa/mesa,swebench_live_full,projectmesa__mesa-2605,2605,af3e6670efd11b3eef6a47aef68eb644213db056,2025-01-10 07:47:25+00:00,starryzhang/sweb.eval.x86_64.projectmesa_1776_mesa-2605,1,single,64,0,3.0,2
projectmesa/mesa,projectmesa/mesa,swebench_live_full,projectmesa__mesa-2755,2755,08ff1edaba02bd6af95c545f4312dd039fb80bb9,2025-04-14 17:55:26+00:00,starryzhang/sweb.eval.x86_64.projectmesa_1776_mesa-2755,3,multi,96,0,2.0,3
projectmesa/mesa,projectmesa/mesa,swebench_live_full,projectmesa__mesa-2418,2418,4dc65a32312a3e37168a2f65c419046e4fea341e,2024-10-25 07:25:05+00:00,starryzhang/sweb.eval.x86_64.projectmesa_1776_mesa-2418,2,multi,62,0,4.0,4
projectmesa/mesa,projectmesa/mesa,swerebench_filtered,projectmesa__mesa-1001,1001,b87ab898847dbf9124ae50c369a5ee00b849f30a,2021-03-04 14:47:50+00:00,swerebench/sweb.eval.x86_64.projectmesa_1776_mesa-1001,1,single,159,0,1.0,5
projectmesa/mesa,projectmesa/mesa,swerebench_filtered,projectmesa__mesa-1413,1413,5c68906b7f7f1d96c2467695b3ee0eb18d9c01ed,2022-09-19 18:34:09+00:00,swerebench/sweb.eval.x86_64.projectmesa_1776_mesa-1413,1,single,72,0,1.0,6
projectmesa/mesa,projectmesa/mesa,swerebench_filtered,projectmesa__mesa-1439,1439,3def79dd18b5f9978c7ccda0930a818082af127f,2022-10-05 09:13:52+00:00,swerebench/sweb.eval.x86_64.projectmesa_1776_mesa-1439,1,single,7,0,1.0,7
projectmesa/mesa,projectmesa/mesa,swebench_live_full,projectmesa__mesa-2523,2523,dbb926408d96258e30f8139aeed7e1ce3ec20167,2024-11-29 16:17:59+00:00,starryzhang/sweb.eval.x86_64.projectmesa_1776_mesa-2523,1,single,15,0,1.0,8
projectmesa/mesa,projectmesa/mesa,swebench_live_full,projectmesa__mesa-2279,2279,113680d93cf1fee56ee26b436a889f2152e7aac6,2024-09-04 13:13:13+00:00,starryzhang/sweb.eval.x86_64.projectmesa_1776_mesa-2279,1,single,55,0,1.0,9
projectmesa/mesa,projectmesa/mesa,swebench_live_full,projectmesa__mesa-2463,2463,ef383c4edef8b2e13f40bfd28e9d149386577ff3,2024-11-06 19:05:29+00:00,starryzhang/sweb.eval.x86_64.projectmesa_1776_mesa-2463,1,single,9,0,1.0,10
projectmesa/mesa,projectmesa/mesa,swebench_live_full,projectmesa__mesa-2394,2394,2dedca4a8fa7d9bd27e0b2942584009443524aee,2024-10-21 09:45:15+00:00,starryzhang/sweb.eval.x86_64.projectmesa_1776_mesa-2394,2,multi,21,0,1.0,11
projectmesa/mesa,projectmesa/mesa,swerebench_filtered,projectmesa__mesa-1702,1702,6f08b070e4e530f82ca526b3152bfb60d3188259,2023-05-21 00:31:28+00:00,swerebench/sweb.eval.x86_64.projectmesa_1776_mesa-1702,2,multi,34,0,5.0,12
projectmesa/mesa,projectmesa/mesa,swebench_live_full,projectmesa__mesa-2351,2351,b0a36ecb1f7178aefd6c1c8ed86c53e56baa86c8,2024-10-13 14:55:36+00:00,starryzhang/sweb.eval.x86_64.projectmesa_1776_mesa-2351,1,single,48,0,1.0,13
projectmesa/mesa,projectmesa/mesa,swebench_live_full,projectmesa__mesa-2632,2632,d680bf4719933756a41cced3a4f17620e0be9381,2025-01-20 07:22:25+00:00,starryzhang/sweb.eval.x86_64.projectmesa_1776_mesa-2632,1,single,16,0,2.0,14
psf/black,psf/black,swebench_live_full,psf__black-4657,4657,262ad62ca9f1d1b1537cc95a91643fb781d7c501,2025-04-26 01:28:14+00:00,starryzhang/sweb.eval.x86_64.psf_1776_black-4657,1,single,6,0,1.0,1
psf/black,psf/black,swerebench_filtered,psf__black-3451,3451,d4ff985853c8d140d73b9d362604deedb41eb20e,2022-12-19 00:26:33+00:00,swerebench/sweb.eval.x86_64.psf_1776_black-3451,1,single,4,0,2.0,2
psf/black,psf/black,swerebench_filtered,psf__black-3745,3745,0b4d7d55f78913be9e0a3738681ef3aafd5d9a5a,2023-06-23 04:04:32+00:00,swerebench/sweb.eval.x86_64.psf_1776_black-3745,2,multi,34,0,2.0,3
psf/black,psf/black,swebench_live_full,psf__black-4684,4684,b085473cc65da4fe76bbd6b1723ea76897e5e40b,2025-06-05 00:08:16+00:00,starryzhang/sweb.eval.x86_64.psf_1776_black-4684,1,single,16,0,1.0,4
psf/black,psf/black,swerebench_filtered,psf__black-2037,2037,1fc3215e8c8856094b20d497e4e0e3e547ed38eb,2021-03-12 09:33:14+00:00,swerebench/sweb.eval.x86_64.psf_1776_black-2037,1,single,14,0,1.0,5
psf/black,psf/black,swerebench_filtered,psf__black-1800,1800,3a309a36fcfc30a96a7fdd68b6b2c3aa2aa5341c,2020-10-31 18:29:26+00:00,swerebench/sweb.eval.x86_64.psf_1776_black-1800,1,single,104,0,3.0,6
psf/black,psf/black,swerebench_filtered,psf__black-2991,2991,98fcccee55acba04afdd933676f56927cfe9bbe4,2022-04-04 13:21:40+00:00,swerebench/sweb.eval.x86_64.psf_1776_black-2991,1,single,41,0,1.0,7
psf/black,psf/black,swerebench_filtered,psf__black-4176,4176,659c29a41c7c686687aef21f57b95bcfa236b03b,2024-01-26 15:38:51+00:00,swerebench/sweb.eval.x86_64.psf_1776_black-4176,2,multi,30,0,1.0,8
psf/black,psf/black,swerebench_filtered,psf__black-4222,4222,a20100395cf6179a81289452efad1d8e72b19682,2024-02-11 08:05:32+00:00,swerebench/sweb.eval.x86_64.psf_1776_black-4222,2,multi,59,0,2.0,9
psf/black,psf/black,swerebench_filtered,psf__black-4204,4204,24c9c01e910eb566223961b00d3e2c3602c99a23,2024-02-02 03:15:17+00:00,swerebench/sweb.eval.x86_64.psf_1776_black-4204,1,single,13,0,1.0,10
psf/black,psf/black,swerebench_filtered,psf__black-4161,4161,995e4ada14d63a9bec39c5fc83275d0e49742618,2024-01-22 06:52:26+00:00,swerebench/sweb.eval.x86_64.psf_1776_black-4161,2,multi,30,0,1.0,11
psf/black,psf/black,swebench_live_full,psf__black-4676,4676,24e4cb20ab03c20af390fec7303207af2a4a09e8,2025-06-01 00:52:41+00:00,starryzhang/sweb.eval.x86_64.psf_1776_black-4676,1,single,71,0,2.0,12
psf/black,psf/black,swerebench_filtered,psf__black-2758,2758,b3b341b44fde044938daa6691fa1064ea240ff96,2022-01-10 18:49:16+00:00,swerebench/sweb.eval.x86_64.psf_1776_black-2758,3,multi,35,0,1.0,13
psf/black,psf/black,swebench_live_full,psf__black-4720,4720,bdd7fcd9396350b2887e22dec67072db3aeeeaa9,2025-07-29 14:04:23+00:00,starryzhang/sweb.eval.x86_64.psf_1776_black-4720,3,multi,135,0,2.0,14
psf/black,psf/black,swebench_live_full,psf__black-4670,4670,bbc36ea205292e213b0c9a448f630d19726605e4,2025-05-29 18:40:29+00:00,starryzhang/sweb.eval.x86_64.psf_1776_black-4670,1,single,13,0,1.0,15
pvlib/pvlib-python,pvlib/pvlib-python,swebench_live_full,pvlib__pvlib-python-2140,2140,5e43be7a7a924f8161181a49e93053aa4a80f54d,2024-07-20 20:42:11+00:00,starryzhang/sweb.eval.x86_64.pvlib_1776_pvlib-python-2140,3,multi,96,0,6.0,1
pvlib/pvlib-python,pvlib/pvlib-python,swebench_live_full,pvlib__pvlib-python-2039,2039,19c9598355b8243038bdeb1253d219e0371f71af,2024-05-06 22:11:26+00:00,starryzhang/sweb.eval.x86_64.pvlib_1776_pvlib-python-2039,3,multi,179,1,5.0,2
pvlib/pvlib-python,pvlib/pvlib-python,swebench_live_full,pvlib__pvlib-python-1977,1977,780c3ab8536db878ebcc65abd0ec90483005c658,2024-02-22 21:33:20+00:00,starryzhang/sweb.eval.x86_64.pvlib_1776_pvlib-python-1977,1,single,14,0,2.0,3
pvlib/pvlib-python,pvlib/pvlib-python,swebench_live_full,pvlib__pvlib-python-2292,2292,4b113ab852b31df67db5f830833111e1159f4a51,2024-11-06 21:13:16+00:00,starryzhang/sweb.eval.x86_64.pvlib_1776_pvlib-python-2292,1,single,79,0,2.0,4
pvlib/pvlib-python,pvlib/pvlib-python,swebench_live_full,pvlib__pvlib-python-2400,2400,171f10ca1c2a73ea41a06e4c6ecf4de1f53523e7,2025-02-25 23:01:48+00:00,starryzhang/sweb.eval.x86_64.pvlib_1776_pvlib-python-2400,1,single,6,0,4.0,5
pvlib/pvlib-python,pvlib/pvlib-python,swebench_live_full,pvlib__pvlib-python-2249,2249,38eb89e5a9ac3b61ca71834a3e92af7dd51e03f5,2024-10-09 19:06:18+00:00,starryzhang/sweb.eval.x86_64.pvlib_1776_pvlib-python-2249,1,single,6,0,7.0,6
pvlib/pvlib-python,pvlib/pvlib-python,swebench_live_full,pvlib__pvlib-python-2393,2393,1eafae0edb78a16b0ed8e531c85ca70498a76a20,2025-02-20 23:02:49+00:00,starryzhang/sweb.eval.x86_64.pvlib_1776_pvlib-python-2393,1,single,7,0,1.0,7
pvlib/pvlib-python,pvlib/pvlib-python,swebench_live_full,pvlib__pvlib-python-2281,2281,a6995c377d65ce850c2d744ad42a2a79f6d511b3,2024-10-29 22:40:11+00:00,starryzhang/sweb.eval.x86_64.pvlib_1776_pvlib-python-2281,1,single,49,0,1.0,8
pvlib/pvlib-python,pvlib/pvlib-python,swebench_live_full,pvlib__pvlib-python-1948,1948,780c3ab8536db878ebcc65abd0ec90483005c658,2024-01-14 17:27:40+00:00,starryzhang/sweb.eval.x86_64.pvlib_1776_pvlib-python-1948,1,single,45,0,3.0,9
pvlib/pvlib-python,pvlib/pvlib-python,swebench_live_full,pvlib__pvlib-python-1947,1947,16017609ea2765c4651dbc13b4743578363b641a,2024-01-11 23:08:20+00:00,starryzhang/sweb.eval.x86_64.pvlib_1776_pvlib-python-1947,1,single,5,0,1.0,10
pvlib/pvlib-python,pvlib/pvlib-python,swebench_live_full,pvlib__pvlib-python-2190,2190,cc700f91ddfc511002d7468d335b43271dc7974a,2024-08-28 20:27:17+00:00,starryzhang/sweb.eval.x86_64.pvlib_1776_pvlib-python-2190,2,multi,62,0,6.0,11
pvlib/pvlib-python,pvlib/pvlib-python,swebench_live_full,pvlib__pvlib-python-2032,2032,0387b25bc9fedcae81e7de01579a7ef052fec32f,2024-05-01 21:12:34+00:00,starryzhang/sweb.eval.x86_64.pvlib_1776_pvlib-python-2032,1,single,20,0,2.0,12
pvlib/pvlib-python,pvlib/pvlib-python,swebench_live_full,pvlib__pvlib-python-2088,2088,1eecaa38e8cf07a013a6bf00ea7378c9b23ba65e,2024-06-15 09:59:50+00:00,starryzhang/sweb.eval.x86_64.pvlib_1776_pvlib-python-2088,2,multi,111,0,7.0,13
pvlib/pvlib-python,pvlib/pvlib-python,swebench_live_full,pvlib__pvlib-python-1971,1971,26acf8ae894fb54ad9ef6836757ef4406d4bffae,2024-02-10 22:31:56+00:00,starryzhang/sweb.eval.x86_64.pvlib_1776_pvlib-python-1971,1,single,9,0,1.0,14
pvlib/pvlib-python,pvlib/pvlib-python,swebench_live_full,pvlib__pvlib-python-2341,2341,afc90f67ddb66508c43cfe474acfaa3ab427eb0a,2024-12-23 04:59:22+00:00,starryzhang/sweb.eval.x86_64.pvlib_1776_pvlib-python-2341,2,multi,113,0,9.0,15
pvlib/pvlib-python,pvlib/pvlib-python,swebench_live_full,pvlib__pvlib-python-2291,2291,afdcdd4acc3fd00420a656b1c106d9a8bb85ad29,2024-11-05 23:01:00+00:00,starryzhang/sweb.eval.x86_64.pvlib_1776_pvlib-python-2291,1,single,92,0,2.0,16
pvlib/pvlib-python,pvlib/pvlib-python,swebench_live_full,pvlib__pvlib-python-2019,2019,345b26ff9c839e682c4706d29b3da2d8970ae7c1,2024-04-26 21:04:44+00:00,starryzhang/sweb.eval.x86_64.pvlib_1776_pvlib-python-2019,1,single,3,0,1.0,17
pvlib/pvlib-python,pvlib/pvlib-python,swebench_live_full,pvlib__pvlib-python-2124,2124,899b10c2f327aecb4603c36d33ac6e1561c694c3,2024-07-10 16:00:30+00:00,starryzhang/sweb.eval.x86_64.pvlib_1776_pvlib-python-2124,1,single,158,0,3.0,18
pvlib/pvlib-python,pvlib/pvlib-python,swebench_live_full,pvlib__pvlib-python-2133,2133,6d886dc0fa8e0fa1d011e9332f609cee526c9bbd,2024-07-15 19:43:32+00:00,starryzhang/sweb.eval.x86_64.pvlib_1776_pvlib-python-2133,1,single,18,0,1.0,19
pvlib/pvlib-python,pvlib/pvlib-python,swebench_live_full,pvlib__pvlib-python-2347,2347,6caa903b7bdb6db5b1c83523edbbfc2c8204002a,2024-12-31 22:15:57+00:00,starryzhang/sweb.eval.x86_64.pvlib_1776_pvlib-python-2347,1,single,14,0,1.0,20
pydata/xarray,pydata/xarray,swebench_live_full,pydata__xarray-10141,10141,bb539d8e89fa7601e69fb9dbf849b051c61a3a31,2025-03-17 22:40:45+00:00,starryzhang/sweb.eval.x86_64.pydata_1776_xarray-10141,1,single,2,0,2.0,1
pydata/xarray,pydata/xarray,swebench_full,pydata__xarray-4094,4094,a64cf2d5476e7bbda099b34c40b7be1880dbd39a,2020-05-26 00:36:02+00:00,swebench/sweb.eval.x86_64.pydata_1776_xarray-4094,1,single,2,0,1.0,2
pydata/xarray,pydata/xarray,swebench_full,pydata__xarray-5126,5126,6bfbaede69eb73810cb63672a8161bd1fc147594,2021-04-07 10:51:03+00:00,swebench/sweb.eval.x86_64.pydata_1776_xarray-5126,3,multi,90,0,7.0,3
pydata/xarray,pydata/xarray,swebench_full,pydata__xarray-4758,4758,46591d28d9fbbfc184aaf4075d330b1c8f070627,2021-01-04 00:47:32+00:00,swebench/sweb.eval.x86_64.pydata_1776_xarray-4758,2,multi,104,0,160.0,4
pydata/xarray,pydata/xarray,swebench_full,pydata__xarray-3637,3637,6295bc6bca1559680544ea86051f35fa2d367fe1,2019-12-17 16:20:22+00:00,swebench/sweb.eval.x86_64.pydata_1776_xarray-3637,2,multi,11,0,7.0,5
pydata/xarray,pydata/xarray,swebench_full,pydata__xarray-3406,3406,fb0cf7b5fe56519a933ffcecbce9e9327fe236a6,2019-10-16 04:04:46+00:00,swebench/sweb.eval.x86_64.pydata_1776_xarray-3406,1,single,7,0,1.0,6
pydata/xarray,pydata/xarray,swebench_live_full,pydata__xarray-9760,9760,5a9ff0beb17090a64bc886bed6265c583ba8e32d,2024-11-10 03:15:21+00:00,starryzhang/sweb.eval.x86_64.pydata_1776_xarray-9760,1,single,12,0,2.0,7
pydata/xarray,pydata/xarray,swebench_full,pydata__xarray-3305,3305,69c7e01e5167a3137c285cb50d1978252bb8bcbf,2019-09-12 19:27:14+00:00,swebench/sweb.eval.x86_64.pydata_1776_xarray-3305,2,multi,22,0,1.0,8
pydata/xarray,pydata/xarray,swebench_full,pydata__xarray-6744,6744,7cc6cc991e586a6158bb656b8001234ccda25407,2022-07-02 16:36:00+00:00,swebench/sweb.eval.x86_64.pydata_1776_xarray-6744,1,single,17,0,3.0,9
pydata/xarray,pydata/xarray,swebench_full,pydata__xarray-4994,4994,c7c4aae1fa2bcb9417e498e7dcb4acc0792c402d,2021-03-04 15:47:17+00:00,swebench/sweb.eval.x86_64.pydata_1776_xarray-4994,1,single,8,0,1.0,10
pydata/xarray,pydata/xarray,swebench_full,pydata__xarray-3338,3338,3f0049ffc51e4c709256cf174c435f741370148d,2019-09-24 14:39:02+00:00,swebench/sweb.eval.x86_64.pydata_1776_xarray-3338,1,single,48,0,3.0,11
pydata/xarray,pydata/xarray,swebench_full,pydata__xarray-4184,4184,65ca92a5c0a4143d00dd7a822bcb1d49738717f1,2020-06-26 07:39:14+00:00,swebench/sweb.eval.x86_64.pydata_1776_xarray-4184,3,multi,104,1,2.0,12
pydata/xarray,pydata/xarray,swebench_full,pydata__xarray-4683,4683,19ebec52ef93ab8a640d04eb0edb7264823f6ba8,2020-12-12 01:27:35+00:00,swebench/sweb.eval.x86_64.pydata_1776_xarray-4683,4,multi,109,0,1.0,13
pydata/xarray,pydata/xarray,swebench_full,pydata__xarray-7003,7003,5bec4662a7dd4330eca6412c477ca3f238323ed2,2022-09-07 11:05:02+00:00,swebench/sweb.eval.x86_64.pydata_1776_xarray-7003,1,single,22,0,3.0,14
pydata/xarray,pydata/xarray,swebench_full,pydata__xarray-3159,3159,e3b3bed2c2e27eb74adc2b7f80c365c2928cd78b,2019-07-24 06:21:50+00:00,swebench/sweb.eval.x86_64.pydata_1776_xarray-3159,2,multi,33,0,1.0,15
pydata/xarray,pydata/xarray,swebench_full,pydata__xarray-3364,3364,863e49066ca4d61c9adfe62aca3bf21b90e1af8c,2019-10-01 21:15:54+00:00,swebench/sweb.eval.x86_64.pydata_1776_xarray-3364,1,single,10,0,2.0,16
pydata/xarray,pydata/xarray,swebench_full,pydata__xarray-3979,3979,2c77eb531b6689f9f1d2adbde0d8bf852f1f7362,2020-04-16 19:18:50+00:00,swebench/sweb.eval.x86_64.pydata_1776_xarray-3979,1,single,5,0,1.0,17
pydata/xarray,pydata/xarray,swebench_full,pydata__xarray-4939,4939,eb7e112d45a9edebd8e5fb4f873e3e6adb18824a,2021-02-21 18:49:47+00:00,swebench/sweb.eval.x86_64.pydata_1776_xarray-4939,1,single,62,0,84.0,18
pydata/xarray,pydata/xarray,swebench_full,pydata__xarray-6938,6938,c4e40d991c28be51de9ac560ce895ac7f9b14924,2022-08-20 16:45:22+00:00,swebench/sweb.eval.x86_64.pydata_1776_xarray-6938,2,multi,24,0,1.0,19
pydata/xarray,pydata/xarray,swebench_full,pydata__xarray-4098,4098,e5cc19cd8f8a69e0743f230f5bf51b7778a0ff96,2020-05-27 05:50:39+00:00,swebench/sweb.eval.x86_64.pydata_1776_xarray-4098,1,single,2,0,1.0,20
pylint-dev/pylint,pylint-dev/pylint,swebench_full,pylint-dev__pylint-4398,4398,43133c56d47bbc60e51a7f40433116b826eb18b7,2021-04-24 23:33:42+00:00,swebench/sweb.eval.x86_64.pylint-dev_1776_pylint-4398,2,multi,56,0,24.0,1
pylint-dev/pylint,pylint-dev/pylint,swebench_full,pylint-dev__pylint-4516,4516,0b5a44359d8255c136af27c0ef5f5b196a526430,2021-05-26 15:15:27+00:00,swebench/sweb.eval.x86_64.pylint-dev_1776_pylint-4516,2,multi,55,0,4.0,2
pylint-dev/pylint,pylint-dev/pylint,swebench_live_full,pylint-dev__pylint-10044,10044,2e0c41f66ee7a9fddbc517a3ca75a2ce0cf2efd1,2024-10-25 20:14:26+00:00,starryzhang/sweb.eval.x86_64.pylint-dev_1776_pylint-10044,3,multi,22,0,2.0,3
pylint-dev/pylint,pylint-dev/pylint,swebench_full,pylint-dev__pylint-7228,7228,d597f252915ddcaaa15ccdfcb35670152cb83587,2022-07-25 17:19:11+00:00,swebench/sweb.eval.x86_64.pylint-dev_1776_pylint-7228,1,single,13,0,2.0,4
pylint-dev/pylint,pylint-dev/pylint,swebench_full,pylint-dev__pylint-7080,7080,3c5eca2ded3dd2b59ebaf23eb289453b5d2930f0,2022-06-28 17:24:43+00:00,swebench/sweb.eval.x86_64.pylint-dev_1776_pylint-7080,1,single,1,0,1.0,5
pylint-dev/pylint,pylint-dev/pylint,swebench_full,pylint-dev__pylint-4421,4421,24b5159e00b8a380c1776dab6ce096df7bad79b1,2021-04-28 20:10:47+00:00,swebench/sweb.eval.x86_64.pylint-dev_1776_pylint-4421,1,single,32,0,11.0,6
pylint-dev/pylint,pylint-dev/pylint,swebench_full,pylint-dev__pylint-8124,8124,eb950615d77a6b979af6e0d9954fdb4197f4a722,2023-01-27 23:46:57+00:00,swebench/sweb.eval.x86_64.pylint-dev_1776_pylint-8124,1,single,22,0,1.0,7
pylint-dev/pylint,pylint-dev/pylint,swebench_full,pylint-dev__pylint-6517,6517,58c4f370c7395d9d4e202ba83623768abcc3ac24,2022-05-05 22:04:31+00:00,swebench/sweb.eval.x86_64.pylint-dev_1776_pylint-6517,1,single,2,0,1.0,8
pylint-dev/pylint,pylint-dev/pylint,swebench_live_full,pylint-dev__pylint-10246,10246,d17bb0631ce13b00a68319f31425ddf5a57719eb,2025-02-24 15:07:38+00:00,starryzhang/sweb.eval.x86_64.pylint-dev_1776_pylint-10246,1,single,177,0,3.0,9
pylint-dev/pylint,pylint-dev/pylint,swebench_live_full,pylint-dev__pylint-10170,10170,1812899d04b535e2099ea0f9b8814ff3b266d9a9,2025-01-07 20:48:53+00:00,starryzhang/sweb.eval.x86_64.pylint-dev_1776_pylint-10170,1,single,15,0,1.0,10
pylint-dev/pylint,pylint-dev/pylint,swebench_full,pylint-dev__pylint-6358,6358,1de6da157c260c5a1398bc59c5f2b57abc4912a6,2022-04-16 15:48:16+00:00,swebench/sweb.eval.x86_64.pylint-dev_1776_pylint-6358,1,single,80,0,1.0,11
pylint-dev/pylint,pylint-dev/pylint,swebench_full,pylint-dev__pylint-8819,8819,dc1f5f6cbb1e649feab8ae53ed8be88845afeaf1,2023-07-04 00:34:21+00:00,swebench/sweb.eval.x86_64.pylint-dev_1776_pylint-8819,1,single,54,0,3.0,12
pylint-dev/pylint,pylint-dev/pylint,swebench_full,pylint-dev__pylint-6386,6386,754b487f4d892e3d4872b6fc7468a71db4e31c13,2022-04-19 06:34:57+00:00,swebench/sweb.eval.x86_64.pylint-dev_1776_pylint-6386,4,multi,15,0,1.0,13
pylint-dev/pylint,pylint-dev/pylint,swebench_live_full,pylint-dev__pylint-9917,9917,b7eeccb603b119c14b8d1d0efd6b5edc723d690c,2024-09-07 13:50:35+00:00,starryzhang/sweb.eval.x86_64.pylint-dev_1776_pylint-9917,1,single,26,0,1.0,14
pylint-dev/pylint,pylint-dev/pylint,swebench_full,pylint-dev__pylint-5839,5839,15040ee7c42958606ae27aa32ccbe54371b83049,2022-02-25 21:03:32+00:00,swebench/sweb.eval.x86_64.pylint-dev_1776_pylint-5839,4,multi,118,0,1.0,15
pylint-dev/pylint,pylint-dev/pylint,swebench_live_full,pylint-dev__pylint-9866,9866,466c671cbe5c4f23747b8684665cebefdf6d8fdf,2024-08-11 04:28:24+00:00,starryzhang/sweb.eval.x86_64.pylint-dev_1776_pylint-9866,1,single,18,0,1.0,16
pylint-dev/pylint,pylint-dev/pylint,swebench_live_full,pylint-dev__pylint-9990,9990,537e9da59e7df337fa39897d0b583ce0c12d3ed9,2024-09-30 19:55:32+00:00,starryzhang/sweb.eval.x86_64.pylint-dev_1776_pylint-9990,1,single,68,0,2.0,17
pylint-dev/pylint,pylint-dev/pylint,swebench_live_full,pylint-dev__pylint-10036,10036,2e0c41f66ee7a9fddbc517a3ca75a2ce0cf2efd1,2024-10-20 12:15:54+00:00,starryzhang/sweb.eval.x86_64.pylint-dev_1776_pylint-10036,1,single,2,0,1.0,18
pylint-dev/pylint,pylint-dev/pylint,swebench_live_full,pylint-dev__pylint-9802,9802,e2c15e36531685c694d7ec4b6af0c2c8534672c0,2024-07-16 12:39:19+00:00,starryzhang/sweb.eval.x86_64.pylint-dev_1776_pylint-9802,1,single,12,0,1.0,19
pylint-dev/pylint,pylint-dev/pylint,swebench_live_full,pylint-dev__pylint-9599,9599,df5533f7d2d7bbe5092ddbbfb213c561fd263a64,2024-05-05 22:06:28+00:00,starryzhang/sweb.eval.x86_64.pylint-dev_1776_pylint-9599,4,multi,84,0,1.0,20
PyPSA/PyPSA,pypsa/pypsa,swebench_live_full,pypsa__pypsa-1195,1195,d3e13462d0622d7cc20c383d976bf566b6b8ad76,2025-03-30 11:39:48+00:00,starryzhang/sweb.eval.x86_64.pypsa_1776_pypsa-1195,2,multi,78,0,1.0,1
PyPSA/PyPSA,pypsa/pypsa,swebench_live_full,pypsa__pypsa-1172,1172,7b02177e9bf01dc0c7734cb7af9021c952426d56,2025-03-11 20:02:12+00:00,starryzhang/sweb.eval.x86_64.pypsa_1776_pypsa-1172,1,single,6,0,1.0,2
PyPSA/PyPSA,pypsa/pypsa,swebench_live_full,pypsa__pypsa-1012,1012,8093c685c87d9666e7e7dd3bdb35f7a4ca29f12f,2024-08-24 14:57:02+00:00,starryzhang/sweb.eval.x86_64.pypsa_1776_pypsa-1012,1,single,30,0,1.0,3
PyPSA/PyPSA,pypsa/pypsa,swebench_live_full,pypsa__pypsa-924,924,94fdc994beacc482c720892e0e5e2a77968efcc4,2024-06-14 12:32:51+00:00,starryzhang/sweb.eval.x86_64.pypsa_1776_pypsa-924,1,single,198,0,3.0,4
PyPSA/PyPSA,pypsa/pypsa,swebench_live_full,pypsa__pypsa-1091,1091,c36338c171cef52cdce7cd445795ee362435f6ea,2024-11-25 14:54:52+00:00,starryzhang/sweb.eval.x86_64.pypsa_1776_pypsa-1091,6,multi,113,0,1.0,5
PyPSA/PyPSA,pypsa/pypsa,swebench_live_full,PyPSA__PyPSA-1310,1310,0943f8749689c8e6913ba142d4cd750724c4a085,2025-08-04 12:09:03+00:00,starryzhang/sweb.eval.x86_64.pypsa_1776_pypsa-1310,7,multi,197,0,5.0,6
PyPSA/PyPSA,pypsa/pypsa,swebench_live_full,PyPSA__PyPSA-1325,1325,03686184a56007b43f2e4f74d3b2caa1370d4e69,2025-08-12 12:51:17+00:00,starryzhang/sweb.eval.x86_64.pypsa_1776_pypsa-1325,1,single,7,0,1.0,7
PyPSA/PyPSA,pypsa/pypsa,swebench_live_full,pypsa__pypsa-964,964,48f526719d95454efed652e147fcdb0c5a8edf83,2024-07-04 09:52:10+00:00,starryzhang/sweb.eval.x86_64.pypsa_1776_pypsa-964,1,single,14,0,1.0,8
PyPSA/PyPSA,pypsa/pypsa,swebench_live_full,pypsa__pypsa-891,891,6477a028855a336453c96c92b1c69072ec80f777,2024-05-16 06:19:03+00:00,starryzhang/sweb.eval.x86_64.pypsa_1776_pypsa-891,1,single,5,0,1.0,9
PyPSA/PyPSA,pypsa/pypsa,swebench_live_full,PyPSA__PyPSA-1265,1265,d09138688a63d11ae96d78e912b7e73be5d6fcc5,2025-06-27 14:59:25+00:00,starryzhang/sweb.eval.x86_64.pypsa_1776_pypsa-1265,2,multi,51,0,1.0,10
pytest-dev/pytest,pytest-dev/pytest,swebench_full,pytest-dev__pytest-5227,5227,2051e30b9b596e944524ccb787ed20f9f5be93e3,2019-05-07 20:27:24+00:00,swebench/sweb.eval.x86_64.pytest-dev_1776_pytest-5227,1,single,2,0,3.0,1
pytest-dev/pytest,pytest-dev/pytest,swebench_full,pytest-dev__pytest-8952,8952,6d6bc97231f2d9a68002f1d191828fd3476ca8b8,2021-07-28 21:11:34+00:00,swebench/sweb.eval.x86_64.pytest-dev_1776_pytest-8952,2,multi,5,0,1.0,2
pytest-dev/pytest,pytest-dev/pytest,swebench_full,pytest-dev__pytest-9359,9359,e2ee3144ed6e241dea8d96215fcdca18b3892551,2021-12-01 14:31:38+00:00,swebench/sweb.eval.x86_64.pytest-dev_1776_pytest-9359,1,single,5,0,1.0,3
pytest-dev/pytest,pytest-dev/pytest,swebench_full,pytest-dev__pytest-9646,9646,6aaa017b1e81f6eccc48ee4f6b52d25c49747554,2022-02-08 13:38:22+00:00,swebench/sweb.eval.x86_64.pytest-dev_1776_pytest-9646,1,single,45,0,1.0,4
pytest-dev/pytest,pytest-dev/pytest,swebench_full,pytest-dev__pytest-5254,5254,654d8da9f7ffd7a88e02ae2081ffcb2ca2e765b3,2019-05-12 23:50:35+00:00,swebench/sweb.eval.x86_64.pytest-dev_1776_pytest-5254,2,multi,40,0,1.0,5
pytest-dev/pytest,pytest-dev/pytest,swebench_full,pytest-dev__pytest-10081,10081,da9a2b584eb7a6c7e924b2621ed0ddaeca0a7bea,2022-06-26 13:53:24+00:00,swebench/sweb.eval.x86_64.pytest-dev_1776_pytest-10081,1,single,5,0,1.0,6
pytest-dev/pytest,pytest-dev/pytest,swebench_full,pytest-dev__pytest-6202,6202,3a668ea6ff24b0c8f00498c3144c63bac561d925,2019-11-16 07:45:21+00:00,swebench/sweb.eval.x86_64.pytest-dev_1776_pytest-6202,1,single,3,0,1.0,7
pytest-dev/pytest,pytest-dev/pytest,swebench_full,pytest-dev__pytest-8906,8906,69356d20cfee9a81972dcbf93d8caf9eabe113e8,2021-07-14 08:00:50+00:00,swebench/sweb.eval.x86_64.pytest-dev_1776_pytest-8906,1,single,8,0,1.0,8
pytest-dev/pytest,pytest-dev/pytest,swebench_full,pytest-dev__pytest-5809,5809,8aba863a634f40560e25055d179220f0eefabe9a,2019-09-01 04:40:09+00:00,swebench/sweb.eval.x86_64.pytest-dev_1776_pytest-5809,1,single,6,0,1.0,9
pytest-dev/pytest,pytest-dev/pytest,swebench_full,pytest-dev__pytest-9279,9279,86446edc869f14de4d9e32d9f1fa4d8cd1df8cb6,2021-11-08 07:19:11+00:00,swebench/sweb.eval.x86_64.pytest-dev_1776_pytest-9279,1,single,8,0,1.0,10
pytest-dev/pytest,pytest-dev/pytest,swebench_full,pytest-dev__pytest-7481,7481,d466cc25a78b442cd4ccaafae4adef9a7f1e4012,2020-07-11 16:00:30+00:00,swebench/sweb.eval.x86_64.pytest-dev_1776_pytest-7481,1,single,13,0,1.0,11
pytest-dev/pytest,pytest-dev/pytest,swebench_full,pytest-dev__pytest-5413,5413,450d2646233c670654744d3d24330b69895bb9d2,2019-06-06 15:21:20+00:00,swebench/sweb.eval.x86_64.pytest-dev_1776_pytest-5413,1,single,7,0,1.0,12
pytest-dev/pytest,pytest-dev/pytest,swebench_full,pytest-dev__pytest-7231,7231,85a06cfafbe49f2c56e22cef4fa88adcf7b54f59,2020-05-19 08:17:40+00:00,swebench/sweb.eval.x86_64.pytest-dev_1776_pytest-7231,1,single,30,0,1.0,13
pytest-dev/pytest,pytest-dev/pytest,swebench_full,pytest-dev__pytest-5692,5692,29e336bd9bf87eaef8e2683196ee1975f1ad4088,2019-08-03 14:15:04+00:00,swebench/sweb.eval.x86_64.pytest-dev_1776_pytest-5692,1,single,4,0,2.0,14
pytest-dev/pytest,pytest-dev/pytest,swebench_full,pytest-dev__pytest-5281,5281,c0e53a61e65cb919bd29f62b756dfd57dfeef59a,2019-05-16 23:11:47+00:00,swebench/sweb.eval.x86_64.pytest-dev_1776_pytest-5281,2,multi,14,0,1.0,15
pytest-dev/pytest,pytest-dev/pytest,swebench_full,pytest-dev__pytest-6116,6116,e670ff76cbad80108bde9bab616b66771b8653cf,2019-11-01 20:05:53+00:00,swebench/sweb.eval.x86_64.pytest-dev_1776_pytest-6116,1,single,1,0,2.0,16
pytest-dev/pytest,pytest-dev/pytest,swebench_full,pytest-dev__pytest-9956,9956,cc0fbbefa0f8a6b390e89ef0d4d64dd78783a5c1,2022-05-13 20:51:44+00:00,swebench/sweb.eval.x86_64.pytest-dev_1776_pytest-9956,3,multi,18,0,1.0,17
pytest-dev/pytest,pytest-dev/pytest,swebench_full,pytest-dev__pytest-8399,8399,6e7dc8bac831cd8cf7a53b08efa366bd84f0c0fe,2021-03-04 17:52:17+00:00,swebench/sweb.eval.x86_64.pytest-dev_1776_pytest-8399,2,multi,10,0,1.0,18
pytest-dev/pytest,pytest-dev/pytest,swebench_full,pytest-dev__pytest-8033,8033,66311ff702d98450f29a448a47c0cd5fd0c51081,2020-11-13 10:29:33+00:00,swebench/sweb.eval.x86_64.pytest-dev_1776_pytest-8033,1,single,58,0,3.0,19
pytest-dev/pytest,pytest-dev/pytest,swebench_full,pytest-dev__pytest-5980,5980,0225cb37c02b6760c8b1d0efcf3728f669bbfe17,2019-10-16 22:35:00+00:00,swebench/sweb.eval.x86_64.pytest-dev_1776_pytest-5980,4,multi,103,1,5.0,20
python-cmd2/cmd2,python-cmd2/cmd2,swerebench_filtered,python-cmd2__cmd2-699,699,ddd07f9cd6d72baca1232ae98856cf3b3d564706,2019-06-14 23:53:33+00:00,swerebench/sweb.eval.x86_64.python-cmd2_1776_cmd2-699,3,multi,52,0,1.0,1
python-cmd2/cmd2,python-cmd2/cmd2,swerebench_filtered,python-cmd2__cmd2-1069,1069,cc9d96a7c5309bec64856e4dd9554d2cee235d23,2021-03-02 22:15:02+00:00,swerebench/sweb.eval.x86_64.python-cmd2_1776_cmd2-1069,1,single,7,0,1.0,2
python-cmd2/cmd2,python-cmd2/cmd2,swerebench_filtered,python-cmd2__cmd2-666,666,7a20c2e312513b8a84a6cfb56263cac9c67df04d,2019-04-25 16:35:19+00:00,swerebench/sweb.eval.x86_64.python-cmd2_1776_cmd2-666,1,single,39,0,1.0,3
python-cmd2/cmd2,python-cmd2/cmd2,swerebench_filtered,python-cmd2__cmd2-612,612,3efb3f14630d007572a5cf1246bdb78ee63be089,2018-12-14 03:16:53+00:00,swerebench/sweb.eval.x86_64.python-cmd2_1776_cmd2-612,1,single,2,0,1.0,4
python-cmd2/cmd2,python-cmd2/cmd2,swerebench_filtered,python-cmd2__cmd2-817,817,3f1b75df79fb2616d43faaa3c30552953c55488b,2019-11-23 23:16:09+00:00,swerebench/sweb.eval.x86_64.python-cmd2_1776_cmd2-817,1,single,11,0,1.0,5
python-cmd2/cmd2,python-cmd2/cmd2,swerebench_filtered,python-cmd2__cmd2-115,115,a0d829e4105cd431198feb43534adaf953b090ba,2017-06-03 16:12:27+00:00,swerebench/sweb.eval.x86_64.python-cmd2_1776_cmd2-115,1,single,58,0,10.0,6
python-cmd2/cmd2,python-cmd2/cmd2,swerebench_filtered,python-cmd2__cmd2-569,569,9fee6105210b36201b5d2edc610f20bd67eac9f2,2018-10-05 19:51:27+00:00,swerebench/sweb.eval.x86_64.python-cmd2_1776_cmd2-569,1,single,13,0,2.0,7
python-cmd2/cmd2,python-cmd2/cmd2,swerebench_filtered,python-cmd2__cmd2-782,782,b72edb07d59d45d4006dc596218a52d54396378a,2019-09-24 02:18:58+00:00,swerebench/sweb.eval.x86_64.python-cmd2_1776_cmd2-782,1,single,22,0,1.0,8
python-cmd2/cmd2,python-cmd2/cmd2,swerebench_filtered,python-cmd2__cmd2-752,752,0f9fcfcd95ee7fd30ebddabbf2068d8ddb725364,2019-08-06 02:54:59+00:00,swerebench/sweb.eval.x86_64.python-cmd2_1776_cmd2-752,2,multi,67,0,2.0,9
python-cmd2/cmd2,python-cmd2/cmd2,swerebench_filtered,python-cmd2__cmd2-563,563,924f8a57a73de7da462e654f3937b134ca92dbc7,2018-10-03 05:24:05+00:00,swerebench/sweb.eval.x86_64.python-cmd2_1776_cmd2-563,1,single,117,0,2.0,10
python-cmd2/cmd2,python-cmd2/cmd2,swerebench_filtered,python-cmd2__cmd2-1045,1045,5f1ea98c1513225c7bf87976ca438410afff2268,2021-01-22 21:16:53+00:00,swerebench/sweb.eval.x86_64.python-cmd2_1776_cmd2-1045,1,single,9,0,2.0,11
python-cmd2/cmd2,python-cmd2/cmd2,swerebench_filtered,python-cmd2__cmd2-1067,1067,6b14aa6579d9c5bdd32bf8c3d67f11db8b575bb0,2021-03-02 15:29:34+00:00,swerebench/sweb.eval.x86_64.python-cmd2_1776_cmd2-1067,2,multi,20,0,2.0,12
python-cmd2/cmd2,python-cmd2/cmd2,swerebench_filtered,python-cmd2__cmd2-750,750,4aa8370092d1aba5edaf77bf9a867b23adf4aa97,2019-08-05 21:35:45+00:00,swerebench/sweb.eval.x86_64.python-cmd2_1776_cmd2-750,1,single,88,0,8.0,13
python-cmd2/cmd2,python-cmd2/cmd2,swerebench_filtered,python-cmd2__cmd2-117,117,ccef0b4193297c0b88e8add373f6a49126ffe772,2017-06-04 23:45:14+00:00,swerebench/sweb.eval.x86_64.python-cmd2_1776_cmd2-117,1,single,7,0,1.0,14
python-cmd2/cmd2,python-cmd2/cmd2,swerebench_filtered,python-cmd2__cmd2-744,744,a5e52820df8da804347ef5a59519758f547bcb0f,2019-07-29 23:18:51+00:00,swerebench/sweb.eval.x86_64.python-cmd2_1776_cmd2-744,1,single,20,0,4.0,15
python-cmd2/cmd2,python-cmd2/cmd2,swerebench_filtered,python-cmd2__cmd2-114,114,bfd50611a7647af8b56fe34babf0b634708aaae9,2017-06-02 01:40:52+00:00,swerebench/sweb.eval.x86_64.python-cmd2_1776_cmd2-114,1,single,127,0,2.0,16
python-cmd2/cmd2,python-cmd2/cmd2,swerebench_filtered,python-cmd2__cmd2-910,910,990ec45e087aed2a9a6309db893c8a25cb3a89fd,2020-03-26 18:22:05+00:00,swerebench/sweb.eval.x86_64.python-cmd2_1776_cmd2-910,1,single,46,0,2.0,17
python-cmd2/cmd2,python-cmd2/cmd2,swerebench_filtered,python-cmd2__cmd2-987,987,e3a07c59b541b4a0b937c62ef38be6d8c011c0a3,2020-08-27 21:08:50+00:00,swerebench/sweb.eval.x86_64.python-cmd2_1776_cmd2-987,1,single,8,0,1.0,18
python-cmd2/cmd2,python-cmd2/cmd2,swerebench_filtered,python-cmd2__cmd2-595,595,eaf2918a8036e95a373cd9694317335dbc548cad,2018-11-01 14:30:45+00:00,swerebench/sweb.eval.x86_64.python-cmd2_1776_cmd2-595,3,multi,36,0,1.0,19
python-cmd2/cmd2,python-cmd2/cmd2,swerebench_filtered,python-cmd2__cmd2-784,784,b3408bcb9328cc1eb2cae1be4afbbef0b0e18c0c,2019-10-01 02:52:08+00:00,swerebench/sweb.eval.x86_64.python-cmd2_1776_cmd2-784,2,multi,157,0,3.0,20
python-control/python-control,python-control/python-control,swebench_live_full,python-control__python-control-1012,1012,ad6b49e09034166ba972bbd5d3c080495f3b23b1,2024-06-17 12:53:25+00:00,starryzhang/sweb.eval.x86_64.python-control_1776_python-control-1012,2,multi,30,0,10.0,1
python-control/python-control,python-control/python-control,swebench_live_full,python-control__python-control-1096,1096,ec7dc8aea29b51f08c4671a6d2fc2c800c29091f,2025-01-14 06:01:40+00:00,starryzhang/sweb.eval.x86_64.python-control_1776_python-control-1096,2,multi,28,0,1.0,2
python-control/python-control,python-control/python-control,swerebench_filtered,python-control__python-control-416,416,8366806bc774d31ab946bb717e10a169f3247fdd,2020-06-09 19:07:57+00:00,swerebench/sweb.eval.x86_64.python-control_1776_python-control-416,3,multi,36,0,3.0,3
python-control/python-control,python-control/python-control,swebench_live_full,python-control__python-control-1064,1064,d810d5aac00cf9a4215f601247d08f6f7904bcfe,2024-11-23 02:57:41+00:00,starryzhang/sweb.eval.x86_64.python-control_1776_python-control-1064,2,multi,23,0,6.0,4
python-control/python-control,python-control/python-control,swebench_live_full,python-control__python-control-1017,1017,4acc78b8aec4f145e7e72c931accfa7e12e5cd4d,2024-06-29 18:08:52+00:00,starryzhang/sweb.eval.x86_64.python-control_1776_python-control-1017,1,single,62,0,1.0,5
python-control/python-control,python-control/python-control,swebench_live_full,python-control__python-control-1145,1145,dc7d71bd1a2d143f10fa8fe91d31292bdf8f5113,2025-04-17 03:16:40+00:00,starryzhang/sweb.eval.x86_64.python-control_1776_python-control-1145,4,multi,51,0,3.0,6
python-control/python-control,python-control/python-control,swerebench_filtered,python-control__python-control-834,834,18975c5162e8d6b3cd43730f8734c935b340161c,2022-12-31 20:28:20+00:00,swerebench/sweb.eval.x86_64.python-control_1776_python-control-834,1,single,4,0,1.0,7
python-control/python-control,python-control/python-control,swebench_live_full,python-control__python-control-1030,1030,bb82883cb4abf5171e82ae4c025c012f5218b6a7,2024-07-13 16:29:06+00:00,starryzhang/sweb.eval.x86_64.python-control_1776_python-control-1030,1,single,3,0,1.0,8
python-control/python-control,python-control/python-control,swebench_live_full,python-control__python-control-1133,1133,f6799ab8e60d7fcd4b02d52d5903f08c24957faf,2025-03-01 21:05:39+00:00,starryzhang/sweb.eval.x86_64.python-control_1776_python-control-1133,1,single,3,0,45.0,9
python-control/python-control,python-control/python-control,swebench_live_full,python-control__python-control-1111,1111,ebff1259a45dc7c45409ae439d36d7607afe86ee,2025-02-01 11:41:02+00:00,starryzhang/sweb.eval.x86_64.python-control_1776_python-control-1111,1,single,3,0,1.0,10
python-control/python-control,python-control/python-control,swerebench_filtered,python-control__python-control-525,525,6d513589810d54fa89d7cf234462d1a370c7d127,2021-01-30 00:46:57+00:00,swerebench/sweb.eval.x86_64.python-control_1776_python-control-525,1,single,11,0,3.0,11
python-control/python-control,python-control/python-control,swebench_live_full,python-control__python-control-1092,1092,93c4c8d2827bad02e48234799f159f196acb2282,2025-01-07 19:02:15+00:00,starryzhang/sweb.eval.x86_64.python-control_1776_python-control-1092,3,multi,53,0,1.0,12
python-control/python-control,python-control/python-control,swebench_live_full,python-control__python-control-1104,1104,71bd7319fe324f7b7ff14b8210420843bf06d7d2,2025-01-28 05:29:08+00:00,starryzhang/sweb.eval.x86_64.python-control_1776_python-control-1104,1,single,6,0,1.0,13
python-control/python-control,python-control/python-control,swebench_live_full,python-control__python-control-1142,1142,394e1c2c638cc0fe37d584fee6e4799794b3666e,2025-03-24 03:14:16+00:00,starryzhang/sweb.eval.x86_64.python-control_1776_python-control-1142,1,single,6,0,1.0,14
python-control/python-control,python-control/python-control,swerebench_filtered,python-control__python-control-869,869,08dcc951e1152706643146624b6b75912128cf2a,2023-02-21 16:09:45+00:00,swerebench/sweb.eval.x86_64.python-control_1776_python-control-869,1,single,135,0,15.0,15
python-control/python-control,python-control/python-control,swebench_live_full,python-control__python-control-1065,1065,d810d5aac00cf9a4215f601247d08f6f7904bcfe,2024-11-23 02:58:33+00:00,starryzhang/sweb.eval.x86_64.python-control_1776_python-control-1065,2,multi,19,0,1.0,16
python-control/python-control,python-control/python-control,swebench_live_full,python-control__python-control-1138,1138,f6799ab8e60d7fcd4b02d52d5903f08c24957faf,2025-03-02 21:53:32+00:00,starryzhang/sweb.eval.x86_64.python-control_1776_python-control-1138,1,single,4,0,1.0,17
python-control/python-control,python-control/python-control,swebench_live_full,python-control__python-control-1099,1099,0ff045263f69802e32d7e5a69ac5c16142f7a96e,2025-01-19 06:25:31+00:00,starryzhang/sweb.eval.x86_64.python-control_1776_python-control-1099,1,single,39,0,3.0,18
python-telegram-bot/python-telegram-bot,python-telegram-bot/python-telegram-bot,swebench_live_full,python-telegram-bot__python-telegram-bot-4288,4288,a9f6afd0152e30f32db69d35211fc05eceb9edfe,2024-06-01 20:25:06+00:00,starryzhang/sweb.eval.x86_64.python-telegram-bot_1776_python-telegram-bot-4288,4,multi,182,0,3.0,1
python-telegram-bot/python-telegram-bot,python-telegram-bot/python-telegram-bot,swebench_live_full,python-telegram-bot__python-telegram-bot-4323,4323,cfc75bb08ba07aac21cedd7d946fcb3bcaf4cdef,2024-06-24 13:55:48+00:00,starryzhang/sweb.eval.x86_64.python-telegram-bot_1776_python-telegram-bot-4323,1,single,79,0,1.0,2
python-telegram-bot/python-telegram-bot,python-telegram-bot/python-telegram-bot,swebench_live_full,python-telegram-bot__python-telegram-bot-4353,4353,86c8cae40d9e47dde478d48caf8f27ab9a56fa7f,2024-07-07 07:12:16+00:00,starryzhang/sweb.eval.x86_64.python-telegram-bot_1776_python-telegram-bot-4353,1,single,72,0,13.0,3
python-telegram-bot/python-telegram-bot,python-telegram-bot/python-telegram-bot,swebench_live_full,python-telegram-bot__python-telegram-bot-4120,4120,277031cfb256933921531403fa70d036f863f459,2024-02-17 16:11:02+00:00,starryzhang/sweb.eval.x86_64.python-telegram-bot_1776_python-telegram-bot-4120,2,multi,53,0,4.0,4
python-telegram-bot/python-telegram-bot,python-telegram-bot/python-telegram-bot,swebench_live_full,python-telegram-bot__python-telegram-bot-4654,4654,dfb0ae3747e5cfaf362edaab835ef68642a7e97d,2025-01-19 15:06:40+00:00,starryzhang/sweb.eval.x86_64.python-telegram-bot_1776_python-telegram-bot-4654,1,single,3,0,1.0,5
python-telegram-bot/python-telegram-bot,python-telegram-bot/python-telegram-bot,swebench_live_full,python-telegram-bot__python-telegram-bot-4626,4626,e4b0f8cb640439ac8d49ee2072a0d8147f7623f2,2024-12-31 10:39:03+00:00,starryzhang/sweb.eval.x86_64.python-telegram-bot_1776_python-telegram-bot-4626,2,multi,72,1,1.0,6
python-telegram-bot/python-telegram-bot,python-telegram-bot/python-telegram-bot,swebench_live_full,python-telegram-bot__python-telegram-bot-4151,4151,c0716dd34483b302a9c290d4e61b96a7ee941567,2024-03-10 19:19:25+00:00,starryzhang/sweb.eval.x86_64.python-telegram-bot_1776_python-telegram-bot-4151,6,multi,164,0,3.0,7
python-telegram-bot/python-telegram-bot,python-telegram-bot/python-telegram-bot,swebench_live_full,python-telegram-bot__python-telegram-bot-4632,4632,dd592cdd7c6059f80fa7362b7f6fc7e79fc878c7,2025-01-01 16:25:48+00:00,starryzhang/sweb.eval.x86_64.python-telegram-bot_1776_python-telegram-bot-4632,4,multi,144,0,8.0,8
python-telegram-bot/python-telegram-bot,python-telegram-bot/python-telegram-bot,swebench_live_full,python-telegram-bot__python-telegram-bot-4290,4290,cf728496e4ffb9b9f9aaa4c3518d9f8898d2b4d9,2024-06-02 18:43:26+00:00,starryzhang/sweb.eval.x86_64.python-telegram-bot_1776_python-telegram-bot-4290,1,single,37,0,6.0,9
python-telegram-bot/python-telegram-bot,python-telegram-bot/python-telegram-bot,swebench_live_full,python-telegram-bot__python-telegram-bot-4802,4802,89556d02e36f3a9647cf480fe117647b5749f4be,2025-05-25 18:13:17+00:00,starryzhang/sweb.eval.x86_64.python-telegram-bot_1776_python-telegram-bot-4802,1,single,50,0,6.0,10
python-telegram-bot/python-telegram-bot,python-telegram-bot/python-telegram-bot,swebench_live_full,python-telegram-bot__python-telegram-bot-4613,4613,679d03897951eaeb0de6ae45894bbe08ad204c5a,2024-12-29 12:53:52+00:00,starryzhang/sweb.eval.x86_64.python-telegram-bot_1776_python-telegram-bot-4613,1,single,34,0,4.0,11
python-telegram-bot/python-telegram-bot,python-telegram-bot/python-telegram-bot,swebench_live_full,python-telegram-bot__python-telegram-bot-4365,4365,71e4015e2271964ca9d2353adfa85928f4241d11,2024-07-09 16:41:34+00:00,starryzhang/sweb.eval.x86_64.python-telegram-bot_1776_python-telegram-bot-4365,1,single,16,0,1.0,12
python-telegram-bot/python-telegram-bot,python-telegram-bot/python-telegram-bot,swebench_live_full,python-telegram-bot__python-telegram-bot-4161,4161,8a542e22a0c32d7122c4735004ca51bc072ef313,2024-03-16 11:23:36+00:00,starryzhang/sweb.eval.x86_64.python-telegram-bot_1776_python-telegram-bot-4161,3,multi,52,0,8.0,13
python/mypy,python/mypy,swebench_live_full,python__mypy-18966,18966,b62957b992ec1da37c42ad37e8ed23fc51644b3e,2025-04-25 00:54:46+00:00,starryzhang/sweb.eval.x86_64.python_1776_mypy-18966,5,multi,23,0,1.0,1
python/mypy,python/mypy,swebench_live_full,python__mypy-19767,19767,bf70dab2d09b61048a8b720e33efae18281a3313,2025-08-31 12:59:36+00:00,starryzhang/sweb.eval.x86_64.python_1776_mypy-19767,2,multi,56,0,3.0,2
python/mypy,python/mypy,swebench_live_full,python__mypy-19097,19097,644a20cebc89fcc06dca41099e217d474f2e1aba,2025-05-16 15:00:12+00:00,starryzhang/sweb.eval.x86_64.python_1776_mypy-19097,1,single,10,0,2.0,3
python/mypy,python/mypy,swebench_live_full,python__mypy-19216,19216,1f339c035aaafd618ee3f78b638d0929b2f3e470,2025-06-03 15:32:33+00:00,starryzhang/sweb.eval.x86_64.python_1776_mypy-19216,1,single,4,0,1.0,4
python/mypy,python/mypy,swebench_live_full,python__mypy-19592,19592,64dff4273d7b7140d66fe947b598005be3fd0a9c,2025-08-04 23:22:05+00:00,starryzhang/sweb.eval.x86_64.python_1776_mypy-19592,1,single,24,0,1.0,5
python/mypy,python/mypy,swebench_live_full,python__mypy-19648,19648,5a786075d8c366ee753c62fa36857589023ed561,2025-08-12 17:49:26+00:00,starryzhang/sweb.eval.x86_64.python_1776_mypy-19648,1,single,4,0,1.0,6
python/mypy,python/mypy,swebench_live_full,python__mypy-19249,19249,8241059c14f99ad750ae3ac0de6a4795bf990f61,2025-06-07 18:43:54+00:00,starryzhang/sweb.eval.x86_64.python_1776_mypy-19249,1,single,14,0,1.0,7
python/mypy,python/mypy,swebench_live_full,python__mypy-19190,19190,68233f6ff328f35c7ac26a7efdd325ae1248468b,2025-06-01 00:19:12+00:00,starryzhang/sweb.eval.x86_64.python_1776_mypy-19190,1,single,2,0,1.0,8
python/mypy,python/mypy,swebench_live_full,python__mypy-19615,19615,a3eb219fb9a1c4d700b897ebd5e0ba95d2846c35,2025-08-08 13:44:18+00:00,starryzhang/sweb.eval.x86_64.python_1776_mypy-19615,7,multi,80,0,5.0,9
python/mypy,python/mypy,swebench_live_full,python__mypy-19705,19705,abd9424039fd7b1f7da6b5c143a27c5b682371ee,2025-08-21 09:55:18+00:00,starryzhang/sweb.eval.x86_64.python_1776_mypy-19705,2,multi,7,0,5.0,10
python/mypy,python/mypy,swebench_live_full,python__mypy-19577,19577,5b28b62d9f87ac72e8dd5b65cf2cb9fa84fa4be5,2025-08-03 03:24:12+00:00,starryzhang/sweb.eval.x86_64.python_1776_mypy-19577,1,single,43,0,4.0,11
python/mypy,python/mypy,swebench_live_full,python__mypy-19573,19573,e8147f2bdcd8899109fe1a9cffc770c436de95dc,2025-08-02 18:49:08+00:00,starryzhang/sweb.eval.x86_64.python_1776_mypy-19573,1,single,7,0,3.0,12
python/mypy,python/mypy,swebench_live_full,python__mypy-19290,19290,ed88d823f1fd2c572d8600d2c461bff1a86237c1,2025-06-13 13:24:50+00:00,starryzhang/sweb.eval.x86_64.python_1776_mypy-19290,2,multi,13,0,15.0,13
python/mypy,python/mypy,swebench_live_full,python__mypy-19718,19718,116b92bae7b5dbf5e6bd36fd9b0c6804973e5554,2025-08-23 21:55:37+00:00,starryzhang/sweb.eval.x86_64.python_1776_mypy-19718,3,multi,31,0,1.0,14
pytorch/ignite,pytorch/ignite,swerebench_filtered,pytorch__ignite-1320,1320,540b8148dd95ecc0700d3b1967a623a2d5ed5ae1,2020-09-24 13:12:32+00:00,swerebench/sweb.eval.x86_64.pytorch_1776_ignite-1320,1,single,25,0,2.0,1
pytorch/ignite,pytorch/ignite,swerebench_filtered,pytorch__ignite-2027,2027,dce97dfeacf1516e78b1cd9c6a37e57a1228ceed,2021-06-02 20:09:20+00:00,swerebench/sweb.eval.x86_64.pytorch_1776_ignite-2027,1,single,45,0,3.0,2
pytorch/ignite,pytorch/ignite,swerebench_filtered,pytorch__ignite-1880,1880,38db5c522d363c10d9cc50bb730ba58f2014fb0f,2021-03-26 09:45:53+00:00,swerebench/sweb.eval.x86_64.pytorch_1776_ignite-1880,1,single,5,0,1.0,3
pytorch/ignite,pytorch/ignite,swerebench_filtered,pytorch__ignite-873,873,7655a598271121ddcefdea2b5a5fca889437d5fc,2020-04-02 22:28:40+00:00,swerebench/sweb.eval.x86_64.pytorch_1776_ignite-873,2,multi,35,0,19.0,4
pytorch/ignite,pytorch/ignite,swerebench_filtered,pytorch__ignite-572,572,4d13db280cf82e4c7ae5f5253f7871c9c57e4b53,2019-08-02 12:40:55+00:00,swerebench/sweb.eval.x86_64.pytorch_1776_ignite-572,1,single,52,0,1.0,5
pytorch/ignite,pytorch/ignite,swerebench_filtered,pytorch__ignite-1027,1027,a4c229d615d0aa975fc15e58018ef9c5736ab1df,2020-05-10 20:19:33+00:00,swerebench/sweb.eval.x86_64.pytorch_1776_ignite-1027,1,single,181,0,1.0,6
pytorch/ignite,pytorch/ignite,swerebench_filtered,pytorch__ignite-1597,1597,02030d5b614311e167c4ca3ff38d6fc1f09d9ffd,2021-02-01 10:02:46+00:00,swerebench/sweb.eval.x86_64.pytorch_1776_ignite-1597,1,single,12,0,1.0,7
pytorch/ignite,pytorch/ignite,swerebench_filtered,pytorch__ignite-919,919,d62c4e930c5400905ddda4cfa69c1897e2e7ef40,2020-04-14 12:23:49+00:00,swerebench/sweb.eval.x86_64.pytorch_1776_ignite-919,1,single,17,0,1.0,8
pytorch/ignite,pytorch/ignite,swerebench_filtered,pytorch__ignite-385,385,0ea52729740ddd5e2da543527232ad23b0c9c97f,2018-12-26 23:41:01+00:00,swerebench/sweb.eval.x86_64.pytorch_1776_ignite-385,1,single,31,0,1.0,9
pytorch/ignite,pytorch/ignite,swerebench_filtered,pytorch__ignite-1423,1423,52288468c3a580def73080e25a567bac51893300,2020-10-30 17:27:34+00:00,swerebench/sweb.eval.x86_64.pytorch_1776_ignite-1423,1,single,20,0,1.0,10
pytorch/ignite,pytorch/ignite,swerebench_filtered,pytorch__ignite-772,772,f996ebda8320c823c90fed2f16f0b7e0218ae028,2020-02-09 15:11:49+00:00,swerebench/sweb.eval.x86_64.pytorch_1776_ignite-772,1,single,11,0,1.0,11
pytorch/ignite,pytorch/ignite,swerebench_filtered,pytorch__ignite-859,859,d48588f7972daf7d6d8e4dd91295c5f406e980d1,2020-03-29 15:30:19+00:00,swerebench/sweb.eval.x86_64.pytorch_1776_ignite-859,1,single,8,0,1.0,12
pytorch/ignite,pytorch/ignite,swerebench_filtered,pytorch__ignite-758,758,08ec3286dc9b8c24f618942f9834b8d16fe8715d,2020-01-31 10:14:43+00:00,swerebench/sweb.eval.x86_64.pytorch_1776_ignite-758,1,single,12,0,2.0,13
pytorch/ignite,pytorch/ignite,swerebench_filtered,pytorch__ignite-461,461,81ba5b36de92453422a43252b604a335059fcedd,2019-03-20 21:01:13+00:00,swerebench/sweb.eval.x86_64.pytorch_1776_ignite-461,1,single,6,0,1.0,14
pytorch/ignite,pytorch/ignite,swerebench_filtered,pytorch__ignite-976,976,ad4b8a5d94166cfe23d91666a82bc86df81caba5,2020-04-25 01:03:07+00:00,swerebench/sweb.eval.x86_64.pytorch_1776_ignite-976,1,single,17,0,2.0,15
pytorch/ignite,pytorch/ignite,swerebench_filtered,pytorch__ignite-703,703,d5c10ce69b16919f1fc45c79d9faddcc6f864b82,2020-01-15 14:05:28+00:00,swerebench/sweb.eval.x86_64.pytorch_1776_ignite-703,1,single,16,0,1.0,16
pytorch/ignite,pytorch/ignite,swerebench_filtered,pytorch__ignite-799,799,51c113023dd7f3933aa2d03687dd838ad11c7e7b,2020-02-19 17:40:30+00:00,swerebench/sweb.eval.x86_64.pytorch_1776_ignite-799,1,single,6,0,1.0,17
pytorch/ignite,pytorch/ignite,swerebench_filtered,pytorch__ignite-281,281,a582e2d5a1317d96889d17aa0fd11790a376e22b,2018-09-29 01:42:54+00:00,swerebench/sweb.eval.x86_64.pytorch_1776_ignite-281,1,single,24,0,1.0,18
pytorch/ignite,pytorch/ignite,swerebench_filtered,pytorch__ignite-1155,1155,3827412dab234d289211ef3fc896aebbb29bfc71,2020-06-23 16:07:45+00:00,swerebench/sweb.eval.x86_64.pytorch_1776_ignite-1155,1,single,9,0,1.0,19
pytorch/ignite,pytorch/ignite,swerebench_filtered,pytorch__ignite-1333,1333,51d3e3e54ee042b5ef1b73a489aabe4b75968411,2020-09-28 20:46:32+00:00,swerebench/sweb.eval.x86_64.pytorch_1776_ignite-1333,2,multi,20,0,1.0,20
pytorch/torchtune,pytorch/torchtune,swebench_live_full,pytorch__torchtune-1778,1778,89f21c28c2a2f37fd5ebace65d3f63a5497d8ae6,2024-10-09 10:33:23+00:00,starryzhang/sweb.eval.x86_64.pytorch_1776_torchtune-1778,1,single,6,0,2.0,1
pytorch/torchtune,pytorch/torchtune,swebench_live_full,pytorch__torchtune-1368,1368,3c580fc0cd831043b5e1d8d9c0af60e67966136c,2024-08-19 20:01:41+00:00,starryzhang/sweb.eval.x86_64.pytorch_1776_torchtune-1368,1,single,82,0,6.0,2
pytorch/torchtune,pytorch/torchtune,swebench_live_full,pytorch__torchtune-997,997,f35e5d6a840e1aeadefa92e87fd331c4798a0022,2024-05-17 09:43:33+00:00,starryzhang/sweb.eval.x86_64.pytorch_1776_torchtune-997,1,single,8,0,6.0,3
pytorch/torchtune,pytorch/torchtune,swebench_live_full,pytorch__torchtune-1477,1477,069bc4dcd9e7d6795efd042dbc64d145e8a785d3,2024-09-03 18:19:10+00:00,starryzhang/sweb.eval.x86_64.pytorch_1776_torchtune-1477,1,single,6,0,1.0,4
pytorch/torchtune,pytorch/torchtune,swebench_live_full,pytorch__torchtune-2139,2139,f2bd4bc25b24587aef40f486087412b9da8f1d94,2024-12-10 06:13:58+00:00,starryzhang/sweb.eval.x86_64.pytorch_1776_torchtune-2139,10,multi,97,0,1.0,5
pytorch/torchtune,pytorch/torchtune,swebench_live_full,pytorch__torchtune-1806,1806,c5b738681ef0c2541344aff1063e5f85720b3c1f,2024-10-11 09:36:07+00:00,starryzhang/sweb.eval.x86_64.pytorch_1776_torchtune-1806,4,multi,21,0,2.0,6
pytorch/torchtune,pytorch/torchtune,swebench_live_full,pytorch__torchtune-2110,2110,e9b9ea568e169aea13ae2d03c0eb92ee241f47a1,2024-12-04 12:30:11+00:00,starryzhang/sweb.eval.x86_64.pytorch_1776_torchtune-2110,1,single,14,0,1.0,7
pytorch/torchtune,pytorch/torchtune,swebench_live_full,pytorch__torchtune-1697,1697,3fddc56942846220b39945559f4b5e695873bb43,2024-09-26 20:40:39+00:00,starryzhang/sweb.eval.x86_64.pytorch_1776_torchtune-1697,1,single,17,0,8.0,8
pytorch/torchtune,pytorch/torchtune,swebench_live_full,pytorch__torchtune-2342,2342,059cad9c1c0b684ec095634992468eca18bbd395,2025-02-04 18:21:36+00:00,starryzhang/sweb.eval.x86_64.pytorch_1776_torchtune-2342,2,multi,12,0,3.0,9
pytorch/torchtune,pytorch/torchtune,swebench_live_full,pytorch__torchtune-2560,2560,84aea68d90ff5f8e65af33fd004e7b84424bc712,2025-04-04 18:41:16+00:00,starryzhang/sweb.eval.x86_64.pytorch_1776_torchtune-2560,3,multi,12,0,5.0,10
pytorch/torchtune,pytorch/torchtune,swebench_live_full,pytorch__torchtune-1832,1832,4107cc489eba9c25a1ddbfd1314be4a3a80de197,2024-10-14 19:24:35+00:00,starryzhang/sweb.eval.x86_64.pytorch_1776_torchtune-1832,1,single,18,0,1.0,11
pytorch/torchtune,pytorch/torchtune,swebench_live_full,pytorch__torchtune-293,293,ae484c946c1c1f37982484908c55feb4322786ff,2024-02-02 01:37:11+00:00,starryzhang/sweb.eval.x86_64.pytorch_1776_torchtune-293,2,multi,8,0,2.0,12
pyvista/pyvista,pyvista/pyvista,swerebench_filtered,pyvista__pyvista-6170,6170,ebed4e8e0ed6b0af882c5d75a9d164846c8589f7,2024-05-31 19:09:23+00:00,swerebench/sweb.eval.x86_64.pyvista_1776_pyvista-6170,2,multi,27,0,1.0,1
pyvista/pyvista,pyvista/pyvista,swerebench_filtered,pyvista__pyvista-7040,7040,9437248deb4600eaaedbd6c2796f9d3d8ff95167,2024-12-31 16:30:25+00:00,swerebench/sweb.eval.x86_64.pyvista_1776_pyvista-7040,4,multi,41,0,10.0,2
pyvista/pyvista,pyvista/pyvista,swerebench_filtered,pyvista__pyvista-1374,1374,b4d40d762f8deb79be874a1f132d5bb0e66235db,2021-06-11 15:48:12+00:00,swerebench/sweb.eval.x86_64.pyvista_1776_pyvista-1374,1,single,5,0,1.0,3
pyvista/pyvista,pyvista/pyvista,swerebench_filtered,pyvista__pyvista-5767,5767,c292624166385b4986e3ca85284a31eeac36bee6,2024-03-12 19:14:20+00:00,swerebench/sweb.eval.x86_64.pyvista_1776_pyvista-5767,1,single,8,0,1.0,4
pyvista/pyvista,pyvista/pyvista,swerebench_filtered,pyvista__pyvista-7455,7455,a7269d5477de1687f92b79d55ab10694c13c0410,2025-04-25 18:16:29+00:00,swerebench/sweb.eval.x86_64.pyvista_1776_pyvista-7455,1,single,10,0,4.0,5
pyvista/pyvista,pyvista/pyvista,swerebench_filtered,pyvista__pyvista-4315,4315,db6ee8dd4a747b8864caae36c5d05883976a3ae5,2023-04-21 13:47:31+00:00,swerebench/sweb.eval.x86_64.pyvista_1776_pyvista-4315,1,single,21,0,1.0,6
pyvista/pyvista,pyvista/pyvista,swerebench_filtered,pyvista__pyvista-6525,6525,1e485f56c02e409fa71ea8acf0c495008cd43a7f,2024-08-17 14:03:31+00:00,swerebench/sweb.eval.x86_64.pyvista_1776_pyvista-6525,1,single,4,0,5.0,7
pyvista/pyvista,pyvista/pyvista,swerebench_filtered,pyvista__pyvista-5569,5569,26fdd5ea20691d9e4329c6a03c8461e6bb812b54,2024-02-03 03:54:00+00:00,swerebench/sweb.eval.x86_64.pyvista_1776_pyvista-5569,1,single,2,0,1.0,8
pyvista/pyvista,pyvista/pyvista,swerebench_filtered,pyvista__pyvista-5192,5192,673600daf5c1a4633b1750fb0849f77733dfe48a,2023-11-14 01:57:17+00:00,swerebench/sweb.eval.x86_64.pyvista_1776_pyvista-5192,3,multi,114,0,1.0,9
pyvista/pyvista,pyvista/pyvista,swerebench_filtered,pyvista__pyvista-4311,4311,db6ee8dd4a747b8864caae36c5d05883976a3ae5,2023-04-20 18:23:33+00:00,swerebench/sweb.eval.x86_64.pyvista_1776_pyvista-4311,3,multi,59,0,3.0,10
pyvista/pyvista,pyvista/pyvista,swerebench_filtered,pyvista__pyvista-6528,6528,adc548ab5bd7e38447b1524302f7534d515b8456,2024-08-17 20:25:49+00:00,swerebench/sweb.eval.x86_64.pyvista_1776_pyvista-6528,1,single,86,0,1.0,11
pyvista/pyvista,pyvista/pyvista,swerebench_filtered,pyvista__pyvista-5246,5246,2335614927c201f2f1b1753d7b959b50abe040db,2023-11-29 18:00:59+00:00,swerebench/sweb.eval.x86_64.pyvista_1776_pyvista-5246,1,single,14,0,1.0,12
pyvista/pyvista,pyvista/pyvista,swerebench_filtered,pyvista__pyvista-4782,4782,5cd232d8359dae5b04cbfafb5e4a07e220636fce,2023-08-16 15:03:31+00:00,swerebench/sweb.eval.x86_64.pyvista_1776_pyvista-4782,2,multi,39,0,2.0,13
pyvista/pyvista,pyvista/pyvista,swerebench_filtered,pyvista__pyvista-6060,6060,3e9a19df9185814aee05ba06412e789408cfb1f7,2024-05-09 06:25:51+00:00,swerebench/sweb.eval.x86_64.pyvista_1776_pyvista-6060,1,single,6,0,1.0,14
pyvista/pyvista,pyvista/pyvista,swerebench_filtered,pyvista__pyvista-3710,3710,846f1834f7428acff9395ef4b8a3bd39b42c99e6,2022-12-12 14:53:20+00:00,swerebench/sweb.eval.x86_64.pyvista_1776_pyvista-3710,2,multi,29,0,1.0,15
pyvista/pyvista,pyvista/pyvista,swerebench_filtered,pyvista__pyvista-7258,7258,91711e56edc0ccf561e9188376783530864d7f13,2025-02-28 07:19:19+00:00,swerebench/sweb.eval.x86_64.pyvista_1776_pyvista-7258,1,single,23,0,2.0,16
pyvista/pyvista,pyvista/pyvista,swerebench_filtered,pyvista__pyvista-6541,6541,89b855e37b5971ee728bf5150fae8f118997c068,2024-08-19 18:19:12+00:00,swerebench/sweb.eval.x86_64.pyvista_1776_pyvista-6541,1,single,4,0,1.0,17
pyvista/pyvista,pyvista/pyvista,swerebench_filtered,pyvista__pyvista-6517,6517,9ad8ddc23557eafdd74b7684ffad5d8b497e59eb,2024-08-16 16:51:39+00:00,swerebench/sweb.eval.x86_64.pyvista_1776_pyvista-6517,1,single,65,0,2.0,18
pyvista/pyvista,pyvista/pyvista,swerebench_filtered,pyvista__pyvista-1553,1553,1e82020eff67c0ce2530747421b1d71ec747973e,2021-07-31 22:11:37+00:00,swerebench/sweb.eval.x86_64.pyvista_1776_pyvista-1553,1,single,24,0,1.0,19
pyvista/pyvista,pyvista/pyvista,swerebench_filtered,pyvista__pyvista-6127,6127,9d162b26c26b7708d80ef505f403b7dc10e070c6,2024-05-27 21:36:54+00:00,swerebench/sweb.eval.x86_64.pyvista_1776_pyvista-6127,1,single,27,0,1.0,20
RDFLib/rdflib,rdflib/rdflib,swerebench_filtered,RDFLib__rdflib-1117,1117,c050f27dd8ad19dd16c57a33e679ebe20834e47c,2020-06-12 20:54:44+00:00,swerebench/sweb.eval.x86_64.rdflib_1776_rdflib-1117,1,single,7,0,2.0,1
RDFLib/rdflib,rdflib/rdflib,swerebench_filtered,RDFLib__rdflib-1258,1258,a8d435bb341b380b5d04b20f2a6b9beedcfbaac3,2021-02-19 02:09:38+00:00,swerebench/sweb.eval.x86_64.rdflib_1776_rdflib-1258,1,single,7,0,1.0,2
RDFLib/rdflib,rdflib/rdflib,swerebench_filtered,RDFLib__rdflib-2112,2112,bcd05e93c0325854b2c44447996cb4bf91cc830c,2022-09-09 16:03:39+00:00,swerebench/sweb.eval.x86_64.rdflib_1776_rdflib-2112,1,single,2,0,1.0,3
RDFLib/rdflib,rdflib/rdflib,swerebench_filtered,RDFLib__rdflib-1335,1335,d507fdac93be2ec3e35882e3efaa5e7c7349fa93,2021-06-03 19:15:47+00:00,swerebench/sweb.eval.x86_64.rdflib_1776_rdflib-1335,1,single,2,0,1.0,4
RDFLib/rdflib,rdflib/rdflib,swerebench_filtered,RDFLib__rdflib-1044,1044,a3245fb1fac921a5d8e07bce80914c42f5399b32,2020-05-10 08:03:56+00:00,swerebench/sweb.eval.x86_64.rdflib_1776_rdflib-1044,1,single,2,0,1.0,5
RDFLib/rdflib,rdflib/rdflib,swerebench_filtered,RDFLib__rdflib-2474,2474,0ea6ca579442219d67ffb1fc7313f05fd16d8d49,2023-07-07 18:38:06+00:00,swerebench/sweb.eval.x86_64.rdflib_1776_rdflib-2474,1,single,9,0,1.0,6
RDFLib/rdflib,rdflib/rdflib,swerebench_filtered,RDFLib__rdflib-1386,1386,038af4547e799845e08986867b24acafcbe72d48,2021-08-05 01:56:13+00:00,swerebench/sweb.eval.x86_64.rdflib_1776_rdflib-1386,2,multi,66,0,1.0,7
RDFLib/rdflib,rdflib/rdflib,swerebench_filtered,RDFLib__rdflib-1054,1054,845c28171626fe312128f63a4e9f2112ad107d6c,2020-05-19 05:57:12+00:00,swerebench/sweb.eval.x86_64.rdflib_1776_rdflib-1054,1,single,3,0,1.0,8
RDFLib/rdflib,rdflib/rdflib,swerebench_filtered,RDFLib__rdflib-2160,2160,8213b7465783e636a394c86fd2387a44523d9c2f,2022-11-18 14:08:25+00:00,swerebench/sweb.eval.x86_64.rdflib_1776_rdflib-2160,1,single,3,0,1.0,9
RDFLib/rdflib,rdflib/rdflib,swerebench_filtered,RDFLib__rdflib-1012,1012,39d07c4a5c9395f1322a269982e69b63cbf4db22,2020-04-17 17:18:04+00:00,swerebench/sweb.eval.x86_64.rdflib_1776_rdflib-1012,2,multi,7,0,2.0,10
RDFLib/rdflib,rdflib/rdflib,swerebench_filtered,RDFLib__rdflib-1456,1456,d9e86c932695d780bcdcdfadda150e4c1bcf72ef,2021-10-28 12:42:40+00:00,swerebench/sweb.eval.x86_64.rdflib_1776_rdflib-1456,1,single,2,0,1.0,11
reflex-dev/reflex,reflex-dev/reflex,swebench_live_full,reflex-dev__reflex-4266,4266,98394ceb8ec40ee75c8f434b751316544cb81ec2,2024-10-30 00:35:33+00:00,starryzhang/sweb.eval.x86_64.reflex-dev_1776_reflex-4266,2,multi,4,0,6.0,1
reflex-dev/reflex,reflex-dev/reflex,swebench_live_full,reflex-dev__reflex-3037,3037,67702e092723a829e70f483e68f86c08213543f6,2024-04-08 11:31:16+00:00,starryzhang/sweb.eval.x86_64.reflex-dev_1776_reflex-3037,1,single,5,0,1.0,2
reflex-dev/reflex,reflex-dev/reflex,swebench_live_full,reflex-dev__reflex-3006,3006,bf0ebb8d09289a398f891964c53903f6a471d49d,2024-04-04 15:33:02+00:00,starryzhang/sweb.eval.x86_64.reflex-dev_1776_reflex-3006,6,multi,105,0,5.0,3
reflex-dev/reflex,reflex-dev/reflex,swebench_live_full,reflex-dev__reflex-4129,4129,5e3cfecdeab4182e4a405e94fb2d78f7b70eb16a,2024-10-08 18:31:47+00:00,starryzhang/sweb.eval.x86_64.reflex-dev_1776_reflex-4129,3,multi,61,1,1.0,4
reflex-dev/reflex,reflex-dev/reflex,swebench_live_full,reflex-dev__reflex-2985,2985,9504700777fd067cc2bb73c66b62ce8f06955970,2024-04-02 13:45:14+00:00,starryzhang/sweb.eval.x86_64.reflex-dev_1776_reflex-2985,1,single,4,0,1.0,5
reflex-dev/reflex,reflex-dev/reflex,swebench_live_full,reflex-dev__reflex-2439,2439,84858854ae2bc4a5b3b136e04b65b44fef26ebab,2024-01-23 13:07:47+00:00,starryzhang/sweb.eval.x86_64.reflex-dev_1776_reflex-2439,5,multi,122,0,21.0,6
reflex-dev/reflex,reflex-dev/reflex,swebench_live_full,reflex-dev__reflex-4958,4958,c32f1a8f09923b8a22641755fd9e43aba35368be,2025-03-12 22:53:05+00:00,starryzhang/sweb.eval.x86_64.reflex-dev_1776_reflex-4958,2,multi,78,0,5.0,7
reflex-dev/reflex,reflex-dev/reflex,swebench_live_full,reflex-dev__reflex-4720,4720,3cb44431288dd143bed6ba67e9b13afc2cde1aa9,2025-01-30 20:09:41+00:00,starryzhang/sweb.eval.x86_64.reflex-dev_1776_reflex-4720,3,multi,21,1,8.0,8
reflex-dev/reflex,reflex-dev/reflex,swebench_live_full,reflex-dev__reflex-3160,3160,cd1a30d75856a32d2a01912dad575fa8c88a1674,2024-04-24 20:42:04+00:00,starryzhang/sweb.eval.x86_64.reflex-dev_1776_reflex-3160,1,single,15,0,5.0,9
reflex-dev/reflex,reflex-dev/reflex,swebench_live_full,reflex-dev__reflex-4427,4427,000938414f46aeaff20256e63d84c96612ae014d,2024-11-23 00:40:22+00:00,starryzhang/sweb.eval.x86_64.reflex-dev_1776_reflex-4427,1,single,8,0,2.0,10
reflex-dev/reflex,reflex-dev/reflex,swebench_live_full,reflex-dev__reflex-3580,3580,8e66c9b3c75282c8439ace67c2c4559311b51a27,2024-06-27 19:33:52+00:00,starryzhang/sweb.eval.x86_64.reflex-dev_1776_reflex-3580,1,single,9,0,1.0,11
reflex-dev/reflex,reflex-dev/reflex,swebench_live_full,reflex-dev__reflex-4620,4620,427d7c56abe33a300f211680edd22b90c6981ef7,2025-01-10 18:46:11+00:00,starryzhang/sweb.eval.x86_64.reflex-dev_1776_reflex-4620,1,single,23,0,1.0,12
reflex-dev/reflex,reflex-dev/reflex,swebench_live_full,reflex-dev__reflex-4205,4205,3eab2b6e7d8dab972b9e5714a845777d664e7ecb,2024-10-20 16:56:53+00:00,starryzhang/sweb.eval.x86_64.reflex-dev_1776_reflex-4205,1,single,69,0,1.0,13
reflex-dev/reflex,reflex-dev/reflex,swebench_live_full,reflex-dev__reflex-4230,4230,3eab2b6e7d8dab972b9e5714a845777d664e7ecb,2024-10-23 20:45:37+00:00,starryzhang/sweb.eval.x86_64.reflex-dev_1776_reflex-4230,1,single,8,0,1.0,14
reflex-dev/reflex,reflex-dev/reflex,swebench_live_full,reflex-dev__reflex-2936,2936,012151132e612475fc1a1298fc8aea5fbb6264fe,2024-03-26 22:45:49+00:00,starryzhang/sweb.eval.x86_64.reflex-dev_1776_reflex-2936,1,single,24,0,2.0,15
reflex-dev/reflex,reflex-dev/reflex,swebench_live_full,reflex-dev__reflex-2617,2617,dec777485fa3bfc32e4b544193d5ff1d271518bf,2024-02-15 00:49:06+00:00,starryzhang/sweb.eval.x86_64.reflex-dev_1776_reflex-2617,1,single,4,0,1.0,16
reflex-dev/reflex,reflex-dev/reflex,swebench_live_full,reflex-dev__reflex-3696,3696,ea016314b0fa7442137701bf6be9be01d0d88c35,2024-07-22 20:47:07+00:00,starryzhang/sweb.eval.x86_64.reflex-dev_1776_reflex-3696,1,single,66,0,1.0,17
reflex-dev/reflex,reflex-dev/reflex,swebench_live_full,reflex-dev__reflex-3179,3179,8bb736111aab2e8e831cdd8b2c88a6e881335a28,2024-04-28 10:07:25+00:00,starryzhang/sweb.eval.x86_64.reflex-dev_1776_reflex-3179,1,single,23,0,13.0,18
reflex-dev/reflex,reflex-dev/reflex,swebench_live_full,reflex-dev__reflex-2350,2350,accaf6dc528db25a420e8d76de5d8839854b8dad,2024-01-02 20:14:08+00:00,starryzhang/sweb.eval.x86_64.reflex-dev_1776_reflex-2350,1,single,6,0,1.0,19
reflex-dev/reflex,reflex-dev/reflex,swebench_live_full,reflex-dev__reflex-3842,3842,43d79d3a2428122bf0284ce7f23fb3773a048a9f,2024-08-27 00:56:42+00:00,starryzhang/sweb.eval.x86_64.reflex-dev_1776_reflex-3842,1,single,23,0,2.0,20
reframe-hpc/reframe,reframe-hpc/reframe,swerebench_filtered,reframe-hpc__reframe-3449,3449,fcede1ac2d35d060aa4440d5559fb8d35c23ca01,2025-04-02 22:01:52+00:00,swerebench/sweb.eval.x86_64.reframe-hpc_1776_reframe-3449,1,single,10,0,1.0,1
reframe-hpc/reframe,reframe-hpc/reframe,swerebench_filtered,reframe-hpc__reframe-3070,3070,67d07ffb791312f858675e1afe302e5e7fccf5c3,2023-12-04 21:35:26+00:00,swerebench/sweb.eval.x86_64.reframe-hpc_1776_reframe-3070,1,single,6,0,1.0,2
reframe-hpc/reframe,reframe-hpc/reframe,swerebench_filtered,reframe-hpc__reframe-3262,3262,f63e0408e6315b887e07e6383d306ba37b9c8f1d,2024-09-19 11:49:42+00:00,swerebench/sweb.eval.x86_64.reframe-hpc_1776_reframe-3262,2,multi,22,0,2.0,3
reframe-hpc/reframe,reframe-hpc/reframe,swerebench_filtered,reframe-hpc__reframe-3328,3328,ada1dfcc52075f586a2e27f1198dfc1c493de5cc,2024-11-27 18:08:01+00:00,swerebench/sweb.eval.x86_64.reframe-hpc_1776_reframe-3328,1,single,13,0,1.0,4
reframe-hpc/reframe,reframe-hpc/reframe,swerebench_filtered,reframe-hpc__reframe-3173,3173,50d6de8cda1b4b2bcd215c2e6f920a90ea36b16d,2024-04-26 18:45:39+00:00,swerebench/sweb.eval.x86_64.reframe-hpc_1776_reframe-3173,3,multi,23,0,8.0,5
reframe-hpc/reframe,reframe-hpc/reframe,swerebench_filtered,reframe-hpc__reframe-2999,2999,b7b9e3ec656bbc430f132d9558ae0360ddfeccdf,2023-09-16 21:41:42+00:00,swerebench/sweb.eval.x86_64.reframe-hpc_1776_reframe-2999,1,single,3,0,1.0,6
reframe-hpc/reframe,reframe-hpc/reframe,swerebench_filtered,reframe-hpc__reframe-2656,2656,93de6f4ce259bdbceba478dbc29e6051c9b2e245,2022-11-15 08:55:46+00:00,swerebench/sweb.eval.x86_64.reframe-hpc_1776_reframe-2656,1,single,39,0,1.0,7
reframe-hpc/reframe,reframe-hpc/reframe,swerebench_filtered,reframe-hpc__reframe-2533,2533,1d85917cee54243c047a8d9adc01c90050ca503b,2022-06-08 11:06:27+00:00,swerebench/sweb.eval.x86_64.reframe-hpc_1776_reframe-2533,3,multi,13,0,1.0,8
reframe-hpc/reframe,reframe-hpc/reframe,swerebench_filtered,reframe-hpc__reframe-2613,2613,0cd78028c73c047ed49314e6cf9f00bf0e76458e,2022-09-30 10:14:45+00:00,swerebench/sweb.eval.x86_64.reframe-hpc_1776_reframe-2613,1,single,18,0,9.0,9
reframe-hpc/reframe,reframe-hpc/reframe,swerebench_filtered,reframe-hpc__reframe-2688,2688,32f9e258a22caace2ca7f9fef3b89d6082939b22,2022-11-24 17:03:35+00:00,swerebench/sweb.eval.x86_64.reframe-hpc_1776_reframe-2688,1,single,3,0,1.0,10
reframe-hpc/reframe,reframe-hpc/reframe,swerebench_filtered,reframe-hpc__reframe-3313,3313,da525c16d3a43dd8b330804c71edc359890674d2,2024-11-08 21:50:11+00:00,swerebench/sweb.eval.x86_64.reframe-hpc_1776_reframe-3313,2,multi,69,0,2.0,11
reframe-hpc/reframe,reframe-hpc/reframe,swerebench_filtered,reframe-hpc__reframe-3058,3058,20a1a5e6a9c1fcc5a7b5bcfb202e9d1d2dcdd86a,2023-11-30 22:11:11+00:00,swerebench/sweb.eval.x86_64.reframe-hpc_1776_reframe-3058,1,single,6,0,2.0,12
reframe-hpc/reframe,reframe-hpc/reframe,swerebench_filtered,reframe-hpc__reframe-2581,2581,0d2c11214c914584c754afffac360bfd3c3383f8,2022-08-30 13:26:58+00:00,swerebench/sweb.eval.x86_64.reframe-hpc_1776_reframe-2581,1,single,2,0,4.0,13
reframe-hpc/reframe,reframe-hpc/reframe,swerebench_filtered,reframe-hpc__reframe-3339,3339,925be11f6c01c0f035f9bc8ce9ac5ce3daff2049,2024-12-05 21:09:08+00:00,swerebench/sweb.eval.x86_64.reframe-hpc_1776_reframe-3339,1,single,2,0,1.0,14
repobee/repobee,repobee/repobee,swerebench_filtered,repobee__repobee-428,428,e09f89e67e43e9ee6cd24ace38bbb9313207166d,2020-06-17 12:32:31+00:00,swerebench/sweb.eval.x86_64.repobee_1776_repobee-428,2,multi,13,0,1.0,1
repobee/repobee,repobee/repobee,swerebench_filtered,repobee__repobee-509,509,cbfc528f133d099530a7ad51975843226c4336b8,2020-07-22 13:10:59+00:00,swerebench/sweb.eval.x86_64.repobee_1776_repobee-509,2,multi,54,0,1.0,2
repobee/repobee,repobee/repobee,swerebench_filtered,repobee__repobee-336,336,61345a279882f22c5fd5bc8d2db56516bb08d714,2019-08-20 07:43:25+00:00,swerebench/sweb.eval.x86_64.repobee_1776_repobee-336,1,single,189,0,3.0,3
repobee/repobee,repobee/repobee,swerebench_filtered,repobee__repobee-348,348,b706b5d9a283305d53af92c7a0bf641fcb12126c,2019-08-28 18:44:33+00:00,swerebench/sweb.eval.x86_64.repobee_1776_repobee-348,2,multi,113,0,6.0,4
repobee/repobee,repobee/repobee,swerebench_filtered,repobee__repobee-200,200,2af51ca3028df5676d9a0cc56696666db03a9021,2019-05-23 20:34:26+00:00,swerebench/sweb.eval.x86_64.repobee_1776_repobee-200,1,single,12,0,1.0,5
repobee/repobee,repobee/repobee,swerebench_filtered,repobee__repobee-316,316,a755f0545212c149878c92bb49486dc6b11cff68,2019-07-23 07:51:52+00:00,swerebench/sweb.eval.x86_64.repobee_1776_repobee-316,4,multi,86,0,1.0,6
repobee/repobee,repobee/repobee,swerebench_filtered,repobee__repobee-207,207,56406c954267f04b1cd53b9fd36bb98a5fbc299a,2019-05-29 17:01:56+00:00,swerebench/sweb.eval.x86_64.repobee_1776_repobee-207,1,single,3,0,1.0,7
repobee/repobee,repobee/repobee,swerebench_filtered,repobee__repobee-363,363,47fe1df45f8b1805337090591fa372ae77c9fca2,2019-09-01 07:49:36+00:00,swerebench/sweb.eval.x86_64.repobee_1776_repobee-363,2,multi,124,0,4.0,8
repobee/repobee,repobee/repobee,swerebench_filtered,repobee__repobee-186,186,aa55df0f0e245e67b07938e9aac1f6299064da06,2019-05-08 18:32:15+00:00,swerebench/sweb.eval.x86_64.repobee_1776_repobee-186,2,multi,26,0,1.0,9
repobee/repobee,repobee/repobee,swerebench_filtered,repobee__repobee-202,202,aa6378f691bd96d39bb4f8d307368654a0e065fe,2019-05-27 15:46:35+00:00,swerebench/sweb.eval.x86_64.repobee_1776_repobee-202,3,multi,23,0,3.0,10
repobee/repobee,repobee/repobee,swerebench_filtered,repobee__repobee-174,174,9f90b85a1ff502c64c6dadc8152d792ed95072fa,2019-04-16 21:47:32+00:00,swerebench/sweb.eval.x86_64.repobee_1776_repobee-174,5,multi,127,0,37.0,11
repobee/repobee,repobee/repobee,swerebench_filtered,repobee__repobee-276,276,fd8101a176a3d8e12ff1885ee8e1a51cb2911edd,2019-07-08 11:19:23+00:00,swerebench/sweb.eval.x86_64.repobee_1776_repobee-276,1,single,23,0,2.0,12
repobee/repobee,repobee/repobee,swerebench_filtered,repobee__repobee-330,330,d4323c801702bd37b000f62426c373b593a5ac8c,2019-08-16 07:50:08+00:00,swerebench/sweb.eval.x86_64.repobee_1776_repobee-330,3,multi,123,0,1.0,13
repobee/repobee,repobee/repobee,swerebench_filtered,repobee__repobee-281,281,ee949e194694542a578c122c75923d45d2b5f762,2019-07-09 07:57:05+00:00,swerebench/sweb.eval.x86_64.repobee_1776_repobee-281,2,multi,61,0,18.0,14
repobee/repobee,repobee/repobee,swerebench_filtered,repobee__repobee-457,457,74d7e576978e03e43e3ae0c3639f299a61e8e507,2020-07-07 15:04:01+00:00,swerebench/sweb.eval.x86_64.repobee_1776_repobee-457,2,multi,18,0,8.0,15
scikit-learn/scikit-learn,scikit-learn/scikit-learn,swebench_full,scikit-learn__scikit-learn-15393,15393,37ac3fd1252e4d333bf7bc7dad2010def6d6d0b0,2019-10-29 13:49:11+00:00,swebench/sweb.eval.x86_64.scikit-learn_1776_scikit-learn-15393,1,single,4,0,3.0,1
scikit-learn/scikit-learn,scikit-learn/scikit-learn,swebench_full,scikit-learn__scikit-learn-12471,12471,02dc9ed680e7f53f1b0d410dcdd37341c7958eb1,2018-10-27 10:43:48+00:00,swebench/sweb.eval.x86_64.scikit-learn_1776_scikit-learn-12471,1,single,9,0,1.0,2
scikit-learn/scikit-learn,scikit-learn/scikit-learn,swebench_full,scikit-learn__scikit-learn-15100,15100,af8a6e592a1a15d92d77011856d5aa0ec4db4c6c,2019-09-26 19:21:38+00:00,swebench/sweb.eval.x86_64.scikit-learn_1776_scikit-learn-15100,1,single,9,0,1.0,3
scikit-learn/scikit-learn,scikit-learn/scikit-learn,swebench_full,scikit-learn__scikit-learn-12443,12443,88cdeb85a9303a7b580952b720703a4aca9dc1c0,2018-10-23 17:02:13+00:00,swebench/sweb.eval.x86_64.scikit-learn_1776_scikit-learn-12443,1,single,11,0,2.0,4
scikit-learn/scikit-learn,scikit-learn/scikit-learn,swebench_full,scikit-learn__scikit-learn-10687,10687,69e9111b437084f99011dde6ab8ccc848c8c3783,2018-02-24 16:37:13+00:00,swebench/sweb.eval.x86_64.scikit-learn_1776_scikit-learn-10687,1,single,6,0,1.0,5
scikit-learn/scikit-learn,scikit-learn/scikit-learn,swebench_full,scikit-learn__scikit-learn-11596,11596,51407623e4f491f00e3b465626dd5c4b55860bd0,2018-07-17 15:42:55+00:00,swebench/sweb.eval.x86_64.scikit-learn_1776_scikit-learn-11596,2,multi,124,1,3.0,6
scikit-learn/scikit-learn,scikit-learn/scikit-learn,swebench_full,scikit-learn__scikit-learn-25570,25570,cd25abee0ad0ac95225d4a9be8948eff69f49690,2023-02-08 18:28:21+00:00,swebench/sweb.eval.x86_64.scikit-learn_1776_scikit-learn-25570,1,single,4,0,3.0,7
scikit-learn/scikit-learn,scikit-learn/scikit-learn,swebench_full,scikit-learn__scikit-learn-10306,10306,b90661d6a46aa3619d3eec94d5281f5888add501,2017-12-13 15:10:48+00:00,swebench/sweb.eval.x86_64.scikit-learn_1776_scikit-learn-10306,9,multi,32,0,7.0,8
scikit-learn/scikit-learn,scikit-learn/scikit-learn,swebench_full,scikit-learn__scikit-learn-12989,12989,ff46f6e594efb2bd7adbeba0cf5f26d5cb3a6231,2019-01-16 07:19:16+00:00,swebench/sweb.eval.x86_64.scikit-learn_1776_scikit-learn-12989,1,single,27,0,1.0,9
scikit-learn/scikit-learn,scikit-learn/scikit-learn,swebench_full,scikit-learn__scikit-learn-14806,14806,5cf88db24491112d2b8672f75df22f65a140d167,2019-08-25 17:40:52+00:00,swebench/sweb.eval.x86_64.scikit-learn_1776_scikit-learn-14806,1,single,47,0,9.0,10
scikit-learn/scikit-learn,scikit-learn/scikit-learn,swebench_full,scikit-learn__scikit-learn-25747,25747,2c867b8f822eb7a684f0d5c4359e4426e1c9cfe0,2023-03-02 20:38:47+00:00,swebench/sweb.eval.x86_64.scikit-learn_1776_scikit-learn-25747,1,single,4,0,1.0,11
scikit-learn/scikit-learn,scikit-learn/scikit-learn,swebench_full,scikit-learn__scikit-learn-25370,25370,f45a9071e1ff2bdc044c040959b5387c3d9559c8,2023-01-12 14:13:46+00:00,swebench/sweb.eval.x86_64.scikit-learn_1776_scikit-learn-25370,1,single,2,0,1.0,12
scikit-learn/scikit-learn,scikit-learn/scikit-learn,swebench_full,scikit-learn__scikit-learn-13628,13628,6a3fc959b684e2f4b2fab28b27d5fa4018acb6a3,2019-04-12 14:38:20+00:00,swebench/sweb.eval.x86_64.scikit-learn_1776_scikit-learn-13628,3,multi,66,0,1.0,13
scikit-learn/scikit-learn,scikit-learn/scikit-learn,swebench_full,scikit-learn__scikit-learn-19664,19664,2620a5545a806ee416d9d10e07c2de30cdd9bf20,2021-03-11 17:53:04+00:00,swebench/sweb.eval.x86_64.scikit-learn_1776_scikit-learn-19664,1,single,13,0,50.0,14
scikit-learn/scikit-learn,scikit-learn/scikit-learn,swebench_full,scikit-learn__scikit-learn-10452,10452,3e5469eda719956c076ae8e685ec1183bfd98569,2018-01-11 06:56:51+00:00,swebench/sweb.eval.x86_64.scikit-learn_1776_scikit-learn-10452,1,single,29,0,6.0,15
scikit-learn/scikit-learn,scikit-learn/scikit-learn,swebench_full,scikit-learn__scikit-learn-9274,9274,faa940608befaeca99db501609c6db796739f30f,2017-07-03 22:39:22+00:00,swebench/sweb.eval.x86_64.scikit-learn_1776_scikit-learn-9274,1,single,55,0,3.0,16
scikit-learn/scikit-learn,scikit-learn/scikit-learn,swebench_full,scikit-learn__scikit-learn-25299,25299,d9cfe3f6b1c58dd253dc87cb676ce5171ff1f8a1,2023-01-05 07:16:22+00:00,swebench/sweb.eval.x86_64.scikit-learn_1776_scikit-learn-25299,1,single,20,0,2.0,17
scikit-learn/scikit-learn,scikit-learn/scikit-learn,swebench_full,scikit-learn__scikit-learn-15625,15625,e650a207efc9dd33556b1b9678b043f73a18aecb,2019-11-14 16:30:49+00:00,swebench/sweb.eval.x86_64.scikit-learn_1776_scikit-learn-15625,2,multi,44,0,5.0,18
scikit-learn/scikit-learn,scikit-learn/scikit-learn,swebench_full,scikit-learn__scikit-learn-12583,12583,e8c6cb151cff869cf1b61bddd3c72841318501ab,2018-11-14 11:41:05+00:00,swebench/sweb.eval.x86_64.scikit-learn_1776_scikit-learn-12583,1,single,37,0,8.0,19
scikit-learn/scikit-learn,scikit-learn/scikit-learn,swebench_full,scikit-learn__scikit-learn-23099,23099,42d235924efa64987a19e945035c85414c53d4f0,2022-04-10 13:13:15+00:00,swebench/sweb.eval.x86_64.scikit-learn_1776_scikit-learn-23099,1,single,31,0,13.0,20
scipp/plopp,scipp/plopp,swerebench_filtered,scipp__plopp-371,371,b0792693ded43696a6d0d6611f793da61076a0c4,2024-09-12 15:04:05+00:00,swerebench/sweb.eval.x86_64.scipp_1776_plopp-371,3,multi,111,0,1.0,1
scipp/plopp,scipp/plopp,swerebench_filtered,scipp__plopp-435,435,96bc68d48abb1a420eda6262f0380870b2d36a2b,2025-04-08 20:12:51+00:00,swerebench/sweb.eval.x86_64.scipp_1776_plopp-435,1,single,5,0,6.0,2
scipp/plopp,scipp/plopp,swerebench_filtered,scipp__plopp-173,173,8d50dcd3135f1535045547850bdaa8ab5f6c14be,2023-03-08 16:07:28+00:00,swerebench/sweb.eval.x86_64.scipp_1776_plopp-173,1,single,3,0,1.0,3
scipp/plopp,scipp/plopp,swerebench_filtered,scipp__plopp-387,387,352f1ea6b41b2deb2de512ab1af48b804ee98893,2024-10-30 09:55:59+00:00,swerebench/sweb.eval.x86_64.scipp_1776_plopp-387,2,multi,21,0,6.0,4
scipp/plopp,scipp/plopp,swerebench_filtered,scipp__plopp-445,445,46c48e4084d63c926cee00f1567c86a2e615b8f1,2025-04-25 06:55:57+00:00,swerebench/sweb.eval.x86_64.scipp_1776_plopp-445,1,single,24,0,14.0,5
scipp/plopp,scipp/plopp,swerebench_filtered,scipp__plopp-422,422,239103c412e27e47867033ade0c2aaf07574ef6e,2025-03-10 09:41:34+00:00,swerebench/sweb.eval.x86_64.scipp_1776_plopp-422,1,single,25,0,2.0,6
scipp/plopp,scipp/plopp,swerebench_filtered,scipp__plopp-372,372,5ff1df7cf2938b6f1674658da4d1a517ee9adabe,2024-09-13 13:32:01+00:00,swerebench/sweb.eval.x86_64.scipp_1776_plopp-372,1,single,5,0,1.0,7
scipp/plopp,scipp/plopp,swerebench_filtered,scipp__plopp-154,154,235f95d38d72b903a76bd207400aa181c8d41140,2023-02-08 10:43:15+00:00,swerebench/sweb.eval.x86_64.scipp_1776_plopp-154,3,multi,22,0,3.0,8
scipp/plopp,scipp/plopp,swerebench_filtered,scipp__plopp-99,99,77cf0921d7455123e88d31a5e718798c4fa4d9af,2022-11-24 15:41:56+00:00,swerebench/sweb.eval.x86_64.scipp_1776_plopp-99,2,multi,14,0,4.0,9
scipp/plopp,scipp/plopp,swerebench_filtered,scipp__plopp-428,428,084c47363e896fd06135817bf4bea84bd2f7911c,2025-03-26 15:29:26+00:00,swerebench/sweb.eval.x86_64.scipp_1776_plopp-428,1,single,10,0,4.0,10
scipp/plopp,scipp/plopp,swerebench_filtered,scipp__plopp-108,108,c0fb9d6c12e887050c10adec4839c0ca11141a08,2022-12-06 15:07:18+00:00,swerebench/sweb.eval.x86_64.scipp_1776_plopp-108,1,single,29,0,3.0,11
scipp/plopp,scipp/plopp,swerebench_filtered,scipp__plopp-375,375,fae6e2a86c873d8b260f0098280c4cc644085267,2024-09-16 11:02:23+00:00,swerebench/sweb.eval.x86_64.scipp_1776_plopp-375,1,single,29,0,2.0,12
scipp/plopp,scipp/plopp,swerebench_filtered,scipp__plopp-250,250,ce3bf7908351dfb1bacf2ceb85b9c365fb23f7ed,2023-09-12 20:23:44+00:00,swerebench/sweb.eval.x86_64.scipp_1776_plopp-250,1,single,34,0,5.0,13
scipp/plopp,scipp/plopp,swerebench_filtered,scipp__plopp-373,373,1652b00f84f37eeb5b9c25f11378bae1bf31a41d,2024-09-13 13:55:04+00:00,swerebench/sweb.eval.x86_64.scipp_1776_plopp-373,4,multi,12,0,1.0,14
scipp/plopp,scipp/plopp,swerebench_filtered,scipp__plopp-437,437,5810660ed35a509c6d7d32cdf8cb56a6b9dd7f32,2025-04-09 14:16:42+00:00,swerebench/sweb.eval.x86_64.scipp_1776_plopp-437,2,multi,32,0,6.0,15
scipp/plopp,scipp/plopp,swerebench_filtered,scipp__plopp-151,151,df3a5f224ede8bd257882417f8e4a8c90d0a8be2,2023-02-02 14:24:49+00:00,swerebench/sweb.eval.x86_64.scipp_1776_plopp-151,2,multi,185,0,1.0,16
scipp/plopp,scipp/plopp,swerebench_filtered,scipp__plopp-126,126,ee4cac6caf12d8d9db219183bebf0057425a3e84,2022-12-19 12:05:48+00:00,swerebench/sweb.eval.x86_64.scipp_1776_plopp-126,1,single,2,0,1.0,17
scipp/plopp,scipp/plopp,swerebench_filtered,scipp__plopp-249,249,5cbb9610ce1505b8dfb6678b686052f7755051db,2023-09-12 13:25:58+00:00,swerebench/sweb.eval.x86_64.scipp_1776_plopp-249,1,single,4,0,1.0,18
scipp/plopp,scipp/plopp,swerebench_filtered,scipp__plopp-35,35,b005b5278bd6ae7c2c925aded5f0bd1a48e6c476,2022-10-05 16:34:40+00:00,swerebench/sweb.eval.x86_64.scipp_1776_plopp-35,2,multi,15,0,1.0,19
scrapy/scrapy,scrapy/scrapy,swerebench_filtered,scrapy__scrapy-6349,6349,4300a1d240c7c2c21a4ef0c1c60c3d844493e516,2024-05-08 18:52:24+00:00,swerebench/sweb.eval.x86_64.scrapy_1776_scrapy-6349,2,multi,15,0,1.0,1
scrapy/scrapy,scrapy/scrapy,swerebench_filtered,scrapy__scrapy-2564,2564,afac3fd2c28ac5b16e7e3c95fca5acd1334f8c58,2017-02-14 15:22:22+00:00,swerebench/sweb.eval.x86_64.scrapy_1776_scrapy-2564,2,multi,26,0,1.0,2
scrapy/scrapy,scrapy/scrapy,swerebench_filtered,scrapy__scrapy-4008,4008,9b7452211a71676e84573def77483e3e7a32751b,2019-09-11 18:44:20+00:00,swerebench/sweb.eval.x86_64.scrapy_1776_scrapy-4008,1,single,1,0,166.0,3
scrapy/scrapy,scrapy/scrapy,swerebench_filtered,scrapy__scrapy-5118,5118,00527fdcbe042ae5b3ea06e93e03a8a353d0524c,2021-04-26 19:32:20+00:00,swerebench/sweb.eval.x86_64.scrapy_1776_scrapy-5118,1,single,7,0,1.0,4
scrapy/scrapy,scrapy/scrapy,swerebench_filtered,scrapy__scrapy-5526,5526,e2769cfe484fa9bf3d4b36623471cc605393ec85,2022-06-11 19:24:16+00:00,swerebench/sweb.eval.x86_64.scrapy_1776_scrapy-5526,1,single,10,0,1.0,5
scrapy/scrapy,scrapy/scrapy,swerebench_filtered,scrapy__scrapy-3966,3966,a95de71d8ef7de2d5bee6584f0ab26994b8b9d12,2019-08-19 03:50:53+00:00,swerebench/sweb.eval.x86_64.scrapy_1776_scrapy-3966,2,multi,7,0,1.0,6
scrapy/scrapy,scrapy/scrapy,swerebench_filtered,scrapy__scrapy-3379,3379,8a4e51a19b9710452eacec8f83ed581ba202ec51,2018-08-11 15:54:21+00:00,swerebench/sweb.eval.x86_64.scrapy_1776_scrapy-3379,1,single,3,0,1.0,7
scrapy/scrapy,scrapy/scrapy,swerebench_filtered,scrapy__scrapy-2923,2923,b8fabeed8652d22725959345700b9e7d00073de4,2017-09-13 08:20:43+00:00,swerebench/sweb.eval.x86_64.scrapy_1776_scrapy-2923,2,multi,48,0,15.0,8
scrapy/scrapy,scrapy/scrapy,swerebench_filtered,scrapy__scrapy-5611,5611,52d93490f57d4b2284e3d95efa5c622ab8ad16cb,2022-08-28 16:01:19+00:00,swerebench/sweb.eval.x86_64.scrapy_1776_scrapy-5611,1,single,14,0,4.0,9
scrapy/scrapy,scrapy/scrapy,swerebench_filtered,scrapy__scrapy-2649,2649,cfb56400b29316a43208053a8ef6d48eb0eb499e,2017-03-13 14:15:42+00:00,swerebench/sweb.eval.x86_64.scrapy_1776_scrapy-2649,1,single,2,0,1.0,10
scrapy/scrapy,scrapy/scrapy,swerebench_filtered,scrapy__scrapy-6007,6007,85696d7bab3ac4e7180251a8def3aee6a56999a1,2023-08-09 21:09:41+00:00,swerebench/sweb.eval.x86_64.scrapy_1776_scrapy-6007,1,single,14,0,14.0,11
scrapy/scrapy,scrapy/scrapy,swerebench_filtered,scrapy__scrapy-2612,2612,7b49b9c0f53396ac89cbd74930bc4c6e41d41901,2017-03-02 11:36:20+00:00,swerebench/sweb.eval.x86_64.scrapy_1776_scrapy-2612,1,single,16,0,2.0,12
scrapy/scrapy,scrapy/scrapy,swerebench_filtered,scrapy__scrapy-5993,5993,06ebdee35dc7ab5fa86c5076db341eae33485c37,2023-08-02 09:00:03+00:00,swerebench/sweb.eval.x86_64.scrapy_1776_scrapy-5993,1,single,14,0,7.0,13
scrapy/scrapy,scrapy/scrapy,swerebench_filtered,scrapy__scrapy-6213,6213,4229048255639c260651ed254bed7cafc433a14b,2024-01-31 13:15:02+00:00,swerebench/sweb.eval.x86_64.scrapy_1776_scrapy-6213,2,multi,149,0,2.0,14
scrapy/scrapy,scrapy/scrapy,swerebench_filtered,scrapy__scrapy-2510,2510,4620d2f4256093296c490b412a95e4eb9aa5bd41,2017-01-24 14:34:24+00:00,swerebench/sweb.eval.x86_64.scrapy_1776_scrapy-2510,1,single,6,0,1.0,15
scrapy/scrapy,scrapy/scrapy,swerebench_filtered,scrapy__scrapy-6347,6347,4300a1d240c7c2c21a4ef0c1c60c3d844493e516,2024-05-08 16:39:49+00:00,swerebench/sweb.eval.x86_64.scrapy_1776_scrapy-6347,1,single,2,0,1.0,16
scrapy/scrapy,scrapy/scrapy,swerebench_filtered,scrapy__scrapy-5320,5320,28eba610e22c0d2a42e830b4e64746edf44598f9,2021-11-15 10:15:57+00:00,swerebench/sweb.eval.x86_64.scrapy_1776_scrapy-5320,1,single,8,0,1.0,17
scrapy/scrapy,scrapy/scrapy,swerebench_filtered,scrapy__scrapy-5384,5384,30d5779ea94ed1e9343a4590895a3f5e65e444b9,2022-01-31 16:35:39+00:00,swerebench/sweb.eval.x86_64.scrapy_1776_scrapy-5384,1,single,6,0,1.0,18
scrapy/scrapy,scrapy/scrapy,swerebench_filtered,scrapy__scrapy-6671,6671,00167edca0677fd9657a8c5995d30600dd37fe37,2025-02-13 13:41:48+00:00,swerebench/sweb.eval.x86_64.scrapy_1776_scrapy-6671,1,single,5,0,1.0,19
scrapy/scrapy,scrapy/scrapy,swerebench_filtered,scrapy__scrapy-3371,3371,c8f3d07e86dd41074971b5423fb932c2eda6db1e,2018-08-09 18:10:12+00:00,swerebench/sweb.eval.x86_64.scrapy_1776_scrapy-3371,1,single,2,0,1.0,20
sdv-dev/SDV,sdv-dev/sdv,swebench_live_full,sdv-dev__SDV-2566,2566,9674ebc8ad5ad00285a4b4720b01051c2f35d958,2025-06-03 15:30:51+00:00,starryzhang/sweb.eval.x86_64.sdv-dev_1776_sdv-2566,1,single,3,0,1.0,1
sdv-dev/SDV,sdv-dev/sdv,swebench_live_full,sdv-dev__SDV-2636,2636,908ec43cb283abec52c24240d7fa28e77caf44ac,2025-07-31 16:40:47+00:00,starryzhang/sweb.eval.x86_64.sdv-dev_1776_sdv-2636,1,single,6,0,1.0,2
sdv-dev/SDV,sdv-dev/sdv,swebench_live_full,sdv-dev__SDV-2502,2502,e8921f9e7b49c9dbdd00637de5343ad2cc8d794a,2025-05-05 08:47:51+00:00,starryzhang/sweb.eval.x86_64.sdv-dev_1776_sdv-2502,1,single,114,0,4.0,3
sdv-dev/SDV,sdv-dev/sdv,swebench_live_full,sdv-dev__SDV-2558,2558,82791e920f604c310a50dc69d9c0ea3502fdaf58,2025-05-29 18:15:13+00:00,starryzhang/sweb.eval.x86_64.sdv-dev_1776_sdv-2558,2,multi,25,0,6.0,4
sdv-dev/SDV,sdv-dev/sdv,swebench_live_full,sdv-dev__SDV-2523,2523,690a1e423015289fa4373d045f7546b270bf7e4f,2025-05-14 15:33:00+00:00,starryzhang/sweb.eval.x86_64.sdv-dev_1776_sdv-2523,4,multi,82,0,4.0,5
sdv-dev/SDV,sdv-dev/sdv,swebench_live_full,sdv-dev__SDV-2546,2546,ac0032b54a52f7dadc4614e97ecb59a678f32327,2025-05-20 15:40:49+00:00,starryzhang/sweb.eval.x86_64.sdv-dev_1776_sdv-2546,2,multi,9,0,7.0,6
sdv-dev/SDV,sdv-dev/sdv,swebench_live_full,sdv-dev__SDV-2532,2532,dc443d5d9deb574ee931ed760a6225d0337a1db9,2025-05-15 15:57:31+00:00,starryzhang/sweb.eval.x86_64.sdv-dev_1776_sdv-2532,1,single,27,0,2.0,7
sdv-dev/SDV,sdv-dev/sdv,swebench_live_full,sdv-dev__SDV-2658,2658,a400b4e963fb140290007835ff7e2872b9d330b9,2025-08-27 19:48:19+00:00,starryzhang/sweb.eval.x86_64.sdv-dev_1776_sdv-2658,1,single,82,0,5.0,8
sdv-dev/SDV,sdv-dev/sdv,swebench_live_full,sdv-dev__SDV-2472,2472,6941081bdedabb2ba275b17a82a2d137d373ca47,2025-04-17 21:31:14+00:00,starryzhang/sweb.eval.x86_64.sdv-dev_1776_sdv-2472,1,single,23,0,7.0,9
sdv-dev/SDV,sdv-dev/sdv,swebench_live_full,sdv-dev__SDV-2634,2634,667009ab8a6553435ba09712e1d94f08d7cf2726,2025-07-31 10:50:19+00:00,starryzhang/sweb.eval.x86_64.sdv-dev_1776_sdv-2634,1,single,7,0,1.0,10
sdv-dev/SDV,sdv-dev/sdv,swebench_live_full,sdv-dev__SDV-2646,2646,47f915bf4db31a8f37833129e9f6ad71a5ea627b,2025-08-12 15:46:30+00:00,starryzhang/sweb.eval.x86_64.sdv-dev_1776_sdv-2646,1,single,14,0,9.0,11
sdv-dev/SDV,sdv-dev/sdv,swebench_live_full,sdv-dev__SDV-2570,2570,267b6a5976808ba858b46efc8821c3a749a14196,2025-06-04 16:13:53+00:00,starryzhang/sweb.eval.x86_64.sdv-dev_1776_sdv-2570,3,multi,48,1,3.0,12
sdv-dev/SDV,sdv-dev/sdv,swebench_live_full,sdv-dev__SDV-2656,2656,33a19f9f55ca41eaf70582228209c259f860737e,2025-08-26 21:22:01+00:00,starryzhang/sweb.eval.x86_64.sdv-dev_1776_sdv-2656,1,single,15,0,3.0,13
sdv-dev/SDV,sdv-dev/sdv,swebench_live_full,sdv-dev__SDV-2571,2571,a282bf021545be3411d0562f1e1a02ffcd63318e,2025-06-04 21:40:04+00:00,starryzhang/sweb.eval.x86_64.sdv-dev_1776_sdv-2571,4,multi,52,0,18.0,14
sdv-dev/SDV,sdv-dev/sdv,swebench_live_full,sdv-dev__SDV-2573,2573,6d44f2384287178577a1a05e13e585fe34589be6,2025-06-05 13:51:36+00:00,starryzhang/sweb.eval.x86_64.sdv-dev_1776_sdv-2573,1,single,7,0,2.0,15
sissbruecker/linkding,sissbruecker/linkding,swebench_live_full,sissbruecker__linkding-993,993,9d61bdce52ddc916abcb9f932410102be17b354e,2025-02-19 05:39:24+00:00,starryzhang/sweb.eval.x86_64.sissbruecker_1776_linkding-993,1,single,10,0,15.0,1
sissbruecker/linkding,sissbruecker/linkding,swebench_live_full,sissbruecker__linkding-820,820,cb0301fd9e55bc5bb4eb50ae3800a9a5d0168145,2024-09-10 19:15:23+00:00,starryzhang/sweb.eval.x86_64.sissbruecker_1776_linkding-820,3,multi,56,0,1.0,2
sissbruecker/linkding,sissbruecker/linkding,swebench_live_full,sissbruecker__linkding-687,687,d5a83722de3473ce367c2209f9145c59797d48fd,2024-04-07 16:08:43+00:00,starryzhang/sweb.eval.x86_64.sissbruecker_1776_linkding-687,1,single,10,0,1.0,3
sissbruecker/linkding,sissbruecker/linkding,swebench_live_full,sissbruecker__linkding-1014,1014,b9bee24047f21f9b86a76682ab43d047e3f76f07,2025-03-16 08:45:44+00:00,starryzhang/sweb.eval.x86_64.sissbruecker_1776_linkding-1014,1,single,6,0,2.0,4
sissbruecker/linkding,sissbruecker/linkding,swebench_live_full,sissbruecker__linkding-819,819,b30486317d835cc70f272983d5981bcfc6aa4cd7,2024-09-10 18:47:03+00:00,starryzhang/sweb.eval.x86_64.sissbruecker_1776_linkding-819,1,single,3,0,1.0,5
sissbruecker/linkding,sissbruecker/linkding,swebench_live_full,sissbruecker__linkding-706,706,a1822e2091b900bfcf5cf2ef62191255d8da1b71,2024-04-17 20:22:07+00:00,starryzhang/sweb.eval.x86_64.sissbruecker_1776_linkding-706,3,multi,23,1,2.0,6
sissbruecker/linkding,sissbruecker/linkding,swebench_live_full,sissbruecker__linkding-1153,1153,5cc8c9c010175e9f438d9c1c31117b7ce735a46a,2025-08-10 12:21:00+00:00,starryzhang/sweb.eval.x86_64.sissbruecker_1776_linkding-1153,1,single,7,0,1.0,7
sissbruecker/linkding,sissbruecker/linkding,swebench_live_full,sissbruecker__linkding-804,804,36a84276a20d418105ee973b5960ea79f7635018,2024-08-29 20:19:01+00:00,starryzhang/sweb.eval.x86_64.sissbruecker_1776_linkding-804,5,multi,132,0,1.0,8
sissbruecker/linkding,sissbruecker/linkding,swebench_live_full,sissbruecker__linkding-1051,1051,1b0684bd6cc1272f4ddcb6d93f987228d6e492b7,2025-04-19 19:51:03+00:00,starryzhang/sweb.eval.x86_64.sissbruecker_1776_linkding-1051,1,single,3,0,1.0,9
sissbruecker/linkding,sissbruecker/linkding,swebench_live_full,sissbruecker__linkding-810,810,aad62f61c9192789f4ac5087fba00fc2329b7e82,2024-08-31 20:34:39+00:00,starryzhang/sweb.eval.x86_64.sissbruecker_1776_linkding-810,1,single,64,0,2.0,10
sissbruecker/linkding,sissbruecker/linkding,swebench_live_full,sissbruecker__linkding-835,835,2aab2813f44275683c70631ebc2a2a96dd748a6c,2024-09-18 21:09:55+00:00,starryzhang/sweb.eval.x86_64.sissbruecker_1776_linkding-835,5,multi,61,1,3.0,11
sissbruecker/linkding,sissbruecker/linkding,swebench_live_full,sissbruecker__linkding-688,688,5e8f5b2c588b6ad537cec100b9d18409149608a3,2024-04-07 18:06:14+00:00,starryzhang/sweb.eval.x86_64.sissbruecker_1776_linkding-688,2,multi,3,0,1.0,12
sissbruecker/linkding,sissbruecker/linkding,swebench_live_full,sissbruecker__linkding-655,655,ce213775b6be0a50d6b2f5ba4362c04b79a2b7cc,2024-03-17 08:49:31+00:00,starryzhang/sweb.eval.x86_64.sissbruecker_1776_linkding-655,1,single,2,0,16.0,13
sissbruecker/linkding,sissbruecker/linkding,swebench_live_full,sissbruecker__linkding-811,811,20fe88dd572e1aeec53f7725b620263e7b11ed2d,2024-08-31 20:54:27+00:00,starryzhang/sweb.eval.x86_64.sissbruecker_1776_linkding-811,1,single,6,0,2.0,14
sissbruecker/linkding,sissbruecker/linkding,swebench_live_full,sissbruecker__linkding-763,763,b28352fb28f0e892d4d93b2e5d787739a4118885,2024-06-18 20:46:22+00:00,starryzhang/sweb.eval.x86_64.sissbruecker_1776_linkding-763,2,multi,33,0,19.0,15
sissbruecker/linkding,sissbruecker/linkding,swebench_live_full,sissbruecker__linkding-1045,1045,8928c785301526674cb949d38b583d02a499b0a4,2025-04-13 07:36:10+00:00,starryzhang/sweb.eval.x86_64.sissbruecker_1776_linkding-1045,1,single,23,0,4.0,16
sissbruecker/linkding,sissbruecker/linkding,swebench_live_full,sissbruecker__linkding-812,812,1c6e5902db227517e452cfd55fe977c5f9c3fb0a,2024-08-31 21:14:41+00:00,starryzhang/sweb.eval.x86_64.sissbruecker_1776_linkding-812,2,multi,7,0,1.0,17
sissbruecker/linkding,sissbruecker/linkding,swebench_live_full,sissbruecker__linkding-863,863,ebed0c050d61366dc81aea41e75bbbf86bde0963,2024-09-28 08:36:47+00:00,starryzhang/sweb.eval.x86_64.sissbruecker_1776_linkding-863,5,multi,42,2,2.0,18
sissbruecker/linkding,sissbruecker/linkding,swebench_live_full,sissbruecker__linkding-613,613,16ed6ef200b83eb25c7fe19b4b83c9fc502daf71,2024-01-28 11:18:42+00:00,starryzhang/sweb.eval.x86_64.sissbruecker_1776_linkding-613,1,single,29,0,1.0,19
sissbruecker/linkding,sissbruecker/linkding,swebench_live_full,sissbruecker__linkding-971,971,fc48b266a8c6005dca7d21ff96f4392ef62c0ccf,2025-01-29 21:57:07+00:00,starryzhang/sweb.eval.x86_64.sissbruecker_1776_linkding-971,2,multi,12,0,6.0,20
spacetelescope/jwst,spacetelescope/jwst,swerebench_filtered,spacetelescope__jwst-5318,5318,656ffe3e4bfe515da0228639cf77b7da3742cc7f,2020-09-09 17:49:21+00:00,swerebench/sweb.eval.x86_64.spacetelescope_1776_jwst-5318,4,multi,77,0,3.0,1
spacetelescope/jwst,spacetelescope/jwst,swerebench_filtered,spacetelescope__jwst-8747,8747,c2d87f7a2c8c4e383b0b4c961d802205ca0b280f,2024-09-04 15:17:08+00:00,swerebench/sweb.eval.x86_64.spacetelescope_1776_jwst-8747,2,multi,52,0,2.0,2
spacetelescope/jwst,spacetelescope/jwst,swerebench_filtered,spacetelescope__jwst-8336,8336,f7cf0676d234070eeaca670bf794b6fd19494d2a,2024-03-08 21:34:36+00:00,swerebench/sweb.eval.x86_64.spacetelescope_1776_jwst-8336,1,single,92,0,1.0,3
spacetelescope/jwst,spacetelescope/jwst,swerebench_filtered,spacetelescope__jwst-7976,7976,f3969c199f34558862ea702c2f953a7c144f9e8e,2023-09-26 15:12:38+00:00,swerebench/sweb.eval.x86_64.spacetelescope_1776_jwst-7976,1,single,2,0,4.0,4
spacetelescope/jwst,spacetelescope/jwst,swerebench_filtered,spacetelescope__jwst-7978,7978,644f2e3a75ee390666a8a5d4fdcc59cda10161a7,2023-09-26 19:03:08+00:00,swerebench/sweb.eval.x86_64.spacetelescope_1776_jwst-7978,1,single,88,0,10.0,5
spacetelescope/jwst,spacetelescope/jwst,swerebench_filtered,spacetelescope__jwst-8096,8096,2a708103b54d9e16239eb773e2aa6f6825cf59ce,2023-11-27 18:54:22+00:00,swerebench/sweb.eval.x86_64.spacetelescope_1776_jwst-8096,2,multi,63,1,1.0,6
spacetelescope/jwst,spacetelescope/jwst,swerebench_filtered,spacetelescope__jwst-8433,8433,4342988027ee0811b57d3641bda4c8486d7da1f5,2024-04-19 19:45:59+00:00,swerebench/sweb.eval.x86_64.spacetelescope_1776_jwst-8433,1,single,18,0,5.0,7
spacetelescope/jwst,spacetelescope/jwst,swerebench_filtered,spacetelescope__jwst-8699,8699,3c053d10a1d4a04dbd642bbd61d17c706974cc43,2024-08-09 15:52:09+00:00,swerebench/sweb.eval.x86_64.spacetelescope_1776_jwst-8699,2,multi,30,0,2.0,8
spacetelescope/jwst,spacetelescope/jwst,swerebench_filtered,spacetelescope__jwst-8461,8461,854f84b2586aa6135e8c4a41fec4b030d63d30c7,2024-05-06 16:01:56+00:00,swerebench/sweb.eval.x86_64.spacetelescope_1776_jwst-8461,1,single,4,0,1.0,9
spacetelescope/jwst,spacetelescope/jwst,swerebench_filtered,spacetelescope__jwst-3629,3629,d176230f633d270b4c52b66941030a2acef62d9b,2019-06-10 21:12:40+00:00,swerebench/sweb.eval.x86_64.spacetelescope_1776_jwst-3629,2,multi,187,0,1.0,10
spacetelescope/jwst,spacetelescope/jwst,swerebench_filtered,spacetelescope__jwst-7982,7982,7cc16849c5e4bf89fa61d43d095dc7ef5c982f34,2023-09-27 16:10:55+00:00,swerebench/sweb.eval.x86_64.spacetelescope_1776_jwst-7982,1,single,28,0,1.0,11
spacetelescope/jwst,spacetelescope/jwst,swerebench_filtered,spacetelescope__jwst-8760,8760,f4291171d8d31dd3cba8c6feb28eec6a2f6816d0,2024-09-06 15:53:36+00:00,swerebench/sweb.eval.x86_64.spacetelescope_1776_jwst-8760,1,single,16,0,1.0,12
spacetelescope/jwst,spacetelescope/jwst,swerebench_filtered,spacetelescope__jwst-8761,8761,e8ba844c92f5959069859aea0336214360f2d75d,2024-09-06 18:24:17+00:00,swerebench/sweb.eval.x86_64.spacetelescope_1776_jwst-8761,1,single,14,0,1.0,13
spacetelescope/jwst,spacetelescope/jwst,swerebench_filtered,spacetelescope__jwst-7745,7745,c607b4e6c235986de089ccd3cd318d895936e632,2023-07-19 20:30:05+00:00,swerebench/sweb.eval.x86_64.spacetelescope_1776_jwst-7745,2,multi,51,0,2.0,14
spacetelescope/jwst,spacetelescope/jwst,swerebench_filtered,spacetelescope__jwst-5543,5543,c129fee33dbdd7c99a427e4425b81b940ab49dd0,2020-12-16 19:03:44+00:00,swerebench/sweb.eval.x86_64.spacetelescope_1776_jwst-5543,2,multi,43,0,1.0,15
spdx/tools-python,spdx/tools-python,swerebench_filtered,spdx__tools-python-520,520,b0d946b354045ae4e01398f416ee7abbabfe8443,2023-03-10 15:35:44+00:00,swerebench/sweb.eval.x86_64.spdx_1776_tools-python-520,1,single,11,0,1.0,1
spdx/tools-python,spdx/tools-python,swerebench_filtered,spdx__tools-python-651,651,3c50775bd6a5df3a1c3e4618ae8a91d9fc0bcee2,2023-05-12 09:37:36+00:00,swerebench/sweb.eval.x86_64.spdx_1776_tools-python-651,1,single,6,0,1.0,2
spdx/tools-python,spdx/tools-python,swerebench_filtered,spdx__tools-python-778,778,e0c83cdf11863d40f26e1da4b940eebb769fe3f3,2023-12-07 15:21:32+00:00,swerebench/sweb.eval.x86_64.spdx_1776_tools-python-778,1,single,4,0,1.0,3
spdx/tools-python,spdx/tools-python,swerebench_filtered,spdx__tools-python-768,768,248394cd2d1e60583f8c776e544f98b1184f42df,2023-10-05 04:16:13+00:00,swerebench/sweb.eval.x86_64.spdx_1776_tools-python-768,1,single,6,0,2.0,4
spdx/tools-python,spdx/tools-python,swerebench_filtered,spdx__tools-python-467,467,788e8d4aec940a3c2b2f16bd731564ee1a8da5d8,2023-02-08 10:04:37+00:00,swerebench/sweb.eval.x86_64.spdx_1776_tools-python-467,1,single,18,0,1.0,5
spdx/tools-python,spdx/tools-python,swerebench_filtered,spdx__tools-python-481,481,3838ef18317ca20626387f5aa05a506d71cf606a,2023-02-14 14:17:09+00:00,swerebench/sweb.eval.x86_64.spdx_1776_tools-python-481,2,multi,4,0,1.0,6
spdx/tools-python,spdx/tools-python,swerebench_filtered,spdx__tools-python-543,543,73f3f462591894cac8ef11e01ebec7e702e33c25,2023-03-29 14:44:17+00:00,swerebench/sweb.eval.x86_64.spdx_1776_tools-python-543,1,single,10,0,3.0,7
spdx/tools-python,spdx/tools-python,swerebench_filtered,spdx__tools-python-746,746,ee95e603c9c774e696edd544131b801ee9bebaea,2023-08-14 22:09:36+00:00,swerebench/sweb.eval.x86_64.spdx_1776_tools-python-746,1,single,3,0,1.0,8
spdx/tools-python,spdx/tools-python,swerebench_filtered,spdx__tools-python-765,765,e08e4d25d721bb1ada1301d9d8e8515852387ea0,2023-09-27 07:05:38+00:00,swerebench/sweb.eval.x86_64.spdx_1776_tools-python-765,1,single,5,0,3.0,9
spdx/tools-python,spdx/tools-python,swerebench_filtered,spdx__tools-python-719,719,56fd6022e7ee817b7a37526266d8e3bef088647e,2023-06-30 08:43:45+00:00,swerebench/sweb.eval.x86_64.spdx_1776_tools-python-719,1,single,3,0,1.0,10
spdx/tools-python,spdx/tools-python,swerebench_filtered,spdx__tools-python-814,814,552940abb52cbc9cf358e429d1388e9c1b25d7a6,2024-07-26 10:27:36+00:00,swerebench/sweb.eval.x86_64.spdx_1776_tools-python-814,1,single,5,0,1.0,11
spdx/tools-python,spdx/tools-python,swerebench_filtered,spdx__tools-python-799,799,44d510e94be6fd06b856605f41b322bbd3681732,2024-02-22 16:59:02+00:00,swerebench/sweb.eval.x86_64.spdx_1776_tools-python-799,1,single,2,0,1.0,12
spdx/tools-python,spdx/tools-python,swerebench_filtered,spdx__tools-python-695,695,ce8cf6831af1cfdcec98fd537071f603e570ae02,2023-06-12 10:06:17+00:00,swerebench/sweb.eval.x86_64.spdx_1776_tools-python-695,1,single,22,0,1.0,13
spdx/tools-python,spdx/tools-python,swerebench_filtered,spdx__tools-python-757,757,44196efd14de18aa1363a6ffd6c8c332433e1056,2023-09-08 12:22:28+00:00,swerebench/sweb.eval.x86_64.spdx_1776_tools-python-757,1,single,2,0,3.0,14
spdx/tools-python,spdx/tools-python,swerebench_filtered,spdx__tools-python-283,283,328a816a5bb8ee43d4031c8df0a2655f571b532c,2022-11-11 15:06:10+00:00,swerebench/sweb.eval.x86_64.spdx_1776_tools-python-283,1,single,2,0,1.0,15
sphinx-doc/sphinx,sphinx-doc/sphinx,swebench_full,sphinx-doc__sphinx-9261,9261,4d90277c49633705148793ab02b28353c8a59b48,2021-05-22 13:30:56+00:00,swebench/sweb.eval.x86_64.sphinx-doc_1776_sphinx-9261,2,multi,29,0,1.0,1
sphinx-doc/sphinx,sphinx-doc/sphinx,swebench_full,sphinx-doc__sphinx-9591,9591,9ed054279aeffd5b1d0642e2d24a8800389de29f,2021-08-29 15:26:24+00:00,swebench/sweb.eval.x86_64.sphinx-doc_1776_sphinx-9591,1,single,3,0,1.0,2
sphinx-doc/sphinx,sphinx-doc/sphinx,swebench_full,sphinx-doc__sphinx-8552,8552,57ed10c68057c96491acbd3e62254ccfaf9e3861,2020-12-19 11:29:43+00:00,swebench/sweb.eval.x86_64.sphinx-doc_1776_sphinx-8552,1,single,11,0,2.0,3
sphinx-doc/sphinx,sphinx-doc/sphinx,swebench_live_full,sphinx-doc__sphinx-12807,12807,1c131dfffe2d359eda93f7d4cc6d920fbe76efe4,2024-08-20 13:35:16+00:00,starryzhang/sweb.eval.x86_64.sphinx-doc_1776_sphinx-12807,1,single,5,0,1.0,4
sphinx-doc/sphinx,sphinx-doc/sphinx,swebench_full,sphinx-doc__sphinx-8007,8007,9175da437ed84e43b00ed4c28ccfe629260d3c13,2020-07-26 17:21:43+00:00,swebench/sweb.eval.x86_64.sphinx-doc_1776_sphinx-8007,3,multi,49,0,1.0,5
sphinx-doc/sphinx,sphinx-doc/sphinx,swebench_full,sphinx-doc__sphinx-11192,11192,c17300aa7a8aafb57eac91e1e3b15a4061ff2440,2023-02-12 03:52:14+00:00,swebench/sweb.eval.x86_64.sphinx-doc_1776_sphinx-11192,1,single,7,0,1.0,6
sphinx-doc/sphinx,sphinx-doc/sphinx,swebench_live_full,sphinx-doc__sphinx-12087,12087,f90b506a9ff2b202fbec707be776cfa590519a14,2024-03-14 11:13:18+00:00,starryzhang/sweb.eval.x86_64.sphinx-doc_1776_sphinx-12087,1,single,120,0,2.0,7
sphinx-doc/sphinx,sphinx-doc/sphinx,swebench_full,sphinx-doc__sphinx-9320,9320,e05cef574b8f23ab1b57f57e7da6dee509a4e230,2021-06-11 13:29:04+00:00,swebench/sweb.eval.x86_64.sphinx-doc_1776_sphinx-9320,1,single,8,0,1.0,8
sphinx-doc/sphinx,sphinx-doc/sphinx,swebench_full,sphinx-doc__sphinx-9180,9180,f47bf1471d10d4ac938066bc84df879f1060ba7f,2021-05-08 08:36:06+00:00,swebench/sweb.eval.x86_64.sphinx-doc_1776_sphinx-9180,1,single,3,0,1.0,9
sphinx-doc/sphinx,sphinx-doc/sphinx,swebench_full,sphinx-doc__sphinx-9797,9797,4c91c038b220d07bbdfe0c1680af42fe897f342c,2021-10-29 17:02:29+00:00,swebench/sweb.eval.x86_64.sphinx-doc_1776_sphinx-9797,1,single,4,0,1.0,10
sphinx-doc/sphinx,sphinx-doc/sphinx,swebench_full,sphinx-doc__sphinx-10457,10457,34d6d3bc8d24b5213d0978e6c4d839340aaafbcd,2022-05-16 14:08:08+00:00,swebench/sweb.eval.x86_64.sphinx-doc_1776_sphinx-10457,1,single,4,0,1.0,11
sphinx-doc/sphinx,sphinx-doc/sphinx,swebench_live_full,sphinx-doc__sphinx-11876,11876,bcb1825679aa1aa8d637c4b948a172fa690bec58,2024-01-12 14:18:17+00:00,starryzhang/sweb.eval.x86_64.sphinx-doc_1776_sphinx-11876,1,single,16,0,1.0,12
sphinx-doc/sphinx,sphinx-doc/sphinx,swebench_full,sphinx-doc__sphinx-8679,8679,b372a99c0158f5799338a9a1b8611626ff1d114f,2021-01-11 13:59:02+00:00,swebench/sweb.eval.x86_64.sphinx-doc_1776_sphinx-8679,1,single,4,0,1.0,13
sphinx-doc/sphinx,sphinx-doc/sphinx,swebench_full,sphinx-doc__sphinx-8362,8362,8981e84779ff87f1a058939a5d678e5993d67aa8,2020-11-03 17:39:46+00:00,swebench/sweb.eval.x86_64.sphinx-doc_1776_sphinx-8362,2,multi,13,0,2.0,14
sphinx-doc/sphinx,sphinx-doc/sphinx,swebench_full,sphinx-doc__sphinx-9658,9658,232dbe41c5250eb7d559d40438c4743483e95f15,2021-09-20 17:04:23+00:00,swebench/sweb.eval.x86_64.sphinx-doc_1776_sphinx-9658,1,single,4,0,1.0,15
sphinx-doc/sphinx,sphinx-doc/sphinx,swebench_full,sphinx-doc__sphinx-10614,10614,ac2b7599d212af7d04649959ce6926c63c3133fa,2022-06-29 14:29:04+00:00,swebench/sweb.eval.x86_64.sphinx-doc_1776_sphinx-10614,1,single,11,0,1.0,16
sphinx-doc/sphinx,sphinx-doc/sphinx,swebench_live_full,sphinx-doc__sphinx-13172,13172,3bc10dd90fc8d621103f1962eb6dc1ab137b8217,2024-12-06 22:53:12+00:00,starryzhang/sweb.eval.x86_64.sphinx-doc_1776_sphinx-13172,1,single,62,0,2.0,17
sphinx-doc/sphinx,sphinx-doc/sphinx,swebench_full,sphinx-doc__sphinx-9207,9207,d2c8cd3c803b27537a4d6f871279fce93d503d82,2021-05-10 16:10:03+00:00,swebench/sweb.eval.x86_64.sphinx-doc_1776_sphinx-9207,1,single,10,0,1.0,18
sphinx-doc/sphinx,sphinx-doc/sphinx,swebench_full,sphinx-doc__sphinx-9289,9289,82dad44e5bd3776ecb6fd8ded656bc8151d0e63d,2021-06-02 15:06:11+00:00,swebench/sweb.eval.x86_64.sphinx-doc_1776_sphinx-9289,1,single,10,0,1.0,19
sphinx-doc/sphinx,sphinx-doc/sphinx,swebench_full,sphinx-doc__sphinx-11445,11445,71db08c05197545944949d5aa76cd340e7143627,2023-05-28 19:15:07+00:00,swebench/sweb.eval.x86_64.sphinx-doc_1776_sphinx-11445,1,single,14,0,2.0,20
SpikeInterface/spikeinterface,spikeinterface/spikeinterface,swerebench_filtered,SpikeInterface__spikeinterface-2775,2775,c6f8f1fae2ed8fa80b59c42cf8d1cff523b3c754,2024-04-29 11:15:42+00:00,swerebench/sweb.eval.x86_64.spikeinterface_1776_spikeinterface-2775,4,multi,200,0,1.0,1
SpikeInterface/spikeinterface,spikeinterface/spikeinterface,swerebench_filtered,SpikeInterface__spikeinterface-2716,2716,482bd7406b790528800d0c6eed99617ee6efff9d,2024-04-12 14:58:47+00:00,swerebench/sweb.eval.x86_64.spikeinterface_1776_spikeinterface-2716,1,single,3,0,1.0,2
SpikeInterface/spikeinterface,spikeinterface/spikeinterface,swerebench_filtered,SpikeInterface__spikeinterface-3778,3778,526e308f3e01d8e653cfe6fc79c15e8c8bf08586,2025-03-17 13:28:44+00:00,swerebench/sweb.eval.x86_64.spikeinterface_1776_spikeinterface-3778,3,multi,77,0,1.0,3
SpikeInterface/spikeinterface,spikeinterface/spikeinterface,swerebench_filtered,SpikeInterface__spikeinterface-1057,1057,7268ab900443ca3f0239de3007352d05f2d7d875,2022-11-03 21:56:02+00:00,swerebench/sweb.eval.x86_64.spikeinterface_1776_spikeinterface-1057,1,single,3,0,1.0,4
SpikeInterface/spikeinterface,spikeinterface/spikeinterface,swerebench_filtered,SpikeInterface__spikeinterface-3047,3047,e139e75d6d9a5bcbde9ce133db84a83ab7724a9e,2024-06-19 16:41:59+00:00,swerebench/sweb.eval.x86_64.spikeinterface_1776_spikeinterface-3047,1,single,4,0,1.0,5
SpikeInterface/spikeinterface,spikeinterface/spikeinterface,swerebench_filtered,SpikeInterface__spikeinterface-3737,3737,e1535daac114ad293cb0acdb555f1a96d797f038,2025-03-04 17:52:34+00:00,swerebench/sweb.eval.x86_64.spikeinterface_1776_spikeinterface-3737,2,multi,13,0,1.0,6
SpikeInterface/spikeinterface,spikeinterface/spikeinterface,swerebench_filtered,SpikeInterface__spikeinterface-3180,3180,e4fa25abf4a949a31bdfebe7c868e393c11cfed3,2024-07-10 22:23:22+00:00,swerebench/sweb.eval.x86_64.spikeinterface_1776_spikeinterface-3180,4,multi,32,0,3.0,7
SpikeInterface/spikeinterface,spikeinterface/spikeinterface,swerebench_filtered,SpikeInterface__spikeinterface-3829,3829,b8f7253b018d55c730e3cb096e17ff89339a5050,2025-04-02 09:24:15+00:00,swerebench/sweb.eval.x86_64.spikeinterface_1776_spikeinterface-3829,1,single,20,0,1.0,8
SpikeInterface/spikeinterface,spikeinterface/spikeinterface,swerebench_filtered,SpikeInterface__spikeinterface-3670,3670,1ed860fe15ec32f0aba5e7b876821393e9e5d758,2025-02-05 12:26:08+00:00,swerebench/sweb.eval.x86_64.spikeinterface_1776_spikeinterface-3670,2,multi,11,0,1.0,9
SpikeInterface/spikeinterface,spikeinterface/spikeinterface,swerebench_filtered,SpikeInterface__spikeinterface-3347,3347,740e7799c554387888afad655a10f4f3ace7f9dd,2024-08-28 17:27:16+00:00,swerebench/sweb.eval.x86_64.spikeinterface_1776_spikeinterface-3347,1,single,90,0,1.0,10
sqlfluff/sqlfluff,sqlfluff/sqlfluff,swerebench_filtered,sqlfluff__sqlfluff-1402,1402,40b7e6b361a27b7b0a62a7933ded2c21b9be681d,2021-09-14 18:21:28+00:00,swerebench/sweb.eval.x86_64.sqlfluff_1776_sqlfluff-1402,3,multi,46,0,3.0,1
sqlfluff/sqlfluff,sqlfluff/sqlfluff,swerebench_filtered,sqlfluff__sqlfluff-1198,1198,d3ec79d6cab0f94bd831d570250bce1afd4b1dc5,2021-07-10 19:25:24+00:00,swerebench/sweb.eval.x86_64.sqlfluff_1776_sqlfluff-1198,1,single,34,0,2.0,2
sqlfluff/sqlfluff,sqlfluff/sqlfluff,swerebench_filtered,sqlfluff__sqlfluff-5880,5880,dc9f74e73df4f3f20f7da3bd6119be37a4873b89,2024-05-14 16:09:52+00:00,swerebench/sweb.eval.x86_64.sqlfluff_1776_sqlfluff-5880,2,multi,19,0,2.0,3
sqlfluff/sqlfluff,sqlfluff/sqlfluff,swerebench_filtered,sqlfluff__sqlfluff-581,581,a5665e0d82dc3d8177fbf4a589623976cb1288be,2020-11-25 22:31:52+00:00,swerebench/sweb.eval.x86_64.sqlfluff_1776_sqlfluff-581,2,multi,10,0,3.0,4
sqlfluff/sqlfluff,sqlfluff/sqlfluff,swerebench_filtered,sqlfluff__sqlfluff-2540,2540,ef7d86548757fcbc3405ac421c38acefa55db9aa,2022-02-01 20:18:14+00:00,swerebench/sweb.eval.x86_64.sqlfluff_1776_sqlfluff-2540,2,multi,97,1,1.0,5
sqlfluff/sqlfluff,sqlfluff/sqlfluff,swerebench_filtered,sqlfluff__sqlfluff-982,982,e1ae8df7404b6c0a4da8c43ef6b9facd0e028891,2021-04-17 20:39:33+00:00,swerebench/sweb.eval.x86_64.sqlfluff_1776_sqlfluff-982,1,single,25,0,1.0,6
sqlfluff/sqlfluff,sqlfluff/sqlfluff,swerebench_filtered,sqlfluff__sqlfluff-594,594,3117631a81c82ea94d25dea968cf1141918251bd,2020-11-28 13:54:43+00:00,swerebench/sweb.eval.x86_64.sqlfluff_1776_sqlfluff-594,1,single,2,0,1.0,7
sqlfluff/sqlfluff,sqlfluff/sqlfluff,swerebench_filtered,sqlfluff__sqlfluff-4041,4041,66fd602d0824138f212082c8fdf381266a9edad3,2022-11-08 09:57:07+00:00,swerebench/sweb.eval.x86_64.sqlfluff_1776_sqlfluff-4041,3,multi,68,0,1.0,8
sqlfluff/sqlfluff,sqlfluff/sqlfluff,swerebench_filtered,sqlfluff__sqlfluff-1133,1133,bcb5c6dfb42f1a195e8206f9dde7d9778877f099,2021-06-05 08:46:43+00:00,swerebench/sweb.eval.x86_64.sqlfluff_1776_sqlfluff-1133,4,multi,44,0,5.0,9
sqlfluff/sqlfluff,sqlfluff/sqlfluff,swerebench_filtered,sqlfluff__sqlfluff-6123,6123,763e453e7fbd2239f41ade47c88574bf81fc30c8,2024-08-29 11:47:48+00:00,swerebench/sweb.eval.x86_64.sqlfluff_1776_sqlfluff-6123,1,single,17,0,1.0,10
sqlfluff/sqlfluff,sqlfluff/sqlfluff,swerebench_filtered,sqlfluff__sqlfluff-3435,3435,8e724ef8906eecce7179f4b7c52d4fc0672e4bd9,2022-06-07 18:47:03+00:00,swerebench/sweb.eval.x86_64.sqlfluff_1776_sqlfluff-3435,1,single,17,0,1.0,11
sqlfluff/sqlfluff,sqlfluff/sqlfluff,swerebench_filtered,sqlfluff__sqlfluff-583,583,60dbf358e2023dfa09073c0f337e106db7f1f9e4,2020-11-26 11:30:36+00:00,swerebench/sweb.eval.x86_64.sqlfluff_1776_sqlfluff-583,1,single,30,0,2.0,12
sqlfluff/sqlfluff,sqlfluff/sqlfluff,swerebench_filtered,sqlfluff__sqlfluff-762,762,9188287795542e5cedc2961e023bf4050ff0fc8d,2021-02-14 16:41:39+00:00,swerebench/sweb.eval.x86_64.sqlfluff_1776_sqlfluff-762,1,single,2,0,1.0,13
sqlfluff/sqlfluff,sqlfluff/sqlfluff,swerebench_filtered,sqlfluff__sqlfluff-905,905,62e8dc3a148c40c0c28f62b23e943692a3198846,2021-03-28 21:22:12+00:00,swerebench/sweb.eval.x86_64.sqlfluff_1776_sqlfluff-905,1,single,33,0,1.0,14
sqlfluff/sqlfluff,sqlfluff/sqlfluff,swerebench_filtered,sqlfluff__sqlfluff-6366,6366,514690958e5afdafde117ac74124f8fd8f2bd89f,2024-10-17 12:05:25+00:00,swerebench/sweb.eval.x86_64.sqlfluff_1776_sqlfluff-6366,3,multi,77,0,3.0,15
sqlfluff/sqlfluff,sqlfluff/sqlfluff,swerebench_filtered,sqlfluff__sqlfluff-4685,4685,0826b41d77df19c1bd27d6110481ff78f9d1a68d,2023-04-06 21:54:00+00:00,swerebench/sweb.eval.x86_64.sqlfluff_1776_sqlfluff-4685,2,multi,66,0,1.0,16
sqlfluff/sqlfluff,sqlfluff/sqlfluff,swerebench_filtered,sqlfluff__sqlfluff-5206,5206,895e668a0047bd31fb87865fcab50d846bfb88ce,2023-09-13 18:57:24+00:00,swerebench/sweb.eval.x86_64.sqlfluff_1776_sqlfluff-5206,2,multi,59,0,1.0,17
sqlfluff/sqlfluff,sqlfluff/sqlfluff,swerebench_filtered,sqlfluff__sqlfluff-884,884,c0bad78f3fa9549591738c77f869724f721e6830,2021-03-23 21:28:49+00:00,swerebench/sweb.eval.x86_64.sqlfluff_1776_sqlfluff-884,2,multi,33,0,1.0,18
sqlfluff/sqlfluff,sqlfluff/sqlfluff,swerebench_filtered,sqlfluff__sqlfluff-933,933,387470a44fb96f96aa5faf32f83e44d29bbe1535,2021-04-07 14:44:57+00:00,swerebench/sweb.eval.x86_64.sqlfluff_1776_sqlfluff-933,1,single,3,0,1.0,19
sqlfluff/sqlfluff,sqlfluff/sqlfluff,swerebench_filtered,sqlfluff__sqlfluff-4753,4753,24178a589c279220c6605324c446122d15ebc3fb,2023-04-14 12:49:53+00:00,swerebench/sweb.eval.x86_64.sqlfluff_1776_sqlfluff-4753,2,multi,20,0,1.0,20
stanfordnlp/dspy,stanfordnlp/dspy,swebench_live_full,stanfordnlp__dspy-8360,8360,716e82cf8457ed8ec240e695cf1032a83d244a98,2025-06-11 00:54:17+00:00,starryzhang/sweb.eval.x86_64.stanfordnlp_1776_dspy-8360,1,single,7,0,4.0,1
stanfordnlp/dspy,stanfordnlp/dspy,swebench_live_full,stanfordnlp__dspy-1651,1651,9a952fef5fa8399cb82cb726860814e21816f16d,2024-10-19 23:56:46+00:00,starryzhang/sweb.eval.x86_64.stanfordnlp_1776_dspy-1651,1,single,10,0,1.0,2
stanfordnlp/dspy,stanfordnlp/dspy,swebench_live_full,stanfordnlp__dspy-779,779,37ee5dc8e7a628a92320a1b1944884f75563d659,2024-04-05 14:03:07+00:00,starryzhang/sweb.eval.x86_64.stanfordnlp_1776_dspy-779,1,single,2,0,1.0,3
stanfordnlp/dspy,stanfordnlp/dspy,swebench_live_full,stanfordnlp__dspy-8146,8146,b05b0739ef1be47f242ecd1685c3f4a6defcee9e,2025-04-30 21:54:47+00:00,starryzhang/sweb.eval.x86_64.stanfordnlp_1776_dspy-8146,1,single,24,0,6.0,4
stanfordnlp/dspy,stanfordnlp/dspy,swebench_live_full,stanfordnlp__dspy-1556,1556,92d25a7066227d18f852eb49a397b46c11f0dc1a,2024-09-28 01:17:33+00:00,starryzhang/sweb.eval.x86_64.stanfordnlp_1776_dspy-1556,3,multi,114,0,2.0,5
stanfordnlp/dspy,stanfordnlp/dspy,swebench_live_full,stanfordnlp__dspy-8432,8432,94299c7edbbe39cbb086cff892e3902e27cb2f1d,2025-06-20 21:15:46+00:00,starryzhang/sweb.eval.x86_64.stanfordnlp_1776_dspy-8432,1,single,38,0,7.0,6
stanfordnlp/dspy,stanfordnlp/dspy,swebench_live_full,stanfordnlp__dspy-8394,8394,3ded7a6266514c1569452b0e26bcd4e75c1ee6db,2025-06-16 10:00:34+00:00,starryzhang/sweb.eval.x86_64.stanfordnlp_1776_dspy-8394,1,single,9,0,2.0,7
stanfordnlp/dspy,stanfordnlp/dspy,swebench_live_full,stanfordnlp__dspy-8566,8566,2e60022f9a524dfd406edc04444114f835d017a0,2025-07-23 11:12:23+00:00,starryzhang/sweb.eval.x86_64.stanfordnlp_1776_dspy-8566,1,single,4,0,12.0,8
stanfordnlp/dspy,stanfordnlp/dspy,swebench_live_full,stanfordnlp__dspy-1741,1741,9391c2a9b386cbbbe27d18206790a40c27503348,2024-11-02 07:52:01+00:00,starryzhang/sweb.eval.x86_64.stanfordnlp_1776_dspy-1741,1,single,30,0,2.0,9
stanfordnlp/dspy,stanfordnlp/dspy,swebench_live_full,stanfordnlp__dspy-848,848,81c2f579d50057d51351c259796e07958efdd9d1,2024-04-17 03:34:00+00:00,starryzhang/sweb.eval.x86_64.stanfordnlp_1776_dspy-848,1,single,9,0,1.0,10
stanfordnlp/dspy,stanfordnlp/dspy,swebench_live_full,stanfordnlp__dspy-8605,8605,6259dc46e9c07fe79e2bc7f21506e8a8105f4634,2025-08-06 13:56:07+00:00,starryzhang/sweb.eval.x86_64.stanfordnlp_1776_dspy-8605,2,multi,7,0,1.0,11
stanfordnlp/dspy,stanfordnlp/dspy,swebench_live_full,stanfordnlp__dspy-8607,8607,aca8ebd4d7f0e4da249e7873d359fb730e709ddd,2025-08-07 05:55:58+00:00,starryzhang/sweb.eval.x86_64.stanfordnlp_1776_dspy-8607,4,multi,36,0,14.0,12
stanfordnlp/dspy,stanfordnlp/dspy,swebench_live_full,stanfordnlp__dspy-987,987,b05394bb20722444648a33b4447156bcef202fd6,2024-05-07 12:14:44+00:00,starryzhang/sweb.eval.x86_64.stanfordnlp_1776_dspy-987,1,single,9,0,1.0,13
stanfordnlp/dspy,stanfordnlp/dspy,swebench_live_full,stanfordnlp__dspy-8739,8739,da482fdee1560de668f9ada9ecf764cb13c8548b,2025-08-30 07:39:31+00:00,starryzhang/sweb.eval.x86_64.stanfordnlp_1776_dspy-8739,1,single,16,0,1.0,14
stanfordnlp/dspy,stanfordnlp/dspy,swebench_live_full,stanfordnlp__dspy-8340,8340,e4ec979a3d76f3375637f3a06bb92d406a36a31e,2025-06-07 21:41:51+00:00,starryzhang/sweb.eval.x86_64.stanfordnlp_1776_dspy-8340,1,single,4,0,9.0,15
stanfordnlp/dspy,stanfordnlp/dspy,swebench_live_full,stanfordnlp__dspy-1472,1472,2dbc249b7d5def49aecaf8ab23d147e15ca6c63e,2024-09-09 22:29:15+00:00,starryzhang/sweb.eval.x86_64.stanfordnlp_1776_dspy-1472,1,single,75,0,6.0,16
stanfordnlp/dspy,stanfordnlp/dspy,swebench_live_full,stanfordnlp__dspy-8718,8718,361473cb5fe29c91d0ee7b4fddc2967115f4f80f,2025-08-27 06:46:30+00:00,starryzhang/sweb.eval.x86_64.stanfordnlp_1776_dspy-8718,1,single,40,0,3.0,17
stanfordnlp/dspy,stanfordnlp/dspy,swebench_live_full,stanfordnlp__dspy-8053,8053,dd954e3cf2fbb119530ca2e6885b784bad9bace9,2025-04-09 07:05:27+00:00,starryzhang/sweb.eval.x86_64.stanfordnlp_1776_dspy-8053,1,single,19,0,2.0,18
statsmodels/statsmodels,statsmodels/statsmodels,swerebench_filtered,statsmodels__statsmodels-9390,9390,d0da572b061faf1c691b471e6ad60257b0a3ccf2,2024-10-15 11:56:53+00:00,swerebench/sweb.eval.x86_64.statsmodels_1776_statsmodels-9390,5,multi,119,0,1.0,1
statsmodels/statsmodels,statsmodels/statsmodels,swerebench_filtered,statsmodels__statsmodels-9468,9468,831e26ca5dfb087658500f08236a30b99b3f4501,2025-01-05 21:27:18+00:00,swerebench/sweb.eval.x86_64.statsmodels_1776_statsmodels-9468,1,single,21,0,1.0,2
statsmodels/statsmodels,statsmodels/statsmodels,swerebench_filtered,statsmodels__statsmodels-8828,8828,3e739c26729e2c844394f5918846e2897ad0f871,2023-04-24 08:51:18+00:00,swerebench/sweb.eval.x86_64.statsmodels_1776_statsmodels-8828,1,single,5,0,1.0,3
statsmodels/statsmodels,statsmodels/statsmodels,swerebench_filtered,statsmodels__statsmodels-8801,8801,c967ca06d96b3314891b81b6839ebad5730a540f,2023-04-15 14:00:11+00:00,swerebench/sweb.eval.x86_64.statsmodels_1776_statsmodels-8801,1,single,143,0,10.0,4
statsmodels/statsmodels,statsmodels/statsmodels,swerebench_filtered,statsmodels__statsmodels-8339,8339,35b803767bd7803ca5f9fc35d4546aa8cb7be844,2022-07-07 01:40:51+00:00,swerebench/sweb.eval.x86_64.statsmodels_1776_statsmodels-8339,1,single,48,0,1.0,5
statsmodels/statsmodels,statsmodels/statsmodels,swerebench_filtered,statsmodels__statsmodels-9407,9407,f29be609729882446846a930bec1afbdc78a0d2b,2024-10-24 08:03:43+00:00,swerebench/sweb.eval.x86_64.statsmodels_1776_statsmodels-9407,1,single,191,0,1.0,6
statsmodels/statsmodels,statsmodels/statsmodels,swerebench_filtered,statsmodels__statsmodels-8831,8831,3e739c26729e2c844394f5918846e2897ad0f871,2023-04-24 11:33:50+00:00,swerebench/sweb.eval.x86_64.statsmodels_1776_statsmodels-8831,3,multi,18,0,2.0,7
statsmodels/statsmodels,statsmodels/statsmodels,swerebench_filtered,statsmodels__statsmodels-8702,8702,27b28335f5921accbbda5f8ea6f0bc1768db282a,2023-02-24 21:37:17+00:00,swerebench/sweb.eval.x86_64.statsmodels_1776_statsmodels-8702,2,multi,21,0,5.0,8
statsmodels/statsmodels,statsmodels/statsmodels,swerebench_filtered,statsmodels__statsmodels-8333,8333,25473b2c6cd1b88c74c2459aac9d4b337d32b453,2022-06-29 18:29:00+00:00,swerebench/sweb.eval.x86_64.statsmodels_1776_statsmodels-8333,3,multi,28,0,11.0,9
statsmodels/statsmodels,statsmodels/statsmodels,swerebench_filtered,statsmodels__statsmodels-8378,8378,07997722c2581dafabdea068f51974536568377c,2022-08-22 11:27:41+00:00,swerebench/sweb.eval.x86_64.statsmodels_1776_statsmodels-8378,1,single,14,0,2.0,10
statsmodels/statsmodels,statsmodels/statsmodels,swerebench_filtered,statsmodels__statsmodels-9413,9413,0838f111df35d73fdd921ed3007099b56928ce4f,2024-10-28 18:24:41+00:00,swerebench/sweb.eval.x86_64.statsmodels_1776_statsmodels-9413,1,single,113,0,2.0,11
statsmodels/statsmodels,statsmodels/statsmodels,swerebench_filtered,statsmodels__statsmodels-9165,9165,37bd2e421bad61bc54e8260b86a10a68d17892b3,2024-02-27 15:13:58+00:00,swerebench/sweb.eval.x86_64.statsmodels_1776_statsmodels-9165,1,single,6,0,3.0,12
statsmodels/statsmodels,statsmodels/statsmodels,swerebench_filtered,statsmodels__statsmodels-8959,8959,3b61c469ed8d4a6752b5bf01390789512f81f0c6,2023-07-20 14:02:19+00:00,swerebench/sweb.eval.x86_64.statsmodels_1776_statsmodels-8959,1,single,29,0,1.0,13
streamlink/streamlink,streamlink/streamlink,swebench_live_full,streamlink__streamlink-6433,6433,5fadd7ee36edffa135774ab81731e083916fce84,2025-02-11 12:37:44+00:00,starryzhang/sweb.eval.x86_64.streamlink_1776_streamlink-6433,1,single,41,0,3.0,1
streamlink/streamlink,streamlink/streamlink,swebench_live_full,streamlink__streamlink-6353,6353,2bcdafc67824a60d65bce8bea65d019061c4e360,2024-12-23 16:44:38+00:00,starryzhang/sweb.eval.x86_64.streamlink_1776_streamlink-6353,1,single,4,0,1.0,2
streamlink/streamlink,streamlink/streamlink,swerebench_filtered,streamlink__streamlink-5586,5586,5f64f2ee3a4d436cd6686efb2353109fd4da4b70,2023-10-04 13:45:59+00:00,swerebench/sweb.eval.x86_64.streamlink_1776_streamlink-5586,3,multi,172,0,17.0,3
streamlink/streamlink,streamlink/streamlink,swebench_live_full,streamlink__streamlink-6544,6544,987c4176f5d23efb845a0c0b884eac926e650d47,2025-05-29 14:13:07+00:00,starryzhang/sweb.eval.x86_64.streamlink_1776_streamlink-6544,2,multi,5,0,42.0,4
streamlink/streamlink,streamlink/streamlink,swerebench_filtered,streamlink__streamlink-3847,3847,3995953c49718425db9fafd39a6088a95603dcb4,2021-07-04 17:25:28+00:00,swerebench/sweb.eval.x86_64.streamlink_1776_streamlink-3847,2,multi,51,0,8.0,5
streamlink/streamlink,streamlink/streamlink,swerebench_filtered,streamlink__streamlink-5725,5725,bebc2ae181ebccaf6a1b569570bb625383a1e8e2,2023-12-15 15:33:06+00:00,swerebench/sweb.eval.x86_64.streamlink_1776_streamlink-5725,1,single,76,0,6.0,6
streamlink/streamlink,streamlink/streamlink,swerebench_filtered,streamlink__streamlink-5645,5645,fd83550d5e4c55b84a2e96de70d0ea54f46eee10,2023-10-31 17:42:38+00:00,swerebench/sweb.eval.x86_64.streamlink_1776_streamlink-5645,1,single,61,0,8.0,7
streamlink/streamlink,streamlink/streamlink,swerebench_filtered,streamlink__streamlink-3422,3422,030dbc5f744c05aac4733b2c37bfd771df9b4c00,2020-12-18 16:08:02+00:00,swerebench/sweb.eval.x86_64.streamlink_1776_streamlink-3422,1,single,13,0,1.0,8
streamlink/streamlink,streamlink/streamlink,swerebench_filtered,streamlink__streamlink-2765,2765,f90d560511523d67c71387eb67bb91fd577ec1bb,2020-01-12 23:18:51+00:00,swerebench/sweb.eval.x86_64.streamlink_1776_streamlink-2765,1,single,4,0,1.0,9
streamlink/streamlink,streamlink/streamlink,swerebench_filtered,streamlink__streamlink-2102,2102,e29c8b75e664671216abc8c660f2dec21310cec9,2018-10-07 00:44:28+00:00,swerebench/sweb.eval.x86_64.streamlink_1776_streamlink-2102,1,single,4,0,1.0,10
streamlink/streamlink,streamlink/streamlink,swerebench_filtered,streamlink__streamlink-1660,1660,e2a55461decc6856912325e8103cefb359027811,2018-05-16 14:48:22+00:00,swerebench/sweb.eval.x86_64.streamlink_1776_streamlink-1660,1,single,14,0,1.0,11
streamlink/streamlink,streamlink/streamlink,swerebench_filtered,streamlink__streamlink-5478,5478,4a234ff76a73ad238eea8470267366592963ad50,2023-08-03 22:09:40+00:00,swerebench/sweb.eval.x86_64.streamlink_1776_streamlink-5478,3,multi,37,0,3.0,12
streamlink/streamlink,streamlink/streamlink,swerebench_filtered,streamlink__streamlink-3768,3768,1ed85fcb24c6436f93c8e7ed9931e0266e7ee696,2021-06-02 12:09:39+00:00,swerebench/sweb.eval.x86_64.streamlink_1776_streamlink-3768,3,multi,90,0,1.0,13
streamlink/streamlink,streamlink/streamlink,swerebench_filtered,streamlink__streamlink-5444,5444,d89c7967402156368b81f668c6ab4ebfac42d642,2023-07-15 11:38:25+00:00,swerebench/sweb.eval.x86_64.streamlink_1776_streamlink-5444,2,multi,87,0,1.0,14
streamlink/streamlink,streamlink/streamlink,swerebench_filtered,streamlink__streamlink-1721,1721,4924b8a15a45de36b459cf1ed20296d414a85c15,2018-05-31 22:40:28+00:00,swerebench/sweb.eval.x86_64.streamlink_1776_streamlink-1721,2,multi,171,0,1.0,15
streamlink/streamlink,streamlink/streamlink,swerebench_filtered,streamlink__streamlink-3205,3205,bbd80a5c6f446652393b525a4a6ae6ed63e4c093,2020-09-25 23:52:50+00:00,swerebench/sweb.eval.x86_64.streamlink_1776_streamlink-3205,1,single,16,0,2.0,16
streamlink/streamlink,streamlink/streamlink,swebench_live_full,streamlink__streamlink-6328,6328,f3c3546925897243edb4e3ba42210c5262ce74cf,2024-12-06 10:51:27+00:00,starryzhang/sweb.eval.x86_64.streamlink_1776_streamlink-6328,1,single,26,0,1.0,17
streamlink/streamlink,streamlink/streamlink,swerebench_filtered,streamlink__streamlink-2780,2780,48aa67977b1e69730d582a32641ec5cbfe63971d,2020-01-28 08:41:32+00:00,swerebench/sweb.eval.x86_64.streamlink_1776_streamlink-2780,1,single,13,0,1.0,18
streamlink/streamlink,streamlink/streamlink,swebench_live_full,streamlink__streamlink-5932,5932,f43d0eb4714de529a45dd9161e7774d070699bad,2024-04-09 19:42:52+00:00,starryzhang/sweb.eval.x86_64.streamlink_1776_streamlink-5932,1,single,6,0,1.0,19
streamlink/streamlink,streamlink/streamlink,swerebench_filtered,streamlink__streamlink-3920,3920,6eed23436534df3a558b316d7d495a4021d7a5c7,2021-08-17 17:58:43+00:00,swerebench/sweb.eval.x86_64.streamlink_1776_streamlink-3920,1,single,4,0,2.0,20
sunpy/sunpy,sunpy/sunpy,swerebench_filtered,sunpy__sunpy-7024,7024,c6e2b3048cb3369a277a05271f54ec3e07522dce,2023-05-24 20:19:52+00:00,swerebench/sweb.eval.x86_64.sunpy_1776_sunpy-7024,3,multi,9,0,2.0,1
sunpy/sunpy,sunpy/sunpy,swerebench_filtered,sunpy__sunpy-6423,6423,fc1b29bd1e979f359244dd6673636dfed8b63fe9,2022-09-22 11:25:08+00:00,swerebench/sweb.eval.x86_64.sunpy_1776_sunpy-6423,1,single,4,0,1.0,2
sunpy/sunpy,sunpy/sunpy,swerebench_filtered,sunpy__sunpy-6499,6499,0980fd6d4d3d846e87536faefb7e1ce69d721625,2022-10-21 20:21:09+00:00,swerebench/sweb.eval.x86_64.sunpy_1776_sunpy-6499,1,single,22,0,2.0,3
sunpy/sunpy,sunpy/sunpy,swerebench_filtered,sunpy__sunpy-7446,7446,20d23c53ff36e8d5ac76ff8f691cd534fd7ade3e,2024-02-12 11:02:48+00:00,swerebench/sweb.eval.x86_64.sunpy_1776_sunpy-7446,1,single,12,0,1.0,4
sunpy/sunpy,sunpy/sunpy,swerebench_filtered,sunpy__sunpy-6451,6451,9cf9e04e348d811465e9efc791eda50d29fe52a1,2022-10-09 20:02:56+00:00,swerebench/sweb.eval.x86_64.sunpy_1776_sunpy-6451,1,single,6,0,19.0,5
sunpy/sunpy,sunpy/sunpy,swerebench_filtered,sunpy__sunpy-5915,5915,3f4c2a88affe625beb096c647d44f065d580e5c0,2022-02-24 11:40:43+00:00,swerebench/sweb.eval.x86_64.sunpy_1776_sunpy-5915,1,single,7,0,2.0,6
sunpy/sunpy,sunpy/sunpy,swerebench_filtered,sunpy__sunpy-4879,4879,c1b32b80b8e589ab38c7a3bb4497a1c8a6673590,2021-01-18 11:53:01+00:00,swerebench/sweb.eval.x86_64.sunpy_1776_sunpy-4879,1,single,42,0,14.0,7
sunpy/sunpy,sunpy/sunpy,swerebench_filtered,sunpy__sunpy-7370,7370,2a8a908eb332b98278644e71941936eae4fcc892,2024-01-07 17:53:37+00:00,swerebench/sweb.eval.x86_64.sunpy_1776_sunpy-7370,1,single,6,0,1.0,8
sunpy/sunpy,sunpy/sunpy,swerebench_filtered,sunpy__sunpy-4724,4724,94b31a412fe9486db1a448e4e2e99a77d57ec2ae,2020-12-11 03:45:50+00:00,swerebench/sweb.eval.x86_64.sunpy_1776_sunpy-4724,1,single,11,0,1.0,9
sunpy/sunpy,sunpy/sunpy,swerebench_filtered,sunpy__sunpy-4791,4791,242de49f01c04e40bc3120e26bc137b62e5b6012,2020-12-23 09:37:57+00:00,swerebench/sweb.eval.x86_64.sunpy_1776_sunpy-4791,1,single,1,0,2.0,10
sunpy/sunpy,sunpy/sunpy,swerebench_filtered,sunpy__sunpy-7950,7950,7b7562c232c4031b0bcf3f13034f873eb4457eef,2024-12-27 07:22:24+00:00,swerebench/sweb.eval.x86_64.sunpy_1776_sunpy-7950,1,single,4,0,1.0,11
sunpy/sunpy,sunpy/sunpy,swerebench_filtered,sunpy__sunpy-6581,6581,f8200fa9048c6b15351c984ef2bdb43d521c876e,2022-11-10 02:41:10+00:00,swerebench/sweb.eval.x86_64.sunpy_1776_sunpy-6581,1,single,31,0,1.0,12
sympy/sympy,sympy/sympy,swebench_full,sympy__sympy-21596,21596,110997fe18b9f7d5ba7d22f624d156a29bf40759,2021-06-10 15:35:08+00:00,swebench/sweb.eval.x86_64.sympy_1776_sympy-21596,1,single,37,0,1.0,1
sympy/sympy,sympy/sympy,swebench_full,sympy__sympy-13177,13177,662cfb818e865f580e18b59efbb3540c34232beb,2017-08-22 20:28:20+00:00,swebench/sweb.eval.x86_64.sympy_1776_sympy-13177,1,single,3,0,1.0,2
sympy/sympy,sympy/sympy,swebench_full,sympy__sympy-17394,17394,e486f1b79432c474ad29a1d1a3d11e60b1caae88,2019-08-12 22:11:58+00:00,swebench/sweb.eval.x86_64.sympy_1776_sympy-17394,4,multi,52,0,2.0,3
sympy/sympy,sympy/sympy,swebench_full,sympy__sympy-15971,15971,c267d554e16f0392af2b22a2922cbe0db7e8c798,2019-02-12 19:57:43+00:00,swebench/sweb.eval.x86_64.sympy_1776_sympy-15971,1,single,6,0,1.0,4
sympy/sympy,sympy/sympy,swebench_full,sympy__sympy-15349,15349,768da1c6f6ec907524b8ebbf6bf818c92b56101b,2018-10-06 19:45:27+00:00,swebench/sweb.eval.x86_64.sympy_1776_sympy-15349,1,single,2,0,1.0,5
sympy/sympy,sympy/sympy,swebench_full,sympy__sympy-19637,19637,63f8f465d48559fecb4e4bf3c48b75bf15a3e0ef,2020-06-24 13:08:57+00:00,swebench/sweb.eval.x86_64.sympy_1776_sympy-19637,1,single,4,0,1.0,6
sympy/sympy,sympy/sympy,swebench_full,sympy__sympy-13878,13878,7b127bdf71a36d85216315f80c1b54d22b060818,2018-01-10 07:00:58+00:00,swebench/sweb.eval.x86_64.sympy_1776_sympy-13878,1,single,156,0,1.0,7
sympy/sympy,sympy/sympy,swebench_full,sympy__sympy-18030,18030,7501960ea18912f9055a32be50bda30805fc0c95,2019-12-09 15:00:53+00:00,swebench/sweb.eval.x86_64.sympy_1776_sympy-18030,2,multi,63,0,2.0,8
sympy/sympy,sympy/sympy,swebench_full,sympy__sympy-15567,15567,39fe1d243440277a01d15fabc58dd36fc8c12f65,2018-11-29 13:29:13+00:00,swebench/sweb.eval.x86_64.sympy_1776_sympy-15567,1,single,2,0,1.0,9
sympy/sympy,sympy/sympy,swebench_full,sympy__sympy-21527,21527,31d469a5335c81ec4a437e36a861945a6b43d916,2021-05-26 23:53:16+00:00,swebench/sweb.eval.x86_64.sympy_1776_sympy-21527,5,multi,27,0,3.0,10
sympy/sympy,sympy/sympy,swebench_full,sympy__sympy-15609,15609,15f56f3b0006d2ed2c29bde3c43e91618012c849,2018-12-09 12:27:08+00:00,swebench/sweb.eval.x86_64.sympy_1776_sympy-15609,1,single,5,0,1.0,11
sympy/sympy,sympy/sympy,swebench_full,sympy__sympy-19601,19601,28b41c73c12b70d6ad9f6e45109a80649c4456da,2020-06-20 11:23:02+00:00,swebench/sweb.eval.x86_64.sympy_1776_sympy-19601,1,single,2,0,1.0,12
sympy/sympy,sympy/sympy,swebench_full,sympy__sympy-16963,16963,14abc988525f344d1974c043f83b1e6b1247aea6,2019-06-04 17:28:48+00:00,swebench/sweb.eval.x86_64.sympy_1776_sympy-16963,8,multi,68,0,3.0,13
sympy/sympy,sympy/sympy,swebench_full,sympy__sympy-16943,16943,a6232c17a6d3c79e95353924df3a3cd062df0708,2019-06-02 14:57:30+00:00,swebench/sweb.eval.x86_64.sympy_1776_sympy-16943,1,single,16,0,1.0,14
sympy/sympy,sympy/sympy,swebench_full,sympy__sympy-19182,19182,46921d2880a7b3d81b92e5ae7b147e955ef78b71,2020-04-23 23:10:17+00:00,swebench/sweb.eval.x86_64.sympy_1776_sympy-19182,1,single,22,0,57.0,15
sympy/sympy,sympy/sympy,swebench_full,sympy__sympy-13265,13265,1599a0d7cdf529c2d0db3a68e74a9aabb8334aa5,2017-09-06 17:22:10+00:00,swebench/sweb.eval.x86_64.sympy_1776_sympy-13265,2,multi,85,0,2.0,16
sympy/sympy,sympy/sympy,swebench_full,sympy__sympy-20565,20565,7813fc7f409838fe4c317321fd11c285a98b4ceb,2020-12-09 19:42:40+00:00,swebench/sweb.eval.x86_64.sympy_1776_sympy-20565,1,single,2,0,1.0,17
sympy/sympy,sympy/sympy,swebench_full,sympy__sympy-15011,15011,b7c5ba2bf3ffd5cf453b25af7c8ddd9a639800cb,2018-08-02 12:54:02+00:00,swebench/sweb.eval.x86_64.sympy_1776_sympy-15011,1,single,14,0,1.0,18
sympy/sympy,sympy/sympy,swebench_full,sympy__sympy-14296,14296,82bf1d76747b3d309fba5079a16a4e3183fc21fd,2018-02-20 23:09:53+00:00,swebench/sweb.eval.x86_64.sympy_1776_sympy-14296,1,single,4,0,2.0,19
sympy/sympy,sympy/sympy,swebench_full,sympy__sympy-14333,14333,3f935daa5634c765345bf99df9d85b3d31def1ec,2018-02-25 13:35:25+00:00,swebench/sweb.eval.x86_64.sympy_1776_sympy-14333,1,single,14,0,1.0,20
tefra/xsdata,tefra/xsdata,swerebench_filtered,tefra__xsdata-834,834,cb80011ebd5b096ec5d0613c95fb01f2c2ff073b,2023-07-23 08:28:42+00:00,swerebench/sweb.eval.x86_64.tefra_1776_xsdata-834,2,multi,17,0,2.0,1
tefra/xsdata,tefra/xsdata,swerebench_filtered,tefra__xsdata-788,788,49c7f70c5f1ca8ceb8a30ad29fb00606c78b023c,2023-05-14 15:53:24+00:00,swerebench/sweb.eval.x86_64.tefra_1776_xsdata-788,4,multi,12,0,1.0,2
tefra/xsdata,tefra/xsdata,swerebench_filtered,tefra__xsdata-1010,1010,1a2cfeacfb876a95f8e976b92688eb6461406ab5,2024-04-06 15:46:08+00:00,swerebench/sweb.eval.x86_64.tefra_1776_xsdata-1010,1,single,8,0,2.0,3
tefra/xsdata,tefra/xsdata,swerebench_filtered,tefra__xsdata-826,826,d39e9aa62d72ef298915b00e8133a42dfaa1fe38,2023-07-16 06:48:20+00:00,swerebench/sweb.eval.x86_64.tefra_1776_xsdata-826,1,single,2,0,2.0,4
tefra/xsdata,tefra/xsdata,swerebench_filtered,tefra__xsdata-994,994,e652e08c2fc312f85cc35e4f6b0c8c3948b9d071,2024-03-23 18:49:30+00:00,swerebench/sweb.eval.x86_64.tefra_1776_xsdata-994,2,multi,10,0,2.0,5
tefra/xsdata,tefra/xsdata,swerebench_filtered,tefra__xsdata-679,679,f83794875914223b76db0e731b7eec1ad078e429,2022-04-23 07:46:11+00:00,swerebench/sweb.eval.x86_64.tefra_1776_xsdata-679,2,multi,97,0,12.0,6
tefra/xsdata,tefra/xsdata,swerebench_filtered,tefra__xsdata-1067,1067,6eccffb886ca537c4d1b1fa0f59cac637311e43f,2024-07-28 06:18:55+00:00,swerebench/sweb.eval.x86_64.tefra_1776_xsdata-1067,1,single,6,0,2.0,7
tefra/xsdata,tefra/xsdata,swerebench_filtered,tefra__xsdata-1055,1055,1f42a6a5990664494049d4f97810cb0bcccc76df,2024-06-24 04:58:57+00:00,swerebench/sweb.eval.x86_64.tefra_1776_xsdata-1055,1,single,6,0,2.0,8
tefra/xsdata,tefra/xsdata,swerebench_filtered,tefra__xsdata-886,886,c6a1c6658eb9017d483d4f4f344881cea9969680,2023-12-16 08:54:10+00:00,swerebench/sweb.eval.x86_64.tefra_1776_xsdata-886,1,single,8,0,1.0,9
tefra/xsdata,tefra/xsdata,swerebench_filtered,tefra__xsdata-687,687,a98b9269d86262d68f74d29382365fbb2cf499ef,2022-06-29 09:24:54+00:00,swerebench/sweb.eval.x86_64.tefra_1776_xsdata-687,1,single,2,0,1.0,10
tefra/xsdata,tefra/xsdata,swerebench_filtered,tefra__xsdata-1099,1099,95755fe11e253b38ee1df5112880a0529203a15f,2024-12-01 06:02:54+00:00,swerebench/sweb.eval.x86_64.tefra_1776_xsdata-1099,1,single,3,0,1.0,11
tefra/xsdata,tefra/xsdata,swerebench_filtered,tefra__xsdata-755,755,4b4091c9a8a116e5faf231d58e70f6aa31872e51,2023-02-25 15:38:56+00:00,swerebench/sweb.eval.x86_64.tefra_1776_xsdata-755,2,multi,6,0,1.0,12
tefra/xsdata,tefra/xsdata,swerebench_filtered,tefra__xsdata-901,901,82ccdbbcc9e8d7ffeca20e7c8ffbb4b1858a4044,2023-12-29 09:19:00+00:00,swerebench/sweb.eval.x86_64.tefra_1776_xsdata-901,1,single,4,0,1.0,13
tefra/xsdata,tefra/xsdata,swerebench_filtered,tefra__xsdata-1098,1098,6e3f505bf9ed57d6209dad5afc4a7bdf90bc5fe8,2024-12-01 04:37:13+00:00,swerebench/sweb.eval.x86_64.tefra_1776_xsdata-1098,1,single,3,0,1.0,14
tefra/xsdata,tefra/xsdata,swerebench_filtered,tefra__xsdata-879,879,0b2fe8b2256b617e1f3781d8359e7733b31ef26f,2023-12-08 04:41:30+00:00,swerebench/sweb.eval.x86_64.tefra_1776_xsdata-879,1,single,6,0,1.0,15
tefra/xsdata,tefra/xsdata,swerebench_filtered,tefra__xsdata-609,609,1c8ad8679822bc0c8770b44d81a47f4189abc45e,2021-11-09 16:57:35+00:00,swerebench/sweb.eval.x86_64.tefra_1776_xsdata-609,1,single,29,0,5.0,16
tefra/xsdata,tefra/xsdata,swerebench_filtered,tefra__xsdata-787,787,25f9bd4eea2deec734c21e36ac20015228910956,2023-05-14 15:28:20+00:00,swerebench/sweb.eval.x86_64.tefra_1776_xsdata-787,1,single,7,0,2.0,17
tefra/xsdata,tefra/xsdata,swerebench_filtered,tefra__xsdata-749,749,8d431a234d79c487950acc0f3eac019fb98d5088,2023-02-21 14:00:53+00:00,swerebench/sweb.eval.x86_64.tefra_1776_xsdata-749,1,single,20,0,2.0,18
tefra/xsdata,tefra/xsdata,swerebench_filtered,tefra__xsdata-905,905,fa05d61338a5beb06caf8438383bed0b9070ee26,2023-12-31 16:36:26+00:00,swerebench/sweb.eval.x86_64.tefra_1776_xsdata-905,1,single,2,0,1.0,19
tefra/xsdata,tefra/xsdata,swerebench_filtered,tefra__xsdata-902,902,3db78fbcecbee73105dc49d69dc5f97e985a15ef,2023-12-29 10:55:42+00:00,swerebench/sweb.eval.x86_64.tefra_1776_xsdata-902,1,single,2,0,1.0,20
terrapower/armi,terrapower/armi,swerebench_filtered,terrapower__armi-1839,1839,412c1e72cf08c860a262bab53e405b355bd4c9fe,2024-08-27 18:43:29+00:00,swerebench/sweb.eval.x86_64.terrapower_1776_armi-1839,1,single,20,0,1.0,1
terrapower/armi,terrapower/armi,swerebench_filtered,terrapower__armi-1883,1883,0b3c7c1f8e88731c284fc80b7fadd27dcc6d49bb,2024-09-16 14:27:34+00:00,swerebench/sweb.eval.x86_64.terrapower_1776_armi-1883,2,multi,13,0,1.0,2
terrapower/armi,terrapower/armi,swerebench_filtered,terrapower__armi-1925,1925,f1f3dbea05c2564404a03d8e053f72c2af15daa9,2024-10-03 23:44:43+00:00,swerebench/sweb.eval.x86_64.terrapower_1776_armi-1925,1,single,23,0,1.0,3
terrapower/armi,terrapower/armi,swerebench_filtered,terrapower__armi-102,102,a99a52c26034ef8264a8078a4b96d864ab2159f3,2020-07-28 21:36:47+00:00,swerebench/sweb.eval.x86_64.terrapower_1776_armi-102,2,multi,109,0,1.0,4
terrapower/armi,terrapower/armi,swerebench_filtered,terrapower__armi-1842,1842,6fd89e1b095c6290195967674758df0c64434caa,2024-08-29 03:05:22+00:00,swerebench/sweb.eval.x86_64.terrapower_1776_armi-1842,3,multi,40,0,2.0,5
terrapower/armi,terrapower/armi,swerebench_filtered,terrapower__armi-1796,1796,67af3ad2a093c6af6cc885ffdd78d14381316431,2024-07-23 21:50:53+00:00,swerebench/sweb.eval.x86_64.terrapower_1776_armi-1796,2,multi,13,0,4.0,6
terrapower/armi,terrapower/armi,swerebench_filtered,terrapower__armi-1122,1122,cfa6935d8c3f35352b479c1aabc4463d10f7d9e9,2023-01-25 22:20:14+00:00,swerebench/sweb.eval.x86_64.terrapower_1776_armi-1122,1,single,41,0,2.0,7
terrapower/armi,terrapower/armi,swerebench_filtered,terrapower__armi-256,256,6e3f2dae1d4dc1e17dc41c4a82393386744dc2c1,2021-02-23 23:07:08+00:00,swerebench/sweb.eval.x86_64.terrapower_1776_armi-256,2,multi,35,0,3.0,8
terrapower/armi,terrapower/armi,swerebench_filtered,terrapower__armi-1117,1117,4699c867e6b6fb7c1308a879e03c241f1d946b75,2023-01-24 16:49:52+00:00,swerebench/sweb.eval.x86_64.terrapower_1776_armi-1117,3,multi,35,0,2.0,9
terrapower/armi,terrapower/armi,swerebench_filtered,terrapower__armi-1230,1230,09902887715d5f43ee78098eb42c59c09ca10942,2023-03-31 20:43:54+00:00,swerebench/sweb.eval.x86_64.terrapower_1776_armi-1230,1,single,15,0,1.0,10
terrapower/armi,terrapower/armi,swerebench_filtered,terrapower__armi-1929,1929,b436537edfed991e6ff560a1d1b2d4b018507db1,2024-10-04 21:56:44+00:00,swerebench/sweb.eval.x86_64.terrapower_1776_armi-1929,1,single,35,0,1.0,11
terrapower/armi,terrapower/armi,swerebench_filtered,terrapower__armi-2068,2068,7b6693f1460d1c0d8d0a8e40edd22a07967bc6f8,2025-01-31 00:28:24+00:00,swerebench/sweb.eval.x86_64.terrapower_1776_armi-2068,1,single,10,0,1.0,12
Textualize/textual,textualize/textual,swerebench_filtered,Textualize__textual-441,441,efafbdfcc16fdd3c7e9b5906fc7d8cc6e354f70e,2022-04-28 09:27:13+00:00,swerebench/sweb.eval.x86_64.textualize_1776_textual-441,1,single,2,0,1.0,1
Textualize/textual,textualize/textual,swerebench_filtered,Textualize__textual-2692,2692,3dea4337ace9fd0727d0f1d799f62a7e6a249023,2023-05-30 12:55:51+00:00,swerebench/sweb.eval.x86_64.textualize_1776_textual-2692,1,single,22,0,2.0,2
Textualize/textual,textualize/textual,swerebench_filtered,Textualize__textual-4159,4159,fa4f75fd25c625d150e11c476bf468bf506c3400,2024-02-14 18:14:14+00:00,swerebench/sweb.eval.x86_64.textualize_1776_textual-4159,2,multi,23,0,1.0,3
Textualize/textual,textualize/textual,swerebench_filtered,Textualize__textual-4313,4313,154a6315939c302b4f6198426067651144fee685,2024-03-19 13:40:36+00:00,swerebench/sweb.eval.x86_64.textualize_1776_textual-4313,1,single,9,0,1.0,4
Textualize/textual,textualize/textual,swerebench_filtered,Textualize__textual-4196,4196,5aaa6b539cda123415512bb4b49bf60c007f1e3b,2024-02-21 14:22:53+00:00,swerebench/sweb.eval.x86_64.textualize_1776_textual-4196,1,single,4,0,1.0,5
Textualize/textual,textualize/textual,swerebench_filtered,Textualize__textual-1551,1551,0762a6b8583ce62890bb5f216b2a4cb1724b1c7d,2023-01-12 11:05:31+00:00,swerebench/sweb.eval.x86_64.textualize_1776_textual-1551,2,multi,14,0,2.0,6
Textualize/textual,textualize/textual,swerebench_filtered,Textualize__textual-3274,3274,74aa90f5ac3e9cbd5e002cf504241a9b2d257930,2023-09-11 08:24:55+00:00,swerebench/sweb.eval.x86_64.textualize_1776_textual-3274,1,single,1,0,1.0,7
Textualize/textual,textualize/textual,swerebench_filtered,Textualize__textual-1359,1359,b9f2382f96e4ce96a859b6c4baccde70cfb8dc53,2022-12-14 11:28:31+00:00,swerebench/sweb.eval.x86_64.textualize_1776_textual-1359,1,single,4,0,2.0,8
Textualize/textual,textualize/textual,swerebench_filtered,Textualize__textual-3872,3872,49e71862688a60e5e29f6bb60084e45890a65285,2023-12-14 15:17:15+00:00,swerebench/sweb.eval.x86_64.textualize_1776_textual-3872,1,single,66,0,1.0,9
Textualize/textual,textualize/textual,swerebench_filtered,Textualize__textual-4452,4452,fd16a0487d4ce2acd5dd180eac255d5c4a032197,2024-04-27 15:25:37+00:00,swerebench/sweb.eval.x86_64.textualize_1776_textual-4452,3,multi,13,0,10.0,10
Textualize/textual,textualize/textual,swerebench_filtered,Textualize__textual-3965,3965,cf46d4e70f29cd7e8b7263954e9c7f1d431368eb,2024-01-05 17:55:54+00:00,swerebench/sweb.eval.x86_64.textualize_1776_textual-3965,1,single,8,0,1.0,11
Textualize/textual,textualize/textual,swerebench_filtered,Textualize__textual-2987,2987,49612e3aa5ddf3e16bd959199a8886c3f8d2328d,2023-07-22 14:22:57+00:00,swerebench/sweb.eval.x86_64.textualize_1776_textual-2987,2,multi,47,0,2.0,12
Textualize/textual,textualize/textual,swebench_live_full,Textualize__textual-5743,5743,21e91cd132964b9eb44442e6c6765c8fa22c2128,2025-04-12 08:35:45+00:00,starryzhang/sweb.eval.x86_64.textualize_1776_textual-5743,1,single,3,0,1.0,13
Textualize/textual,textualize/textual,swerebench_filtered,Textualize__textual-2464,2464,e5c54a36832b69e30da01f66fcfe629ec3c3b8c9,2023-05-03 10:38:45+00:00,swerebench/sweb.eval.x86_64.textualize_1776_textual-2464,1,single,1,0,1.0,14
Textualize/textual,textualize/textual,swerebench_filtered,Textualize__textual-2981,2981,2f055f6234928a37207759bc48876965905dc966,2023-07-22 09:26:53+00:00,swerebench/sweb.eval.x86_64.textualize_1776_textual-2981,1,single,3,0,1.0,15
Textualize/textual,textualize/textual,swerebench_filtered,Textualize__textual-2038,2038,a3887dfcbb7fe47cc6e10da7645d01cffe1a91e3,2023-03-13 15:18:25+00:00,swerebench/sweb.eval.x86_64.textualize_1776_textual-2038,1,single,2,0,1.0,16
Textualize/textual,textualize/textual,swerebench_filtered,Textualize__textual-5237,5237,0e9e3205e753388615badd989d7fab1aaba21ad5,2024-11-15 15:57:53+00:00,swerebench/sweb.eval.x86_64.textualize_1776_textual-5237,1,single,4,0,1.0,17
Textualize/textual,textualize/textual,swerebench_filtered,Textualize__textual-1837,1837,be850635c2d764dfa4d45707a0cb92bfd63f355d,2023-02-19 09:52:36+00:00,swerebench/sweb.eval.x86_64.textualize_1776_textual-1837,1,single,2,0,1.0,18
Textualize/textual,textualize/textual,swerebench_filtered,Textualize__textual-3152,3152,695e59bd3a08e901e5ad2c63ce09cd9c5307f6fc,2023-08-23 11:12:29+00:00,swerebench/sweb.eval.x86_64.textualize_1776_textual-3152,2,multi,79,0,3.0,19
Textualize/textual,textualize/textual,swerebench_filtered,Textualize__textual-4702,4702,50b767f73b241c04751714620206d28742e8fc0a,2024-07-04 10:53:15+00:00,swerebench/sweb.eval.x86_64.textualize_1776_textual-4702,1,single,2,0,1.0,20
tobymao/sqlglot,tobymao/sqlglot,swerebench_filtered,tobymao__sqlglot-3238,3238,647611e16bdb5ecfc2eec30111cc6689200836b7,2024-03-28 13:16:06+00:00,swerebench/sweb.eval.x86_64.tobymao_1776_sqlglot-3238,3,multi,8,0,1.0,1
tobymao/sqlglot,tobymao/sqlglot,swerebench_filtered,tobymao__sqlglot-559,559,fe609ddd6f7c5413c2e1d8b2e8cbb7b28ca57ca7,2022-10-07 18:40:31+00:00,swerebench/sweb.eval.x86_64.tobymao_1776_sqlglot-559,2,multi,8,0,1.0,2
tobymao/sqlglot,tobymao/sqlglot,swerebench_filtered,tobymao__sqlglot-4390,4390,e7b67e0c280179188ce1bca650735978b758dca1,2024-11-14 09:29:07+00:00,swerebench/sweb.eval.x86_64.tobymao_1776_sqlglot-4390,1,single,12,0,1.0,3
tobymao/sqlglot,tobymao/sqlglot,swerebench_filtered,tobymao__sqlglot-4311,4311,e92904e61ab3b14fe18d472df19311f9b014f6cc,2024-10-29 20:22:36+00:00,swerebench/sweb.eval.x86_64.tobymao_1776_sqlglot-4311,2,multi,17,0,1.0,4
tobymao/sqlglot,tobymao/sqlglot,swerebench_filtered,tobymao__sqlglot-2047,2047,0746b6f96d9b8fad0d8fbea3e23170e8d56eb3ee,2023-08-14 12:24:22+00:00,swerebench/sweb.eval.x86_64.tobymao_1776_sqlglot-2047,2,multi,25,0,1.0,5
tobymao/sqlglot,tobymao/sqlglot,swerebench_filtered,tobymao__sqlglot-3799,3799,44d650637d5d7a662b57ec1d8ca74dffe0f7ad73,2024-07-23 09:43:26+00:00,swerebench/sweb.eval.x86_64.tobymao_1776_sqlglot-3799,1,single,1,0,1.0,6
tobymao/sqlglot,tobymao/sqlglot,swerebench_filtered,tobymao__sqlglot-1627,1627,9c3cd2cabe39a683832c0fbad26714c31b41bc76,2023-05-15 17:48:43+00:00,swerebench/sweb.eval.x86_64.tobymao_1776_sqlglot-1627,4,multi,51,0,1.0,7
tobymao/sqlglot,tobymao/sqlglot,swerebench_filtered,tobymao__sqlglot-3731,3731,1e07c4d29a43192fb57c120f3b9c1c2fa27d0fa6,2024-07-03 12:26:23+00:00,swerebench/sweb.eval.x86_64.tobymao_1776_sqlglot-3731,4,multi,55,0,1.0,8
tobymao/sqlglot,tobymao/sqlglot,swerebench_filtered,tobymao__sqlglot-4079,4079,d89757e21665913d49a3ccc19deeea86ab59820c,2024-09-06 12:46:51+00:00,swerebench/sweb.eval.x86_64.tobymao_1776_sqlglot-4079,2,multi,20,0,2.0,9
tobymao/sqlglot,tobymao/sqlglot,swerebench_filtered,tobymao__sqlglot-4106,4106,f8d4dc4bab90cd369eef090c23b81160a7ae78fc,2024-09-10 16:10:45+00:00,swerebench/sweb.eval.x86_64.tobymao_1776_sqlglot-4106,3,multi,27,0,1.0,10
tobymao/sqlglot,tobymao/sqlglot,swerebench_filtered,tobymao__sqlglot-3699,3699,3fba6035ac0263beab73ab62013a64a56dea9165,2024-06-25 10:35:48+00:00,swerebench/sweb.eval.x86_64.tobymao_1776_sqlglot-3699,4,multi,36,0,1.0,11
tobymao/sqlglot,tobymao/sqlglot,swerebench_filtered,tobymao__sqlglot-4004,4004,fcaae87d50653600048917945652cdf463bcc3cf,2024-08-29 12:53:19+00:00,swerebench/sweb.eval.x86_64.tobymao_1776_sqlglot-4004,1,single,5,0,1.0,12
tobymao/sqlglot,tobymao/sqlglot,swerebench_filtered,tobymao__sqlglot-3470,3470,065281e28be75597f3f97cee22995423ed483660,2024-05-14 12:20:21+00:00,swerebench/sweb.eval.x86_64.tobymao_1776_sqlglot-3470,1,single,10,0,1.0,13
tobymao/sqlglot,tobymao/sqlglot,swerebench_filtered,tobymao__sqlglot-4628,4628,59d886d6abfc00726b785a4d468f6b2e0f9d3b1a,2025-01-16 10:56:28+00:00,swerebench/sweb.eval.x86_64.tobymao_1776_sqlglot-4628,4,multi,55,0,2.0,14
tobymao/sqlglot,tobymao/sqlglot,swerebench_filtered,tobymao__sqlglot-4393,4393,37c4809dfda48224fd982ea8a48d3dbc5c17f9ae,2024-11-14 13:28:54+00:00,swerebench/sweb.eval.x86_64.tobymao_1776_sqlglot-4393,2,multi,19,0,1.0,15
tobymao/sqlglot,tobymao/sqlglot,swerebench_filtered,tobymao__sqlglot-3720,3720,58e54a164326f7978259c51133fecb5d0aea4e49,2024-06-29 03:12:39+00:00,swerebench/sweb.eval.x86_64.tobymao_1776_sqlglot-3720,2,multi,34,0,1.0,16
tobymao/sqlglot,tobymao/sqlglot,swerebench_filtered,tobymao__sqlglot-3785,3785,2cc1462179cb26b341249e481377da10020d9563,2024-07-19 11:54:58+00:00,swerebench/sweb.eval.x86_64.tobymao_1776_sqlglot-3785,1,single,2,0,1.0,17
tobymao/sqlglot,tobymao/sqlglot,swerebench_filtered,tobymao__sqlglot-3242,3242,59f1d13bc5e37ebe6636b05e0381facc9725f7b0,2024-03-28 22:54:17+00:00,swerebench/sweb.eval.x86_64.tobymao_1776_sqlglot-3242,3,multi,22,0,1.0,18
tobymao/sqlglot,tobymao/sqlglot,swerebench_filtered,tobymao__sqlglot-3696,3696,442c61defe05f4c168a7909d0a5fc5c043a2d2b4,2024-06-24 14:14:36+00:00,swerebench/sweb.eval.x86_64.tobymao_1776_sqlglot-3696,4,multi,17,0,2.0,19
tobymao/sqlglot,tobymao/sqlglot,swerebench_filtered,tobymao__sqlglot-2591,2591,426075fe17b60b419f38a8ef5735977b953b92af,2023-11-23 00:52:11+00:00,swerebench/sweb.eval.x86_64.tobymao_1776_sqlglot-2591,1,single,12,0,1.0,20
tornadoweb/tornado,tornadoweb/tornado,swerebench_filtered,tornadoweb__tornado-2045,2045,06be57c11f98b24ce0f6ee2d04f0cfe8bfdb3b4d,2017-05-20 16:16:33+00:00,swerebench/sweb.eval.x86_64.tornadoweb_1776_tornado-2045,2,multi,26,0,2.0,1
tornadoweb/tornado,tornadoweb/tornado,swerebench_filtered,tornadoweb__tornado-2745,2745,ff985fe509513325462441e017f1ec31dda737c1,2019-10-04 01:33:49+00:00,swerebench/sweb.eval.x86_64.tornadoweb_1776_tornado-2745,1,single,8,0,1.0,2
tornadoweb/tornado,tornadoweb/tornado,swerebench_filtered,tornadoweb__tornado-2157,2157,34c43f4775971ab9b2b8ed43356f218add6387b2,2017-09-21 18:10:28+00:00,swerebench/sweb.eval.x86_64.tornadoweb_1776_tornado-2157,1,single,8,0,1.0,3
tornadoweb/tornado,tornadoweb/tornado,swerebench_filtered,tornadoweb__tornado-1936,1936,69253c820df473407c562a227d0ba36df25018ab,2017-01-27 00:17:20+00:00,swerebench/sweb.eval.x86_64.tornadoweb_1776_tornado-1936,4,multi,29,0,1.0,4
tornadoweb/tornado,tornadoweb/tornado,swerebench_filtered,tornadoweb__tornado-2048,2048,06be57c11f98b24ce0f6ee2d04f0cfe8bfdb3b4d,2017-05-20 17:44:48+00:00,swerebench/sweb.eval.x86_64.tornadoweb_1776_tornado-2048,2,multi,17,0,2.0,5
tornadoweb/tornado,tornadoweb/tornado,swerebench_filtered,tornadoweb__tornado-2011,2011,ecd8968c5135b810cd607b5902dda2cd32122b39,2017-04-15 16:56:05+00:00,swerebench/sweb.eval.x86_64.tornadoweb_1776_tornado-2011,2,multi,13,0,1.0,6
tornadoweb/tornado,tornadoweb/tornado,swerebench_filtered,tornadoweb__tornado-2270,2270,15e350aa27493a98bf797d112af304b00c1d63c3,2018-02-03 23:07:50+00:00,swerebench/sweb.eval.x86_64.tornadoweb_1776_tornado-2270,1,single,5,0,1.0,7
tornadoweb/tornado,tornadoweb/tornado,swerebench_filtered,tornadoweb__tornado-2047,2047,06be57c11f98b24ce0f6ee2d04f0cfe8bfdb3b4d,2017-05-20 17:01:53+00:00,swerebench/sweb.eval.x86_64.tornadoweb_1776_tornado-2047,2,multi,24,0,1.0,8
tornadoweb/tornado,tornadoweb/tornado,swerebench_filtered,tornadoweb__tornado-2589,2589,97d6599637e683fcab1d391468a8408c8496939a,2019-02-11 02:09:09+00:00,swerebench/sweb.eval.x86_64.tornadoweb_1776_tornado-2589,3,multi,18,0,1.0,9
tornadoweb/tornado,tornadoweb/tornado,swerebench_filtered,tornadoweb__tornado-2613,2613,8c8e154ae0b91df1ca41d0da567e5baa6499d6e4,2019-03-03 18:52:01+00:00,swerebench/sweb.eval.x86_64.tornadoweb_1776_tornado-2613,3,multi,54,0,1.0,10
tornadoweb/tornado,tornadoweb/tornado,swerebench_filtered,tornadoweb__tornado-2058,2058,09e255779dc1db78a0c76e720660f802d7dc9cab,2017-05-26 13:21:43+00:00,swerebench/sweb.eval.x86_64.tornadoweb_1776_tornado-2058,2,multi,4,0,1.0,11
tornadoweb/tornado,tornadoweb/tornado,swerebench_filtered,tornadoweb__tornado-2544,2544,940fd87fe9145d1154c8457221f86d56ea063c65,2018-12-02 17:36:46+00:00,swerebench/sweb.eval.x86_64.tornadoweb_1776_tornado-2544,1,single,9,0,1.0,12
tornadoweb/tornado,tornadoweb/tornado,swerebench_filtered,tornadoweb__tornado-2549,2549,c350dc9f4dfca5ede1002fa578cc33d6b1cea120,2018-12-10 11:28:00+00:00,swerebench/sweb.eval.x86_64.tornadoweb_1776_tornado-2549,1,single,2,0,1.0,13
tornadoweb/tornado,tornadoweb/tornado,swerebench_filtered,tornadoweb__tornado-2397,2397,6410cd98c1a5e938246a17cac0769f689ed471c5,2018-05-20 18:39:50+00:00,swerebench/sweb.eval.x86_64.tornadoweb_1776_tornado-2397,3,multi,35,0,1.0,14
tornadoweb/tornado,tornadoweb/tornado,swerebench_filtered,tornadoweb__tornado-2074,2074,62e47215ce12aee83f951758c96775a43e80475b,2017-06-05 05:01:04+00:00,swerebench/sweb.eval.x86_64.tornadoweb_1776_tornado-2074,2,multi,7,0,1.0,15
tornadoweb/tornado,tornadoweb/tornado,swerebench_filtered,tornadoweb__tornado-2581,2581,975e9168560cc03f6210d0d3aab10c870bd47080,2019-02-02 18:47:44+00:00,swerebench/sweb.eval.x86_64.tornadoweb_1776_tornado-2581,1,single,14,0,1.0,16
tornadoweb/tornado,tornadoweb/tornado,swerebench_filtered,tornadoweb__tornado-2394,2394,50800f37b72c7a401cd49c948cb5be85cabbafea,2018-05-20 00:48:24+00:00,swerebench/sweb.eval.x86_64.tornadoweb_1776_tornado-2394,3,multi,55,0,2.0,17
tornadoweb/tornado,tornadoweb/tornado,swerebench_filtered,tornadoweb__tornado-2075,2075,62e47215ce12aee83f951758c96775a43e80475b,2017-06-06 08:44:56+00:00,swerebench/sweb.eval.x86_64.tornadoweb_1776_tornado-2075,2,multi,29,0,1.0,18
tornadoweb/tornado,tornadoweb/tornado,swerebench_filtered,tornadoweb__tornado-2545,2545,940fd87fe9145d1154c8457221f86d56ea063c65,2018-12-02 18:21:31+00:00,swerebench/sweb.eval.x86_64.tornadoweb_1776_tornado-2545,4,multi,75,0,1.0,19
tornadoweb/tornado,tornadoweb/tornado,swerebench_filtered,tornadoweb__tornado-3317,3317,d33bd7d7de020dfebeb847311a49edb481991d76,2023-08-23 01:35:38+00:00,swerebench/sweb.eval.x86_64.tornadoweb_1776_tornado-3317,1,single,129,0,1.0,20
tox-dev/tox,tox-dev/tox,swerebench_filtered,tox-dev__tox-946,946,37e2b53fcd9651cab0c786eca469e3e4c5ad9006,2018-08-19 19:35:18+00:00,swerebench/sweb.eval.x86_64.tox-dev_1776_tox-946,1,single,4,0,7.0,1
tox-dev/tox,tox-dev/tox,swerebench_filtered,tox-dev__tox-2907,2907,4408cff65d72d5662e85da632e74154dfc030ef2,2023-01-30 09:42:47+00:00,swerebench/sweb.eval.x86_64.tox-dev_1776_tox-2907,1,single,1,0,2.0,2
tox-dev/tox,tox-dev/tox,swerebench_filtered,tox-dev__tox-1208,1208,41a41166c5b3fd8a7702fd2758fabb041a93e24e,2019-03-27 22:17:32+00:00,swerebench/sweb.eval.x86_64.tox-dev_1776_tox-1208,1,single,15,0,1.0,3
tox-dev/tox,tox-dev/tox,swerebench_filtered,tox-dev__tox-2786,2786,ef323dfa24cc5e0e751ce1df7b4141ac399b1867,2022-12-28 23:44:34+00:00,swerebench/sweb.eval.x86_64.tox-dev_1776_tox-2786,1,single,33,0,2.0,4
tox-dev/tox,tox-dev/tox,swerebench_filtered,tox-dev__tox-1961,1961,e0df6c16d90ff3dae3e08c42237bdda4feb065e3,2021-03-05 15:02:19+00:00,swerebench/sweb.eval.x86_64.tox-dev_1776_tox-1961,2,multi,64,0,14.0,5
tox-dev/tox,tox-dev/tox,swebench_live_full,tox-dev__tox-3274,3274,822c9d07699aa090fb8d37cb94247ea0d085125b,2024-04-26 11:43:34+00:00,starryzhang/sweb.eval.x86_64.tox-dev_1776_tox-3274,1,single,3,0,1.0,6
tox-dev/tox,tox-dev/tox,swerebench_filtered,tox-dev__tox-2212,2212,957a280af356575b00ac6bee34fb02919e95766e,2021-09-11 16:31:51+00:00,swerebench/sweb.eval.x86_64.tox-dev_1776_tox-2212,1,single,2,0,2.0,7
tox-dev/tox,tox-dev/tox,swerebench_filtered,tox-dev__tox-3321,3321,1ee4a3335b1195c85b2fe0db120355dd50324f79,2024-08-11 13:23:46+00:00,swerebench/sweb.eval.x86_64.tox-dev_1776_tox-3321,1,single,11,0,1.0,8
tox-dev/tox,tox-dev/tox,swerebench_filtered,tox-dev__tox-3013,3013,3238abf7e95fa7c5c041554452f4cee055f6c0d7,2023-05-13 17:54:07+00:00,swerebench/sweb.eval.x86_64.tox-dev_1776_tox-3013,1,single,2,0,1.0,9
tox-dev/tox,tox-dev/tox,swerebench_filtered,tox-dev__tox-2834,2834,b9b4d02978b6b66e19986fe894aedf9ad26f54a5,2023-01-06 21:47:53+00:00,swerebench/sweb.eval.x86_64.tox-dev_1776_tox-2834,3,multi,37,0,5.0,10
tox-dev/tox,tox-dev/tox,swerebench_filtered,tox-dev__tox-2828,2828,af35384bb2eeb13e1a023ce9f0e9530adafa63dd,2023-01-06 14:58:35+00:00,swerebench/sweb.eval.x86_64.tox-dev_1776_tox-2828,3,multi,36,0,6.0,11
tox-dev/tox,tox-dev/tox,swerebench_filtered,tox-dev__tox-2487,2487,fd58e735918d85fe27679a666db4273c00e698c4,2022-09-07 09:07:45+00:00,swerebench/sweb.eval.x86_64.tox-dev_1776_tox-2487,1,single,2,0,4.0,12
tox-dev/tox,tox-dev/tox,swerebench_filtered,tox-dev__tox-2011,2011,74e96d97e7111ecb6a3fb25f05a1d3a1fd633fd6,2021-04-10 08:56:14+00:00,swerebench/sweb.eval.x86_64.tox-dev_1776_tox-2011,4,multi,16,0,3.0,13
tox-dev/tox,tox-dev/tox,swerebench_filtered,tox-dev__tox-2626,2626,871d091ba4cda58217841867ce6c21c2cc007b6d,2022-12-08 01:57:06+00:00,swerebench/sweb.eval.x86_64.tox-dev_1776_tox-2626,3,multi,14,0,2.0,14
tox-dev/tox,tox-dev/tox,swerebench_filtered,tox-dev__tox-2529,2529,0f0c505244f82b85b4c73f5f7ba33bc499b5e163,2022-11-03 22:07:58+00:00,swerebench/sweb.eval.x86_64.tox-dev_1776_tox-2529,1,single,6,0,1.0,15
tox-dev/tox,tox-dev/tox,swebench_live_full,tox-dev__tox-3259,3259,d28a9ee0ea28b2356b24a0d0e0ed70c0141d41cc,2024-04-01 19:43:49+00:00,starryzhang/sweb.eval.x86_64.tox-dev_1776_tox-3259,2,multi,7,0,2.0,16
tox-dev/tox,tox-dev/tox,swerebench_filtered,tox-dev__tox-989,989,3b91d63c9c5a089ba8ae9cbaec20bdf52ecf25cf,2018-09-16 19:37:18+00:00,swerebench/sweb.eval.x86_64.tox-dev_1776_tox-989,2,multi,101,0,2.0,17
tox-dev/tox,tox-dev/tox,swerebench_filtered,tox-dev__tox-2905,2905,acadf36d08c5732e36e1547ba716d2c094c525e7,2023-01-28 18:16:43+00:00,swerebench/sweb.eval.x86_64.tox-dev_1776_tox-2905,2,multi,25,0,4.0,18
tox-dev/tox,tox-dev/tox,swerebench_filtered,tox-dev__tox-1099,1099,b84efc8f1074351bbba7e226d629d9114e0cc1a4,2018-12-08 06:29:39+00:00,swerebench/sweb.eval.x86_64.tox-dev_1776_tox-1099,1,single,8,0,1.0,19
tox-dev/tox,tox-dev/tox,swerebench_filtered,tox-dev__tox-1046,1046,1eccb2042dd96a08e8a2684945c811bf5c32402f,2018-10-09 07:59:22+00:00,swerebench/sweb.eval.x86_64.tox-dev_1776_tox-1046,2,multi,31,0,2.0,20
twisted/twisted,twisted/twisted,swerebench_filtered,twisted__twisted-11897,11897,949f4b64d07acd0737e586c8b6e1a3ee7e88ba2b,2023-07-21 20:06:45+00:00,swerebench/sweb.eval.x86_64.twisted_1776_twisted-11897,1,single,44,0,1.0,1
twisted/twisted,twisted/twisted,swerebench_filtered,twisted__twisted-11979,11979,026ef42f2fde2c1f6910854e5244cc501c88cb44,2023-09-11 06:09:32+00:00,swerebench/sweb.eval.x86_64.twisted_1776_twisted-11979,1,single,32,0,1.0,2
twisted/twisted,twisted/twisted,swerebench_filtered,twisted__twisted-12326,12326,178a3e796931b941a0a5c1feb5ce3d931c6bcdc9,2024-09-29 07:39:16+00:00,swerebench/sweb.eval.x86_64.twisted_1776_twisted-12326,2,multi,25,0,4.0,3
twisted/twisted,twisted/twisted,swerebench_filtered,twisted__twisted-12096,12096,50a7feb94995e595dae4c74c49e76d14f6d30140,2024-01-28 20:30:53+00:00,swerebench/sweb.eval.x86_64.twisted_1776_twisted-12096,1,single,7,0,1.0,4
twisted/twisted,twisted/twisted,swerebench_filtered,twisted__twisted-11810,11810,a60a32bc6349cb93a08ee58a73baddab31ff20b0,2023-02-14 01:29:17+00:00,swerebench/sweb.eval.x86_64.twisted_1776_twisted-11810,5,multi,171,0,2.0,5
twisted/twisted,twisted/twisted,swerebench_filtered,twisted__twisted-12366,12366,7ac990f8d59699221633269c9e13b47dfbbab8a3,2024-11-18 02:15:21+00:00,swerebench/sweb.eval.x86_64.twisted_1776_twisted-12366,3,multi,54,0,1.0,6
twisted/twisted,twisted/twisted,swerebench_filtered,twisted__twisted-12302,12302,f4fd67430494a79fef8727529858681ed14cdf39,2024-08-31 21:25:30+00:00,swerebench/sweb.eval.x86_64.twisted_1776_twisted-12302,1,single,2,0,1.0,7
twisted/twisted,twisted/twisted,swerebench_filtered,twisted__twisted-11688,11688,59a713107d507a0e042af829ed90e6bff8a463dd,2022-09-24 21:04:11+00:00,swerebench/sweb.eval.x86_64.twisted_1776_twisted-11688,1,single,69,0,3.0,8
twisted/twisted,twisted/twisted,swerebench_filtered,twisted__twisted-12047,12047,63df84e454978bd7a2d57ed292913384ca352e1a,2023-12-01 03:46:31+00:00,swerebench/sweb.eval.x86_64.twisted_1776_twisted-12047,2,multi,30,0,5.0,9
twisted/twisted,twisted/twisted,swerebench_filtered,twisted__twisted-12064,12064,41db66cf45a6fdcceaa0e6f2485d6ad6263b1ffb,2023-12-21 09:21:33+00:00,swerebench/sweb.eval.x86_64.twisted_1776_twisted-12064,1,single,7,0,3.0,10
twisted/twisted,twisted/twisted,swerebench_filtered,twisted__twisted-11970,11970,c9ae7d730aad4036bb0147f5ce70e6fea46dbb51,2023-09-08 21:28:59+00:00,swerebench/sweb.eval.x86_64.twisted_1776_twisted-11970,2,multi,22,0,2.0,11
twisted/twisted,twisted/twisted,swerebench_filtered,twisted__twisted-12040,12040,311d8dbaf40ddeb887cd3edab1333a3180e9d4d9,2023-11-27 21:03:54+00:00,swerebench/sweb.eval.x86_64.twisted_1776_twisted-12040,1,single,54,0,1.0,12
twisted/twisted,twisted/twisted,swerebench_filtered,twisted__twisted-12324,12324,05cc97afa3c9c00386e5cd0c50e0807e9ef963d4,2024-09-29 02:22:30+00:00,swerebench/sweb.eval.x86_64.twisted_1776_twisted-12324,1,single,8,0,1.0,13
ucfopen/canvasapi,ucfopen/canvasapi,swerebench_filtered,ucfopen__canvasapi-306,306,3ef34a89d63aa7461a079bc271944ad1f7ef5099,2019-10-03 21:24:36+00:00,swerebench/sweb.eval.x86_64.ucfopen_1776_canvasapi-306,1,single,5,0,3.0,1
ucfopen/canvasapi,ucfopen/canvasapi,swerebench_filtered,ucfopen__canvasapi-76,76,7eb0ec8ec2d8b9c5b6036edb3a93014b241c4fe6,2017-09-15 17:55:20+00:00,swerebench/sweb.eval.x86_64.ucfopen_1776_canvasapi-76,2,multi,12,0,2.0,2
ucfopen/canvasapi,ucfopen/canvasapi,swerebench_filtered,ucfopen__canvasapi-228,228,57292e47249857f63db60a0d5415c0797a918544,2019-02-21 16:12:21+00:00,swerebench/sweb.eval.x86_64.ucfopen_1776_canvasapi-228,1,single,4,0,2.0,3
ucfopen/canvasapi,ucfopen/canvasapi,swerebench_filtered,ucfopen__canvasapi-273,273,39d8349de740964934bdf8c4809eae78adf3bd97,2019-06-24 21:34:13+00:00,swerebench/sweb.eval.x86_64.ucfopen_1776_canvasapi-273,1,single,7,0,1.0,4
ucfopen/canvasapi,ucfopen/canvasapi,swerebench_filtered,ucfopen__canvasapi-277,277,7e5d429f4b3bf54c3dc8e7a8f0f7bd09610f43fb,2019-07-01 21:27:07+00:00,swerebench/sweb.eval.x86_64.ucfopen_1776_canvasapi-277,1,single,32,0,1.0,5
ucfopen/canvasapi,ucfopen/canvasapi,swerebench_filtered,ucfopen__canvasapi-512,512,fef329b92c06d9ed58e4744f65b8acf605f31207,2021-09-01 05:45:53+00:00,swerebench/sweb.eval.x86_64.ucfopen_1776_canvasapi-512,1,single,9,0,1.0,6
ucfopen/canvasapi,ucfopen/canvasapi,swerebench_filtered,ucfopen__canvasapi-471,471,63afb04d00715e1d5ad311a4c51e5622a0cd8667,2021-03-19 15:26:30+00:00,swerebench/sweb.eval.x86_64.ucfopen_1776_canvasapi-471,1,single,16,0,1.0,7
ucfopen/canvasapi,ucfopen/canvasapi,swerebench_filtered,ucfopen__canvasapi-92,92,7b7ec3c76028bc0ae186cb870deaadaf4da5e7a6,2017-10-04 17:18:31+00:00,swerebench/sweb.eval.x86_64.ucfopen_1776_canvasapi-92,2,multi,25,0,6.0,8
ucfopen/canvasapi,ucfopen/canvasapi,swerebench_filtered,ucfopen__canvasapi-302,302,fbb4c6106d79673622ff6355eab59d985433fa4b,2019-09-26 19:56:17+00:00,swerebench/sweb.eval.x86_64.ucfopen_1776_canvasapi-302,2,multi,12,0,2.0,9
ucfopen/canvasapi,ucfopen/canvasapi,swerebench_filtered,ucfopen__canvasapi-443,443,e74ca803309df744b0619e35ae2df3473b828a75,2020-11-18 17:41:08+00:00,swerebench/sweb.eval.x86_64.ucfopen_1776_canvasapi-443,2,multi,23,0,1.0,10
ucfopen/canvasapi,ucfopen/canvasapi,swerebench_filtered,ucfopen__canvasapi-381,381,e85c5552b8bd611ab87fbf84ba9d752a86567be8,2020-06-25 20:47:24+00:00,swerebench/sweb.eval.x86_64.ucfopen_1776_canvasapi-381,1,single,8,0,1.0,11
ucfopen/canvasapi,ucfopen/canvasapi,swerebench_filtered,ucfopen__canvasapi-340,340,8bd85663a2a91cf2ec37de431257ab80ce8e7d57,2019-11-18 16:06:30+00:00,swerebench/sweb.eval.x86_64.ucfopen_1776_canvasapi-340,1,single,5,0,1.0,12
ucfopen/canvasapi,ucfopen/canvasapi,swerebench_filtered,ucfopen__canvasapi-65,65,9fd5a6a5dfcbbaae52b9d42752ffee163852b1f9,2017-08-31 15:15:45+00:00,swerebench/sweb.eval.x86_64.ucfopen_1776_canvasapi-65,1,single,22,0,2.0,13
ucfopen/canvasapi,ucfopen/canvasapi,swerebench_filtered,ucfopen__canvasapi-450,450,94d735ad6c691821e08966641fbeac6bb900ecf0,2020-12-06 01:46:42+00:00,swerebench/sweb.eval.x86_64.ucfopen_1776_canvasapi-450,1,single,10,0,1.0,14
ucfopen/canvasapi,ucfopen/canvasapi,swerebench_filtered,ucfopen__canvasapi-406,406,f9dba3b1ac215c5a58ed8d07b5b9ae2b1d75a9a9,2020-07-28 17:17:30+00:00,swerebench/sweb.eval.x86_64.ucfopen_1776_canvasapi-406,1,single,6,0,1.0,15
ucfopen/canvasapi,ucfopen/canvasapi,swerebench_filtered,ucfopen__canvasapi-343,343,62aa3eb8045f4a5f5edeb16fafad3fdf44bff624,2019-11-19 14:59:10+00:00,swerebench/sweb.eval.x86_64.ucfopen_1776_canvasapi-343,1,single,9,0,1.0,16
ucfopen/canvasapi,ucfopen/canvasapi,swerebench_filtered,ucfopen__canvasapi-127,127,5644a6c89cc851216ec8114443d3af857ac6f70e,2018-01-04 17:53:13+00:00,swerebench/sweb.eval.x86_64.ucfopen_1776_canvasapi-127,1,single,13,0,2.0,17
ucfopen/canvasapi,ucfopen/canvasapi,swerebench_filtered,ucfopen__canvasapi-133,133,4234acba45be780265a19f4aeb52df5ee5bf924f,2018-01-12 15:59:21+00:00,swerebench/sweb.eval.x86_64.ucfopen_1776_canvasapi-133,1,single,3,0,1.0,18
ucfopen/canvasapi,ucfopen/canvasapi,swerebench_filtered,ucfopen__canvasapi-421,421,b52816e3cb89acccecfff90009f1fc989bc52a96,2020-10-01 16:13:29+00:00,swerebench/sweb.eval.x86_64.ucfopen_1776_canvasapi-421,2,multi,30,0,5.0,19
ucfopen/canvasapi,ucfopen/canvasapi,swerebench_filtered,ucfopen__canvasapi-51,51,a959a8a10118da72c0e5771b09e6c53ced3ef33d,2017-08-10 17:48:25+00:00,swerebench/sweb.eval.x86_64.ucfopen_1776_canvasapi-51,1,single,63,0,4.0,20
vertexproject/synapse,vertexproject/synapse,swerebench_filtered,vertexproject__synapse-296,296,2cf04d94d938409b246e89d1aecefe8ed0feb577,2017-07-03 19:04:18+00:00,swerebench/sweb.eval.x86_64.vertexproject_1776_synapse-296,3,multi,89,0,1.0,1
vertexproject/synapse,vertexproject/synapse,swerebench_filtered,vertexproject__synapse-351,351,c6db6455a18db6afcd2fd3ef86f0f7c8a10e1b51,2017-07-19 13:15:51+00:00,swerebench/sweb.eval.x86_64.vertexproject_1776_synapse-351,2,multi,20,0,2.0,2
vertexproject/synapse,vertexproject/synapse,swerebench_filtered,vertexproject__synapse-381,381,985f8d1819a5a978a20ad9f847228178de4018fb,2017-08-03 15:10:17+00:00,swerebench/sweb.eval.x86_64.vertexproject_1776_synapse-381,2,multi,6,0,1.0,3
vertexproject/synapse,vertexproject/synapse,swerebench_filtered,vertexproject__synapse-941,941,6f5fc661a88b8cc3f4befb2c9c7ddcebf0b89ba0,2018-09-07 17:20:02+00:00,swerebench/sweb.eval.x86_64.vertexproject_1776_synapse-941,1,single,32,0,1.0,4
vertexproject/synapse,vertexproject/synapse,swerebench_filtered,vertexproject__synapse-350,350,f069d21504fad7c0acb6ac96893400b899f9589c,2017-07-18 21:14:41+00:00,swerebench/sweb.eval.x86_64.vertexproject_1776_synapse-350,1,single,9,0,1.0,5
vertexproject/synapse,vertexproject/synapse,swerebench_filtered,vertexproject__synapse-331,331,178f474d2cb47ab261cb3cdb8249f0f353e8e1c9,2017-07-06 23:03:05+00:00,swerebench/sweb.eval.x86_64.vertexproject_1776_synapse-331,1,single,15,0,1.0,6
vertexproject/synapse,vertexproject/synapse,swerebench_filtered,vertexproject__synapse-370,370,68aea52a02ab7d24f0c4557c6704da114ab0fbe1,2017-07-27 00:14:18+00:00,swerebench/sweb.eval.x86_64.vertexproject_1776_synapse-370,1,single,11,0,1.0,7
vertexproject/synapse,vertexproject/synapse,swerebench_filtered,vertexproject__synapse-294,294,82966be7ae8b614ae15eb42b3bf7b8306e5604bf,2017-07-03 14:51:10+00:00,swerebench/sweb.eval.x86_64.vertexproject_1776_synapse-294,1,single,2,0,2.0,8
vertexproject/synapse,vertexproject/synapse,swerebench_filtered,vertexproject__synapse-382,382,c4259279399bfbe717448739eda74b1f135c8a1a,2017-08-03 20:23:12+00:00,swerebench/sweb.eval.x86_64.vertexproject_1776_synapse-382,1,single,4,0,1.0,9
vertexproject/synapse,vertexproject/synapse,swerebench_filtered,vertexproject__synapse-349,349,129e058c323f9ff0e1d130c0fa47bdfd423f6515,2017-07-18 20:33:45+00:00,swerebench/sweb.eval.x86_64.vertexproject_1776_synapse-349,1,single,4,0,1.0,10
vertexproject/synapse,vertexproject/synapse,swerebench_filtered,vertexproject__synapse-3940,3940,b5cc3206b4a0620ccbf75d560f93855f202e14ad,2024-10-02 18:21:30+00:00,swerebench/sweb.eval.x86_64.vertexproject_1776_synapse-3940,1,single,1,0,1.0,11
vertexproject/synapse,vertexproject/synapse,swerebench_filtered,vertexproject__synapse-295,295,82966be7ae8b614ae15eb42b3bf7b8306e5604bf,2017-07-03 18:06:45+00:00,swerebench/sweb.eval.x86_64.vertexproject_1776_synapse-295,1,single,12,0,2.0,12
wemake-services/wemake-python-styleguide,wemake-services/wemake-python-styleguide,swebench_live_full,wemake-services__wemake-python-styleguide-3114,3114,73efd383c3712153a868a882a8353ef8169aabdc,2024-12-11 11:06:07+00:00,starryzhang/sweb.eval.x86_64.wemake-services_1776_wemake-python-styleguide-3114,1,single,6,0,21.0,1
wemake-services/wemake-python-styleguide,wemake-services/wemake-python-styleguide,swerebench_filtered,wemake-services__wemake-python-styleguide-3382,3382,2409cae2815b85de371c70d1df854156344c3c39,2025-04-09 09:25:38+00:00,swerebench/sweb.eval.x86_64.wemake-services_1776_wemake-python-styleguide-3382,2,multi,32,0,6.0,2
wemake-services/wemake-python-styleguide,wemake-services/wemake-python-styleguide,swerebench_filtered,wemake-services__wemake-python-styleguide-1849,1849,272f4d3e9030e4af6584d389fca042d0a06cb6e5,2021-02-06 14:44:43+00:00,swerebench/sweb.eval.x86_64.wemake-services_1776_wemake-python-styleguide-1849,1,single,6,0,2.0,3
wemake-services/wemake-python-styleguide,wemake-services/wemake-python-styleguide,swerebench_filtered,wemake-services__wemake-python-styleguide-1688,1688,c75c5b6dd812c8f0a953e3ae78887c5c7269c930,2020-10-21 11:59:49+00:00,swerebench/sweb.eval.x86_64.wemake-services_1776_wemake-python-styleguide-1688,1,single,19,0,9.0,4
wemake-services/wemake-python-styleguide,wemake-services/wemake-python-styleguide,swerebench_filtered,wemake-services__wemake-python-styleguide-3159,3159,f795ac5a03677076c5d0e08c9010b22c333c46db,2024-12-15 15:33:18+00:00,swerebench/sweb.eval.x86_64.wemake-services_1776_wemake-python-styleguide-3159,1,single,5,0,4.0,5
wemake-services/wemake-python-styleguide,wemake-services/wemake-python-styleguide,swerebench_filtered,wemake-services__wemake-python-styleguide-2411,2411,3daaea47fdc3bca4d8ea64e0c35761b7325c7479,2022-04-29 14:27:57+00:00,swerebench/sweb.eval.x86_64.wemake-services_1776_wemake-python-styleguide-2411,2,multi,4,0,8.0,6
wemake-services/wemake-python-styleguide,wemake-services/wemake-python-styleguide,swerebench_filtered,wemake-services__wemake-python-styleguide-2533,2533,3e5f5b74e5527029205c3421e55417a68555f0c5,2022-10-16 11:40:09+00:00,swerebench/sweb.eval.x86_64.wemake-services_1776_wemake-python-styleguide-2533,1,single,147,0,2.0,7
wemake-services/wemake-python-styleguide,wemake-services/wemake-python-styleguide,swerebench_filtered,wemake-services__wemake-python-styleguide-1694,1694,ece40b94d7649cc30a3e8a896513719d28099aed,2020-10-24 16:39:32+00:00,swerebench/sweb.eval.x86_64.wemake-services_1776_wemake-python-styleguide-1694,1,single,20,0,2.0,8
wemake-services/wemake-python-styleguide,wemake-services/wemake-python-styleguide,swerebench_filtered,wemake-services__wemake-python-styleguide-1670,1670,259e5d39622bada48cba95dce2eb94d2d77aaecc,2020-10-14 12:40:27+00:00,swerebench/sweb.eval.x86_64.wemake-services_1776_wemake-python-styleguide-1670,1,single,58,0,1.0,9
wemake-services/wemake-python-styleguide,wemake-services/wemake-python-styleguide,swebench_live_full,wemake-services__wemake-python-styleguide-3128,3128,ffcce608bbfe07dba658f9951ceeb5da78073472,2024-12-12 09:24:05+00:00,starryzhang/sweb.eval.x86_64.wemake-services_1776_wemake-python-styleguide-3128,3,multi,52,0,58.0,10
wemake-services/wemake-python-styleguide,wemake-services/wemake-python-styleguide,swerebench_filtered,wemake-services__wemake-python-styleguide-2400,2400,e8c548578b439d37ba977cad9ffe7bb6b9d91c89,2022-04-21 17:51:20+00:00,swerebench/sweb.eval.x86_64.wemake-services_1776_wemake-python-styleguide-2400,3,multi,118,0,13.0,11
wemake-services/wemake-python-styleguide,wemake-services/wemake-python-styleguide,swerebench_filtered,wemake-services__wemake-python-styleguide-1962,1962,8e2151470afe13141eca3e538a3d6e5d7ba97a39,2021-03-31 04:06:35+00:00,swerebench/sweb.eval.x86_64.wemake-services_1776_wemake-python-styleguide-1962,1,single,6,0,4.0,12
wemake-services/wemake-python-styleguide,wemake-services/wemake-python-styleguide,swerebench_filtered,wemake-services__wemake-python-styleguide-1850,1850,7ad2e202921c58309bcc146faa0d8c66265c7bb3,2021-02-06 20:05:38+00:00,swerebench/sweb.eval.x86_64.wemake-services_1776_wemake-python-styleguide-1850,3,multi,33,0,8.0,13
wemake-services/wemake-python-styleguide,wemake-services/wemake-python-styleguide,swerebench_filtered,wemake-services__wemake-python-styleguide-1869,1869,1f94c390491374ef88a483de66e88228c3104bac,2021-02-11 13:52:16+00:00,swerebench/sweb.eval.x86_64.wemake-services_1776_wemake-python-styleguide-1869,2,multi,42,0,7.0,14
wemake-services/wemake-python-styleguide,wemake-services/wemake-python-styleguide,swerebench_filtered,wemake-services__wemake-python-styleguide-3182,3182,dd44222252b83af2226b74c313c8beefd92e271b,2024-12-18 14:54:49+00:00,swerebench/sweb.eval.x86_64.wemake-services_1776_wemake-python-styleguide-3182,2,multi,23,1,6.0,15
wemake-services/wemake-python-styleguide,wemake-services/wemake-python-styleguide,swerebench_filtered,wemake-services__wemake-python-styleguide-1916,1916,a605c95bd84367cd8643c5163361c286de51bb96,2021-02-27 12:08:02+00:00,swerebench/sweb.eval.x86_64.wemake-services_1776_wemake-python-styleguide-1916,4,multi,150,1,2.0,16
wemake-services/wemake-python-styleguide,wemake-services/wemake-python-styleguide,swerebench_filtered,wemake-services__wemake-python-styleguide-1792,1792,6791154f19b32fe1153ae973138e113520f66cbc,2020-12-22 10:42:58+00:00,swerebench/sweb.eval.x86_64.wemake-services_1776_wemake-python-styleguide-1792,1,single,32,0,1.0,17
wemake-services/wemake-python-styleguide,wemake-services/wemake-python-styleguide,swerebench_filtered,wemake-services__wemake-python-styleguide-2343,2343,c4414c8c23012277fcfe71250dbc73df72083769,2022-01-30 21:13:48+00:00,swerebench/sweb.eval.x86_64.wemake-services_1776_wemake-python-styleguide-2343,1,single,2,0,4.0,18
wemake-services/wemake-python-styleguide,wemake-services/wemake-python-styleguide,swerebench_filtered,wemake-services__wemake-python-styleguide-1649,1649,9879a18acafc691db215afb7c42dceb9a365a604,2020-10-06 16:56:15+00:00,swerebench/sweb.eval.x86_64.wemake-services_1776_wemake-python-styleguide-1649,1,single,25,0,9.0,19
wemake-services/wemake-python-styleguide,wemake-services/wemake-python-styleguide,swerebench_filtered,wemake-services__wemake-python-styleguide-3178,3178,7cf5e073c75dd5e1eb5f56eb55da4f2be13f2af1,2024-12-18 12:22:02+00:00,swerebench/sweb.eval.x86_64.wemake-services_1776_wemake-python-styleguide-3178,1,single,18,0,1.0,20
xonsh/xonsh,xonsh/xonsh,swerebench_filtered,xonsh__xonsh-4919,4919,ffe7b3445cf64b25a741d214581d57871196fd34,2022-08-11 03:13:29+00:00,swerebench/sweb.eval.x86_64.xonsh_1776_xonsh-4919,1,single,4,0,1.0,1
xonsh/xonsh,xonsh/xonsh,swerebench_filtered,xonsh__xonsh-3024,3024,eb0c3940fcab7e92024e60f2c66aba2d7d802aec,2019-02-14 21:20:00+00:00,swerebench/sweb.eval.x86_64.xonsh_1776_xonsh-3024,1,single,2,0,3.0,2
xonsh/xonsh,xonsh/xonsh,swerebench_filtered,xonsh__xonsh-3334,3334,a131b38c2d17f3a4f144bc28cf0c9b32c6af9e1b,2019-10-02 20:37:50+00:00,swerebench/sweb.eval.x86_64.xonsh_1776_xonsh-3334,3,multi,27,0,2.0,3
xonsh/xonsh,xonsh/xonsh,swerebench_filtered,xonsh__xonsh-3107,3107,916d9ff53b5656ed0f1559995f071ee8e431a049,2019-04-30 17:21:50+00:00,swerebench/sweb.eval.x86_64.xonsh_1776_xonsh-3107,1,single,12,0,1.0,4
xonsh/xonsh,xonsh/xonsh,swerebench_filtered,xonsh__xonsh-5013,5013,04cba39a53ccb7bb8e8a5a23939ed8d000687d6b,2022-12-15 02:25:20+00:00,swerebench/sweb.eval.x86_64.xonsh_1776_xonsh-5013,3,multi,53,0,4.0,5
xonsh/xonsh,xonsh/xonsh,swerebench_filtered,xonsh__xonsh-3272,3272,59a042010f95e62f3be91368bd866a8580273174,2019-08-16 19:20:11+00:00,swerebench/sweb.eval.x86_64.xonsh_1776_xonsh-3272,1,single,2,0,1.0,6
xonsh/xonsh,xonsh/xonsh,swerebench_filtered,xonsh__xonsh-4673,4673,5268dd80031fe321b4d1811c2c818ff3236aba5a,2022-02-19 14:43:54+00:00,swerebench/sweb.eval.x86_64.xonsh_1776_xonsh-4673,3,multi,113,0,1.0,7
xonsh/xonsh,xonsh/xonsh,swerebench_filtered,xonsh__xonsh-3723,3723,9703c934b10da151a04bfe5fd17181145a933167,2020-08-27 12:36:08+00:00,swerebench/sweb.eval.x86_64.xonsh_1776_xonsh-3723,2,multi,10,0,4.0,8
xonsh/xonsh,xonsh/xonsh,swerebench_filtered,xonsh__xonsh-3255,3255,aae977c407760128d95385f75e02d02b87267e91,2019-08-06 18:41:11+00:00,swerebench/sweb.eval.x86_64.xonsh_1776_xonsh-3255,1,single,21,0,1.0,9
xonsh/xonsh,xonsh/xonsh,swerebench_filtered,xonsh__xonsh-4920,4920,6fa83f830579d2bad39b1842911951f55a9da22c,2022-08-13 14:54:12+00:00,swerebench/sweb.eval.x86_64.xonsh_1776_xonsh-4920,1,single,85,0,1.0,10
xonsh/xonsh,xonsh/xonsh,swerebench_filtered,xonsh__xonsh-4907,4907,86e4f004e30529f7ef210da9f03ac3223518f85c,2022-08-03 06:26:56+00:00,swerebench/sweb.eval.x86_64.xonsh_1776_xonsh-4907,1,single,6,0,1.0,11
xonsh/xonsh,xonsh/xonsh,swerebench_filtered,xonsh__xonsh-5698,5698,4fc7d59c95f10821712d70fc9904b1906ec7e381,2024-10-02 01:26:27+00:00,swerebench/sweb.eval.x86_64.xonsh_1776_xonsh-5698,1,single,4,0,1.0,12
xonsh/xonsh,xonsh/xonsh,swerebench_filtered,xonsh__xonsh-2795,2795,10774002e5e78a33cb455fa19a1f7c28d62ee805,2018-08-27 19:21:19+00:00,swerebench/sweb.eval.x86_64.xonsh_1776_xonsh-2795,1,single,38,0,1.0,13
xonsh/xonsh,xonsh/xonsh,swerebench_filtered,xonsh__xonsh-3428,3428,8bbefebef30f2a75a695aa6fc5ed23b14db8f842,2020-01-28 14:54:54+00:00,swerebench/sweb.eval.x86_64.xonsh_1776_xonsh-3428,1,single,11,0,1.0,14
xonsh/xonsh,xonsh/xonsh,swerebench_filtered,xonsh__xonsh-3141,3141,6860b33870bf15d6953805f583f8aaa82934ef45,2019-05-27 16:51:02+00:00,swerebench/sweb.eval.x86_64.xonsh_1776_xonsh-3141,3,multi,22,0,8.0,15
xonsh/xonsh,xonsh/xonsh,swerebench_filtered,xonsh__xonsh-5632,5632,32d72af53d5e858b617c8a10c531b67e561f8421,2024-07-25 15:49:45+00:00,swerebench/sweb.eval.x86_64.xonsh_1776_xonsh-5632,1,single,23,0,1.0,16
xonsh/xonsh,xonsh/xonsh,swerebench_filtered,xonsh__xonsh-3345,3345,6df0281da9e7f5dfced4d820fad2797c67a75e1c,2019-10-07 18:40:11+00:00,swerebench/sweb.eval.x86_64.xonsh_1776_xonsh-3345,2,multi,14,0,2.0,17
xonsh/xonsh,xonsh/xonsh,swerebench_filtered,xonsh__xonsh-4610,4610,c524028a78d33bbb7ea7f9cd544c5def4d6e890e,2021-12-22 05:22:59+00:00,swerebench/sweb.eval.x86_64.xonsh_1776_xonsh-4610,6,multi,176,0,1.0,18
yt-dlp/yt-dlp,yt-dlp/yt-dlp,swebench_live_full,yt-dlp__yt-dlp-11425,11425,a6783a3b9905e547f6c1d4df9d7c7999feda8afa,2024-11-01 12:27:31+00:00,starryzhang/sweb.eval.x86_64.yt-dlp_1776_yt-dlp-11425,1,single,50,0,2.0,1
yt-dlp/yt-dlp,yt-dlp/yt-dlp,swebench_live_full,yt-dlp__yt-dlp-11880,11880,d298693b1b266d198e8eeecb90ea17c4a031268f,2024-12-22 23:34:02+00:00,starryzhang/sweb.eval.x86_64.yt-dlp_1776_yt-dlp-11880,1,single,2,0,1.0,2
yt-dlp/yt-dlp,yt-dlp/yt-dlp,swerebench_filtered,yt-dlp__yt-dlp-4841,4841,07a1250e0e90515ff8142161536f9dafa6eaba1b,2022-09-03 20:29:36+00:00,swerebench/sweb.eval.x86_64.yt-dlp_1776_yt-dlp-4841,1,single,2,0,1.0,3
yt-dlp/yt-dlp,yt-dlp/yt-dlp,swerebench_filtered,yt-dlp__yt-dlp-10516,10516,a3bab4752a2b3d56e5a59b4e0411bb8f695c010b,2024-07-21 04:15:54+00:00,swerebench/sweb.eval.x86_64.yt-dlp_1776_yt-dlp-10516,2,multi,28,0,1.0,4
yt-dlp/yt-dlp,yt-dlp/yt-dlp,swebench_live_full,yt-dlp__yt-dlp-11198,11198,983c58fb7a809d827b5821d493819da954f2c00b,2024-10-08 23:55:47+00:00,starryzhang/sweb.eval.x86_64.yt-dlp_1776_yt-dlp-11198,1,single,62,0,1.0,5
yt-dlp/yt-dlp,yt-dlp/yt-dlp,swerebench_filtered,yt-dlp__yt-dlp-11751,11751,fca3eb5f8be08d5fab2e18b45b7281a12e566725,2024-12-06 14:24:06+00:00,swerebench/sweb.eval.x86_64.yt-dlp_1776_yt-dlp-11751,2,multi,115,0,1.0,6
yt-dlp/yt-dlp,yt-dlp/yt-dlp,swerebench_filtered,yt-dlp__yt-dlp-10611,10611,4b69e1b53ea21e631cd5dd68ff531e2f1671ec17,2024-07-31 01:10:19+00:00,swerebench/sweb.eval.x86_64.yt-dlp_1776_yt-dlp-10611,4,multi,162,0,1.0,7
yt-dlp/yt-dlp,yt-dlp/yt-dlp,swerebench_filtered,yt-dlp__yt-dlp-10544,10544,a3bab4752a2b3d56e5a59b4e0411bb8f695c010b,2024-07-23 21:06:56+00:00,swerebench/sweb.eval.x86_64.yt-dlp_1776_yt-dlp-10544,3,multi,79,0,1.0,8
yt-dlp/yt-dlp,yt-dlp/yt-dlp,swebench_live_full,yt-dlp__yt-dlp-12684,12684,2ee3a0aff9be2be3bea60640d3d8a0febaf0acb6,2025-03-21 09:45:44+00:00,starryzhang/sweb.eval.x86_64.yt-dlp_1776_yt-dlp-12684,2,multi,53,0,1.0,9
yt-dlp/yt-dlp,yt-dlp/yt-dlp,swebench_live_full,yt-dlp__yt-dlp-12714,12714,9d5e6de2e7a47226d1f72c713ad45c88ba01db68,2025-03-23 21:45:10+00:00,starryzhang/sweb.eval.x86_64.yt-dlp_1776_yt-dlp-12714,1,single,33,0,1.0,10
yt-dlp/yt-dlp,yt-dlp/yt-dlp,swerebench_filtered,yt-dlp__yt-dlp-12748,12748,336b33e72fe0105a33c40c8e5afdff720e17afdb,2025-03-25 19:04:43+00:00,swerebench/sweb.eval.x86_64.yt-dlp_1776_yt-dlp-12748,1,single,3,0,2.0,11
yt-dlp/yt-dlp,yt-dlp/yt-dlp,swerebench_filtered,yt-dlp__yt-dlp-10531,10531,a3bab4752a2b3d56e5a59b4e0411bb8f695c010b,2024-07-22 14:38:17+00:00,swerebench/sweb.eval.x86_64.yt-dlp_1776_yt-dlp-10531,4,multi,103,0,1.0,12
yukinarit/pyserde,yukinarit/pyserde,swerebench_filtered,yukinarit__pyserde-313,313,c7540b4420af5f01fc08ca703cdb3dfd53856546,2023-02-21 11:59:31+00:00,swerebench/sweb.eval.x86_64.yukinarit_1776_pyserde-313,2,multi,8,0,1.0,1
yukinarit/pyserde,yukinarit/pyserde,swerebench_filtered,yukinarit__pyserde-229,229,bd9039ef1ffac752f7566eb39fc2b3c0a18f7728,2022-05-16 14:07:02+00:00,swerebench/sweb.eval.x86_64.yukinarit_1776_pyserde-229,2,multi,26,0,1.0,2
yukinarit/pyserde,yukinarit/pyserde,swerebench_filtered,yukinarit__pyserde-565,565,d87205b851a792583cd05f060ba9a0f10a66e109,2024-06-26 13:54:15+00:00,swerebench/sweb.eval.x86_64.yukinarit_1776_pyserde-565,2,multi,17,0,2.0,3
yukinarit/pyserde,yukinarit/pyserde,swerebench_filtered,yukinarit__pyserde-441,441,76e919cc5e2692eb2ba7d194af0655af898191ae,2023-11-11 06:48:07+00:00,swerebench/sweb.eval.x86_64.yukinarit_1776_pyserde-441,1,single,3,0,1.0,4
yukinarit/pyserde,yukinarit/pyserde,swerebench_filtered,yukinarit__pyserde-561,561,750581a83c381df55149bd762966ef17ec8ed904,2024-06-21 13:56:32+00:00,swerebench/sweb.eval.x86_64.yukinarit_1776_pyserde-561,1,single,8,0,1.0,5
yukinarit/pyserde,yukinarit/pyserde,swerebench_filtered,yukinarit__pyserde-620,620,2ae010d56d88c9232ef2817b7c8dca985077cdcf,2024-12-05 22:29:53+00:00,swerebench/sweb.eval.x86_64.yukinarit_1776_pyserde-620,2,multi,8,0,2.0,6
yukinarit/pyserde,yukinarit/pyserde,swerebench_filtered,yukinarit__pyserde-44,44,1e668d17742d8ef39f0b362b0c975bb324614058,2020-10-23 08:34:05+00:00,swerebench/sweb.eval.x86_64.yukinarit_1776_pyserde-44,3,multi,83,0,16.0,7
yukinarit/pyserde,yukinarit/pyserde,swerebench_filtered,yukinarit__pyserde-264,264,1f48c9ccd358f6d0eb5d0afd2ff87a0b47300ade,2022-09-01 18:55:42+00:00,swerebench/sweb.eval.x86_64.yukinarit_1776_pyserde-264,1,single,11,0,1.0,8
yukinarit/pyserde,yukinarit/pyserde,swerebench_filtered,yukinarit__pyserde-569,569,0587025a1b205e649bff0ceb22a91f64c9dafdbf,2024-07-05 03:06:42+00:00,swerebench/sweb.eval.x86_64.yukinarit_1776_pyserde-569,3,multi,131,0,10.0,9
yukinarit/pyserde,yukinarit/pyserde,swerebench_filtered,yukinarit__pyserde-208,208,508c54d86a5e1fb954eea865e32ea426ee98f1cc,2022-03-21 15:34:35+00:00,swerebench/sweb.eval.x86_64.yukinarit_1776_pyserde-208,2,multi,19,0,1.0,10
zarr-developers/zarr-python,zarr-developers/zarr-python,swerebench_filtered,zarr-developers__zarr-python-1828,1828,5889e96ca22cdc2f5a1878048b3a859af8743d6c,2024-05-02 00:00:03+00:00,swerebench/sweb.eval.x86_64.zarr-developers_1776_zarr-python-1828,3,multi,10,0,1.0,1
zarr-developers/zarr-python,zarr-developers/zarr-python,swerebench_filtered,zarr-developers__zarr-python-2644,2644,0adcbe728d5d286c160974717bddc6e4fb881e5a,2025-01-04 13:23:53+00:00,swerebench/sweb.eval.x86_64.zarr-developers_1776_zarr-python-2644,3,multi,40,0,24.0,2
zarr-developers/zarr-python,zarr-developers/zarr-python,swerebench_filtered,zarr-developers__zarr-python-2494,2494,f74e53aca5311ec077da71585dd962c4af7b8a11,2024-11-15 18:34:51+00:00,swerebench/sweb.eval.x86_64.zarr-developers_1776_zarr-python-2494,1,single,2,0,3.0,3
zarr-developers/zarr-python,zarr-developers/zarr-python,swerebench_filtered,zarr-developers__zarr-python-1447,1447,98f74d5e362eff88d1022749e82d7bed9d62b7a2,2023-06-27 00:21:58+00:00,swerebench/sweb.eval.x86_64.zarr-developers_1776_zarr-python-1447,1,single,20,0,6.0,4
zarr-developers/zarr-python,zarr-developers/zarr-python,swerebench_filtered,zarr-developers__zarr-python-2244,2244,4cbb17eb1c0e8aaca0fd32fa02de08dcdd1a01ab,2024-09-25 14:36:50+00:00,swerebench/sweb.eval.x86_64.zarr-developers_1776_zarr-python-2244,2,multi,14,0,1.0,5
zarr-developers/zarr-python,zarr-developers/zarr-python,swerebench_filtered,zarr-developers__zarr-python-3015,3015,0351c4e524e60b849dbaca2c00fabee20e882f46,2025-04-24 14:50:30+00:00,swerebench/sweb.eval.x86_64.zarr-developers_1776_zarr-python-3015,1,single,9,0,1.0,6
zarr-developers/zarr-python,zarr-developers/zarr-python,swerebench_filtered,zarr-developers__zarr-python-2679,2679,e10b69d72a2d00ffdfa39ac4f4195363fb8e16fd,2025-01-09 17:12:02+00:00,swerebench/sweb.eval.x86_64.zarr-developers_1776_zarr-python-2679,1,single,18,0,4.0,7
zarr-developers/zarr-python,zarr-developers/zarr-python,swerebench_filtered,zarr-developers__zarr-python-2817,2817,feeb08f4e49f6574d712fe5ceb42ce80ab6ceb3f,2025-02-11 21:13:20+00:00,swerebench/sweb.eval.x86_64.zarr-developers_1776_zarr-python-2817,1,single,6,0,1.0,8
zarr-developers/zarr-python,zarr-developers/zarr-python,swerebench_filtered,zarr-developers__zarr-python-1968,1968,b3010fcddb5f14aaed51bf456888e636df8c2697,2024-06-15 22:35:15+00:00,swerebench/sweb.eval.x86_64.zarr-developers_1776_zarr-python-1968,4,multi,71,0,10.0,9
zarr-developers/zarr-python,zarr-developers/zarr-python,swerebench_filtered,zarr-developers__zarr-python-2512,2512,501ae9eaf1f5df774b2981db7020a4e6d1490606,2024-11-22 03:39:26+00:00,swerebench/sweb.eval.x86_64.zarr-developers_1776_zarr-python-2512,1,single,8,0,1.0,10
zarr-developers/zarr-python,zarr-developers/zarr-python,swerebench_filtered,zarr-developers__zarr-python-2583,2583,fb11810170e864aada188f656fdc254d2de82720,2024-12-22 12:51:12+00:00,swerebench/sweb.eval.x86_64.zarr-developers_1776_zarr-python-2583,1,single,2,0,1.0,11
zarr-developers/zarr-python,zarr-developers/zarr-python,swerebench_filtered,zarr-developers__zarr-python-2213,2213,32540b4fa98e6d9ca72b29134cf015333acc7c97,2024-09-19 17:53:26+00:00,swerebench/sweb.eval.x86_64.zarr-developers_1776_zarr-python-2213,1,single,67,0,6.0,12
zarr-developers/zarr-python,zarr-developers/zarr-python,swerebench_filtered,zarr-developers__zarr-python-1397,1397,d54f25c460f8835a0ec9a7b4bc3482159a5608f9,2023-04-20 16:28:03+00:00,swerebench/sweb.eval.x86_64.zarr-developers_1776_zarr-python-1397,1,single,2,0,1.0,13
zarr-developers/zarr-python,zarr-developers/zarr-python,swerebench_filtered,zarr-developers__zarr-python-2548,2548,4e53a70728c69330bc096877a6172618cb717aa5,2024-12-10 13:03:41+00:00,swerebench/sweb.eval.x86_64.zarr-developers_1776_zarr-python-2548,3,multi,88,0,108.0,14
zarr-developers/zarr-python,zarr-developers/zarr-python,swerebench_filtered,zarr-developers__zarr-python-2210,2210,06e3215faab96a8092e7874958f2b700fa362969,2024-09-18 22:25:31+00:00,swerebench/sweb.eval.x86_64.zarr-developers_1776_zarr-python-2210,2,multi,95,0,6.0,15
zarr-developers/zarr-python,zarr-developers/zarr-python,swerebench_filtered,zarr-developers__zarr-python-1991,1991,c677da4b0bc3e600b23cad0cea1253b7923810b0,2024-06-25 12:03:11+00:00,swerebench/sweb.eval.x86_64.zarr-developers_1776_zarr-python-1991,1,single,6,0,1.0,16
zarr-developers/zarr-python,zarr-developers/zarr-python,swerebench_filtered,zarr-developers__zarr-python-2629,2629,372995e42dee6f06c69d146d887be0db5b5bfe7b,2025-01-03 13:06:58+00:00,swerebench/sweb.eval.x86_64.zarr-developers_1776_zarr-python-2629,1,single,2,0,1.0,17
zarr-developers/zarr-python,zarr-developers/zarr-python,swerebench_filtered,zarr-developers__zarr-python-2638,2638,584d66dd4c2c8ccb5788aa6f9a27bfa76e3166bd,2025-01-04 00:13:53+00:00,swerebench/sweb.eval.x86_64.zarr-developers_1776_zarr-python-2638,1,single,11,0,6.0,18
zarr-developers/zarr-python,zarr-developers/zarr-python,swerebench_filtered,zarr-developers__zarr-python-2755,2755,f4278a5aa37768ef0abdf7b2b0e89bfaf594f22b,2025-01-23 14:10:03+00:00,swerebench/sweb.eval.x86_64.zarr-developers_1776_zarr-python-2755,4,multi,51,0,6.0,19
zarr-developers/zarr-python,zarr-developers/zarr-python,swerebench_filtered,zarr-developers__zarr-python-2416,2416,9dd9ac640f215dc1f9176979940b9f419e51e25a,2024-10-19 20:05:16+00:00,swerebench/sweb.eval.x86_64.zarr-developers_1776_zarr-python-2416,1,single,11,0,4.0,20
