instance_id,repo_key,status,n_co_edited,n_new_files,n_symbol_files,names_tried,names_resolved_in_repo,jedi_errors,truncated,seconds
aiogram__aiogram-1247,aiogram/aiogram,ok,1,0,1,3,2,0,False,2.1
aiogram__aiogram-1250,aiogram/aiogram,ok,1,0,3,22,17,0,False,1.1
aiogram__aiogram-1267,aiogram/aiogram,ok,4,0,7,41,25,0,False,1.8
aiogram__aiogram-1283,aiogram/aiogram,ok,2,0,3,17,12,0,False,0.4
aiogram__aiogram-1318,aiogram/aiogram,ok,1,0,2,5,4,0,False,1.3
aiogram__aiogram-1370,aiogram/aiogram,ok,2,0,1,36,7,0,False,0.5
aiogram__aiogram-1469,aiogram/aiogram,ok,1,0,1,37,16,0,False,1.7
aiogram__aiogram-1474,aiogram/aiogram,ok,1,0,11,22,23,0,False,2.2
aiogram__aiogram-1497,aiogram/aiogram,ok,1,0,1,6,6,0,False,1.8
aiogram__aiogram-1585,aiogram/aiogram,ok,1,0,1,5,3,0,False,2.7
aiogram__aiogram-1594,aiogram/aiogram,ok,4,0,4,290,84,0,False,2.1
aiogram__aiogram-1657,aiogram/aiogram,ok,1,0,1,175,31,0,False,1.3
aiogram__aiogram-1665,aiogram/aiogram,ok,1,0,1,8,1,0,False,2.2
aiogram__aiogram-1670,aiogram/aiogram,ok,1,0,1,155,28,0,False,5.0
aiogram__aiogram-1674,aiogram/aiogram,ok,1,0,3,16,14,0,False,0.9
aiogram__aiogram-661,aiogram/aiogram,ok,2,0,3,133,46,0,False,3.1
aiogram__aiogram-912,aiogram/aiogram,ok,2,0,2,7,2,0,False,1.1
aiogram__aiogram-989,aiogram/aiogram,ok,2,0,2,11,6,0,False,1.4
astropy__astropy-12057,astropy/astropy,ok,1,0,1,135,78,0,False,15.6
astropy__astropy-12544,astropy/astropy,ok,1,0,1,72,11,0,False,1.6
astropy__astropy-13032,astropy/astropy,ok,1,0,1,29,25,0,False,6.2
astropy__astropy-13236,astropy/astropy,ok,1,0,0,0,0,0,False,1.4
astropy__astropy-13404,astropy/astropy,ok,1,0,1,14,1,9,False,0.5
astropy__astropy-13438,astropy/astropy,ok,1,0,0,0,0,0,False,1.2
astropy__astropy-13462,astropy/astropy,ok,1,0,1,15,13,0,False,3.4
astropy__astropy-13838,astropy/astropy,ok,1,0,1,8,6,0,False,6.5
astropy__astropy-13842,astropy/astropy,ok,2,0,3,26,21,0,False,13.6
astropy__astropy-14163,astropy/astropy,ok,1,0,2,26,21,0,False,2.2
astropy__astropy-14413,astropy/astropy,ok,3,0,3,38,30,0,False,23.1
astropy__astropy-14484,astropy/astropy,ok,1,0,0,16,0,0,False,2.4
astropy__astropy-14528,astropy/astropy,ok,1,0,2,14,7,0,False,1.4
astropy__astropy-14578,astropy/astropy,ok,1,0,1,35,25,0,False,12.7
astropy__astropy-14590,astropy/astropy,ok,1,0,2,152,79,0,False,9.7
astropy__astropy-14702,astropy/astropy,ok,1,0,1,9,8,0,False,4.2
astropy__astropy-7441,astropy/astropy,ok,2,0,3,91,52,0,False,10.2
astropy__astropy-7737,astropy/astropy,ok,1,0,1,17,17,0,False,6.3
astropy__astropy-8519,astropy/astropy,ok,1,0,2,11,10,0,False,4.0
astropy__astropy-8872,astropy/astropy,ok,1,0,1,20,6,0,False,21.1
astropy__astroquery-1584,astropy/astroquery,ok,1,0,1,64,40,0,False,1.1
astropy__astroquery-2160,astropy/astroquery,ok,1,0,0,6,0,0,False,0.7
astropy__astroquery-2444,astropy/astroquery,ok,1,0,1,20,1,0,False,4.0
astropy__astroquery-2654,astropy/astroquery,ok,1,0,0,0,0,0,False,0.6
astropy__astroquery-3031,astropy/astroquery,ok,3,0,4,197,131,0,False,12.8
astropy__astroquery-3068,astropy/astroquery,ok,1,0,3,22,24,0,False,5.8
astropy__astroquery-3105,astropy/astroquery,ok,1,0,1,42,23,0,False,3.2
astropy__astroquery-3116,astropy/astroquery,ok,1,0,1,31,17,0,False,3.5
astropy__astroquery-3168,astropy/astroquery,ok,1,0,1,3,3,0,False,0.4
astropy__astroquery-3199,astropy/astroquery,ok,1,0,1,3,3,0,False,0.5
astropy__astroquery-3224,astropy/astroquery,ok,1,0,1,8,7,0,False,3.0
astropy__astroquery-3275,astropy/astroquery,ok,1,0,1,9,11,0,False,0.9
astropy__photutils-1292,astropy/photutils,ok,1,0,1,9,8,0,False,8.5
astropy__photutils-1312,astropy/photutils,ok,1,0,1,29,24,0,False,6.0
astropy__photutils-1477,astropy/photutils,ok,1,0,2,409,61,0,False,1.7
astropy__photutils-1512,astropy/photutils,ok,1,0,1,1,1,0,False,0.3
astropy__photutils-1648,astropy/photutils,ok,1,0,2,42,10,0,False,1.7
astropy__photutils-1663,astropy/photutils,ok,4,0,3,125,24,0,False,0.9
astropy__photutils-1679,astropy/photutils,ok,1,0,1,101,14,0,False,1.7
astropy__photutils-1805,astropy/photutils,ok,1,0,1,286,110,1,False,5.3
astropy__photutils-1935,astropy/photutils,ok,1,0,1,9,8,0,False,2.2
astropy__photutils-1943,astropy/photutils,ok,4,0,4,79,41,0,False,6.1
astropy__photutils-1956,astropy/photutils,ok,1,0,1,7,5,0,False,0.7
astropy__photutils-1978,astropy/photutils,ok,2,0,2,42,22,0,False,1.0
aws-cloudformation__cfn-lint-3399,aws-cloudformation/cfn-lint,ok,2,0,5,42,30,0,False,4.8
aws-cloudformation__cfn-lint-3450,aws-cloudformation/cfn-lint,ok,2,0,4,87,82,0,False,1.8
aws-cloudformation__cfn-lint-3548,aws-cloudformation/cfn-lint,ok,2,0,5,27,24,0,False,1.6
aws-cloudformation__cfn-lint-3552,aws-cloudformation/cfn-lint,ok,4,1,10,419,84,0,False,6.4
aws-cloudformation__cfn-lint-3563,aws-cloudformation/cfn-lint,ok,5,0,8,75,60,0,False,2.8
aws-cloudformation__cfn-lint-3629,aws-cloudformation/cfn-lint,ok,1,0,1,15,19,0,False,3.2
aws-cloudformation__cfn-lint-3639,aws-cloudformation/cfn-lint,ok,1,0,5,12,9,0,False,2.7
aws-cloudformation__cfn-lint-3663,aws-cloudformation/cfn-lint,ok,2,0,2,18,12,0,False,1.8
aws-cloudformation__cfn-lint-3707,aws-cloudformation/cfn-lint,ok,1,0,3,8,8,0,False,1.7
aws-cloudformation__cfn-lint-3712,aws-cloudformation/cfn-lint,ok,3,0,7,45,45,0,False,3.3
aws-cloudformation__cfn-lint-3714,aws-cloudformation/cfn-lint,ok,2,0,4,43,24,0,False,6.9
aws-cloudformation__cfn-lint-3731,aws-cloudformation/cfn-lint,ok,3,0,3,16,11,0,False,4.0
aws-cloudformation__cfn-lint-3749,aws-cloudformation/cfn-lint,ok,1,0,1,15,20,0,False,3.7
aws-cloudformation__cfn-lint-3785,aws-cloudformation/cfn-lint,ok,1,0,4,52,42,0,False,2.6
aws-cloudformation__cfn-lint-3855,aws-cloudformation/cfn-lint,ok,1,0,2,17,9,0,False,4.5
aws-cloudformation__cfn-lint-3875,aws-cloudformation/cfn-lint,ok,1,0,1,13,17,0,False,4.5
aws-cloudformation__cfn-lint-3890,aws-cloudformation/cfn-lint,ok,1,0,1,15,10,0,False,3.9
aws-cloudformation__cfn-lint-4026,aws-cloudformation/cfn-lint,ok,2,0,6,52,39,0,False,5.2
aws-cloudformation__cfn-lint-4149,aws-cloudformation/cfn-lint,ok,1,0,0,0,0,0,False,3.9
aws-cloudformation__cfn-lint-4236,aws-cloudformation/cfn-lint,ok,1,0,3,15,9,0,False,5.1
Azure__azure-cli-1876,azure/azure-cli,ok,2,0,2,39,25,0,False,5.9
Azure__azure-cli-2053,azure/azure-cli,ok,4,0,2,200,73,0,False,3.9
Azure__azure-cli-2214,azure/azure-cli,ok,1,0,1,7,3,0,False,1.5
Azure__azure-cli-2467,azure/azure-cli,ok,2,0,1,10,1,0,False,1.1
Azure__azure-cli-2844,azure/azure-cli,ok,2,0,1,7,1,0,False,1.3
Azure__azure-cli-2955,azure/azure-cli,ok,4,1,2,140,19,0,False,5.5
Azure__azure-cli-3354,azure/azure-cli,ok,1,0,1,23,15,0,False,6.6
Azure__azure-cli-3643,azure/azure-cli,ok,1,0,1,1,1,0,False,1.9
Azure__azure-cli-3743,azure/azure-cli,ok,1,0,1,12,10,0,False,1.4
Azure__azure-cli-4265,azure/azure-cli,ok,2,0,2,56,28,0,False,5.0
beeware__briefcase-1054,beeware/briefcase,ok,1,0,1,48,9,0,False,1.4
beeware__briefcase-1088,beeware/briefcase,ok,1,0,1,8,4,0,False,0.6
beeware__briefcase-1180,beeware/briefcase,ok,1,0,0,0,0,0,False,1.4
beeware__briefcase-1307,beeware/briefcase,ok,1,0,2,224,42,0,False,2.0
beeware__briefcase-1373,beeware/briefcase,ok,1,0,2,3,4,0,False,0.8
beeware__briefcase-1387,beeware/briefcase,ok,1,0,2,14,12,0,False,0.9
beeware__briefcase-1598,beeware/briefcase,ok,2,0,5,87,67,0,False,1.7
beeware__briefcase-1823,beeware/briefcase,ok,1,0,0,5,0,0,False,0.5
beeware__briefcase-1824,beeware/briefcase,ok,1,0,0,0,0,0,False,0.7
beeware__briefcase-1910,beeware/briefcase,ok,3,0,4,119,24,0,False,1.0
beeware__briefcase-1972,beeware/briefcase,ok,1,0,1,3,2,0,False,0.6
beeware__briefcase-2085,beeware/briefcase,ok,1,0,1,4,2,0,False,0.9
beeware__briefcase-2089,beeware/briefcase,ok,2,0,4,28,16,0,False,0.9
beeware__briefcase-2114,beeware/briefcase,ok,3,0,6,59,35,0,False,1.2
beeware__briefcase-2214,beeware/briefcase,ok,4,0,6,85,60,0,False,3.2
beeware__briefcase-2302,beeware/briefcase,ok,1,0,5,13,13,0,False,1.1
beeware__briefcase-864,beeware/briefcase,ok,1,0,1,4,2,0,False,2.0
beeware__briefcase-927,beeware/briefcase,ok,2,0,2,6,3,0,False,1.2
beeware__briefcase-935,beeware/briefcase,ok,1,0,1,5,3,0,False,1.2
beeware__briefcase-955,beeware/briefcase,ok,1,0,0,0,0,0,False,0.4
borgbackup__borg-2527,borgbackup/borg,ok,4,0,4,178,94,0,False,4.8
borgbackup__borg-2555,borgbackup/borg,ok,1,0,1,32,34,0,False,2.9
borgbackup__borg-2566,borgbackup/borg,ok,1,0,1,10,9,0,False,2.1
borgbackup__borg-6527,borgbackup/borg,ok,3,0,3,17,11,0,False,6.5
borgbackup__borg-6528,borgbackup/borg,ok,1,0,0,6,0,0,False,0.4
borgbackup__borg-6529,borgbackup/borg,ok,1,0,0,6,0,0,False,0.5
borgbackup__borg-6682,borgbackup/borg,ok,1,0,2,11,10,0,False,7.0
borgbackup__borg-6683,borgbackup/borg,ok,1,0,2,11,10,0,False,9.4
borgbackup__borg-6684,borgbackup/borg,ok,1,0,2,11,10,0,False,3.6
borgbackup__borg-7388,borgbackup/borg,ok,3,0,4,10,9,0,False,3.2
borgbackup__borg-7448,borgbackup/borg,ok,1,0,1,10,4,0,False,0.6
borgbackup__borg-7474,borgbackup/borg,ok,2,0,4,129,69,0,False,2.5
borgbackup__borg-7492,borgbackup/borg,ok,3,0,4,120,17,0,False,3.7
borgbackup__borg-7517,borgbackup/borg,ok,3,0,8,81,48,0,False,1.6
borgbackup__borg-7549,borgbackup/borg,ok,2,0,5,27,13,0,False,1.3
borgbackup__borg-7583,borgbackup/borg,ok,3,0,4,46,35,0,False,4.6
borgbackup__borg-7712,borgbackup/borg,ok,1,0,2,21,13,0,False,3.8
borgbackup__borg-7941,borgbackup/borg,ok,2,0,2,22,16,0,False,7.5
borgbackup__borg-7942,borgbackup/borg,ok,1,0,1,13,15,0,False,8.2
borgbackup__borg-8436,borgbackup/borg,ok,1,1,12,381,50,0,False,6.8
bridgecrewio__checkov-1147,bridgecrewio/checkov,ok,1,0,6,71,44,0,False,5.1
bridgecrewio__checkov-1457,bridgecrewio/checkov,ok,1,0,1,13,11,0,False,4.5
bridgecrewio__checkov-211,bridgecrewio/checkov,ok,1,0,1,6,3,0,False,3.7
bridgecrewio__checkov-2167,bridgecrewio/checkov,ok,2,0,2,88,62,0,False,4.8
bridgecrewio__checkov-2214,bridgecrewio/checkov,ok,1,0,0,0,0,0,False,2.8
bridgecrewio__checkov-281,bridgecrewio/checkov,ok,1,0,2,7,4,0,False,4.4
bridgecrewio__checkov-289,bridgecrewio/checkov,ok,1,0,3,28,19,0,False,2.5
bridgecrewio__checkov-474,bridgecrewio/checkov,ok,1,0,2,6,6,0,False,3.5
bridgecrewio__checkov-5936,bridgecrewio/checkov,ok,1,0,0,0,0,0,False,8.5
bridgecrewio__checkov-6144,bridgecrewio/checkov,ok,1,0,0,0,0,0,False,0.9
bridgecrewio__checkov-6314,bridgecrewio/checkov,ok,1,0,1,9,5,0,False,8.4
bridgecrewio__checkov-6354,bridgecrewio/checkov,ok,2,0,3,33,21,0,False,7.2
bridgecrewio__checkov-6612,bridgecrewio/checkov,ok,2,0,2,9,3,0,False,6.8
bridgecrewio__checkov-6657,bridgecrewio/checkov,ok,3,0,9,219,132,0,False,2.0
bridgecrewio__checkov-6695,bridgecrewio/checkov,ok,1,0,0,0,0,0,False,2.1
bridgecrewio__checkov-6933,bridgecrewio/checkov,ok,2,0,7,32,27,0,False,1.6
bridgecrewio__checkov-6999,bridgecrewio/checkov,ok,3,0,12,111,92,0,False,1.9
bridgecrewio__checkov-7002,bridgecrewio/checkov,ok,2,0,3,18,14,0,False,9.3
bridgecrewio__checkov-7022,bridgecrewio/checkov,ok,1,0,1,5,2,0,False,7.5
bridgecrewio__checkov-7124,bridgecrewio/checkov,ok,1,0,0,0,0,0,False,1.2
canonical__charmcraft-1165,canonical/charmcraft,ok,1,0,1,19,16,0,False,0.9
canonical__charmcraft-1365,canonical/charmcraft,ok,1,0,1,3,3,0,False,0.4
canonical__charmcraft-1741,canonical/charmcraft,ok,1,0,1,45,22,0,False,0.5
canonical__charmcraft-1744,canonical/charmcraft,ok,1,0,0,0,0,0,False,0.3
canonical__charmcraft-1745,canonical/charmcraft,ok,1,0,1,26,15,0,False,1.8
canonical__charmcraft-1759,canonical/charmcraft,ok,1,0,1,3,1,0,False,0.4
canonical__charmcraft-1763,canonical/charmcraft,ok,1,0,3,62,14,0,False,0.8
canonical__charmcraft-1818,canonical/charmcraft,ok,3,0,4,71,30,0,False,1.0
canonical__charmcraft-1823,canonical/charmcraft,ok,3,0,4,71,30,0,False,0.6
canonical__charmcraft-1850,canonical/charmcraft,ok,2,0,1,81,1,0,False,0.6
canonical__charmcraft-1891,canonical/charmcraft,ok,1,0,1,2,2,0,False,0.4
canonical__charmcraft-1892,canonical/charmcraft,ok,1,0,0,0,0,0,False,0.4
canonical__charmcraft-2060,canonical/charmcraft,ok,1,0,1,11,7,0,False,0.7
canonical__charmcraft-2084,canonical/charmcraft,ok,1,0,4,41,36,0,False,1.9
canonical__charmcraft-2106,canonical/charmcraft,ok,1,0,1,5,5,0,False,0.7
canonical__charmcraft-684,canonical/charmcraft,ok,1,0,1,12,6,0,False,3.7
canonical__charmcraft-866,canonical/charmcraft,ok,1,0,1,21,16,0,False,0.4
canonical__charmcraft-869,canonical/charmcraft,ok,1,0,1,39,28,0,False,0.7
canonical__charmcraft-915,canonical/charmcraft,ok,1,0,1,8,6,0,False,1.2
canonical__charmcraft-917,canonical/charmcraft,ok,1,0,3,28,19,0,False,0.7
cloud-custodian__cloud-custodian-10255,cloud-custodian/cloud-custodian,ok,1,0,1,2,2,0,False,7.9
cloud-custodian__cloud-custodian-4846,cloud-custodian/cloud-custodian,ok,2,0,7,106,40,0,False,2.2
cloud-custodian__cloud-custodian-5472,cloud-custodian/cloud-custodian,ok,1,0,4,132,74,0,False,11.0
cloud-custodian__cloud-custodian-5526,cloud-custodian/cloud-custodian,ok,1,0,3,12,11,0,False,2.3
cloud-custodian__cloud-custodian-5531,cloud-custodian/cloud-custodian,ok,2,0,6,140,109,0,False,7.6
cloud-custodian__cloud-custodian-5532,cloud-custodian/cloud-custodian,ok,1,0,4,125,92,0,False,1.8
cloud-custodian__cloud-custodian-5595,cloud-custodian/cloud-custodian,ok,1,0,1,4,3,0,False,4.3
cloud-custodian__cloud-custodian-5616,cloud-custodian/cloud-custodian,ok,1,0,1,14,2,0,False,2.1
cloud-custodian__cloud-custodian-5640,cloud-custodian/cloud-custodian,ok,5,0,13,229,168,0,False,14.4
cloud-custodian__cloud-custodian-5645,cloud-custodian/cloud-custodian,ok,3,0,7,79,59,0,False,4.4
cloud-custodian__cloud-custodian-6689,cloud-custodian/cloud-custodian,ok,2,0,11,55,48,0,False,4.0
conan-io__conan-11655,conan-io/conan,ok,3,0,4,133,98,0,False,7.1
conan-io__conan-15575,conan-io/conan,ok,1,0,1,22,11,0,False,3.1
conan-io__conan-16011,conan-io/conan,ok,1,0,1,26,23,0,False,2.3
conan-io__conan-16013,conan-io/conan,ok,1,0,1,8,6,0,False,1.7
conan-io__conan-16552,conan-io/conan,ok,2,0,2,12,5,0,False,8.0
conan-io__conan-16776,conan-io/conan,ok,4,0,7,55,21,0,False,8.1
conan-io__conan-16849,conan-io/conan,ok,1,0,1,12,11,0,False,5.6
conan-io__conan-16871,conan-io/conan,ok,3,0,6,134,115,0,False,8.1
conan-io__conan-16986,conan-io/conan,ok,1,0,1,16,13,0,False,10.6
conan-io__conan-17092,conan-io/conan,ok,3,0,2,103,87,0,False,6.0
conan-io__conan-17102,conan-io/conan,ok,2,0,6,123,104,0,False,2.2
conan-io__conan-17382,conan-io/conan,ok,1,0,1,1,1,0,False,0.6
conan-io__conan-17517,conan-io/conan,ok,3,0,5,39,37,0,False,1.8
conan-io__conan-17532,conan-io/conan,ok,1,0,1,8,7,0,False,0.8
conan-io__conan-18101,conan-io/conan,ok,2,0,2,14,10,0,False,0.9
conan-io__conan-18442,conan-io/conan,ok,1,0,1,35,16,0,False,5.5
conan-io__conan-18842,conan-io/conan,ok,1,0,1,7,2,0,False,4.2
conan-io__conan-4380,conan-io/conan,ok,3,0,2,44,38,0,False,11.8
conan-io__conan-4539,conan-io/conan,ok,3,0,5,50,34,0,False,10.7
conan-io__conan-5005,conan-io/conan,ok,1,0,2,11,10,0,False,1.1
dask__dask-10509,dask/dask,ok,1,0,1,8,6,0,False,0.6
dask__dask-10765,dask/dask,ok,1,0,1,29,18,0,False,0.7
dask__dask-11288,dask/dask,ok,1,0,1,65,41,0,False,2.4
dask__dask-11300,dask/dask,ok,2,0,3,85,49,0,False,7.0
dask__dask-11301,dask/dask,ok,3,0,4,119,72,0,False,6.9
dask__dask-11605,dask/dask,ok,3,0,7,221,168,0,False,9.8
dask__dask-11698,dask/dask,ok,1,0,1,3,3,0,False,3.7
dask__dask-11707,dask/dask,ok,2,0,2,33,14,0,False,12.7
dask__dask-11801,dask/dask,ok,2,0,4,90,78,0,False,26.0
dask__dask-2466,dask/dask,ok,3,0,6,49,41,0,False,1.1
dask__dask-3016,dask/dask,ok,2,0,1,100,37,0,False,2.1
dask__dask-3522,dask/dask,ok,1,0,2,18,8,0,False,6.7
dask__dask-3955,dask/dask,ok,2,0,1,6,6,0,False,7.0
dask__dask-4506,dask/dask,ok,1,0,1,15,9,0,False,1.0
dask__dask-5777,dask/dask,ok,4,1,3,252,55,0,False,30.6
dask__dask-5888,dask/dask,ok,3,0,3,33,22,0,False,1.0
dask__dask-5905,dask/dask,ok,1,0,1,8,4,0,False,0.5
dask__dask-5975,dask/dask,ok,1,0,2,8,6,0,False,4.0
dask__dask-6624,dask/dask,ok,3,0,3,201,23,0,False,21.2
dask__dask-8801,dask/dask,ok,1,0,1,35,20,0,False,5.0
deepset-ai__haystack-6261,deepset-ai/haystack,ok,1,0,1,27,5,0,False,1.2
deepset-ai__haystack-6717,deepset-ai/haystack,ok,1,0,1,6,7,0,False,1.0
deepset-ai__haystack-6776,deepset-ai/haystack,ok,1,0,1,7,6,0,False,1.6
deepset-ai__haystack-6841,deepset-ai/haystack,ok,2,0,5,113,48,0,False,0.8
deepset-ai__haystack-6857,deepset-ai/haystack,ok,1,0,1,97,18,0,False,0.8
deepset-ai__haystack-7042,deepset-ai/haystack,ok,1,0,1,58,22,0,False,0.6
deepset-ai__haystack-7303,deepset-ai/haystack,ok,1,0,2,218,31,0,False,0.9
deepset-ai__haystack-7653,deepset-ai/haystack,ok,5,0,5,330,58,0,False,1.9
deepset-ai__haystack-7685,deepset-ai/haystack,ok,2,0,2,10,8,0,False,1.3
deepset-ai__haystack-7929,deepset-ai/haystack,ok,1,0,1,3,2,0,False,0.5
deepset-ai__haystack-7983,deepset-ai/haystack,ok,1,0,1,69,13,0,False,0.8
deepset-ai__haystack-7988,deepset-ai/haystack,ok,1,0,1,71,13,0,False,1.8
deepset-ai__haystack-8489,deepset-ai/haystack,ok,5,0,7,175,62,0,False,1.7
deepset-ai__haystack-8804,deepset-ai/haystack,ok,2,0,4,14,10,0,False,1.0
deepset-ai__haystack-8941,deepset-ai/haystack,ok,1,0,6,90,58,0,False,1.8
deepset-ai__haystack-9189,deepset-ai/haystack,ok,2,0,9,81,58,0,False,3.6
deepset-ai__haystack-9336,deepset-ai/haystack,ok,1,0,1,391,19,0,False,1.6
deepset-ai__haystack-9568,deepset-ai/haystack,ok,2,0,3,71,35,0,False,1.3
deepset-ai__haystack-9582,deepset-ai/haystack,ok,1,0,0,0,0,0,False,1.1
deepset-ai__haystack-9688,deepset-ai/haystack,ok,2,0,10,506,267,0,False,1.9
django-json-api__django-rest-framework-json-api-1020,django-json-api/django-rest-framework-json-api,ok,1,0,1,6,2,0,False,2.0
django-json-api__django-rest-framework-json-api-1074,django-json-api/django-rest-framework-json-api,ok,1,0,1,4,5,0,False,0.5
django-json-api__django-rest-framework-json-api-1162,django-json-api/django-rest-framework-json-api,ok,1,0,2,8,5,0,False,2.8
django-json-api__django-rest-framework-json-api-1220,django-json-api/django-rest-framework-json-api,ok,1,0,1,3,3,0,False,0.3
django-json-api__django-rest-framework-json-api-1231,django-json-api/django-rest-framework-json-api,ok,2,0,1,9,1,0,False,0.3
django-json-api__django-rest-framework-json-api-1245,django-json-api/django-rest-framework-json-api,ok,1,0,1,13,8,0,False,0.3
django-json-api__django-rest-framework-json-api-1283,django-json-api/django-rest-framework-json-api,ok,3,0,2,24,6,0,False,1.2
django-json-api__django-rest-framework-json-api-1286,django-json-api/django-rest-framework-json-api,ok,1,0,2,6,5,0,False,0.6
django-json-api__django-rest-framework-json-api-1301,django-json-api/django-rest-framework-json-api,ok,1,0,1,1,1,0,False,0.3
django-json-api__django-rest-framework-json-api-842,django-json-api/django-rest-framework-json-api,ok,1,0,1,6,4,0,False,1.2
django-json-api__django-rest-framework-json-api-868,django-json-api/django-rest-framework-json-api,ok,1,0,1,5,3,0,False,0.3
django__django-11457,django/django,ok,1,0,1,12,6,0,False,2.3
django__django-12394,django/django,ok,1,0,1,6,3,0,False,3.8
django__django-12591,django/django,ok,1,0,1,24,22,0,False,5.0
django__django-13128,django/django,ok,1,0,2,72,75,0,False,13.7
django__django-13279,django/django,ok,1,0,2,23,17,0,False,3.4
django__django-13350,django/django,ok,2,0,3,40,20,0,False,5.2
django__django-13743,django/django,ok,1,0,0,3,0,0,False,0.8
django__django-13822,django/django,ok,1,0,1,7,3,0,False,6.0
django__django-14034,django/django,ok,1,0,4,34,24,0,False,4.6
django__django-14089,django/django,ok,1,0,1,5,4,0,False,1.2
django__django-14416,django/django,ok,1,0,2,7,7,0,False,5.5
django__django-14471,django/django,ok,1,0,1,23,24,0,False,11.2
django__django-14727,django/django,ok,3,0,4,25,24,0,False,4.4
django__django-14779,django/django,ok,1,0,1,2,2,0,False,3.1
django__django-15474,django/django,ok,1,0,1,9,5,0,False,5.4
django__django-15498,django/django,ok,1,0,1,4,1,0,False,1.5
django__django-16067,django/django,ok,1,0,1,6,5,0,False,2.6
django__django-16501,django/django,ok,1,0,6,25,23,0,False,9.1
django__django-5158,django/django,ok,1,0,1,8,1,0,False,6.0
django__django-8326,django/django,ok,1,0,1,65,50,0,False,9.5
docker__docker-py-1143,docker/docker-py,ok,1,0,1,31,39,0,False,1.4
docker__docker-py-1150,docker/docker-py,ok,1,0,1,2,1,0,False,0.7
docker__docker-py-1167,docker/docker-py,ok,2,0,2,18,14,0,False,1.4
docker__docker-py-1255,docker/docker-py,ok,1,0,1,10,22,0,False,1.5
docker__docker-py-1385,docker/docker-py,ok,1,0,2,15,15,0,False,1.9
docker__docker-py-2793,docker/docker-py,ok,1,0,1,4,2,0,False,2.9
docker__docker-py-2917,docker/docker-py,ok,3,0,3,34,16,0,False,1.5
docker__docker-py-2927,docker/docker-py,ok,3,0,5,35,25,0,False,1.4
docker__docker-py-3120,docker/docker-py,ok,1,0,1,8,4,0,False,5.2
docker__docker-py-3191,docker/docker-py,ok,3,0,3,20,16,0,False,0.5
docker__docker-py-3200,docker/docker-py,ok,3,0,2,16,4,0,False,2.2
dpkp__kafka-python-1029,dpkp/kafka-python,ok,1,0,2,4,6,0,False,1.5
dpkp__kafka-python-1239,dpkp/kafka-python,ok,1,0,1,12,10,0,False,0.6
dpkp__kafka-python-1312,dpkp/kafka-python,ok,5,0,6,129,131,0,False,2.3
dpkp__kafka-python-1320,dpkp/kafka-python,ok,3,0,5,126,131,0,False,1.5
dpkp__kafka-python-1367,dpkp/kafka-python,ok,1,0,1,16,19,0,False,0.7
dpkp__kafka-python-1688,dpkp/kafka-python,ok,1,0,1,10,9,0,False,0.3
dpkp__kafka-python-1769,dpkp/kafka-python,ok,1,0,1,20,20,0,False,0.5
dpkp__kafka-python-2548,dpkp/kafka-python,ok,2,0,4,78,89,0,False,3.8
dpkp__kafka-python-2573,dpkp/kafka-python,ok,3,0,4,33,41,0,False,5.3
dpkp__kafka-python-2608,dpkp/kafka-python,ok,2,0,4,54,29,0,False,1.3
dpkp__kafka-python-2631,dpkp/kafka-python,ok,1,0,1,15,21,0,False,0.4
dwavesystems__dimod-171,dwavesystems/dimod,ok,2,0,2,54,15,0,False,0.7
dwavesystems__dimod-174,dwavesystems/dimod,ok,1,0,1,69,40,0,False,1.0
dwavesystems__dimod-259,dwavesystems/dimod,ok,1,0,1,10,7,0,False,0.2
dwavesystems__dimod-263,dwavesystems/dimod,ok,2,0,2,178,107,0,False,3.9
dwavesystems__dimod-266,dwavesystems/dimod,ok,1,0,4,44,16,0,False,0.5
dwavesystems__dimod-307,dwavesystems/dimod,ok,1,0,1,12,6,0,False,0.8
dwavesystems__dimod-310,dwavesystems/dimod,ok,1,0,1,70,37,0,False,1.1
dwavesystems__dimod-331,dwavesystems/dimod,ok,1,0,1,27,10,0,False,1.1
dwavesystems__dimod-336,dwavesystems/dimod,ok,1,0,3,48,23,0,False,1.4
dwavesystems__dimod-377,dwavesystems/dimod,ok,1,0,3,78,59,0,False,2.3
dwavesystems__dimod-383,dwavesystems/dimod,ok,3,0,4,151,82,0,False,4.1
dwavesystems__dimod-384,dwavesystems/dimod,ok,2,0,2,148,54,0,False,2.4
dwavesystems__dimod-387,dwavesystems/dimod,ok,2,0,3,76,47,0,False,1.7
dwavesystems__dimod-398,dwavesystems/dimod,ok,2,0,1,71,15,0,False,0.5
dwavesystems__dimod-459,dwavesystems/dimod,ok,1,0,1,2,2,0,False,0.3
dwavesystems__dimod-497,dwavesystems/dimod,ok,3,0,4,53,30,0,False,3.1
dwavesystems__dimod-527,dwavesystems/dimod,ok,2,0,2,33,35,0,False,9.6
elastic__rally-1284,elastic/rally,ok,2,0,2,8,4,0,False,2.8
elastic__rally-1469,elastic/rally,ok,2,0,1,7,3,0,False,2.1
elastic__rally-1674,elastic/rally,ok,1,0,2,10,6,0,False,2.5
elastic__rally-430,elastic/rally,ok,2,0,3,52,42,0,False,1.6
elastic__rally-436,elastic/rally,ok,4,0,4,84,57,0,False,4.5
elastic__rally-451,elastic/rally,ok,2,0,6,136,221,0,False,3.4
elastic__rally-454,elastic/rally,ok,1,0,2,69,37,0,False,1.1
elastic__rally-469,elastic/rally,ok,2,0,2,117,97,0,False,1.8
elastic__rally-507,elastic/rally,ok,2,0,2,33,29,0,False,1.6
elastic__rally-524,elastic/rally,ok,1,0,1,23,25,0,False,3.4
elastic__rally-540,elastic/rally,ok,1,0,1,1,1,0,False,2.1
elastic__rally-544,elastic/rally,ok,1,0,7,12,11,0,False,2.2
elastic__rally-557,elastic/rally,ok,1,0,3,26,27,0,False,0.4
elastic__rally-612,elastic/rally,ok,1,0,1,26,12,0,False,1.6
elastic__rally-627,elastic/rally,ok,1,0,2,17,7,0,False,0.6
ethereum__web3.py-3103,ethereum/web3.py,ok,4,0,6,29,23,0,False,1.8
ethereum__web3.py-3120,ethereum/web3.py,ok,1,0,1,35,21,0,False,0.4
ethereum__web3.py-3187,ethereum/web3.py,ok,3,0,3,23,6,0,False,0.7
ethereum__web3.py-3248,ethereum/web3.py,ok,4,0,2,4,2,0,False,0.7
ethereum__web3.py-3257,ethereum/web3.py,ok,3,0,2,4,2,0,False,0.7
ethereum__web3.py-3289,ethereum/web3.py,ok,1,0,2,6,4,0,False,0.5
ethereum__web3.py-3308,ethereum/web3.py,ok,4,0,5,59,33,0,False,0.9
ethereum__web3.py-3444,ethereum/web3.py,ok,2,0,3,32,32,0,False,0.7
ethereum__web3.py-3463,ethereum/web3.py,ok,2,0,2,72,56,0,False,5.3
ethereum__web3.py-3467,ethereum/web3.py,ok,3,0,4,54,31,0,False,0.8
ethereum__web3.py-3469,ethereum/web3.py,ok,2,0,3,118,66,0,False,0.7
ethereum__web3.py-3584,ethereum/web3.py,ok,2,0,2,8,8,0,False,0.7
ethereum__web3.py-3594,ethereum/web3.py,ok,2,0,3,43,43,0,False,0.8
ethereum__web3.py-3604,ethereum/web3.py,ok,1,0,1,13,12,0,False,0.5
facelessuser__pymdown-extensions-1043,facelessuser/pymdown-extensions,ok,3,0,3,42,35,0,False,1.0
facelessuser__pymdown-extensions-1226,facelessuser/pymdown-extensions,ok,3,0,3,146,136,0,False,1.3
facelessuser__pymdown-extensions-1567,facelessuser/pymdown-extensions,ok,2,0,2,32,26,0,False,3.2
facelessuser__pymdown-extensions-1725,facelessuser/pymdown-extensions,ok,2,0,2,17,11,0,False,1.3
facelessuser__pymdown-extensions-1822,facelessuser/pymdown-extensions,ok,1,0,1,63,54,0,False,1.1
facelessuser__pymdown-extensions-1825,facelessuser/pymdown-extensions,ok,1,0,1,66,65,0,False,1.2
facelessuser__pymdown-extensions-1929,facelessuser/pymdown-extensions,ok,2,0,2,7,5,0,False,0.7
facelessuser__pymdown-extensions-2039,facelessuser/pymdown-extensions,ok,2,0,2,5,4,0,False,2.5
facelessuser__pymdown-extensions-2245,facelessuser/pymdown-extensions,ok,1,0,1,65,49,0,False,1.6
facelessuser__pymdown-extensions-2362,facelessuser/pymdown-extensions,ok,2,0,2,6,4,0,False,0.4
facelessuser__pymdown-extensions-2547,facelessuser/pymdown-extensions,ok,3,0,4,166,88,0,False,0.8
facelessuser__pymdown-extensions-2551,facelessuser/pymdown-extensions,ok,1,0,1,61,49,0,False,1.8
facelessuser__pymdown-extensions-2576,facelessuser/pymdown-extensions,ok,2,0,1,4,2,0,False,0.3
facelessuser__pymdown-extensions-2651,facelessuser/pymdown-extensions,ok,1,0,1,58,51,0,False,1.9
facelessuser__pymdown-extensions-2679,facelessuser/pymdown-extensions,ok,1,0,2,21,20,0,False,0.9
facelessuser__pymdown-extensions-934,facelessuser/pymdown-extensions,ok,2,0,2,21,21,0,False,0.5
falconry__falcon-1602,falconry/falcon,ok,2,0,4,72,8,0,False,0.8
falconry__falcon-1785,falconry/falcon,ok,1,0,3,9,9,0,False,0.5
falconry__falcon-1873,falconry/falcon,ok,1,0,4,26,27,0,False,7.3
falconry__falcon-1949,falconry/falcon,ok,1,0,3,17,12,0,False,4.8
falconry__falcon-2027,falconry/falcon,ok,1,0,1,24,116,0,False,2.4
falconry__falcon-2248,falconry/falcon,ok,2,0,2,69,11,0,False,0.8
falconry__falcon-2254,falconry/falcon,ok,4,0,6,29,16,0,False,1.5
falconry__falcon-2322,falconry/falcon,ok,2,0,2,40,12,0,False,0.7
falconry__falcon-2326,falconry/falcon,ok,3,0,5,150,32,0,False,1.1
falconry__falcon-2356,falconry/falcon,ok,3,0,7,118,32,0,False,1.2
falconry__falcon-2366,falconry/falcon,ok,2,0,5,16,17,0,False,0.7
falconry__falcon-2404,falconry/falcon,ok,2,0,2,23,11,0,False,0.5
falconry__falcon-2419,falconry/falcon,ok,0,1,4,44,8,0,False,2.8
falconry__falcon-2426,falconry/falcon,ok,1,0,6,144,84,0,False,1.1
falconry__falcon-2450,falconry/falcon,ok,1,0,4,35,34,0,False,2.4
falconry__falcon-2459,falconry/falcon,ok,1,0,4,47,19,0,False,0.8
falconry__falcon-2475,falconry/falcon,ok,1,0,3,61,8,0,False,0.8
falconry__falcon-2477,falconry/falcon,ok,2,0,3,41,24,0,False,0.6
falconry__falcon-2498,falconry/falcon,ok,5,0,12,196,71,0,False,1.9
falconry__falcon-993,falconry/falcon,ok,1,0,3,6,5,0,False,1.8
Fatal1ty__mashumaro-116,fatal1ty/mashumaro,ok,2,0,3,17,16,0,False,0.6
Fatal1ty__mashumaro-122,fatal1ty/mashumaro,ok,1,0,1,25,17,0,False,0.9
Fatal1ty__mashumaro-127,fatal1ty/mashumaro,ok,1,0,2,8,8,0,False,0.7
Fatal1ty__mashumaro-128,fatal1ty/mashumaro,ok,1,0,2,7,6,0,False,0.4
Fatal1ty__mashumaro-130,fatal1ty/mashumaro,ok,1,0,1,2,1,0,False,0.2
Fatal1ty__mashumaro-142,fatal1ty/mashumaro,ok,1,0,2,21,18,0,False,0.7
Fatal1ty__mashumaro-145,fatal1ty/mashumaro,ok,5,0,6,124,70,0,False,1.4
Fatal1ty__mashumaro-159,fatal1ty/mashumaro,ok,1,0,1,10,6,0,False,0.3
Fatal1ty__mashumaro-162,fatal1ty/mashumaro,ok,3,0,10,190,151,0,False,1.4
Fatal1ty__mashumaro-178,fatal1ty/mashumaro,ok,4,0,6,73,49,0,False,1.1
Fatal1ty__mashumaro-180,fatal1ty/mashumaro,ok,5,0,5,114,96,0,False,1.0
Fatal1ty__mashumaro-189,fatal1ty/mashumaro,ok,1,0,3,18,17,0,False,0.7
Fatal1ty__mashumaro-191,fatal1ty/mashumaro,ok,3,0,3,72,50,0,False,1.0
Fatal1ty__mashumaro-220,fatal1ty/mashumaro,ok,2,0,3,44,36,0,False,0.7
fitbenchmarking__fitbenchmarking-1041,fitbenchmarking/fitbenchmarking,ok,3,0,1,4,6,0,False,0.4
fitbenchmarking__fitbenchmarking-1085,fitbenchmarking/fitbenchmarking,ok,2,0,2,24,24,0,False,0.8
fitbenchmarking__fitbenchmarking-1094,fitbenchmarking/fitbenchmarking,ok,2,0,2,40,15,0,False,1.0
fitbenchmarking__fitbenchmarking-1110,fitbenchmarking/fitbenchmarking,ok,2,0,0,0,0,0,False,1.1
fitbenchmarking__fitbenchmarking-1150,fitbenchmarking/fitbenchmarking,ok,2,0,3,28,20,0,False,0.8
fitbenchmarking__fitbenchmarking-1203,fitbenchmarking/fitbenchmarking,ok,4,0,5,59,57,0,False,3.3
fitbenchmarking__fitbenchmarking-1244,fitbenchmarking/fitbenchmarking,ok,2,0,2,85,75,0,False,1.0
fitbenchmarking__fitbenchmarking-1271,fitbenchmarking/fitbenchmarking,ok,1,0,4,87,68,0,False,3.9
fitbenchmarking__fitbenchmarking-1336,fitbenchmarking/fitbenchmarking,ok,1,0,1,20,15,0,False,1.3
fitbenchmarking__fitbenchmarking-1337,fitbenchmarking/fitbenchmarking,ok,1,0,2,27,25,0,False,0.6
fitbenchmarking__fitbenchmarking-1338,fitbenchmarking/fitbenchmarking,ok,3,0,3,38,19,0,False,0.8
fitbenchmarking__fitbenchmarking-1353,fitbenchmarking/fitbenchmarking,ok,1,0,1,13,13,0,False,1.8
fitbenchmarking__fitbenchmarking-1358,fitbenchmarking/fitbenchmarking,ok,1,0,1,23,28,0,False,1.3
fitbenchmarking__fitbenchmarking-1462,fitbenchmarking/fitbenchmarking,ok,2,0,3,45,30,0,False,2.6
fitbenchmarking__fitbenchmarking-320,fitbenchmarking/fitbenchmarking,ok,1,0,1,12,8,0,False,1.3
fitbenchmarking__fitbenchmarking-329,fitbenchmarking/fitbenchmarking,ok,5,0,1,22,9,0,False,0.7
fitbenchmarking__fitbenchmarking-604,fitbenchmarking/fitbenchmarking,ok,2,0,6,52,41,0,False,2.6
fitbenchmarking__fitbenchmarking-661,fitbenchmarking/fitbenchmarking,ok,1,0,0,0,0,0,False,0.3
fitbenchmarking__fitbenchmarking-887,fitbenchmarking/fitbenchmarking,ok,1,0,2,11,6,0,False,0.7
fitbenchmarking__fitbenchmarking-904,fitbenchmarking/fitbenchmarking,ok,1,0,2,26,16,0,False,1.5
fonttools__fonttools-3429,fonttools/fonttools,ok,3,0,3,27,17,0,False,7.1
fonttools__fonttools-3437,fonttools/fonttools,ok,2,1,1,109,68,0,False,2.3
fonttools__fonttools-3457,fonttools/fonttools,ok,1,0,1,6,4,0,False,3.2
fonttools__fonttools-3509,fonttools/fonttools,ok,1,0,0,0,0,0,False,0.2
fonttools__fonttools-3510,fonttools/fonttools,ok,1,0,1,19,11,0,False,4.1
fonttools__fonttools-3520,fonttools/fonttools,ok,1,0,1,6,3,0,False,0.6
fonttools__fonttools-3559,fonttools/fonttools,ok,2,0,2,66,52,0,False,1.0
fonttools__fonttools-3581,fonttools/fonttools,ok,1,0,1,10,7,0,False,6.0
fonttools__fonttools-3679,fonttools/fonttools,ok,1,0,1,37,41,0,False,1.5
fonttools__fonttools-3682,fonttools/fonttools,ok,1,0,1,20,12,0,False,1.3
fonttools__fonttools-3726,fonttools/fonttools,ok,2,0,2,79,61,0,False,1.4
fonttools__fonttools-3749,fonttools/fonttools,ok,1,0,1,13,13,0,False,0.6
fonttools__fonttools-3850,fonttools/fonttools,ok,1,0,1,17,7,0,False,0.7
fonttools__fonttools-3874,fonttools/fonttools,ok,2,0,2,58,54,0,False,3.8
fonttools__fonttools-3907,fonttools/fonttools,ok,3,0,3,44,37,0,False,4.9
frictionlessdata__frictionless-py-1007,frictionlessdata/frictionless-py,ok,4,0,3,25,19,0,False,0.8
frictionlessdata__frictionless-py-1045,frictionlessdata/frictionless-py,ok,1,0,6,51,31,0,False,2.0
frictionlessdata__frictionless-py-1047,frictionlessdata/frictionless-py,ok,1,0,5,8,9,0,False,0.6
frictionlessdata__frictionless-py-1092,frictionlessdata/frictionless-py,ok,1,0,2,16,12,0,False,4.8
frictionlessdata__frictionless-py-1112,frictionlessdata/frictionless-py,ok,4,0,5,24,19,0,False,5.7
frictionlessdata__frictionless-py-1117,frictionlessdata/frictionless-py,ok,3,0,5,30,26,0,False,1.8
frictionlessdata__frictionless-py-1137,frictionlessdata/frictionless-py,ok,1,0,2,20,7,0,False,0.9
frictionlessdata__frictionless-py-1142,frictionlessdata/frictionless-py,ok,1,0,1,11,11,0,False,1.2
frictionlessdata__frictionless-py-442,frictionlessdata/frictionless-py,ok,4,0,6,124,69,0,False,4.1
frictionlessdata__frictionless-py-512,frictionlessdata/frictionless-py,ok,1,0,0,0,0,0,False,2.1
frictionlessdata__frictionless-py-527,frictionlessdata/frictionless-py,ok,2,0,4,36,25,0,False,5.3
frictionlessdata__frictionless-py-572,frictionlessdata/frictionless-py,ok,1,0,2,31,13,0,False,2.9
frictionlessdata__frictionless-py-602,frictionlessdata/frictionless-py,ok,1,0,1,15,11,0,False,7.1
frictionlessdata__frictionless-py-611,frictionlessdata/frictionless-py,ok,1,0,1,2,2,0,False,0.7
frictionlessdata__frictionless-py-659,frictionlessdata/frictionless-py,ok,2,0,2,13,7,0,False,1.7
frictionlessdata__frictionless-py-724,frictionlessdata/frictionless-py,ok,3,0,2,24,17,0,False,1.1
frictionlessdata__frictionless-py-945,frictionlessdata/frictionless-py,ok,2,0,5,62,63,0,False,1.2
frictionlessdata__frictionless-py-952,frictionlessdata/frictionless-py,ok,3,0,3,52,33,0,False,1.7
frictionlessdata__frictionless-py-983,frictionlessdata/frictionless-py,ok,1,0,1,10,6,0,False,0.4
frictionlessdata__frictionless-py-994,frictionlessdata/frictionless-py,ok,2,0,6,18,16,0,False,4.5
GenericMappingTools__pygmt-1258,genericmappingtools/pygmt,ok,2,0,3,30,15,1,False,4.5
GenericMappingTools__pygmt-1307,genericmappingtools/pygmt,ok,1,0,2,4,4,0,False,0.3
GenericMappingTools__pygmt-1329,genericmappingtools/pygmt,ok,1,0,1,4,1,0,False,0.6
GenericMappingTools__pygmt-1382,genericmappingtools/pygmt,ok,2,0,2,79,5,0,False,0.7
GenericMappingTools__pygmt-1484,genericmappingtools/pygmt,ok,1,0,1,6,4,0,False,3.0
GenericMappingTools__pygmt-1530,genericmappingtools/pygmt,ok,1,0,1,14,8,0,False,1.9
GenericMappingTools__pygmt-1963,genericmappingtools/pygmt,ok,1,0,0,46,0,0,False,0.9
GenericMappingTools__pygmt-574,genericmappingtools/pygmt,ok,1,0,5,71,39,0,False,0.7
GenericMappingTools__pygmt-575,genericmappingtools/pygmt,ok,1,0,2,194,15,0,False,0.9
GenericMappingTools__pygmt-619,genericmappingtools/pygmt,ok,1,0,2,55,12,0,False,1.8
GenericMappingTools__pygmt-702,genericmappingtools/pygmt,ok,2,0,3,46,26,2,False,1.2
GenericMappingTools__pygmt-975,genericmappingtools/pygmt,ok,1,0,3,27,13,1,False,2.7
GenericMappingTools__pygmt-990,genericmappingtools/pygmt,ok,3,0,3,94,45,0,False,3.7
getsentry__sentry-python-1053,getsentry/sentry-python,ok,4,0,4,34,18,0,False,2.5
getsentry__sentry-python-2020,getsentry/sentry-python,ok,1,0,1,7,8,0,False,0.6
getsentry__sentry-python-2148,getsentry/sentry-python,ok,5,0,1,16,3,0,False,1.1
getsentry__sentry-python-2279,getsentry/sentry-python,ok,1,0,1,8,7,0,False,1.5
getsentry__sentry-python-2500,getsentry/sentry-python,ok,5,0,6,133,129,0,False,5.2
getsentry__sentry-python-2552,getsentry/sentry-python,ok,1,0,5,102,88,0,False,4.3
getsentry__sentry-python-3002,getsentry/sentry-python,ok,1,0,2,4,6,0,False,0.7
getsentry__sentry-python-3461,getsentry/sentry-python,ok,1,0,1,28,3,0,False,0.5
getsentry__sentry-python-3463,getsentry/sentry-python,ok,2,0,2,82,28,0,False,5.1
getsentry__sentry-python-3524,getsentry/sentry-python,ok,2,0,2,38,9,0,False,1.2
getsentry__sentry-python-3729,getsentry/sentry-python,ok,1,0,1,11,4,0,False,0.8
getsentry__sentry-python-3883,getsentry/sentry-python,ok,1,0,1,90,84,0,False,0.6
getsentry__sentry-python-3942,getsentry/sentry-python,ok,1,0,1,6,4,0,False,0.4
getsentry__sentry-python-4179,getsentry/sentry-python,ok,1,0,0,10,0,0,False,0.5
getsentry__sentry-python-4231,getsentry/sentry-python,ok,2,0,2,23,15,0,False,3.6
google__flax-2842,google/flax,ok,1,0,1,6,4,0,False,0.4
google__flax-3485,google/flax,ok,1,0,1,15,9,0,False,0.9
google__flax-3529,google/flax,ok,1,0,2,148,57,0,False,0.9
google__flax-3537,google/flax,ok,2,0,2,188,8,0,False,1.8
google__flax-3566,google/flax,ok,4,0,6,95,70,0,False,1.5
google__flax-3693,google/flax,ok,2,0,3,337,109,0,False,3.2
google__flax-4002,google/flax,ok,1,0,1,15,12,0,False,3.0
google__flax-4029,google/flax,ok,1,0,1,50,42,0,False,1.6
google__flax-4317,google/flax,ok,1,0,1,11,7,0,False,0.4
google__flax-4351,google/flax,ok,1,0,1,32,16,0,False,1.4
google__flax-4536,google/flax,ok,2,0,2,149,34,0,False,7.0
google__flax-4580,google/flax,ok,1,0,1,15,9,0,False,0.6
google__flax-4681,google/flax,ok,1,0,6,19,43,0,False,0.9
google__flax-4705,google/flax,ok,2,0,2,37,16,0,False,1.0
google__mobly-135,google/mobly,ok,3,0,3,31,27,0,False,0.4
google__mobly-164,google/mobly,ok,2,0,3,34,25,0,False,0.6
google__mobly-165,google/mobly,ok,2,0,3,42,27,0,False,0.6
google__mobly-194,google/mobly,ok,1,0,2,21,14,0,False,2.1
google__mobly-276,google/mobly,ok,1,0,1,21,26,0,False,0.4
google__mobly-328,google/mobly,ok,1,0,2,6,7,0,False,0.3
google__mobly-433,google/mobly,ok,1,0,1,5,4,0,False,0.4
google__mobly-513,google/mobly,ok,3,0,3,61,36,0,False,0.7
google__mobly-582,google/mobly,ok,1,0,1,20,8,0,False,1.5
google__mobly-821,google/mobly,ok,2,0,2,22,33,0,False,0.6
googleapis__python-storage-107,googleapis/python-storage,ok,1,0,5,51,32,0,False,2.2
googleapis__python-storage-118,googleapis/python-storage,ok,1,0,1,1,1,0,False,0.2
googleapis__python-storage-1186,googleapis/python-storage,ok,1,0,1,11,10,0,False,2.9
googleapis__python-storage-1275,googleapis/python-storage,ok,1,0,2,24,3,0,False,6.5
googleapis__python-storage-1357,googleapis/python-storage,ok,1,0,1,4,4,0,False,0.3
googleapis__python-storage-1394,googleapis/python-storage,ok,1,0,1,2,1,0,False,0.6
googleapis__python-storage-185,googleapis/python-storage,ok,2,0,2,600,62,0,True,3.2
googleapis__python-storage-189,googleapis/python-storage,ok,1,0,1,8,3,0,False,0.3
googleapis__python-storage-235,googleapis/python-storage,ok,1,0,1,10,6,0,False,0.4
googleapis__python-storage-267,googleapis/python-storage,ok,1,0,1,25,21,0,False,0.7
googleapis__python-storage-282,googleapis/python-storage,ok,1,0,1,2,1,0,False,0.4
googleapis__python-storage-298,googleapis/python-storage,ok,1,0,2,14,18,0,False,0.5
googleapis__python-storage-323,googleapis/python-storage,ok,1,0,2,3,4,0,False,0.4
googleapis__python-storage-366,googleapis/python-storage,ok,1,0,2,61,8,0,False,1.1
googleapis__python-storage-382,googleapis/python-storage,ok,1,0,1,5,3,0,False,1.2
googleapis__python-storage-392,googleapis/python-storage,ok,1,0,3,13,12,0,False,0.6
googleapis__python-storage-445,googleapis/python-storage,ok,1,0,1,4,2,0,False,0.3
googleapis__python-storage-480,googleapis/python-storage,ok,2,0,6,98,17,0,False,1.2
googleapis__python-storage-58,googleapis/python-storage,ok,2,0,3,45,19,0,False,0.7
googleapis__python-storage-72,googleapis/python-storage,ok,3,0,3,234,28,0,False,1.7
hgrecco__pint-1055,hgrecco/pint,ok,1,0,2,113,46,1,False,4.1
hgrecco__pint-1087,hgrecco/pint,ok,1,0,2,57,41,0,False,1.1
hgrecco__pint-1098,hgrecco/pint,ok,2,0,1,9,8,0,False,0.4
hgrecco__pint-1111,hgrecco/pint,ok,1,0,2,5,5,0,False,0.4
hgrecco__pint-1113,hgrecco/pint,ok,1,0,1,5,3,0,False,0.3
hgrecco__pint-1186,hgrecco/pint,ok,1,0,1,30,97,0,False,2.0
hgrecco__pint-1347,hgrecco/pint,ok,1,0,0,4,0,0,False,0.3
hgrecco__pint-1361,hgrecco/pint,ok,1,0,1,7,4,2,False,0.3
hgrecco__pint-1409,hgrecco/pint,ok,1,0,3,20,20,0,False,1.2
hgrecco__pint-1426,hgrecco/pint,ok,2,0,3,8,6,0,False,0.7
hgrecco__pint-1463,hgrecco/pint,ok,2,0,3,104,55,0,False,1.1
hgrecco__pint-1476,hgrecco/pint,ok,1,0,2,17,14,0,False,0.7
hgrecco__pint-1625,hgrecco/pint,ok,1,0,1,2,2,0,False,0.3
hgrecco__pint-2194,hgrecco/pint,ok,2,0,3,92,268,4,False,2.8
hgrecco__pint-2203,hgrecco/pint,ok,1,0,3,6,6,0,False,1.1
hgrecco__pint-630,hgrecco/pint,ok,1,0,2,45,94,3,False,1.6
hgrecco__pint-920,hgrecco/pint,ok,3,0,3,25,19,2,False,2.1
hgrecco__pint-928,hgrecco/pint,ok,1,0,1,29,21,1,False,3.9
hgrecco__pint-948,hgrecco/pint,ok,1,0,3,43,36,2,False,0.7
hgrecco__pint-962,hgrecco/pint,ok,2,0,2,225,69,3,False,2.8
ibis-project__ibis-10260,ibis-project/ibis,ok,1,0,1,6,2,0,False,1.2
ibis-project__ibis-11506,ibis-project/ibis,ok,2,0,4,27,13,0,False,3.1
ibis-project__ibis-4670,ibis-project/ibis,ok,5,0,10,61,50,0,False,5.7
ibis-project__ibis-4728,ibis-project/ibis,ok,1,0,2,38,27,0,False,1.3
ibis-project__ibis-4766,ibis-project/ibis,ok,1,0,1,14,6,0,False,1.9
ibis-project__ibis-4772,ibis-project/ibis,ok,1,0,4,12,9,0,False,7.1
ibis-project__ibis-8262,ibis-project/ibis,ok,1,0,2,4,2,0,False,2.6
ibis-project__ibis-9595,ibis-project/ibis,ok,1,0,3,14,11,0,False,1.0
ibis-project__ibis-9658,ibis-project/ibis,ok,5,1,17,153,89,0,False,13.3
ibis-project__ibis-9659,ibis-project/ibis,ok,1,0,2,16,9,0,False,3.8
instructlab__instructlab-1002,instructlab/instructlab,ok,4,0,4,358,58,0,False,1.0
instructlab__instructlab-1088,instructlab/instructlab,ok,1,0,1,7,4,0,False,0.9
instructlab__instructlab-1102,instructlab/instructlab,ok,4,0,4,74,55,0,False,1.0
instructlab__instructlab-1443,instructlab/instructlab,ok,3,0,3,101,78,0,False,0.5
instructlab__instructlab-1662,instructlab/instructlab,ok,3,0,2,76,59,0,False,2.4
instructlab__instructlab-1677,instructlab/instructlab,ok,2,0,2,17,12,0,False,0.9
instructlab__instructlab-1762,instructlab/instructlab,ok,1,0,1,12,8,0,False,0.4
instructlab__instructlab-1923,instructlab/instructlab,ok,6,0,5,69,31,2,False,1.6
instructlab__instructlab-2004,instructlab/instructlab,ok,2,0,2,8,2,0,False,0.8
instructlab__instructlab-2119,instructlab/instructlab,ok,1,0,1,2,1,0,False,0.7
instructlab__instructlab-2548,instructlab/instructlab,ok,1,0,1,6,2,0,False,0.3
instructlab__instructlab-2741,instructlab/instructlab,ok,5,0,2,19,6,0,False,0.7
instructlab__instructlab-2789,instructlab/instructlab,ok,2,0,2,19,8,0,False,4.3
instructlab__instructlab-2825,instructlab/instructlab,ok,6,0,11,154,106,0,False,3.9
instructlab__instructlab-3118,instructlab/instructlab,ok,2,0,1,7,7,0,False,0.6
instructlab__instructlab-3125,instructlab/instructlab,ok,4,0,5,71,54,0,False,1.0
instructlab__instructlab-367,instructlab/instructlab,ok,3,0,4,148,105,0,False,1.7
instructlab__instructlab-615,instructlab/instructlab,ok,1,0,1,17,14,0,False,0.9
instructlab__instructlab-756,instructlab/instructlab,ok,2,0,3,95,60,0,False,3.0
instructlab__instructlab-969,instructlab/instructlab,ok,1,0,1,20,13,0,False,0.4
ipython__ipython-11425,ipython/ipython,ok,4,0,2,44,17,0,False,0.7
ipython__ipython-12130,ipython/ipython,ok,2,0,2,12,11,0,False,1.7
ipython__ipython-12144,ipython/ipython,ok,2,0,2,12,11,0,False,1.4
ipython__ipython-12884,ipython/ipython,ok,9,0,0,83,0,0,False,1.2
ipython__ipython-12954,ipython/ipython,ok,1,0,2,16,12,0,False,5.8
ipython__ipython-14466,ipython/ipython,ok,1,0,1,7,4,0,False,5.7
ipython__ipython-14474,ipython/ipython,ok,1,0,1,124,96,0,False,1.3
ipython__ipython-14486,ipython/ipython,ok,2,0,2,42,32,0,False,1.6
ipython__ipython-14503,ipython/ipython,ok,1,0,1,31,27,0,False,0.7
ipython__ipython-14555,ipython/ipython,ok,1,0,1,6,2,0,False,1.4
ipython__ipython-14693,ipython/ipython,ok,2,0,2,49,21,0,False,5.4
ipython__ipython-14695,ipython/ipython,ok,1,0,1,2,1,0,False,1.7
ipython__ipython-14798,ipython/ipython,ok,1,0,2,61,15,1,False,3.0
ipython__ipython-14838,ipython/ipython,ok,1,0,1,210,237,0,False,2.0
ipython__ipython-14941,ipython/ipython,ok,3,0,3,38,21,0,False,1.0
ipython__ipython-14943,ipython/ipython,ok,2,0,2,141,67,0,False,3.9
ipython__ipython-14964,ipython/ipython,ok,1,0,0,0,0,0,False,0.5
ipython__ipython-14966,ipython/ipython,ok,2,0,2,50,41,0,False,0.7
ipython__ipython-14969,ipython/ipython,ok,1,0,2,19,13,0,False,2.0
ipython__ipython-14970,ipython/ipython,ok,1,0,1,18,9,0,False,5.4
iterative__dvc-10798,iterative/dvc,ok,3,0,5,24,15,0,False,2.9
iterative__dvc-10842,iterative/dvc,ok,5,0,10,192,133,0,False,10.1
iterative__dvc-10844,iterative/dvc,ok,1,0,1,4,2,0,False,0.6
iterative__dvc-1273,iterative/dvc,ok,3,0,3,118,69,0,False,2.5
iterative__dvc-1531,iterative/dvc,ok,1,0,3,43,24,0,False,1.0
iterative__dvc-2353,iterative/dvc,ok,2,0,1,1,1,0,False,0.4
iterative__dvc-2421,iterative/dvc,ok,1,0,1,2,1,0,False,2.4
iterative__dvc-2488,iterative/dvc,ok,1,0,0,0,0,0,False,0.5
iterative__dvc-2564,iterative/dvc,ok,2,0,2,15,13,0,False,0.8
iterative__dvc-2612,iterative/dvc,ok,1,0,1,4,1,0,False,3.1
iterative__dvc-3316,iterative/dvc,ok,2,0,3,17,6,0,False,0.4
iterative__dvc-3329,iterative/dvc,ok,1,0,1,4,6,0,False,0.4
iterative__dvc-3576,iterative/dvc,ok,1,0,0,0,0,0,False,0.5
iterative__dvc-3620,iterative/dvc,ok,1,0,1,17,9,0,False,0.5
iterative__dvc-3727,iterative/dvc,ok,2,0,2,15,9,0,False,1.4
iterative__dvc-3729,iterative/dvc,ok,2,0,3,26,21,0,False,1.7
iterative__dvc-4066,iterative/dvc,ok,1,0,0,1,0,0,False,0.5
iterative__dvc-4196,iterative/dvc,ok,4,0,3,15,14,0,False,0.5
iterative__dvc-6519,iterative/dvc,ok,1,0,1,26,13,0,False,2.0
iterative__dvc-767,iterative/dvc,ok,3,0,4,28,18,2,False,1.5
jackdewinter__pymarkdown-1094,jackdewinter/pymarkdown,ok,1,0,1,3,1,0,False,0.6
jackdewinter__pymarkdown-1136,jackdewinter/pymarkdown,ok,2,0,8,116,93,0,False,1.7
jackdewinter__pymarkdown-1195,jackdewinter/pymarkdown,ok,1,0,5,121,91,0,False,1.1
jackdewinter__pymarkdown-1210,jackdewinter/pymarkdown,ok,4,0,9,154,164,0,False,1.7
jackdewinter__pymarkdown-1215,jackdewinter/pymarkdown,ok,2,0,7,63,61,0,False,1.1
jackdewinter__pymarkdown-1218,jackdewinter/pymarkdown,ok,1,0,2,17,17,0,False,0.8
jackdewinter__pymarkdown-1225,jackdewinter/pymarkdown,ok,2,0,13,193,215,0,False,1.5
jackdewinter__pymarkdown-1246,jackdewinter/pymarkdown,ok,3,0,9,75,85,0,False,1.9
jackdewinter__pymarkdown-1248,jackdewinter/pymarkdown,ok,2,0,5,134,116,0,False,1.6
jackdewinter__pymarkdown-259,jackdewinter/pymarkdown,ok,1,0,4,98,90,0,False,6.0
jackdewinter__pymarkdown-269,jackdewinter/pymarkdown,ok,2,0,5,46,48,0,False,6.9
jackdewinter__pymarkdown-271,jackdewinter/pymarkdown,ok,2,0,2,7,4,0,False,4.7
jackdewinter__pymarkdown-277,jackdewinter/pymarkdown,ok,4,0,5,126,121,0,False,5.3
jackdewinter__pymarkdown-279,jackdewinter/pymarkdown,ok,1,0,1,88,127,0,False,4.3
jackdewinter__pymarkdown-281,jackdewinter/pymarkdown,ok,1,0,1,43,47,0,False,1.1
jackdewinter__pymarkdown-291,jackdewinter/pymarkdown,ok,1,0,2,17,9,0,False,0.5
jackdewinter__pymarkdown-428,jackdewinter/pymarkdown,ok,1,0,1,112,63,0,False,1.1
jackdewinter__pymarkdown-886,jackdewinter/pymarkdown,ok,2,0,3,10,10,0,False,0.8
jackdewinter__pymarkdown-893,jackdewinter/pymarkdown,ok,1,0,4,35,43,0,False,0.9
jlowin__fastmcp-1135,jlowin/fastmcp,ok,1,0,1,76,37,0,False,1.1
jlowin__fastmcp-1254,jlowin/fastmcp,ok,1,0,1,40,26,10,False,1.7
jlowin__fastmcp-1293,jlowin/fastmcp,ok,1,0,2,7,4,0,False,0.5
jlowin__fastmcp-1397,jlowin/fastmcp,ok,1,0,1,44,25,10,False,4.8
jlowin__fastmcp-1559,jlowin/fastmcp,ok,1,0,0,4,0,0,False,0.5
jlowin__fastmcp-1578,jlowin/fastmcp,ok,1,0,2,35,34,0,False,0.9
jlowin__fastmcp-1604,jlowin/fastmcp,ok,6,0,9,208,161,20,False,2.6
jlowin__fastmcp-1632,jlowin/fastmcp,ok,1,0,1,103,42,0,False,4.6
jlowin__fastmcp-252,jlowin/fastmcp,ok,1,0,1,23,8,1,False,0.3
jlowin__fastmcp-279,jlowin/fastmcp,ok,1,0,2,44,21,13,False,4.1
jlowin__fastmcp-299,jlowin/fastmcp,ok,4,0,4,75,39,0,False,0.9
jlowin__fastmcp-309,jlowin/fastmcp,ok,1,0,7,276,32,0,False,1.8
jlowin__fastmcp-317,jlowin/fastmcp,ok,3,0,3,90,32,0,False,0.8
jlowin__fastmcp-455,jlowin/fastmcp,ok,4,0,3,269,83,20,False,1.6
jlowin__fastmcp-605,jlowin/fastmcp,ok,1,0,1,60,47,0,False,0.9
jlowin__fastmcp-620,jlowin/fastmcp,ok,1,0,1,7,4,0,False,0.4
jlowin__fastmcp-677,jlowin/fastmcp,ok,1,0,0,0,0,0,False,0.4
jlowin__fastmcp-690,jlowin/fastmcp,ok,2,1,4,165,33,2,False,2.5
jlowin__fastmcp-754,jlowin/fastmcp,ok,2,0,7,47,39,0,False,3.6
jlowin__fastmcp-954,jlowin/fastmcp,ok,1,0,1,55,36,5,False,0.8
joke2k__faker-1043,joke2k/faker,ok,1,0,1,1,1,0,False,0.8
joke2k__faker-1164,joke2k/faker,ok,1,0,2,26,9,0,False,5.3
joke2k__faker-1193,joke2k/faker,ok,2,0,2,6,6,0,False,0.9
joke2k__faker-1453,joke2k/faker,ok,1,0,1,49,32,0,False,0.5
joke2k__faker-1461,joke2k/faker,ok,1,0,2,67,48,0,False,4.5
joke2k__faker-1520,joke2k/faker,ok,1,0,2,110,87,0,False,6.6
joke2k__faker-1869,joke2k/faker,ok,1,0,2,16,8,0,False,0.5
joke2k__faker-1937,joke2k/faker,ok,2,0,2,17,9,0,False,2.5
joke2k__faker-1979,joke2k/faker,ok,1,0,2,43,12,0,False,0.7
joke2k__faker-1991,joke2k/faker,ok,1,0,2,59,44,0,False,1.1
joke2k__faker-2018,joke2k/faker,ok,1,0,1,1,1,0,False,1.0
joke2k__faker-2091,joke2k/faker,ok,1,0,4,137,93,0,False,2.0
joke2k__faker-2093,joke2k/faker,ok,1,0,2,10,10,0,False,1.2
joke2k__faker-2096,joke2k/faker,ok,1,0,2,19,11,0,False,1.1
joke2k__faker-2099,joke2k/faker,ok,1,0,2,218,60,0,False,5.9
joke2k__faker-2155,joke2k/faker,ok,2,0,3,92,48,0,False,2.9
joke2k__faker-2162,joke2k/faker,ok,0,1,2,51,6,0,False,2.5
joke2k__faker-2173,joke2k/faker,ok,2,0,1,73,34,0,False,1.1
joke2k__faker-790,joke2k/faker,ok,4,0,5,27,26,0,False,1.2
joke2k__faker-808,joke2k/faker,ok,1,0,2,22,11,0,False,0.7
kedro-org__kedro-3604,kedro-org/kedro,ok,3,0,5,133,45,0,False,1.5
kedro-org__kedro-3680,kedro-org/kedro,ok,2,0,5,46,24,0,False,1.2
kedro-org__kedro-3693,kedro-org/kedro,ok,1,0,1,20,17,0,False,0.5
kedro-org__kedro-3716,kedro-org/kedro,ok,1,0,1,21,17,0,False,1.1
kedro-org__kedro-3731,kedro-org/kedro,ok,2,0,3,31,24,0,False,0.7
kedro-org__kedro-3838,kedro-org/kedro,ok,4,0,2,33,6,0,False,0.6
kedro-org__kedro-3944,kedro-org/kedro,ok,2,0,2,7,4,0,False,0.4
kedro-org__kedro-3947,kedro-org/kedro,ok,1,0,1,4,3,0,False,0.4
kedro-org__kedro-3950,kedro-org/kedro,ok,1,0,0,0,0,0,False,0.4
kedro-org__kedro-3998,kedro-org/kedro,ok,1,0,1,1,1,0,False,0.3
kedro-org__kedro-4030,kedro-org/kedro,ok,1,0,2,24,18,0,False,0.6
kedro-org__kedro-4092,kedro-org/kedro,ok,1,0,1,66,44,0,False,0.9
kedro-org__kedro-4178,kedro-org/kedro,ok,2,0,2,19,12,0,False,1.6
kedro-org__kedro-4321,kedro-org/kedro,ok,1,0,1,4,3,0,False,0.5
kedro-org__kedro-4387,kedro-org/kedro,ok,1,0,1,54,25,0,False,0.9
kedro-org__kedro-4392,kedro-org/kedro,ok,1,0,1,4,1,0,False,0.9
kedro-org__kedro-4406,kedro-org/kedro,ok,2,0,2,35,14,0,False,2.9
kedro-org__kedro-4540,kedro-org/kedro,ok,1,0,1,9,6,0,False,0.5
kedro-org__kedro-4570,kedro-org/kedro,ok,1,0,2,20,18,0,False,0.9
kedro-org__kedro-5019,kedro-org/kedro,ok,1,0,0,0,0,0,False,1.1
keras-team__keras-19284,keras-team/keras,ok,2,0,1,2,2,0,False,0.8
keras-team__keras-19300,keras-team/keras,ok,1,0,1,8,4,0,False,1.3
keras-team__keras-19387,keras-team/keras,ok,1,0,1,4,4,0,False,0.7
keras-team__keras-19484,keras-team/keras,ok,1,0,1,2,6,0,False,1.0
keras-team__keras-19564,keras-team/keras,ok,1,0,1,6,5,0,False,0.9
keras-team__keras-19685,keras-team/keras,ok,6,0,13,223,171,0,False,11.4
keras-team__keras-19863,keras-team/keras,ok,1,0,1,32,19,0,False,5.3
keras-team__keras-19883,keras-team/keras,ok,2,0,2,10,8,0,False,3.1
keras-team__keras-19903,keras-team/keras,ok,7,0,13,267,128,1,False,2.1
keras-team__keras-19915,keras-team/keras,ok,1,0,1,27,15,1,False,6.7
keras-team__keras-19924,keras-team/keras,ok,1,0,1,39,37,5,False,2.9
keras-team__keras-20064,keras-team/keras,ok,1,0,3,30,24,0,False,0.5
keras-team__keras-20122,keras-team/keras,ok,2,0,2,12,4,0,False,0.4
keras-team__keras-20125,keras-team/keras,ok,1,0,3,5,5,0,False,0.8
keras-team__keras-20206,keras-team/keras,ok,1,0,0,0,0,0,False,0.5
keras-team__keras-20296,keras-team/keras,ok,1,0,1,29,26,0,False,1.8
keras-team__keras-20534,keras-team/keras,ok,1,0,1,14,7,1,False,1.3
keras-team__keras-20609,keras-team/keras,ok,3,0,11,117,72,1,False,8.8
keras-team__keras-20765,keras-team/keras,ok,1,0,7,20,19,0,False,0.9
keras-team__keras-21072,keras-team/keras,ok,3,0,2,35,20,1,False,1.9
kozea__weasyprint-2041,kozea/weasyprint,ok,1,0,2,21,12,0,False,2.2
kozea__weasyprint-2051,kozea/weasyprint,ok,1,0,1,5,2,0,False,2.6
kozea__weasyprint-2087,kozea/weasyprint,ok,2,0,2,5,5,0,False,0.5
kozea__weasyprint-2143,kozea/weasyprint,ok,5,0,5,179,140,4,False,3.7
kozea__weasyprint-2233,kozea/weasyprint,ok,1,0,2,13,10,0,False,1.6
kozea__weasyprint-2252,kozea/weasyprint,ok,2,0,2,115,96,1,False,4.1
kozea__weasyprint-2300,kozea/weasyprint,ok,1,0,1,6,4,0,False,1.1
kozea__weasyprint-2301,kozea/weasyprint,ok,1,0,1,26,17,0,False,5.4
kozea__weasyprint-2303,kozea/weasyprint,ok,1,0,1,4,4,0,False,0.3
kozea__weasyprint-2326,kozea/weasyprint,ok,1,0,2,44,38,0,False,2.3
kozea__weasyprint-2398,kozea/weasyprint,ok,1,0,1,14,8,0,False,0.6
kozea__weasyprint-2404,kozea/weasyprint,ok,1,0,1,29,17,0,False,2.6
kozea__weasyprint-2405,kozea/weasyprint,ok,2,0,3,53,35,0,False,3.0
kozea__weasyprint-2416,kozea/weasyprint,ok,1,0,1,78,91,0,False,5.3
kozea__weasyprint-2425,kozea/weasyprint,ok,4,0,4,22,15,0,False,5.3
Kozea__WeasyPrint-2437,kozea/weasyprint,ok,1,0,2,87,76,0,False,1.3
Kozea__WeasyPrint-2454,kozea/weasyprint,ok,2,0,6,145,112,0,False,7.1
Kozea__WeasyPrint-2494,kozea/weasyprint,ok,1,0,1,3,2,0,False,2.7
linkml__linkml-1276,linkml/linkml,ok,2,0,2,92,179,0,False,3.9
linkml__linkml-1343,linkml/linkml,ok,1,0,2,15,12,0,False,2.3
linkml__linkml-1623,linkml/linkml,ok,2,0,2,32,22,0,False,2.2
linkml__linkml-1697,linkml/linkml,ok,1,0,1,8,9,0,False,2.4
linkml__linkml-1709,linkml/linkml,ok,1,0,1,24,19,0,False,0.8
linkml__linkml-1772,linkml/linkml,ok,1,0,1,72,2,0,False,2.2
linkml__linkml-275,linkml/linkml,ok,1,0,2,19,6,0,False,2.2
linkml__linkml-283,linkml/linkml,ok,5,0,3,120,80,0,False,3.5
linkml__linkml-992,linkml/linkml,ok,2,0,3,39,29,0,False,2.5
linkml__linkml-995,linkml/linkml,ok,1,0,3,76,29,0,False,1.4
marcosschroh__dataclasses-avroschema-172,marcosschroh/dataclasses-avroschema,ok,2,0,2,34,26,0,False,0.6
marcosschroh__dataclasses-avroschema-198,marcosschroh/dataclasses-avroschema,ok,2,0,4,58,35,0,False,0.6
marcosschroh__dataclasses-avroschema-236,marcosschroh/dataclasses-avroschema,ok,1,0,2,8,6,0,False,0.3
marcosschroh__dataclasses-avroschema-243,marcosschroh/dataclasses-avroschema,ok,4,0,3,19,16,0,False,0.5
marcosschroh__dataclasses-avroschema-244,marcosschroh/dataclasses-avroschema,ok,1,0,1,5,12,0,False,0.5
marcosschroh__dataclasses-avroschema-403,marcosschroh/dataclasses-avroschema,ok,1,0,2,21,16,1,False,0.4
marcosschroh__dataclasses-avroschema-723,marcosschroh/dataclasses-avroschema,ok,1,0,1,13,9,0,False,0.2
marcosschroh__dataclasses-avroschema-724,marcosschroh/dataclasses-avroschema,ok,1,0,1,8,8,0,False,0.3
marcosschroh__dataclasses-avroschema-777,marcosschroh/dataclasses-avroschema,ok,1,0,2,9,6,0,False,0.3
marcosschroh__dataclasses-avroschema-815,marcosschroh/dataclasses-avroschema,ok,1,0,1,20,16,0,False,0.3
marcosschroh__dataclasses-avroschema-835,marcosschroh/dataclasses-avroschema,ok,2,0,3,17,17,0,False,0.5
Materials-Consortia__optimade-python-tools-1001,materials-consortia/optimade-python-tools,ok,1,0,1,10,7,1,False,0.4
Materials-Consortia__optimade-python-tools-1844,materials-consortia/optimade-python-tools,ok,1,0,2,18,4,0,False,0.5
Materials-Consortia__optimade-python-tools-2250,materials-consortia/optimade-python-tools,ok,1,0,2,74,51,1,False,0.9
Materials-Consortia__optimade-python-tools-484,materials-consortia/optimade-python-tools,ok,2,0,1,34,16,0,False,1.1
Materials-Consortia__optimade-python-tools-582,materials-consortia/optimade-python-tools,ok,1,0,1,9,6,0,False,0.9
Materials-Consortia__optimade-python-tools-586,materials-consortia/optimade-python-tools,ok,1,0,1,7,5,0,False,0.4
Materials-Consortia__optimade-python-tools-670,materials-consortia/optimade-python-tools,ok,1,0,2,148,58,1,False,3.2
Materials-Consortia__optimade-python-tools-700,materials-consortia/optimade-python-tools,ok,1,0,1,4,4,0,False,0.4
Materials-Consortia__optimade-python-tools-796,materials-consortia/optimade-python-tools,ok,3,0,3,37,25,0,False,2.4
Materials-Consortia__optimade-python-tools-813,materials-consortia/optimade-python-tools,ok,1,0,4,171,35,0,False,0.6
Materials-Consortia__optimade-python-tools-814,materials-consortia/optimade-python-tools,ok,1,0,1,253,70,2,False,1.1
matplotlib__matplotlib-21481,matplotlib/matplotlib,ok,1,0,1,11,5,0,False,1.7
matplotlib__matplotlib-22991,matplotlib/matplotlib,ok,1,0,1,30,2,0,False,5.1
matplotlib__matplotlib-23174,matplotlib/matplotlib,ok,1,0,1,15,11,0,False,3.7
matplotlib__matplotlib-24177,matplotlib/matplotlib,ok,1,0,1,5,3,0,False,6.0
matplotlib__matplotlib-24627,matplotlib/matplotlib,ok,1,0,1,11,3,6,False,1.4
matplotlib__matplotlib-24924,matplotlib/matplotlib,ok,1,0,1,14,12,0,False,5.9
matplotlib__matplotlib-25238,matplotlib/matplotlib,ok,1,0,1,14,6,0,False,4.8
matplotlib__matplotlib-25425,matplotlib/matplotlib,ok,1,0,1,25,14,0,False,1.6
matplotlib__matplotlib-25499,matplotlib/matplotlib,ok,1,0,1,11,8,0,False,5.0
matplotlib__matplotlib-26208,matplotlib/matplotlib,ok,1,0,1,12,6,0,False,1.7
matplotlib__matplotlib-26311,matplotlib/matplotlib,ok,1,0,1,4,4,0,False,0.9
matplotlib__matplotlib-26466,matplotlib/matplotlib,ok,1,0,2,25,28,0,False,5.0
matplotlib__matplotlib-26472,matplotlib/matplotlib,ok,2,0,2,10,3,0,False,3.9
matplotlib__matplotlib-28363,matplotlib/matplotlib,ok,1,0,1,23,2,15,False,1.4
matplotlib__matplotlib-28573,matplotlib/matplotlib,ok,1,0,1,18,4,0,False,1.7
matplotlib__matplotlib-28734,matplotlib/matplotlib,ok,1,0,1,16,10,0,False,5.9
matplotlib__matplotlib-28853,matplotlib/matplotlib,ok,1,0,1,12,8,0,False,2.5
matplotlib__matplotlib-29285,matplotlib/matplotlib,ok,1,0,1,4,2,0,False,1.0
matplotlib__matplotlib-29317,matplotlib/matplotlib,ok,1,0,1,14,12,0,False,5.0
matplotlib__matplotlib-30223,matplotlib/matplotlib,ok,2,0,2,38,28,0,False,6.8
matrix-org__synapse-12358,matrix-org/synapse,ok,2,0,2,14,7,0,False,1.9
matrix-org__synapse-13223,matrix-org/synapse,ok,1,0,0,31,0,0,False,1.7
matrix-org__synapse-4772,matrix-org/synapse,ok,1,0,7,39,29,0,False,3.5
matrix-org__synapse-5256,matrix-org/synapse,ok,3,0,5,50,26,0,False,1.3
matrix-org__synapse-5257,matrix-org/synapse,ok,2,0,3,32,15,0,False,1.5
matrix-org__synapse-5307,matrix-org/synapse,ok,3,0,2,14,16,0,False,0.5
matrix-org__synapse-5328,matrix-org/synapse,ok,4,0,7,318,136,0,False,6.5
matrix-org__synapse-5415,matrix-org/synapse,ok,3,0,3,15,13,0,False,7.6
matrix-org__synapse-6098,matrix-org/synapse,ok,4,0,8,141,96,2,False,8.6
matrix-org__synapse-6107,matrix-org/synapse,ok,3,0,9,82,78,0,False,6.3
matrix-org__synapse-6145,matrix-org/synapse,ok,1,0,1,4,2,0,False,0.8
matrix-org__synapse-6146,matrix-org/synapse,ok,1,0,1,1,1,0,False,1.3
matrix-org__synapse-6212,matrix-org/synapse,ok,1,0,1,15,10,0,False,0.7
matrix-org__synapse-6711,matrix-org/synapse,ok,2,0,3,6,7,0,False,5.9
mikedh__trimesh-1287,mikedh/trimesh,ok,5,0,6,80,55,2,False,1.6
mikedh__trimesh-1331,mikedh/trimesh,ok,3,0,3,86,57,1,False,6.8
mikedh__trimesh-1444,mikedh/trimesh,ok,5,0,5,50,33,0,False,5.8
mikedh__trimesh-1449,mikedh/trimesh,ok,2,0,2,11,5,0,False,0.4
mikedh__trimesh-2133,mikedh/trimesh,ok,4,0,5,106,66,4,False,6.7
mikedh__trimesh-2136,mikedh/trimesh,ok,2,0,2,56,16,4,False,2.7
mikedh__trimesh-2142,mikedh/trimesh,ok,3,0,8,60,33,2,False,1.1
mikedh__trimesh-2152,mikedh/trimesh,ok,8,0,6,185,42,3,False,4.0
mikedh__trimesh-2201,mikedh/trimesh,ok,3,0,4,76,33,4,False,1.1
mikedh__trimesh-2265,mikedh/trimesh,ok,3,0,5,65,20,4,False,5.1
mikedh__trimesh-2354,mikedh/trimesh,ok,9,0,10,251,115,9,False,5.0
mikedh__trimesh-2360,mikedh/trimesh,ok,3,0,5,89,62,2,False,2.3
mikedh__trimesh-2406,mikedh/trimesh,ok,3,0,4,81,46,0,False,1.2
mikedh__trimesh-2411,mikedh/trimesh,ok,4,0,5,131,96,4,False,3.1
mikedh__trimesh-609,mikedh/trimesh,ok,3,0,4,65,37,6,False,1.0
mikedh__trimesh-650,mikedh/trimesh,ok,4,0,5,16,12,1,False,7.0
mikedh__trimesh-706,mikedh/trimesh,ok,2,0,2,12,12,0,False,0.4
mikedh__trimesh-851,mikedh/trimesh,ok,5,0,4,37,14,2,False,1.4
missionpinball__mpf-1074,missionpinball/mpf,ok,2,0,3,155,118,0,False,5.8
missionpinball__mpf-1104,missionpinball/mpf,ok,2,0,5,92,81,0,False,11.0
missionpinball__mpf-1137,missionpinball/mpf,ok,1,1,10,220,64,0,False,1.8
missionpinball__mpf-1169,missionpinball/mpf,ok,2,0,2,62,82,0,False,4.8
missionpinball__mpf-1226,missionpinball/mpf,ok,1,0,1,11,5,0,False,3.7
missionpinball__mpf-1236,missionpinball/mpf,ok,1,0,2,12,19,0,False,0.8
missionpinball__mpf-1244,missionpinball/mpf,ok,2,0,3,24,20,0,False,1.1
missionpinball__mpf-1287,missionpinball/mpf,ok,1,0,2,18,13,0,False,1.2
missionpinball__mpf-1289,missionpinball/mpf,ok,1,0,4,268,432,0,False,5.0
missionpinball__mpf-1424,missionpinball/mpf,ok,2,0,4,84,69,4,False,1.4
mne-tools__mne-python-11178,mne-tools/mne-python,ok,2,0,3,68,50,0,False,8.6
mne-tools__mne-python-11939,mne-tools/mne-python,ok,1,0,1,5,1,0,False,0.7
mne-tools__mne-python-12027,mne-tools/mne-python,ok,2,0,2,84,37,0,False,4.8
mne-tools__mne-python-12033,mne-tools/mne-python,ok,4,0,2,84,37,0,False,5.0
mne-tools__mne-python-12080,mne-tools/mne-python,ok,2,0,2,25,11,1,False,6.4
mne-tools__mne-python-12128,mne-tools/mne-python,ok,1,0,0,5,0,0,False,0.9
mne-tools__mne-python-12324,mne-tools/mne-python,ok,2,0,1,74,6,0,False,2.1
mne-tools__mne-python-12326,mne-tools/mne-python,ok,2,0,1,73,21,0,False,9.8
mne-tools__mne-python-12507,mne-tools/mne-python,ok,4,0,4,317,97,1,False,8.2
mne-tools__mne-python-12514,mne-tools/mne-python,ok,1,0,1,9,8,0,False,1.2
mne-tools__mne-python-12537,mne-tools/mne-python,ok,4,0,7,121,95,5,False,10.9
mne-tools__mne-python-12605,mne-tools/mne-python,ok,3,0,2,5,5,0,False,1.8
mne-tools__mne-python-12661,mne-tools/mne-python,ok,2,0,1,20,11,0,False,6.0
mwaskom__seaborn-2389,mwaskom/seaborn,ok,1,0,1,23,14,0,False,2.1
mwaskom__seaborn-2457,mwaskom/seaborn,ok,2,0,2,11,12,0,False,0.4
mwaskom__seaborn-2576,mwaskom/seaborn,ok,1,0,1,85,51,3,False,3.7
mwaskom__seaborn-2813,mwaskom/seaborn,ok,3,0,1,12,7,2,False,0.8
mwaskom__seaborn-2848,mwaskom/seaborn,ok,1,0,1,2,2,0,False,0.4
mwaskom__seaborn-2853,mwaskom/seaborn,ok,1,0,1,3,3,0,False,0.4
mwaskom__seaborn-2946,mwaskom/seaborn,ok,1,0,1,12,10,0,False,0.3
mwaskom__seaborn-2979,mwaskom/seaborn,ok,2,0,2,19,12,1,False,1.2
mwaskom__seaborn-2996,mwaskom/seaborn,ok,2,0,2,40,26,0,False,0.8
mwaskom__seaborn-3010,mwaskom/seaborn,ok,1,0,1,7,4,0,False,1.4
mwaskom__seaborn-3069,mwaskom/seaborn,ok,1,0,4,41,34,0,False,1.3
mwaskom__seaborn-3180,mwaskom/seaborn,ok,1,0,1,6,3,1,False,1.2
mwaskom__seaborn-3187,mwaskom/seaborn,ok,2,0,2,20,10,0,False,0.5
mwaskom__seaborn-3190,mwaskom/seaborn,ok,1,0,1,8,4,0,False,0.5
mwaskom__seaborn-3202,mwaskom/seaborn,ok,2,0,2,13,7,5,False,4.7
mwaskom__seaborn-3216,mwaskom/seaborn,ok,2,0,2,20,17,0,False,0.7
mwaskom__seaborn-3217,mwaskom/seaborn,ok,2,0,2,58,39,2,False,5.0
mwaskom__seaborn-3276,mwaskom/seaborn,ok,1,0,1,2,1,1,False,1.6
mwaskom__seaborn-3394,mwaskom/seaborn,ok,3,0,3,29,15,6,False,1.0
mwaskom__seaborn-3407,mwaskom/seaborn,ok,1,0,1,6,8,0,False,0.3
narwhals-dev__narwhals-1026,narwhals-dev/narwhals,ok,3,0,4,62,31,0,False,0.7
narwhals-dev__narwhals-1040,narwhals-dev/narwhals,ok,4,0,6,153,91,1,False,1.9
narwhals-dev__narwhals-1159,narwhals-dev/narwhals,ok,4,0,4,112,27,0,False,1.3
narwhals-dev__narwhals-1246,narwhals-dev/narwhals,ok,1,0,1,39,22,3,False,4.1
narwhals-dev__narwhals-1268,narwhals-dev/narwhals,ok,2,0,2,17,16,0,False,0.7
narwhals-dev__narwhals-1303,narwhals-dev/narwhals,ok,4,0,7,156,92,10,False,3.4
narwhals-dev__narwhals-143,narwhals-dev/narwhals,ok,1,0,1,3,1,0,False,4.7
narwhals-dev__narwhals-1475,narwhals-dev/narwhals,ok,2,0,6,73,48,0,False,1.3
narwhals-dev__narwhals-1613,narwhals-dev/narwhals,ok,2,0,2,127,75,0,False,1.1
narwhals-dev__narwhals-1627,narwhals-dev/narwhals,ok,1,0,1,14,14,0,False,1.5
narwhals-dev__narwhals-1679,narwhals-dev/narwhals,ok,2,0,4,43,28,0,False,5.3
narwhals-dev__narwhals-199,narwhals-dev/narwhals,ok,2,0,7,31,28,0,False,0.8
narwhals-dev__narwhals-254,narwhals-dev/narwhals,ok,1,0,0,1,0,0,False,0.4
narwhals-dev__narwhals-519,narwhals-dev/narwhals,ok,1,0,1,4,3,0,False,0.3
narwhals-dev__narwhals-595,narwhals-dev/narwhals,ok,1,0,4,13,12,0,False,0.9
narwhals-dev__narwhals-828,narwhals-dev/narwhals,ok,1,0,4,12,11,0,False,0.5
narwhals-dev__narwhals-917,narwhals-dev/narwhals,ok,3,0,3,169,110,5,False,1.4
narwhals-dev__narwhals-941,narwhals-dev/narwhals,ok,4,0,6,110,50,0,False,1.1
narwhals-dev__narwhals-944,narwhals-dev/narwhals,ok,4,0,4,51,20,0,False,1.1
narwhals-dev__narwhals-978,narwhals-dev/narwhals,ok,4,0,8,129,52,1,False,1.4
networkx__networkx-2386,networkx/networkx,ok,1,0,1,105,57,1,False,8.2
networkx__networkx-2566,networkx/networkx,ok,1,0,1,383,133,5,False,8.2
networkx__networkx-2713,networkx/networkx,ok,2,0,2,39,21,11,False,7.8
networkx__networkx-2773,networkx/networkx,ok,1,0,1,8,7,0,False,0.8
networkx__networkx-3848,networkx/networkx,ok,1,0,0,0,0,0,False,1.0
networkx__networkx-5354,networkx/networkx,ok,2,0,1,101,4,0,False,1.1
networkx__networkx-5394,networkx/networkx,ok,1,0,1,195,28,1,False,1.2
networkx__networkx-5444,networkx/networkx,ok,1,0,0,2,0,1,False,4.7
networkx__networkx-5903,networkx/networkx,ok,1,0,1,5,2,1,False,2.3
networkx__networkx-6259,networkx/networkx,ok,1,0,1,100,46,0,False,0.9
networkx__networkx-6798,networkx/networkx,ok,3,0,2,483,151,4,False,14.0
networkx__networkx-7332,networkx/networkx,ok,1,0,1,36,12,4,False,0.9
networkx__networkx-7445,networkx/networkx,ok,1,0,1,15,4,2,False,10.4
networkx__networkx-7473,networkx/networkx,ok,2,0,1,148,15,1,False,1.5
networkx__networkx-7928,networkx/networkx,ok,4,0,2,106,35,5,False,12.7
networkx__networkx-8013,networkx/networkx,ok,1,0,1,33,2,0,False,0.6
networkx__networkx-8043,networkx/networkx,ok,1,0,1,25,15,7,False,0.6
networkx__networkx-8055,networkx/networkx,ok,1,0,1,1,3,0,False,0.5
networkx__networkx-8196,networkx/networkx,ok,1,0,0,0,0,0,False,0.9
networkx__networkx-8211,networkx/networkx,ok,1,0,0,8,0,1,False,0.8
nilearn__nilearn-2865,nilearn/nilearn,ok,1,0,1,4,5,0,False,0.8
nilearn__nilearn-3098,nilearn/nilearn,ok,1,0,2,70,52,3,False,6.7
nilearn__nilearn-3631,nilearn/nilearn,ok,1,0,0,1,0,0,False,0.5
nilearn__nilearn-3644,nilearn/nilearn,ok,1,0,1,19,5,0,False,0.5
nilearn__nilearn-3819,nilearn/nilearn,ok,4,0,2,74,22,2,False,5.7
nilearn__nilearn-3823,nilearn/nilearn,ok,3,0,1,73,21,2,False,6.6
nilearn__nilearn-3924,nilearn/nilearn,ok,1,0,0,0,0,0,False,0.7
nilearn__nilearn-3971,nilearn/nilearn,ok,3,0,3,76,43,0,False,1.2
nilearn__nilearn-4256,nilearn/nilearn,ok,9,0,4,220,24,5,False,3.2
nilearn__nilearn-4258,nilearn/nilearn,ok,1,0,2,28,24,0,False,1.9
nilearn__nilearn-4414,nilearn/nilearn,ok,1,0,1,26,25,0,False,0.8
nilearn__nilearn-4416,nilearn/nilearn,ok,1,0,1,25,16,0,False,0.8
nilearn__nilearn-4701,nilearn/nilearn,ok,2,0,1,5,3,0,False,0.7
nilearn__nilearn-4802,nilearn/nilearn,ok,5,0,10,116,72,1,False,1.8
nilearn__nilearn-4809,nilearn/nilearn,ok,5,0,7,133,49,0,False,1.6
nilearn__nilearn-4929,nilearn/nilearn,ok,1,0,10,93,25,0,False,6.1
nilearn__nilearn-4939,nilearn/nilearn,ok,2,0,2,80,21,2,False,4.4
nilearn__nilearn-4967,nilearn/nilearn,ok,4,0,4,142,36,4,False,7.0
nilearn__nilearn-5059,nilearn/nilearn,ok,1,0,2,234,99,2,False,8.1
nilearn__nilearn-5169,nilearn/nilearn,ok,1,0,1,281,79,4,False,6.5
nipy__nipype-1937,nipy/nipype,ok,1,0,2,63,22,0,False,1.6
nipy__nipype-2030,nipy/nipype,ok,1,0,3,106,53,0,False,2.1
nipy__nipype-2179,nipy/nipype,ok,1,0,0,2,0,0,False,1.4
nipy__nipype-2349,nipy/nipype,ok,1,0,0,3,0,0,False,1.3
nipy__nipype-2429,nipy/nipype,ok,1,0,0,1,0,0,False,1.4
nipy__nipype-2490,nipy/nipype,ok,1,0,1,18,6,0,False,1.0
nipy__nipype-2502,nipy/nipype,ok,2,0,3,41,19,0,False,2.1
nipy__nipype-2527,nipy/nipype,ok,1,0,0,4,0,0,False,1.4
nipy__nipype-2595,nipy/nipype,ok,1,0,3,8,7,0,False,1.0
nipy__nipype-2597,nipy/nipype,ok,1,0,1,5,3,1,False,2.8
nipy__nipype-2669,nipy/nipype,ok,3,0,2,32,27,1,False,6.2
nipy__nipype-2673,nipy/nipype,ok,1,0,1,180,67,1,False,1.6
nipy__nipype-2749,nipy/nipype,ok,3,0,8,69,65,0,False,1.5
nipy__nipype-2750,nipy/nipype,ok,1,0,3,42,29,0,False,1.8
nipy__nipype-2757,nipy/nipype,ok,2,0,3,15,14,0,False,1.0
nipy__nipype-2780,nipy/nipype,ok,1,0,0,10,0,0,False,1.3
nipy__nipype-3658,nipy/nipype,ok,1,0,1,22,4,0,False,1.3
nipy__nipype-3663,nipy/nipype,ok,1,0,2,2,2,0,False,1.4
nltk__nltk-2514,nltk/nltk,ok,1,0,2,20,12,0,False,2.8
nltk__nltk-2564,nltk/nltk,ok,2,0,1,125,56,0,False,2.9
nltk__nltk-2713,nltk/nltk,ok,1,0,1,7,1,0,False,0.6
nltk__nltk-2768,nltk/nltk,ok,1,0,2,35,17,0,False,0.6
nltk__nltk-2769,nltk/nltk,ok,1,0,1,74,36,0,False,6.1
nltk__nltk-2801,nltk/nltk,ok,1,0,1,39,26,0,False,2.1
nltk__nltk-2888,nltk/nltk,ok,4,0,3,127,6,0,False,0.9
nltk__nltk-2910,nltk/nltk,ok,1,0,1,11,3,0,False,10.7
nltk__nltk-3042,nltk/nltk,ok,1,0,1,18,16,0,False,4.4
nltk__nltk-3156,nltk/nltk,ok,1,0,1,1,1,0,False,0.5
nltk__nltk-3205,nltk/nltk,ok,1,0,0,0,0,0,False,0.5
numba__numba-3883,numba/numba,ok,1,0,5,78,69,0,False,7.2
numba__numba-5176,numba/numba,ok,1,0,1,9,3,0,False,1.0
numba__numba-5213,numba/numba,ok,1,0,2,30,26,0,False,1.0
numba__numba-5356,numba/numba,ok,5,0,3,65,53,1,False,1.5
numba__numba-5361,numba/numba,ok,1,0,1,11,13,0,False,0.8
numba__numba-5478,numba/numba,ok,5,0,7,49,42,0,False,4.2
numba__numba-5527,numba/numba,ok,1,0,4,13,11,0,False,1.2
numba__numba-5557,numba/numba,ok,1,0,2,3,2,1,False,0.8
numba__numba-5624,numba/numba,ok,2,0,2,45,30,5,False,1.8
numba__numba-5627,numba/numba,ok,2,0,2,20,14,0,False,2.8
numba__numba-5808,numba/numba,ok,1,0,1,6,3,0,False,4.1
numba__numba-5889,numba/numba,ok,1,0,1,6,3,2,False,0.8
numba__numba-6028,numba/numba,ok,1,0,2,34,13,2,False,4.0
numba__numba-6265,numba/numba,ok,1,0,5,26,22,3,False,1.0
numba__numba-6582,numba/numba,ok,2,0,2,70,51,2,False,10.7
numba__numba-6586,numba/numba,ok,1,0,0,0,0,0,False,0.6
numba__numba-6622,numba/numba,ok,4,0,14,167,131,0,False,5.5
numba__numba-6635,numba/numba,ok,1,0,2,3,3,0,False,0.9
numba__numba-6654,numba/numba,ok,2,0,3,21,16,0,False,10.1
numba__numba-6681,numba/numba,ok,2,0,3,37,30,1,False,2.5
NVIDIA__hpc-container-maker-244,nvidia/hpc-container-maker,ok,1,0,1,65,48,4,False,1.8
NVIDIA__hpc-container-maker-286,nvidia/hpc-container-maker,ok,1,0,1,51,17,2,False,1.6
NVIDIA__hpc-container-maker-311,nvidia/hpc-container-maker,ok,1,0,1,91,45,0,False,1.0
NVIDIA__hpc-container-maker-312,nvidia/hpc-container-maker,ok,2,0,2,115,47,0,False,1.1
NVIDIA__hpc-container-maker-346,nvidia/hpc-container-maker,ok,1,0,1,20,4,0,False,0.3
NVIDIA__hpc-container-maker-378,nvidia/hpc-container-maker,ok,1,0,1,5,3,0,False,0.8
NVIDIA__hpc-container-maker-427,nvidia/hpc-container-maker,ok,2,0,2,12,4,0,False,3.2
NVIDIA__hpc-container-maker-445,nvidia/hpc-container-maker,ok,1,0,4,53,33,0,False,0.9
NVIDIA__hpc-container-maker-456,nvidia/hpc-container-maker,ok,1,0,1,25,9,0,False,0.8
NVIDIA__hpc-container-maker-486,nvidia/hpc-container-maker,ok,2,0,4,92,26,0,False,0.5
oasis-open__cti-python-stix2-10,oasis-open/cti-python-stix2,ok,2,0,1,4,4,0,False,0.3
oasis-open__cti-python-stix2-127,oasis-open/cti-python-stix2,ok,1,0,1,6,6,0,False,0.3
oasis-open__cti-python-stix2-133,oasis-open/cti-python-stix2,ok,3,0,3,46,25,0,False,0.4
oasis-open__cti-python-stix2-145,oasis-open/cti-python-stix2,ok,4,0,4,61,35,0,False,1.7
oasis-open__cti-python-stix2-187,oasis-open/cti-python-stix2,ok,1,0,1,6,5,0,False,0.3
oasis-open__cti-python-stix2-237,oasis-open/cti-python-stix2,ok,3,0,4,47,35,0,False,0.8
oasis-open__cti-python-stix2-258,oasis-open/cti-python-stix2,ok,1,0,1,2,2,0,False,0.3
oasis-open__cti-python-stix2-342,oasis-open/cti-python-stix2,ok,1,0,1,34,33,0,False,6.2
oasis-open__cti-python-stix2-343,oasis-open/cti-python-stix2,ok,1,0,3,179,53,0,False,1.7
oasis-open__cti-python-stix2-354,oasis-open/cti-python-stix2,ok,2,0,2,20,20,0,False,1.2
oasis-open__cti-python-stix2-369,oasis-open/cti-python-stix2,ok,1,0,1,4,4,0,False,0.4
oasis-open__cti-python-stix2-393,oasis-open/cti-python-stix2,ok,2,0,1,6,5,0,False,2.2
oasis-open__cti-python-stix2-436,oasis-open/cti-python-stix2,ok,1,0,2,14,10,0,False,0.4
oasis-open__cti-python-stix2-444,oasis-open/cti-python-stix2,ok,3,0,2,30,26,0,False,3.1
oasis-open__cti-python-stix2-454,oasis-open/cti-python-stix2,ok,1,0,1,2,2,0,False,0.4
oasis-open__cti-python-stix2-470,oasis-open/cti-python-stix2,ok,1,0,1,4,4,0,False,0.5
oasis-open__cti-python-stix2-489,oasis-open/cti-python-stix2,ok,1,0,2,44,19,0,False,1.9
oasis-open__cti-python-stix2-534,oasis-open/cti-python-stix2,ok,2,0,2,37,26,0,False,2.6
oasis-open__cti-python-stix2-605,oasis-open/cti-python-stix2,ok,1,0,2,2,2,0,False,0.5
oasis-open__cti-python-stix2-74,oasis-open/cti-python-stix2,ok,2,0,2,30,28,0,False,2.1
openai__openai-agents-python-1043,openai/openai-agents-python,ok,2,0,3,40,21,0,False,0.7
openai__openai-agents-python-1124,openai/openai-agents-python,ok,1,0,1,12,5,0,False,0.6
openai__openai-agents-python-1192,openai/openai-agents-python,ok,1,0,1,11,4,0,False,0.5
openai__openai-agents-python-1193,openai/openai-agents-python,ok,1,1,8,171,51,0,False,1.0
openai__openai-agents-python-1601,openai/openai-agents-python,ok,3,1,9,89,53,0,False,1.3
openai__openai-agents-python-1619,openai/openai-agents-python,ok,2,0,8,114,130,3,False,1.1
openai__openai-agents-python-1633,openai/openai-agents-python,ok,2,0,4,39,23,0,False,0.6
openai__openai-agents-python-1636,openai/openai-agents-python,ok,1,0,1,4,1,0,False,0.4
openai__openai-agents-python-357,openai/openai-agents-python,ok,3,0,3,36,20,0,False,0.6
openai__openai-agents-python-737,openai/openai-agents-python,ok,1,0,2,64,53,2,False,0.6
openai__openai-agents-python-920,openai/openai-agents-python,ok,2,0,2,21,12,0,False,4.7
openai__openai-agents-python-998,openai/openai-agents-python,ok,1,0,6,176,103,0,False,1.0
openai__openai-agents-python-999,openai/openai-agents-python,ok,1,0,2,196,99,0,False,0.7
pandas-dev__pandas-57485,pandas-dev/pandas,ok,1,0,1,13,8,5,False,2.4
pandas-dev__pandas-60000,pandas-dev/pandas,ok,2,0,1,24,2,0,False,1.0
pandas-dev__pandas-60691,pandas-dev/pandas,ok,1,0,0,2,0,1,False,0.7
pandas-dev__pandas-60736,pandas-dev/pandas,ok,1,0,1,9,7,0,False,1.4
pandas-dev__pandas-60791,pandas-dev/pandas,ok,1,0,1,9,7,3,False,1.8
pandas-dev__pandas-61017,pandas-dev/pandas,ok,2,0,2,28,28,9,False,1.8
pandas-dev__pandas-61022,pandas-dev/pandas,ok,1,0,1,34,33,2,False,1.3
pandas-dev__pandas-61105,pandas-dev/pandas,ok,1,0,1,12,3,6,False,1.1
pandas-dev__pandas-61146,pandas-dev/pandas,ok,2,0,1,138,102,9,False,2.2
pandas-dev__pandas-61158,pandas-dev/pandas,ok,3,0,2,22,8,1,False,5.5
pandas-dev__pandas-61183,pandas-dev/pandas,ok,2,0,1,6,2,0,False,1.1
patroni__patroni-2998,patroni/patroni,ok,1,0,3,37,41,0,False,0.9
patroni__patroni-3018,patroni/patroni,ok,1,1,1,172,5,14,False,0.8
patroni__patroni-3026,patroni/patroni,ok,3,0,3,45,48,0,False,1.1
patroni__patroni-3045,patroni/patroni,ok,1,0,2,19,4,9,False,0.4
patroni__patroni-3072,patroni/patroni,ok,1,0,2,40,27,0,False,0.5
patroni__patroni-3079,patroni/patroni,ok,1,0,1,7,3,0,False,4.2
patroni__patroni-3094,patroni/patroni,ok,2,0,5,50,20,0,False,1.4
patroni__patroni-3112,patroni/patroni,ok,2,0,5,117,15,0,False,1.7
patroni__patroni-3119,patroni/patroni,ok,2,0,3,64,12,0,False,0.5
patroni__patroni-3139,patroni/patroni,ok,1,0,1,18,10,0,False,0.6
patroni__patroni-3148,patroni/patroni,ok,4,0,4,187,131,0,False,1.5
patroni__patroni-3152,patroni/patroni,ok,1,0,1,9,6,1,False,0.5
patroni__patroni-3198,patroni/patroni,ok,1,1,3,24,5,0,False,0.9
patroni__patroni-3207,patroni/patroni,ok,1,0,2,9,5,0,False,0.4
patroni__patroni-3216,patroni/patroni,ok,1,0,1,8,4,0,False,0.6
patroni__patroni-3310,patroni/patroni,ok,1,0,1,27,30,0,False,0.9
patroni__patroni-3338,patroni/patroni,ok,1,0,2,22,19,2,False,1.0
patroni__patroni-3370,patroni/patroni,ok,2,0,7,183,95,0,False,2.0
patroni__patroni-3373,patroni/patroni,ok,2,0,4,152,96,0,False,1.0
patroni__patroni-3426,patroni/patroni,ok,1,0,2,16,14,0,False,0.4
pdm-project__pdm-1187,pdm-project/pdm,ok,1,0,3,7,5,0,False,0.6
pdm-project__pdm-1421,pdm-project/pdm,ok,2,0,6,44,43,5,False,1.0
pdm-project__pdm-1518,pdm-project/pdm,ok,2,0,4,31,21,0,False,0.8
pdm-project__pdm-1712,pdm-project/pdm,ok,3,0,9,121,111,7,False,1.6
pdm-project__pdm-2554,pdm-project/pdm,ok,8,0,13,219,163,5,False,2.1
pdm-project__pdm-2687,pdm-project/pdm,ok,7,0,12,253,182,28,False,4.9
pdm-project__pdm-2688,pdm-project/pdm,ok,9,0,11,241,181,6,False,1.5
pdm-project__pdm-2781,pdm-project/pdm,ok,1,0,5,35,26,0,False,0.6
pdm-project__pdm-2819,pdm-project/pdm,ok,2,0,2,126,42,1,False,1.3
pdm-project__pdm-2850,pdm-project/pdm,ok,1,0,1,8,5,0,False,0.3
pdm-project__pdm-2905,pdm-project/pdm,ok,2,0,5,65,57,2,False,0.9
pdm-project__pdm-2909,pdm-project/pdm,ok,2,0,7,29,24,4,False,1.0
pdm-project__pdm-3109,pdm-project/pdm,ok,2,0,3,66,55,0,False,0.7
pdm-project__pdm-3237,pdm-project/pdm,ok,1,0,6,142,95,19,False,5.0
pdm-project__pdm-3255,pdm-project/pdm,ok,1,0,1,16,11,0,False,0.5
pdm-project__pdm-3315,pdm-project/pdm,ok,2,0,5,47,48,0,False,1.0
pdm-project__pdm-3374,pdm-project/pdm,ok,5,0,4,103,80,8,False,0.9
pdm-project__pdm-3377,pdm-project/pdm,ok,3,0,6,88,98,6,False,1.3
pdm-project__pdm-3393,pdm-project/pdm,ok,1,0,3,20,14,5,False,0.8
pdm-project__pdm-3435,pdm-project/pdm,ok,4,0,4,60,45,4,False,0.7
PennyLaneAI__pennylane-1329,pennylaneai/pennylane,ok,1,0,3,19,18,0,False,1.2
PennyLaneAI__pennylane-1357,pennylaneai/pennylane,ok,1,0,1,21,11,0,False,0.6
PennyLaneAI__pennylane-1405,pennylaneai/pennylane,ok,1,0,6,35,26,0,False,0.9
PennyLaneAI__pennylane-2603,pennylaneai/pennylane,ok,2,0,2,24,13,3,False,1.0
PennyLaneAI__pennylane-2964,pennylaneai/pennylane,ok,2,0,3,38,19,0,False,1.2
PennyLaneAI__pennylane-3024,pennylaneai/pennylane,ok,1,0,1,126,91,0,False,1.1
PennyLaneAI__pennylane-3182,pennylaneai/pennylane,ok,1,0,1,6,5,0,False,0.4
PennyLaneAI__pennylane-3381,pennylaneai/pennylane,ok,2,0,5,33,11,0,False,1.5
PennyLaneAI__pennylane-3477,pennylaneai/pennylane,ok,2,0,7,108,84,0,False,2.4
PennyLaneAI__pennylane-4663,pennylaneai/pennylane,ok,1,0,2,22,16,0,False,1.1
PennyLaneAI__pennylane-4736,pennylaneai/pennylane,ok,2,0,2,33,26,0,False,1.2
PennyLaneAI__pennylane-5448,pennylaneai/pennylane,ok,2,0,5,24,17,0,False,2.2
PennyLaneAI__pennylane-5538,pennylaneai/pennylane,ok,1,0,4,86,75,0,False,2.7
PennyLaneAI__pennylane-5582,pennylaneai/pennylane,ok,1,0,3,34,26,0,False,1.4
PennyLaneAI__pennylane-5831,pennylaneai/pennylane,ok,1,0,1,15,13,0,False,1.0
PennyLaneAI__pennylane-5846,pennylaneai/pennylane,ok,1,0,7,31,26,0,False,2.7
PennyLaneAI__pennylane-5866,pennylaneai/pennylane,ok,1,0,1,33,11,0,False,1.2
PennyLaneAI__pennylane-6398,pennylaneai/pennylane,ok,1,0,3,84,65,0,False,1.2
PennyLaneAI__pennylane-889,pennylaneai/pennylane,ok,1,0,1,76,57,0,False,3.9
PennyLaneAI__pennylane-963,pennylaneai/pennylane,ok,1,0,3,52,39,5,False,1.5
pre-commit__pre-commit-1092,pre-commit/pre-commit,ok,1,0,0,3,0,0,False,0.3
pre-commit__pre-commit-1251,pre-commit/pre-commit,ok,1,0,1,42,43,1,False,0.7
pre-commit__pre-commit-1259,pre-commit/pre-commit,ok,1,0,2,5,3,0,False,0.3
pre-commit__pre-commit-1299,pre-commit/pre-commit,ok,1,0,2,3,2,1,False,0.3
pre-commit__pre-commit-1341,pre-commit/pre-commit,ok,1,0,1,6,3,0,False,0.3
pre-commit__pre-commit-1359,pre-commit/pre-commit,ok,1,0,2,40,18,1,False,0.4
pre-commit__pre-commit-1382,pre-commit/pre-commit,ok,1,0,1,14,11,0,False,0.2
pre-commit__pre-commit-1480,pre-commit/pre-commit,ok,1,0,1,4,3,0,False,0.3
pre-commit__pre-commit-1497,pre-commit/pre-commit,ok,1,0,2,4,3,0,False,0.3
pre-commit__pre-commit-1715,pre-commit/pre-commit,ok,1,0,1,35,16,0,False,0.3
pre-commit__pre-commit-2154,pre-commit/pre-commit,ok,1,0,1,23,13,0,False,0.4
pre-commit__pre-commit-2345,pre-commit/pre-commit,ok,1,0,1,9,7,0,False,0.4
pre-commit__pre-commit-2480,pre-commit/pre-commit,ok,1,0,1,9,5,0,False,0.4
pre-commit__pre-commit-2686,pre-commit/pre-commit,ok,1,0,4,18,9,0,False,0.4
pre-commit__pre-commit-2746,pre-commit/pre-commit,ok,2,0,3,17,12,1,False,0.5
pre-commit__pre-commit-537,pre-commit/pre-commit,ok,1,0,1,13,3,2,False,0.5
pre-commit__pre-commit-566,pre-commit/pre-commit,ok,3,0,3,32,16,5,False,0.8
pre-commit__pre-commit-713,pre-commit/pre-commit,ok,2,0,2,14,9,1,False,0.6
pre-commit__pre-commit-718,pre-commit/pre-commit,ok,1,0,3,11,6,1,False,0.5
pre-commit__pre-commit-803,pre-commit/pre-commit,ok,1,0,1,4,3,0,False,0.5
projectmesa__mesa-1001,projectmesa/mesa,ok,1,0,3,124,103,0,False,0.7
projectmesa__mesa-1413,projectmesa/mesa,ok,1,0,1,87,47,2,False,0.7
projectmesa__mesa-1439,projectmesa/mesa,ok,1,0,1,15,7,0,False,0.3
projectmesa__mesa-1702,projectmesa/mesa,ok,2,0,3,67,45,0,False,0.5
projectmesa__mesa-1796,projectmesa/mesa,ok,1,0,1,24,11,0,False,0.7
projectmesa__mesa-2279,projectmesa/mesa,ok,1,0,1,137,41,0,False,0.6
projectmesa__mesa-2351,projectmesa/mesa,ok,1,0,2,151,75,0,False,1.5
projectmesa__mesa-2394,projectmesa/mesa,ok,2,0,1,74,6,0,False,0.5
projectmesa__mesa-2418,projectmesa/mesa,ok,2,0,5,95,82,1,False,6.6
projectmesa__mesa-2463,projectmesa/mesa,ok,1,0,1,14,12,0,False,0.3
projectmesa__mesa-2523,projectmesa/mesa,ok,1,0,1,44,3,0,False,0.4
projectmesa__mesa-2605,projectmesa/mesa,ok,1,0,1,122,48,0,False,0.5
projectmesa__mesa-2632,projectmesa/mesa,ok,2,0,1,7,6,0,False,0.7
projectmesa__mesa-2755,projectmesa/mesa,ok,3,0,4,344,117,1,False,3.8
psf__black-1800,psf/black,ok,1,0,2,145,146,0,False,2.3
psf__black-2037,psf/black,ok,1,0,1,21,12,0,False,1.3
psf__black-2758,psf/black,ok,3,0,4,41,34,2,False,0.9
psf__black-2991,psf/black,ok,1,0,5,87,77,2,False,1.1
psf__black-3451,psf/black,ok,1,0,2,9,9,0,False,0.7
psf__black-3745,psf/black,ok,2,0,4,40,30,1,False,0.8
psf__black-4161,psf/black,ok,2,0,3,34,26,0,False,0.5
psf__black-4176,psf/black,ok,2,0,4,37,29,0,False,0.7
psf__black-4204,psf/black,ok,1,0,1,24,13,1,False,0.3
psf__black-4222,psf/black,ok,2,0,3,80,58,0,False,0.6
psf__black-4657,psf/black,ok,1,0,3,14,7,6,False,0.9
psf__black-4670,psf/black,ok,1,0,5,11,11,0,False,0.4
psf__black-4676,psf/black,ok,1,0,2,25,15,0,False,0.4
psf__black-4684,psf/black,ok,1,0,4,27,25,1,False,1.0
psf__black-4720,psf/black,ok,3,0,7,248,251,2,False,2.1
pvlib__pvlib-python-1947,pvlib/pvlib-python,ok,1,0,1,1,1,0,False,0.3
pvlib__pvlib-python-1948,pvlib/pvlib-python,ok,1,0,1,76,45,15,False,2.3
pvlib__pvlib-python-1971,pvlib/pvlib-python,ok,1,0,1,23,3,1,False,0.7
pvlib__pvlib-python-1977,pvlib/pvlib-python,ok,1,0,0,0,0,0,False,0.4
pvlib__pvlib-python-2019,pvlib/pvlib-python,ok,1,0,1,3,3,0,False,0.5
pvlib__pvlib-python-2032,pvlib/pvlib-python,ok,1,0,1,44,37,1,False,1.1
pvlib__pvlib-python-2039,pvlib/pvlib-python,ok,2,1,4,387,44,9,False,2.1
pvlib__pvlib-python-2088,pvlib/pvlib-python,ok,2,0,1,428,31,0,False,1.4
pvlib__pvlib-python-2124,pvlib/pvlib-python,ok,1,0,1,443,20,2,False,1.6
pvlib__pvlib-python-2133,pvlib/pvlib-python,ok,1,0,1,49,6,2,False,1.4
pvlib__pvlib-python-2140,pvlib/pvlib-python,ok,3,0,1,315,31,6,False,3.1
pvlib__pvlib-python-2190,pvlib/pvlib-python,ok,2,0,2,100,46,1,False,1.9
pvlib__pvlib-python-2249,pvlib/pvlib-python,ok,1,0,1,9,9,0,False,1.6
pvlib__pvlib-python-2281,pvlib/pvlib-python,ok,1,0,1,157,3,0,False,0.8
pvlib__pvlib-python-2291,pvlib/pvlib-python,ok,1,0,1,254,35,0,False,2.2
pvlib__pvlib-python-2292,pvlib/pvlib-python,ok,1,0,1,237,21,0,False,1.8
pvlib__pvlib-python-2341,pvlib/pvlib-python,ok,2,0,2,259,66,4,False,7.0
pvlib__pvlib-python-2347,pvlib/pvlib-python,ok,1,0,1,18,5,0,False,1.2
pvlib__pvlib-python-2393,pvlib/pvlib-python,ok,1,0,0,0,0,0,False,0.5
pvlib__pvlib-python-2400,pvlib/pvlib-python,ok,1,0,1,8,2,0,False,0.5
pydata__xarray-10141,pydata/xarray,ok,1,0,2,3,3,0,False,0.8
pydata__xarray-3159,pydata/xarray,ok,2,0,4,69,60,5,False,3.2
pydata__xarray-3305,pydata/xarray,ok,2,0,3,54,27,3,False,2.8
pydata__xarray-3338,pydata/xarray,ok,1,0,2,71,39,6,False,3.3
pydata__xarray-3364,pydata/xarray,ok,1,0,1,8,6,1,False,0.9
pydata__xarray-3406,pydata/xarray,ok,1,0,1,13,7,0,False,1.9
pydata__xarray-3637,pydata/xarray,ok,2,0,0,18,0,6,False,0.6
pydata__xarray-3979,pydata/xarray,ok,1,0,2,8,7,0,False,0.6
pydata__xarray-4094,pydata/xarray,ok,1,0,2,9,9,0,False,0.7
pydata__xarray-4098,pydata/xarray,ok,1,0,1,2,4,0,False,2.5
pydata__xarray-4184,pydata/xarray,ok,2,1,3,160,75,10,False,3.0
pydata__xarray-4683,pydata/xarray,ok,4,0,4,387,53,3,False,11.2
pydata__xarray-4758,pydata/xarray,ok,2,0,2,105,72,2,False,5.6
pydata__xarray-4939,pydata/xarray,ok,1,0,1,175,30,0,False,1.1
pydata__xarray-4994,pydata/xarray,ok,1,0,1,2,1,0,False,0.4
pydata__xarray-5126,pydata/xarray,ok,3,0,3,216,83,1,False,2.0
pydata__xarray-6744,pydata/xarray,ok,1,0,4,45,39,0,False,2.4
pydata__xarray-6938,pydata/xarray,ok,2,0,2,53,59,0,False,2.7
pydata__xarray-7003,pydata/xarray,ok,1,0,2,42,27,3,False,1.9
pydata__xarray-9760,pydata/xarray,ok,1,0,1,17,17,3,False,0.9
pylint-dev__pylint-10036,pylint-dev/pylint,ok,1,0,1,7,6,0,False,0.3
pylint-dev__pylint-10044,pylint-dev/pylint,ok,3,0,2,22,9,0,False,2.7
pylint-dev__pylint-10170,pylint-dev/pylint,ok,1,0,1,28,22,0,False,0.7
pylint-dev__pylint-10246,pylint-dev/pylint,ok,1,0,4,110,108,0,False,2.9
pylint-dev__pylint-4398,pylint-dev/pylint,ok,2,0,5,82,56,3,False,7.1
pylint-dev__pylint-4421,pylint-dev/pylint,ok,1,0,1,54,26,0,False,1.6
pylint-dev__pylint-4516,pylint-dev/pylint,ok,2,0,3,64,27,3,False,0.8
pylint-dev__pylint-5839,pylint-dev/pylint,ok,4,0,3,108,76,0,False,1.9
pylint-dev__pylint-6358,pylint-dev/pylint,ok,1,0,5,71,67,0,False,2.5
pylint-dev__pylint-6386,pylint-dev/pylint,ok,4,0,3,22,9,0,False,2.0
pylint-dev__pylint-6517,pylint-dev/pylint,ok,1,0,2,3,3,0,False,1.5
pylint-dev__pylint-7080,pylint-dev/pylint,ok,1,0,1,5,2,0,False,0.7
pylint-dev__pylint-7228,pylint-dev/pylint,ok,1,0,1,25,13,0,False,1.8
pylint-dev__pylint-8124,pylint-dev/pylint,ok,1,0,4,27,26,0,False,3.7
pylint-dev__pylint-8819,pylint-dev/pylint,ok,1,0,2,89,57,0,False,2.3
pylint-dev__pylint-9599,pylint-dev/pylint,ok,4,0,5,85,65,0,False,1.2
pylint-dev__pylint-9802,pylint-dev/pylint,ok,1,0,1,7,5,0,False,0.5
pylint-dev__pylint-9866,pylint-dev/pylint,ok,1,0,1,18,6,0,False,3.3
pylint-dev__pylint-9917,pylint-dev/pylint,ok,1,0,1,69,43,0,False,2.6
pylint-dev__pylint-9990,pylint-dev/pylint,ok,1,0,2,88,29,0,False,2.1
pypsa__pypsa-1012,pypsa/pypsa,ok,1,0,2,35,23,2,False,2.0
pypsa__pypsa-1091,pypsa/pypsa,ok,6,0,7,238,131,13,False,3.8
pypsa__pypsa-1172,pypsa/pypsa,ok,1,0,1,16,10,3,False,0.8
pypsa__pypsa-1195,pypsa/pypsa,ok,2,0,7,175,103,3,False,2.4
PyPSA__PyPSA-1265,pypsa/pypsa,ok,2,0,2,62,19,0,False,1.9
PyPSA__PyPSA-1310,pypsa/pypsa,ok,7,0,14,588,282,14,False,11.4
PyPSA__PyPSA-1325,pypsa/pypsa,ok,1,0,1,10,11,0,False,1.1
pypsa__pypsa-891,pypsa/pypsa,ok,1,0,2,10,7,1,False,1.7
pypsa__pypsa-924,pypsa/pypsa,ok,1,0,5,408,145,15,False,7.5
pypsa__pypsa-964,pypsa/pypsa,ok,1,0,1,21,17,0,False,0.5
pytest-dev__pytest-10081,pytest-dev/pytest,ok,1,0,1,16,9,5,False,0.8
pytest-dev__pytest-5227,pytest-dev/pytest,ok,1,0,1,1,1,0,False,0.6
pytest-dev__pytest-5254,pytest-dev/pytest,ok,2,0,2,86,44,3,False,2.2
pytest-dev__pytest-5281,pytest-dev/pytest,ok,2,0,2,15,9,1,False,0.8
pytest-dev__pytest-5413,pytest-dev/pytest,ok,1,0,0,0,0,0,False,0.5
pytest-dev__pytest-5692,pytest-dev/pytest,ok,1,0,1,12,2,4,False,0.5
pytest-dev__pytest-5809,pytest-dev/pytest,ok,1,0,1,2,2,0,False,0.5
pytest-dev__pytest-5980,pytest-dev/pytest,ok,3,1,1,139,6,4,False,0.9
pytest-dev__pytest-6116,pytest-dev/pytest,ok,1,0,0,0,0,0,False,0.4
pytest-dev__pytest-6202,pytest-dev/pytest,ok,1,0,1,2,1,0,False,0.6
pytest-dev__pytest-7231,pytest-dev/pytest,ok,1,0,1,35,13,0,False,0.6
pytest-dev__pytest-7481,pytest-dev/pytest,ok,1,0,1,13,8,1,False,0.5
pytest-dev__pytest-8033,pytest-dev/pytest,ok,1,0,1,47,41,2,False,0.6
pytest-dev__pytest-8399,pytest-dev/pytest,ok,2,0,2,20,7,11,False,0.9
pytest-dev__pytest-8906,pytest-dev/pytest,ok,1,0,0,0,0,0,False,0.6
pytest-dev__pytest-8952,pytest-dev/pytest,ok,2,0,2,9,5,0,False,0.7
pytest-dev__pytest-9279,pytest-dev/pytest,ok,1,0,1,2,2,0,False,0.6
pytest-dev__pytest-9359,pytest-dev/pytest,ok,1,0,1,15,5,5,False,0.6
pytest-dev__pytest-9646,pytest-dev/pytest,ok,1,0,1,35,18,0,False,0.6
pytest-dev__pytest-9956,pytest-dev/pytest,ok,3,0,2,15,6,0,False,0.8
python-cmd2__cmd2-1045,python-cmd2/cmd2,ok,1,0,2,28,10,3,False,1.1
python-cmd2__cmd2-1067,python-cmd2/cmd2,ok,2,0,2,57,16,0,False,0.7
python-cmd2__cmd2-1069,python-cmd2/cmd2,ok,1,0,1,11,7,0,False,0.4
python-cmd2__cmd2-114,python-cmd2/cmd2,ok,1,0,1,188,123,13,False,1.2
python-cmd2__cmd2-115,python-cmd2/cmd2,ok,1,0,1,73,30,1,False,0.9
python-cmd2__cmd2-117,python-cmd2/cmd2,ok,1,0,1,11,14,0,False,0.3
python-cmd2__cmd2-563,python-cmd2/cmd2,ok,1,0,1,107,75,0,False,1.3
python-cmd2__cmd2-569,python-cmd2/cmd2,ok,1,0,1,14,6,0,False,0.4
python-cmd2__cmd2-595,python-cmd2/cmd2,ok,3,0,1,151,12,0,False,0.8
python-cmd2__cmd2-612,python-cmd2/cmd2,ok,1,0,1,2,1,0,False,0.5
python-cmd2__cmd2-666,python-cmd2/cmd2,ok,1,0,1,67,25,0,False,0.4
python-cmd2__cmd2-699,python-cmd2/cmd2,ok,3,0,4,66,53,2,False,1.2
python-cmd2__cmd2-744,python-cmd2/cmd2,ok,1,0,2,23,15,0,False,0.9
python-cmd2__cmd2-750,python-cmd2/cmd2,ok,1,0,1,178,69,0,False,0.6
python-cmd2__cmd2-752,python-cmd2/cmd2,ok,2,0,3,118,67,29,False,0.9
python-cmd2__cmd2-782,python-cmd2/cmd2,ok,1,0,2,28,21,7,False,4.0
python-cmd2__cmd2-784,python-cmd2/cmd2,ok,2,0,3,183,115,0,False,1.5
python-cmd2__cmd2-817,python-cmd2/cmd2,ok,1,0,2,46,9,8,False,0.9
python-cmd2__cmd2-910,python-cmd2/cmd2,ok,1,0,1,86,39,5,False,1.8
python-cmd2__cmd2-987,python-cmd2/cmd2,ok,1,0,1,10,11,0,False,0.3
python-control__python-control-1012,python-control/python-control,ok,2,0,4,78,52,2,False,6.5
python-control__python-control-1017,python-control/python-control,ok,1,0,2,99,54,0,False,1.5
python-control__python-control-1030,python-control/python-control,ok,1,0,1,4,2,0,False,0.4
python-control__python-control-1064,python-control/python-control,ok,2,0,2,45,39,0,False,1.1
python-control__python-control-1065,python-control/python-control,ok,2,0,1,56,12,0,False,0.6
python-control__python-control-1092,python-control/python-control,ok,3,0,7,85,45,1,False,7.7
python-control__python-control-1096,python-control/python-control,ok,2,0,2,26,36,0,False,1.0
python-control__python-control-1099,python-control/python-control,ok,1,0,4,93,84,0,False,1.2
python-control__python-control-1104,python-control/python-control,ok,1,0,3,10,8,0,False,1.3
python-control__python-control-1111,python-control/python-control,ok,1,0,1,4,3,0,False,0.5
python-control__python-control-1133,python-control/python-control,ok,1,0,1,4,4,0,False,0.5
python-control__python-control-1138,python-control/python-control,ok,1,0,1,3,3,0,False,0.8
python-control__python-control-1142,python-control/python-control,ok,1,0,1,23,19,2,False,3.2
python-control__python-control-1145,python-control/python-control,ok,4,0,4,91,57,1,False,3.6
python-control__python-control-416,python-control/python-control,ok,3,0,4,84,58,5,False,1.7
python-control__python-control-525,python-control/python-control,ok,1,0,1,31,25,3,False,0.4
python-control__python-control-834,python-control/python-control,ok,1,0,1,8,5,0,False,0.4
python-control__python-control-869,python-control/python-control,ok,1,0,4,339,219,2,False,2.5
python-telegram-bot__python-telegram-bot-4120,python-telegram-bot/python-telegram-bot,ok,2,0,5,134,40,2,False,1.3
python-telegram-bot__python-telegram-bot-4151,python-telegram-bot/python-telegram-bot,ok,6,0,8,34,28,0,False,2.5
python-telegram-bot__python-telegram-bot-4161,python-telegram-bot/python-telegram-bot,ok,3,0,3,223,27,0,False,1.6
python-telegram-bot__python-telegram-bot-4288,python-telegram-bot/python-telegram-bot,ok,2,0,3,10,9,0,False,0.7
python-telegram-bot__python-telegram-bot-4290,python-telegram-bot/python-telegram-bot,ok,1,0,8,67,36,0,False,0.9
python-telegram-bot__python-telegram-bot-4323,python-telegram-bot/python-telegram-bot,ok,1,0,2,247,55,0,False,0.7
python-telegram-bot__python-telegram-bot-4353,python-telegram-bot/python-telegram-bot,ok,1,0,3,191,47,0,False,0.6
python-telegram-bot__python-telegram-bot-4365,python-telegram-bot/python-telegram-bot,ok,1,0,3,25,4,0,False,1.6
python-telegram-bot__python-telegram-bot-4613,python-telegram-bot/python-telegram-bot,ok,1,0,1,103,18,0,False,1.0
python-telegram-bot__python-telegram-bot-4626,python-telegram-bot/python-telegram-bot,ok,1,1,4,111,13,3,False,1.6
python-telegram-bot__python-telegram-bot-4632,python-telegram-bot/python-telegram-bot,ok,4,0,4,327,119,0,False,4.9
python-telegram-bot__python-telegram-bot-4654,python-telegram-bot/python-telegram-bot,ok,1,0,5,12,10,1,False,0.8
python-telegram-bot__python-telegram-bot-4802,python-telegram-bot/python-telegram-bot,ok,1,0,1,127,12,0,False,1.9
python__mypy-18966,python/mypy,ok,5,0,4,53,13,11,False,3.8
python__mypy-19097,python/mypy,ok,1,0,2,14,10,2,False,1.5
python__mypy-19190,python/mypy,ok,1,0,2,4,2,1,False,1.0
python__mypy-19216,python/mypy,ok,1,0,2,13,9,1,False,2.5
python__mypy-19249,python/mypy,ok,1,0,4,27,22,5,False,6.3
python__mypy-19290,python/mypy,ok,2,0,4,26,24,1,False,5.6
python__mypy-19573,python/mypy,ok,1,0,4,25,19,2,False,1.2
python__mypy-19577,python/mypy,ok,1,0,5,56,37,11,False,2.7
python__mypy-19592,python/mypy,ok,1,0,3,38,26,3,False,2.8
python__mypy-19615,python/mypy,ok,7,0,8,167,121,15,False,5.3
python__mypy-19648,python/mypy,ok,1,0,1,11,8,0,False,0.6
python__mypy-19705,python/mypy,ok,2,0,3,13,10,2,False,2.0
python__mypy-19718,python/mypy,ok,3,0,5,36,30,5,False,2.2
python__mypy-19767,python/mypy,ok,2,0,6,85,71,12,False,9.3
pytorch__ignite-1027,pytorch/ignite,ok,1,0,1,337,242,0,False,5.5
pytorch__ignite-1155,pytorch/ignite,ok,1,0,3,30,12,0,False,0.9
pytorch__ignite-1320,pytorch/ignite,ok,1,0,4,75,37,1,False,0.7
pytorch__ignite-1333,pytorch/ignite,ok,2,0,2,36,9,0,False,0.9
pytorch__ignite-1423,pytorch/ignite,ok,1,0,1,54,25,0,False,1.3
pytorch__ignite-1597,pytorch/ignite,ok,1,0,1,40,25,0,False,0.8
pytorch__ignite-1880,pytorch/ignite,ok,1,0,1,17,5,7,False,0.6
pytorch__ignite-2027,pytorch/ignite,ok,1,0,1,102,1,0,False,0.6
pytorch__ignite-281,pytorch/ignite,ok,1,0,1,104,18,0,False,0.3
pytorch__ignite-385,pytorch/ignite,ok,1,0,5,71,23,4,False,3.0
pytorch__ignite-461,pytorch/ignite,ok,1,0,1,20,5,1,False,1.2
pytorch__ignite-572,pytorch/ignite,ok,1,0,1,135,67,3,False,1.1
pytorch__ignite-703,pytorch/ignite,ok,1,0,1,69,18,0,False,0.9
pytorch__ignite-758,pytorch/ignite,ok,1,0,1,21,17,0,False,0.5
pytorch__ignite-772,pytorch/ignite,ok,1,0,1,26,8,0,False,0.8
pytorch__ignite-799,pytorch/ignite,ok,1,0,1,29,1,0,False,0.5
pytorch__ignite-859,pytorch/ignite,ok,1,0,1,25,5,0,False,2.1
pytorch__ignite-873,pytorch/ignite,ok,2,0,1,87,10,1,False,0.9
pytorch__ignite-919,pytorch/ignite,ok,1,0,2,34,28,0,False,0.7
pytorch__ignite-976,pytorch/ignite,ok,1,0,3,36,5,1,False,5.7
pytorch__torchtune-1368,pytorch/torchtune,ok,1,0,1,98,74,0,False,0.7
pytorch__torchtune-1477,pytorch/torchtune,ok,1,0,2,12,14,0,False,0.5
pytorch__torchtune-1697,pytorch/torchtune,ok,1,0,1,25,21,0,False,0.5
pytorch__torchtune-1778,pytorch/torchtune,ok,1,0,2,14,4,0,False,1.0
pytorch__torchtune-1806,pytorch/torchtune,ok,4,0,7,64,39,0,False,1.0
pytorch__torchtune-1832,pytorch/torchtune,ok,1,0,1,2,1,0,False,0.5
pytorch__torchtune-2110,pytorch/torchtune,ok,1,0,1,15,7,0,False,0.6
pytorch__torchtune-2139,pytorch/torchtune,ok,10,0,10,203,63,0,False,8.2
pytorch__torchtune-2342,pytorch/torchtune,ok,2,0,2,19,13,0,False,0.9
pytorch__torchtune-2560,pytorch/torchtune,ok,3,0,3,45,11,19,False,2.7
pytorch__torchtune-293,pytorch/torchtune,ok,2,0,2,6,3,0,False,0.5
pytorch__torchtune-997,pytorch/torchtune,ok,1,0,1,20,2,0,False,0.4
pyvista__pyvista-1374,pyvista/pyvista,ok,1,0,3,11,8,1,False,3.6
pyvista__pyvista-1553,pyvista/pyvista,ok,1,0,1,39,23,0,False,1.6
pyvista__pyvista-3710,pyvista/pyvista,ok,2,0,1,64,2,2,False,1.5
pyvista__pyvista-4311,pyvista/pyvista,ok,3,0,5,137,52,3,False,3.4
pyvista__pyvista-4315,pyvista/pyvista,ok,1,0,1,46,18,1,False,7.2
pyvista__pyvista-4782,pyvista/pyvista,ok,2,0,3,81,21,0,False,1.8
pyvista__pyvista-5192,pyvista/pyvista,ok,3,0,6,300,47,0,False,4.1
pyvista__pyvista-5246,pyvista/pyvista,ok,1,0,4,20,24,0,False,2.5
pyvista__pyvista-5569,pyvista/pyvista,ok,1,0,1,14,10,1,False,2.2
pyvista__pyvista-5767,pyvista/pyvista,ok,1,0,1,27,12,4,False,1.9
pyvista__pyvista-6060,pyvista/pyvista,ok,1,0,2,19,15,0,False,2.2
pyvista__pyvista-6127,pyvista/pyvista,ok,1,0,3,49,7,1,False,4.8
pyvista__pyvista-6170,pyvista/pyvista,ok,2,0,2,43,14,0,False,1.2
pyvista__pyvista-6517,pyvista/pyvista,ok,1,0,5,103,26,3,False,8.0
pyvista__pyvista-6525,pyvista/pyvista,ok,1,0,1,5,2,1,False,4.0
pyvista__pyvista-6528,pyvista/pyvista,ok,1,0,3,166,22,0,False,3.2
pyvista__pyvista-6541,pyvista/pyvista,ok,1,0,1,7,3,1,False,1.3
pyvista__pyvista-7040,pyvista/pyvista,ok,4,0,2,62,4,1,False,2.8
pyvista__pyvista-7258,pyvista/pyvista,ok,1,0,7,44,33,0,False,4.5
pyvista__pyvista-7455,pyvista/pyvista,ok,1,0,3,17,13,2,False,5.2
RDFLib__rdflib-1012,rdflib/rdflib,ok,2,0,2,5,3,1,False,5.0
RDFLib__rdflib-1044,rdflib/rdflib,ok,1,0,1,1,1,0,False,0.4
RDFLib__rdflib-1054,rdflib/rdflib,ok,1,0,1,3,3,0,False,1.0
RDFLib__rdflib-1117,rdflib/rdflib,ok,1,0,1,9,5,0,False,1.2
RDFLib__rdflib-1258,rdflib/rdflib,ok,1,0,1,15,7,5,False,0.6
RDFLib__rdflib-1335,rdflib/rdflib,ok,1,0,1,4,3,1,False,4.9
RDFLib__rdflib-1386,rdflib/rdflib,ok,2,0,1,1,1,0,False,4.1
RDFLib__rdflib-1456,rdflib/rdflib,ok,1,0,1,2,2,0,False,1.9
RDFLib__rdflib-2112,rdflib/rdflib,ok,1,0,0,0,0,0,False,8.0
RDFLib__rdflib-2160,rdflib/rdflib,ok,1,0,1,2,1,0,False,6.7
RDFLib__rdflib-2474,rdflib/rdflib,ok,1,0,3,15,14,0,False,6.9
reflex-dev__reflex-2350,reflex-dev/reflex,ok,1,0,1,6,1,0,False,0.7
reflex-dev__reflex-2439,reflex-dev/reflex,ok,5,0,7,175,140,0,False,2.0
reflex-dev__reflex-2617,reflex-dev/reflex,ok,1,0,2,15,14,0,False,1.0
reflex-dev__reflex-2936,reflex-dev/reflex,ok,1,0,7,26,24,0,False,1.7
reflex-dev__reflex-2985,reflex-dev/reflex,ok,1,0,3,7,5,0,False,1.0
reflex-dev__reflex-3006,reflex-dev/reflex,ok,6,0,8,163,88,2,False,1.9
reflex-dev__reflex-3037,reflex-dev/reflex,ok,1,0,1,11,8,0,False,0.7
reflex-dev__reflex-3160,reflex-dev/reflex,ok,1,0,2,33,15,0,False,1.1
reflex-dev__reflex-3179,reflex-dev/reflex,ok,1,0,2,33,41,0,False,1.4
reflex-dev__reflex-3580,reflex-dev/reflex,ok,1,0,2,18,14,0,False,1.1
reflex-dev__reflex-3696,reflex-dev/reflex,ok,1,0,1,129,74,2,False,3.0
reflex-dev__reflex-3842,reflex-dev/reflex,ok,1,0,2,29,17,0,False,1.4
reflex-dev__reflex-4129,reflex-dev/reflex,ok,2,1,3,126,57,0,False,2.0
reflex-dev__reflex-4205,reflex-dev/reflex,ok,1,0,7,104,61,2,False,1.1
reflex-dev__reflex-4230,reflex-dev/reflex,ok,1,0,1,11,11,0,False,0.8
reflex-dev__reflex-4266,reflex-dev/reflex,ok,2,0,2,4,3,0,False,1.2
reflex-dev__reflex-4427,reflex-dev/reflex,ok,1,0,3,13,11,1,False,1.2
reflex-dev__reflex-4620,reflex-dev/reflex,ok,1,0,1,18,18,0,False,0.8
reflex-dev__reflex-4720,reflex-dev/reflex,ok,2,1,6,20,17,0,False,5.4
reflex-dev__reflex-4958,reflex-dev/reflex,ok,2,0,7,125,55,0,False,1.6
reframe-hpc__reframe-2533,reframe-hpc/reframe,ok,3,0,3,27,17,0,False,3.9
reframe-hpc__reframe-2581,reframe-hpc/reframe,ok,1,0,1,4,3,0,False,0.5
reframe-hpc__reframe-2613,reframe-hpc/reframe,ok,1,0,1,21,14,0,False,0.4
reframe-hpc__reframe-2656,reframe-hpc/reframe,ok,1,0,6,47,35,1,False,1.5
reframe-hpc__reframe-2688,reframe-hpc/reframe,ok,1,0,1,6,3,0,False,2.9
reframe-hpc__reframe-2999,reframe-hpc/reframe,ok,1,0,1,4,3,0,False,2.0
reframe-hpc__reframe-3058,reframe-hpc/reframe,ok,1,0,0,0,0,0,False,0.4
reframe-hpc__reframe-3070,reframe-hpc/reframe,ok,1,0,2,17,11,0,False,0.8
reframe-hpc__reframe-3173,reframe-hpc/reframe,ok,3,0,4,22,17,0,False,2.2
reframe-hpc__reframe-3262,reframe-hpc/reframe,ok,2,0,2,43,37,0,False,7.1
reframe-hpc__reframe-3313,reframe-hpc/reframe,ok,2,0,3,78,66,1,False,10.6
reframe-hpc__reframe-3328,reframe-hpc/reframe,ok,1,0,3,21,19,0,False,8.1
reframe-hpc__reframe-3339,reframe-hpc/reframe,ok,1,0,1,1,1,0,False,0.5
reframe-hpc__reframe-3449,reframe-hpc/reframe,ok,1,0,1,19,16,1,False,3.9
repobee__repobee-174,repobee/repobee,ok,5,0,1,1,1,0,False,0.3
repobee__repobee-186,repobee/repobee,ok,2,0,5,65,31,0,False,0.5
repobee__repobee-200,repobee/repobee,ok,1,0,1,18,10,0,False,0.5
repobee__repobee-202,repobee/repobee,ok,3,0,2,19,15,0,False,0.3
repobee__repobee-207,repobee/repobee,ok,1,0,1,10,9,0,False,0.3
repobee__repobee-276,repobee/repobee,ok,1,0,1,43,16,0,False,0.4
repobee__repobee-281,repobee/repobee,ok,2,0,2,43,30,9,False,0.7
repobee__repobee-316,repobee/repobee,ok,4,0,5,107,68,1,False,1.3
repobee__repobee-330,repobee/repobee,ok,3,0,4,141,68,8,False,1.1
repobee__repobee-336,repobee/repobee,ok,1,0,2,203,126,1,False,0.9
repobee__repobee-348,repobee/repobee,ok,2,0,3,154,89,6,False,1.0
repobee__repobee-363,repobee/repobee,ok,2,0,3,94,60,30,False,0.8
repobee__repobee-428,repobee/repobee,ok,2,0,2,10,8,0,False,0.4
repobee__repobee-457,repobee/repobee,ok,2,0,2,9,3,0,False,0.3
repobee__repobee-509,repobee/repobee,ok,2,0,2,96,37,8,False,0.7
scikit-learn__scikit-learn-10306,scikit-learn/scikit-learn,ok,9,0,6,36,36,0,False,7.5
scikit-learn__scikit-learn-10452,scikit-learn/scikit-learn,ok,1,0,1,88,13,36,False,2.6
scikit-learn__scikit-learn-10687,scikit-learn/scikit-learn,ok,1,0,1,12,18,0,False,0.9
scikit-learn__scikit-learn-11596,scikit-learn/scikit-learn,ok,1,1,2,158,4,0,False,1.1
scikit-learn__scikit-learn-12443,scikit-learn/scikit-learn,ok,1,0,2,25,19,0,False,1.4
scikit-learn__scikit-learn-12471,scikit-learn/scikit-learn,ok,1,0,1,16,11,3,False,3.7
scikit-learn__scikit-learn-12583,scikit-learn/scikit-learn,ok,1,0,1,98,33,2,False,4.5
scikit-learn__scikit-learn-12989,scikit-learn/scikit-learn,ok,1,0,1,35,6,1,False,7.6
scikit-learn__scikit-learn-13628,scikit-learn/scikit-learn,ok,3,0,5,100,23,4,False,4.2
scikit-learn__scikit-learn-14806,scikit-learn/scikit-learn,ok,1,0,1,90,22,1,False,6.0
scikit-learn__scikit-learn-15100,scikit-learn/scikit-learn,ok,1,0,1,8,3,0,False,6.6
scikit-learn__scikit-learn-15393,scikit-learn/scikit-learn,ok,1,0,1,4,2,0,False,1.6
scikit-learn__scikit-learn-15625,scikit-learn/scikit-learn,ok,2,0,2,91,20,1,False,2.0
scikit-learn__scikit-learn-19664,scikit-learn/scikit-learn,ok,1,0,2,31,3,0,False,1.8
scikit-learn__scikit-learn-23099,scikit-learn/scikit-learn,ok,1,0,2,78,31,5,False,11.2
scikit-learn__scikit-learn-25299,scikit-learn/scikit-learn,ok,1,0,1,22,5,4,False,3.8
scikit-learn__scikit-learn-25370,scikit-learn/scikit-learn,ok,1,0,1,3,1,2,False,1.9
scikit-learn__scikit-learn-25570,scikit-learn/scikit-learn,ok,1,0,1,7,4,0,False,1.9
scikit-learn__scikit-learn-25747,scikit-learn/scikit-learn,ok,1,0,0,8,0,0,False,1.2
scikit-learn__scikit-learn-9274,scikit-learn/scikit-learn,ok,1,0,2,150,48,0,False,2.0
scipp__plopp-108,scipp/plopp,ok,1,0,1,46,24,0,False,0.4
scipp__plopp-126,scipp/plopp,ok,1,0,1,2,1,0,False,0.2
scipp__plopp-151,scipp/plopp,ok,2,0,2,196,160,0,False,1.4
scipp__plopp-154,scipp/plopp,ok,3,0,3,28,20,0,False,0.5
scipp__plopp-173,scipp/plopp,ok,1,0,1,19,7,0,False,0.5
scipp__plopp-249,scipp/plopp,ok,1,0,2,16,14,0,False,0.5
scipp__plopp-250,scipp/plopp,ok,1,0,1,76,15,0,False,0.5
scipp__plopp-35,scipp/plopp,ok,2,0,2,37,39,1,False,0.5
scipp__plopp-371,scipp/plopp,ok,3,0,6,241,103,0,False,1.0
scipp__plopp-372,scipp/plopp,ok,1,0,1,3,3,0,False,0.3
scipp__plopp-373,scipp/plopp,ok,4,0,4,21,12,0,False,0.5
scipp__plopp-375,scipp/plopp,ok,1,0,1,82,33,0,False,0.6
scipp__plopp-387,scipp/plopp,ok,2,0,2,28,16,0,False,0.6
scipp__plopp-422,scipp/plopp,ok,1,0,1,53,16,0,False,0.3
scipp__plopp-428,scipp/plopp,ok,1,0,1,29,20,0,False,0.5
scipp__plopp-435,scipp/plopp,ok,1,0,2,15,8,0,False,0.4
scipp__plopp-437,scipp/plopp,ok,2,0,3,46,23,2,False,0.5
scipp__plopp-445,scipp/plopp,ok,1,0,2,57,58,0,False,0.5
scipp__plopp-99,scipp/plopp,ok,2,0,2,17,14,0,False,0.4
scrapy__scrapy-2510,scrapy/scrapy,ok,1,0,5,18,14,0,False,3.9
scrapy__scrapy-2564,scrapy/scrapy,ok,2,0,3,15,10,1,False,0.9
scrapy__scrapy-2612,scrapy/scrapy,ok,1,0,1,42,24,3,False,0.9
scrapy__scrapy-2649,scrapy/scrapy,ok,1,0,1,1,1,0,False,0.5
scrapy__scrapy-2923,scrapy/scrapy,ok,2,0,2,110,79,1,False,4.2
scrapy__scrapy-3371,scrapy/scrapy,ok,1,0,1,7,4,0,False,2.5
scrapy__scrapy-3379,scrapy/scrapy,ok,1,0,1,6,3,0,False,0.4
scrapy__scrapy-3966,scrapy/scrapy,ok,2,0,2,16,12,2,False,5.4
scrapy__scrapy-4008,scrapy/scrapy,ok,1,0,0,0,0,0,False,0.5
scrapy__scrapy-5118,scrapy/scrapy,ok,1,0,1,8,8,2,False,6.4
scrapy__scrapy-5320,scrapy/scrapy,ok,1,0,3,18,9,4,False,1.0
scrapy__scrapy-5384,scrapy/scrapy,ok,1,0,1,5,4,0,False,0.5
scrapy__scrapy-5526,scrapy/scrapy,ok,1,0,2,29,20,0,False,11.7
scrapy__scrapy-5611,scrapy/scrapy,ok,1,0,3,13,7,0,False,0.7
scrapy__scrapy-5993,scrapy/scrapy,ok,1,0,2,15,9,0,False,0.7
scrapy__scrapy-6007,scrapy/scrapy,ok,1,0,2,5,5,0,False,0.7
scrapy__scrapy-6213,scrapy/scrapy,ok,2,0,2,6,7,0,False,0.6
scrapy__scrapy-6347,scrapy/scrapy,ok,1,0,1,1,1,0,False,0.6
scrapy__scrapy-6349,scrapy/scrapy,ok,2,0,3,7,5,0,False,0.8
scrapy__scrapy-6671,scrapy/scrapy,ok,1,0,0,4,0,0,False,0.7
sdv-dev__SDV-2472,sdv-dev/sdv,ok,1,0,2,35,32,0,False,0.5
sdv-dev__SDV-2502,sdv-dev/sdv,ok,1,0,1,131,49,0,False,0.7
sdv-dev__SDV-2523,sdv-dev/sdv,ok,4,0,3,139,38,10,False,0.7
sdv-dev__SDV-2532,sdv-dev/sdv,ok,1,0,2,48,24,0,False,0.5
sdv-dev__SDV-2546,sdv-dev/sdv,ok,2,0,2,9,4,1,False,0.3
sdv-dev__SDV-2558,sdv-dev/sdv,ok,2,0,2,92,12,0,False,0.3
sdv-dev__SDV-2566,sdv-dev/sdv,ok,1,0,1,5,2,0,False,0.3
sdv-dev__SDV-2570,sdv-dev/sdv,ok,2,1,5,65,37,0,False,4.8
sdv-dev__SDV-2571,sdv-dev/sdv,ok,4,0,4,65,46,1,False,0.6
sdv-dev__SDV-2573,sdv-dev/sdv,ok,1,0,1,6,7,0,False,0.5
sdv-dev__SDV-2634,sdv-dev/sdv,ok,1,0,1,11,6,2,False,0.4
sdv-dev__SDV-2636,sdv-dev/sdv,ok,1,0,1,11,8,0,False,0.6
sdv-dev__SDV-2646,sdv-dev/sdv,ok,1,0,2,21,2,0,False,0.7
sdv-dev__SDV-2656,sdv-dev/sdv,ok,1,0,2,28,26,1,False,1.5
sdv-dev__SDV-2658,sdv-dev/sdv,ok,1,0,5,219,140,0,False,1.0
sissbruecker__linkding-1014,sissbruecker/linkding,ok,1,0,1,2,2,0,False,0.5
sissbruecker__linkding-1045,sissbruecker/linkding,ok,1,0,1,28,17,4,False,0.6
sissbruecker__linkding-1051,sissbruecker/linkding,ok,1,0,1,6,3,0,False,0.4
sissbruecker__linkding-1153,sissbruecker/linkding,ok,1,0,1,5,3,0,False,0.6
sissbruecker__linkding-613,sissbruecker/linkding,ok,1,0,1,39,23,3,False,0.7
sissbruecker__linkding-655,sissbruecker/linkding,ok,1,0,0,0,0,0,False,0.3
sissbruecker__linkding-687,sissbruecker/linkding,ok,1,0,2,12,11,0,False,0.5
sissbruecker__linkding-688,sissbruecker/linkding,ok,2,0,2,9,2,2,False,0.5
sissbruecker__linkding-706,sissbruecker/linkding,ok,2,1,2,26,5,0,False,0.4
sissbruecker__linkding-763,sissbruecker/linkding,ok,2,0,3,69,44,0,False,0.4
sissbruecker__linkding-804,sissbruecker/linkding,ok,5,0,6,83,21,2,False,0.7
sissbruecker__linkding-810,sissbruecker/linkding,ok,1,0,2,113,87,2,False,0.6
sissbruecker__linkding-811,sissbruecker/linkding,ok,1,0,2,12,6,0,False,0.4
sissbruecker__linkding-812,sissbruecker/linkding,ok,2,0,2,13,7,0,False,0.5
sissbruecker__linkding-819,sissbruecker/linkding,ok,1,0,1,9,6,0,False,0.4
sissbruecker__linkding-820,sissbruecker/linkding,ok,3,0,4,55,33,10,False,1.2
sissbruecker__linkding-835,sissbruecker/linkding,ok,4,1,3,63,20,0,False,0.7
sissbruecker__linkding-863,sissbruecker/linkding,ok,3,2,2,60,15,1,False,0.6
sissbruecker__linkding-971,sissbruecker/linkding,ok,2,0,2,27,13,0,False,0.5
sissbruecker__linkding-993,sissbruecker/linkding,ok,1,0,5,20,18,0,False,0.6
spacetelescope__jwst-3629,spacetelescope/jwst,ok,2,0,6,261,104,2,False,7.7
spacetelescope__jwst-5318,spacetelescope/jwst,ok,4,0,6,84,79,10,False,4.6
spacetelescope__jwst-5543,spacetelescope/jwst,ok,2,0,2,64,37,6,False,2.3
spacetelescope__jwst-7745,spacetelescope/jwst,ok,2,0,2,124,56,4,False,1.7
spacetelescope__jwst-7976,spacetelescope/jwst,ok,1,0,1,1,1,0,False,0.7
spacetelescope__jwst-7978,spacetelescope/jwst,ok,1,0,1,220,137,4,False,2.3
spacetelescope__jwst-7982,spacetelescope/jwst,ok,1,0,1,21,3,6,False,2.0
spacetelescope__jwst-8096,spacetelescope/jwst,ok,1,1,1,148,38,6,False,1.0
spacetelescope__jwst-8336,spacetelescope/jwst,ok,1,0,1,62,63,0,False,1.1
spacetelescope__jwst-8433,spacetelescope/jwst,ok,1,0,1,26,19,0,False,0.7
spacetelescope__jwst-8461,spacetelescope/jwst,ok,1,0,1,2,2,0,False,0.4
spacetelescope__jwst-8699,spacetelescope/jwst,ok,2,0,2,39,16,2,False,1.4
spacetelescope__jwst-8747,spacetelescope/jwst,ok,2,0,2,54,8,0,False,1.6
spacetelescope__jwst-8760,spacetelescope/jwst,ok,1,0,2,17,8,2,False,1.3
spacetelescope__jwst-8761,spacetelescope/jwst,ok,1,0,1,15,7,0,False,0.5
spdx__tools-python-283,spdx/tools-python,ok,1,0,1,6,5,0,False,0.5
spdx__tools-python-467,spdx/tools-python,ok,1,0,4,16,15,0,False,0.6
spdx__tools-python-481,spdx/tools-python,ok,2,0,0,0,0,0,False,0.5
spdx__tools-python-520,spdx/tools-python,ok,1,0,1,4,2,0,False,0.4
spdx__tools-python-543,spdx/tools-python,ok,1,0,1,26,15,0,False,0.4
spdx__tools-python-651,spdx/tools-python,ok,1,0,1,3,3,0,False,0.4
spdx__tools-python-695,spdx/tools-python,ok,1,0,8,35,27,0,False,0.6
spdx__tools-python-719,spdx/tools-python,ok,1,0,1,6,3,3,False,0.3
spdx__tools-python-746,spdx/tools-python,ok,1,0,0,0,0,0,False,0.5
spdx__tools-python-757,spdx/tools-python,ok,1,0,3,6,4,0,False,0.4
spdx__tools-python-765,spdx/tools-python,ok,1,0,2,9,8,0,False,0.4
spdx__tools-python-768,spdx/tools-python,ok,1,0,1,14,5,8,False,0.3
spdx__tools-python-778,spdx/tools-python,ok,1,0,3,7,5,0,False,0.6
spdx__tools-python-799,spdx/tools-python,ok,1,0,1,1,1,0,False,0.3
spdx__tools-python-814,spdx/tools-python,ok,1,0,3,11,6,0,False,0.3
sphinx-doc__sphinx-10457,sphinx-doc/sphinx,ok,1,0,1,3,2,0,False,1.1
sphinx-doc__sphinx-10614,sphinx-doc/sphinx,ok,1,0,1,16,13,0,False,1.5
sphinx-doc__sphinx-11192,sphinx-doc/sphinx,ok,1,0,3,16,17,0,False,1.9
sphinx-doc__sphinx-11445,sphinx-doc/sphinx,ok,1,0,1,17,4,0,False,1.0
sphinx-doc__sphinx-11876,sphinx-doc/sphinx,ok,1,0,3,41,37,0,False,1.7
sphinx-doc__sphinx-12087,sphinx-doc/sphinx,ok,1,0,4,116,101,4,False,3.4
sphinx-doc__sphinx-12807,sphinx-doc/sphinx,ok,1,0,3,9,7,0,False,6.9
sphinx-doc__sphinx-13172,sphinx-doc/sphinx,ok,1,0,3,88,48,0,False,2.4
sphinx-doc__sphinx-8007,sphinx-doc/sphinx,ok,3,0,5,83,76,0,False,2.4
sphinx-doc__sphinx-8362,sphinx-doc/sphinx,ok,2,0,2,4,3,0,False,1.0
sphinx-doc__sphinx-8552,sphinx-doc/sphinx,ok,1,0,2,27,24,0,False,1.5
sphinx-doc__sphinx-8679,sphinx-doc/sphinx,ok,1,0,2,7,8,0,False,4.8
sphinx-doc__sphinx-9180,sphinx-doc/sphinx,ok,1,0,1,4,5,0,False,1.4
sphinx-doc__sphinx-9207,sphinx-doc/sphinx,ok,1,0,1,19,14,0,False,2.1
sphinx-doc__sphinx-9261,sphinx-doc/sphinx,ok,2,0,2,32,32,0,False,1.8
sphinx-doc__sphinx-9289,sphinx-doc/sphinx,ok,1,0,3,23,17,0,False,1.0
sphinx-doc__sphinx-9320,sphinx-doc/sphinx,ok,1,0,1,9,7,0,False,1.1
sphinx-doc__sphinx-9591,sphinx-doc/sphinx,ok,1,0,3,12,10,0,False,1.2
sphinx-doc__sphinx-9658,sphinx-doc/sphinx,ok,1,0,1,6,5,0,False,1.0
sphinx-doc__sphinx-9797,sphinx-doc/sphinx,ok,1,0,1,7,6,0,False,0.9
SpikeInterface__spikeinterface-1057,spikeinterface/spikeinterface,ok,1,0,1,11,7,0,False,1.2
SpikeInterface__spikeinterface-2716,spikeinterface/spikeinterface,ok,1,0,1,8,5,0,False,0.4
SpikeInterface__spikeinterface-2775,spikeinterface/spikeinterface,ok,4,0,4,413,128,6,False,7.1
SpikeInterface__spikeinterface-3047,spikeinterface/spikeinterface,ok,1,0,1,4,2,0,False,1.0
SpikeInterface__spikeinterface-3180,spikeinterface/spikeinterface,ok,4,0,2,58,35,3,False,1.2
SpikeInterface__spikeinterface-3347,spikeinterface/spikeinterface,ok,1,0,1,173,155,15,False,2.9
SpikeInterface__spikeinterface-3670,spikeinterface/spikeinterface,ok,2,0,3,24,25,2,False,5.5
SpikeInterface__spikeinterface-3737,spikeinterface/spikeinterface,ok,2,0,3,46,21,0,False,1.0
SpikeInterface__spikeinterface-3778,spikeinterface/spikeinterface,ok,3,0,4,66,46,1,False,1.5
SpikeInterface__spikeinterface-3829,spikeinterface/spikeinterface,ok,1,0,2,15,12,1,False,1.1
sqlfluff__sqlfluff-1133,sqlfluff/sqlfluff,ok,4,0,3,52,45,1,False,2.0
sqlfluff__sqlfluff-1198,sqlfluff/sqlfluff,ok,1,0,2,31,21,6,False,1.4
sqlfluff__sqlfluff-1402,sqlfluff/sqlfluff,ok,3,0,2,71,28,0,False,2.4
sqlfluff__sqlfluff-2540,sqlfluff/sqlfluff,ok,1,1,6,214,33,0,False,2.5
sqlfluff__sqlfluff-3435,sqlfluff/sqlfluff,ok,1,0,0,0,0,0,False,2.2
sqlfluff__sqlfluff-4041,sqlfluff/sqlfluff,ok,3,0,3,144,65,0,False,3.8
sqlfluff__sqlfluff-4685,sqlfluff/sqlfluff,ok,2,0,7,61,55,3,False,4.2
sqlfluff__sqlfluff-4753,sqlfluff/sqlfluff,ok,2,0,2,15,11,0,False,2.6
sqlfluff__sqlfluff-5206,sqlfluff/sqlfluff,ok,2,0,2,59,38,0,False,2.7
sqlfluff__sqlfluff-581,sqlfluff/sqlfluff,ok,2,0,2,16,11,0,False,1.7
sqlfluff__sqlfluff-583,sqlfluff/sqlfluff,ok,1,0,1,7,7,0,False,1.2
sqlfluff__sqlfluff-5880,sqlfluff/sqlfluff,ok,2,0,4,19,15,0,False,3.6
sqlfluff__sqlfluff-594,sqlfluff/sqlfluff,ok,1,0,1,3,1,0,False,0.7
sqlfluff__sqlfluff-6123,sqlfluff/sqlfluff,ok,1,0,2,18,27,0,False,4.0
sqlfluff__sqlfluff-6366,sqlfluff/sqlfluff,ok,3,0,8,100,52,0,False,4.8
sqlfluff__sqlfluff-762,sqlfluff/sqlfluff,ok,1,0,1,2,2,0,False,0.5
sqlfluff__sqlfluff-884,sqlfluff/sqlfluff,ok,2,0,2,50,24,0,False,2.0
sqlfluff__sqlfluff-905,sqlfluff/sqlfluff,ok,1,0,3,53,46,0,False,1.5
sqlfluff__sqlfluff-933,sqlfluff/sqlfluff,ok,1,0,1,3,1,0,False,0.6
sqlfluff__sqlfluff-982,sqlfluff/sqlfluff,ok,1,0,2,14,15,0,False,1.7
stanfordnlp__dspy-1472,stanfordnlp/dspy,ok,1,0,1,153,34,5,False,4.8
stanfordnlp__dspy-1556,stanfordnlp/dspy,ok,3,0,6,185,116,0,False,5.6
stanfordnlp__dspy-1651,stanfordnlp/dspy,ok,1,0,4,23,27,0,False,5.9
stanfordnlp__dspy-1741,stanfordnlp/dspy,ok,1,0,2,58,11,0,False,4.4
stanfordnlp__dspy-779,stanfordnlp/dspy,ok,1,0,1,7,7,0,False,0.7
stanfordnlp__dspy-8053,stanfordnlp/dspy,ok,1,0,5,22,18,0,False,1.1
stanfordnlp__dspy-8146,stanfordnlp/dspy,ok,1,0,2,16,14,0,False,3.0
stanfordnlp__dspy-8340,stanfordnlp/dspy,ok,1,0,1,2,2,0,False,0.7
stanfordnlp__dspy-8360,stanfordnlp/dspy,ok,1,0,1,9,10,0,False,1.0
stanfordnlp__dspy-8394,stanfordnlp/dspy,ok,1,0,1,20,16,0,False,0.5
stanfordnlp__dspy-8432,stanfordnlp/dspy,ok,1,0,1,23,11,2,False,2.8
stanfordnlp__dspy-848,stanfordnlp/dspy,ok,1,0,1,10,10,0,False,0.8
stanfordnlp__dspy-8566,stanfordnlp/dspy,ok,1,0,1,14,14,0,False,1.1
stanfordnlp__dspy-8605,stanfordnlp/dspy,ok,2,0,2,6,2,0,False,2.5
stanfordnlp__dspy-8607,stanfordnlp/dspy,ok,4,0,4,54,33,0,False,1.0
stanfordnlp__dspy-8718,stanfordnlp/dspy,ok,1,0,3,41,28,1,False,2.6
stanfordnlp__dspy-8739,stanfordnlp/dspy,ok,1,0,2,24,7,11,False,2.8
stanfordnlp__dspy-987,stanfordnlp/dspy,ok,1,0,1,17,4,0,False,3.8
statsmodels__statsmodels-8333,statsmodels/statsmodels,ok,3,0,2,68,36,0,False,2.1
statsmodels__statsmodels-8339,statsmodels/statsmodels,ok,1,0,1,41,22,0,False,0.7
statsmodels__statsmodels-8378,statsmodels/statsmodels,ok,1,0,1,29,20,1,False,1.8
statsmodels__statsmodels-8702,statsmodels/statsmodels,ok,2,0,1,43,7,0,False,1.4
statsmodels__statsmodels-8801,statsmodels/statsmodels,ok,1,0,1,268,187,0,False,1.3
statsmodels__statsmodels-8828,statsmodels/statsmodels,ok,1,0,1,7,10,0,False,1.2
statsmodels__statsmodels-8831,statsmodels/statsmodels,ok,3,0,3,39,36,0,False,1.4
statsmodels__statsmodels-8959,statsmodels/statsmodels,ok,1,0,1,56,28,0,False,1.1
statsmodels__statsmodels-9165,statsmodels/statsmodels,ok,1,0,5,8,8,0,False,1.2
statsmodels__statsmodels-9390,statsmodels/statsmodels,ok,5,0,9,177,122,14,False,5.7
statsmodels__statsmodels-9407,statsmodels/statsmodels,ok,1,0,3,239,195,4,False,3.0
statsmodels__statsmodels-9413,statsmodels/statsmodels,ok,1,0,8,219,184,3,False,8.2
statsmodels__statsmodels-9468,statsmodels/statsmodels,ok,1,0,3,40,30,6,False,1.8
streamlink__streamlink-1660,streamlink/streamlink,ok,1,0,2,8,4,2,False,2.7
streamlink__streamlink-1721,streamlink/streamlink,ok,2,0,13,371,271,27,False,2.6
streamlink__streamlink-2102,streamlink/streamlink,ok,1,0,1,21,1,1,False,0.9
streamlink__streamlink-2765,streamlink/streamlink,ok,1,0,1,5,6,0,False,1.2
streamlink__streamlink-2780,streamlink/streamlink,ok,1,0,2,10,10,0,False,1.1
streamlink__streamlink-3205,streamlink/streamlink,ok,1,0,2,4,3,1,False,1.2
streamlink__streamlink-3422,streamlink/streamlink,ok,1,0,1,13,8,0,False,1.1
streamlink__streamlink-3768,streamlink/streamlink,ok,3,0,3,63,38,8,False,6.8
streamlink__streamlink-3847,streamlink/streamlink,ok,2,0,7,98,82,7,False,5.6
streamlink__streamlink-3920,streamlink/streamlink,ok,1,0,0,2,0,0,False,0.6
streamlink__streamlink-5444,streamlink/streamlink,ok,2,0,10,68,55,4,False,1.4
streamlink__streamlink-5478,streamlink/streamlink,ok,3,0,5,73,18,5,False,1.6
streamlink__streamlink-5586,streamlink/streamlink,ok,3,0,11,198,147,10,False,2.0
streamlink__streamlink-5645,streamlink/streamlink,ok,1,0,5,59,38,2,False,0.7
streamlink__streamlink-5725,streamlink/streamlink,ok,1,0,5,26,21,2,False,1.3
streamlink__streamlink-5932,streamlink/streamlink,ok,1,0,5,18,16,0,False,1.0
streamlink__streamlink-6328,streamlink/streamlink,ok,1,0,1,18,8,6,False,0.9
streamlink__streamlink-6353,streamlink/streamlink,ok,1,0,1,4,2,1,False,0.6
streamlink__streamlink-6433,streamlink/streamlink,ok,1,0,5,30,22,2,False,1.6
streamlink__streamlink-6544,streamlink/streamlink,ok,2,0,1,8,5,3,False,1.5
sunpy__sunpy-4724,sunpy/sunpy,ok,1,0,4,23,8,0,False,1.0
sunpy__sunpy-4791,sunpy/sunpy,ok,1,0,0,0,0,0,False,0.3
sunpy__sunpy-4879,sunpy/sunpy,ok,1,0,1,139,12,0,False,2.1
sunpy__sunpy-5915,sunpy/sunpy,ok,1,0,1,14,6,0,False,0.7
sunpy__sunpy-6423,sunpy/sunpy,ok,1,0,0,4,0,0,False,0.8
sunpy__sunpy-6451,sunpy/sunpy,ok,1,0,4,21,20,0,False,7.7
sunpy__sunpy-6499,sunpy/sunpy,ok,1,0,2,80,30,1,False,1.2
sunpy__sunpy-6581,sunpy/sunpy,ok,1,0,1,41,36,0,False,1.1
sunpy__sunpy-7024,sunpy/sunpy,ok,3,0,3,15,6,0,False,1.0
sunpy__sunpy-7370,sunpy/sunpy,ok,1,0,1,12,9,3,False,1.2
sunpy__sunpy-7446,sunpy/sunpy,ok,1,0,2,21,17,0,False,5.3
sunpy__sunpy-7950,sunpy/sunpy,ok,1,0,2,11,9,0,False,6.5
sympy__sympy-13177,sympy/sympy,ok,1,0,1,13,6,3,False,9.9
sympy__sympy-13265,sympy/sympy,ok,2,0,6,120,124,1,False,12.7
sympy__sympy-13878,sympy/sympy,ok,1,0,15,404,193,0,False,7.3
sympy__sympy-14296,sympy/sympy,ok,1,0,0,0,0,0,False,0.6
sympy__sympy-14333,sympy/sympy,ok,1,0,1,31,2,0,False,1.0
sympy__sympy-15011,sympy/sympy,ok,1,0,6,34,29,1,False,14.3
sympy__sympy-15349,sympy/sympy,ok,1,0,1,10,10,0,False,1.5
sympy__sympy-15567,sympy/sympy,ok,1,0,1,6,4,0,False,2.8
sympy__sympy-15609,sympy/sympy,ok,1,0,2,8,6,0,False,6.2
sympy__sympy-15971,sympy/sympy,ok,1,0,6,19,19,0,False,1.7
sympy__sympy-16943,sympy/sympy,ok,1,0,6,53,35,1,False,6.8
sympy__sympy-16963,sympy/sympy,ok,8,0,8,122,38,0,False,7.3
sympy__sympy-17394,sympy/sympy,ok,4,0,4,85,78,0,False,14.8
sympy__sympy-18030,sympy/sympy,ok,2,0,16,168,90,1,False,17.2
sympy__sympy-19182,sympy/sympy,ok,1,0,6,24,20,1,False,8.9
sympy__sympy-19601,sympy/sympy,ok,1,0,1,11,8,1,False,3.3
sympy__sympy-19637,sympy/sympy,ok,1,0,1,4,5,0,False,1.5
sympy__sympy-20565,sympy/sympy,ok,1,0,0,0,0,0,False,1.5
sympy__sympy-21527,sympy/sympy,ok,5,0,8,59,56,0,False,27.7
sympy__sympy-21596,sympy/sympy,ok,1,0,9,39,36,1,False,4.6
tefra__xsdata-1010,tefra/xsdata,ok,1,0,1,21,10,0,False,0.6
tefra__xsdata-1055,tefra/xsdata,ok,1,0,1,3,1,0,False,0.4
tefra__xsdata-1067,tefra/xsdata,ok,1,0,2,15,15,0,False,0.8
tefra__xsdata-1098,tefra/xsdata,ok,1,0,2,5,5,0,False,0.6
tefra__xsdata-1099,tefra/xsdata,ok,1,0,2,6,6,0,False,0.8
tefra__xsdata-609,tefra/xsdata,ok,1,0,2,43,33,0,False,0.6
tefra__xsdata-679,tefra/xsdata,ok,2,0,2,171,146,0,False,1.1
tefra__xsdata-687,tefra/xsdata,ok,1,0,2,3,3,0,False,0.5
tefra__xsdata-749,tefra/xsdata,ok,1,0,7,58,54,0,False,0.7
tefra__xsdata-755,tefra/xsdata,ok,2,0,2,11,9,0,False,0.6
tefra__xsdata-787,tefra/xsdata,ok,1,0,2,17,15,0,False,0.6
tefra__xsdata-788,tefra/xsdata,ok,4,0,5,28,16,3,False,5.8
tefra__xsdata-826,tefra/xsdata,ok,1,0,1,1,1,0,False,0.5
tefra__xsdata-834,tefra/xsdata,ok,2,0,1,32,1,1,False,0.7
tefra__xsdata-879,tefra/xsdata,ok,1,0,1,8,2,0,False,0.4
tefra__xsdata-886,tefra/xsdata,ok,1,0,2,20,16,0,False,0.7
tefra__xsdata-901,tefra/xsdata,ok,1,0,0,0,0,0,False,0.4
tefra__xsdata-902,tefra/xsdata,ok,1,0,2,5,5,0,False,0.4
tefra__xsdata-905,tefra/xsdata,ok,1,0,2,7,5,0,False,0.7
tefra__xsdata-994,tefra/xsdata,ok,2,0,3,14,13,0,False,0.9
terrapower__armi-102,terrapower/armi,ok,2,0,4,81,44,0,False,1.1
terrapower__armi-1117,terrapower/armi,ok,3,0,4,130,15,0,False,1.4
terrapower__armi-1122,terrapower/armi,ok,1,0,5,51,38,2,False,1.2
terrapower__armi-1230,terrapower/armi,ok,1,0,2,19,19,0,False,1.0
terrapower__armi-1796,terrapower/armi,ok,2,0,3,41,44,0,False,0.9
terrapower__armi-1839,terrapower/armi,ok,1,0,2,55,11,2,False,1.4
terrapower__armi-1842,terrapower/armi,ok,3,0,7,47,29,0,False,1.4
terrapower__armi-1883,terrapower/armi,ok,2,0,1,16,10,0,False,0.5
terrapower__armi-1925,terrapower/armi,ok,1,0,3,19,11,2,False,1.2
terrapower__armi-1929,terrapower/armi,ok,1,0,6,48,36,0,False,0.9
terrapower__armi-2068,terrapower/armi,ok,1,0,2,17,14,0,False,1.1
terrapower__armi-256,terrapower/armi,ok,2,0,2,87,23,0,False,1.6
Textualize__textual-1359,textualize/textual,ok,1,0,1,2,1,0,False,0.6
Textualize__textual-1551,textualize/textual,ok,2,0,3,20,11,1,False,1.3
Textualize__textual-1837,textualize/textual,ok,1,0,1,2,1,0,False,1.0
Textualize__textual-2038,textualize/textual,ok,1,0,1,2,1,0,False,0.8
Textualize__textual-2464,textualize/textual,ok,1,0,1,2,1,1,False,2.1
Textualize__textual-2692,textualize/textual,ok,1,0,3,46,38,3,False,8.5
Textualize__textual-2981,textualize/textual,ok,1,0,2,6,4,2,False,1.1
Textualize__textual-2987,textualize/textual,ok,2,0,3,75,37,3,False,1.7
Textualize__textual-3152,textualize/textual,ok,2,0,5,142,83,6,False,2.0
Textualize__textual-3274,textualize/textual,ok,1,0,1,2,6,0,False,0.9
Textualize__textual-3872,textualize/textual,ok,1,0,1,151,42,3,False,1.9
Textualize__textual-3965,textualize/textual,ok,1,0,1,7,19,1,False,1.2
Textualize__textual-4159,textualize/textual,ok,2,0,3,32,22,5,False,7.3
Textualize__textual-4196,textualize/textual,ok,1,0,1,19,13,0,False,0.5
Textualize__textual-4313,textualize/textual,ok,1,0,1,14,6,1,False,1.1
Textualize__textual-441,textualize/textual,ok,1,0,1,1,1,0,False,0.9
Textualize__textual-4452,textualize/textual,ok,3,0,3,11,7,0,False,1.1
Textualize__textual-4702,textualize/textual,ok,1,0,1,5,3,1,False,1.7
Textualize__textual-5237,textualize/textual,ok,1,0,2,7,8,0,False,1.6
Textualize__textual-5743,textualize/textual,ok,1,0,2,5,6,1,False,2.8
tobymao__sqlglot-1627,tobymao/sqlglot,ok,4,0,8,107,110,0,False,4.2
tobymao__sqlglot-2047,tobymao/sqlglot,ok,2,0,4,45,35,0,False,2.5
tobymao__sqlglot-2591,tobymao/sqlglot,ok,1,0,3,15,11,0,False,8.4
tobymao__sqlglot-3238,tobymao/sqlglot,ok,3,0,3,23,19,0,False,3.4
tobymao__sqlglot-3242,tobymao/sqlglot,ok,3,0,3,78,62,0,False,2.7
tobymao__sqlglot-3470,tobymao/sqlglot,ok,1,0,2,24,16,0,False,1.7
tobymao__sqlglot-3696,tobymao/sqlglot,ok,4,0,6,45,38,0,False,3.2
tobymao__sqlglot-3699,tobymao/sqlglot,ok,4,0,5,99,23,0,False,2.8
tobymao__sqlglot-3720,tobymao/sqlglot,ok,2,0,4,68,56,0,False,3.4
tobymao__sqlglot-3731,tobymao/sqlglot,ok,4,0,4,107,101,0,False,12.5
tobymao__sqlglot-3785,tobymao/sqlglot,ok,1,0,2,9,9,0,False,1.3
tobymao__sqlglot-3799,tobymao/sqlglot,ok,1,0,2,3,3,0,False,2.1
tobymao__sqlglot-4004,tobymao/sqlglot,ok,1,0,4,9,8,0,False,1.6
tobymao__sqlglot-4079,tobymao/sqlglot,ok,2,0,4,39,30,0,False,4.3
tobymao__sqlglot-4106,tobymao/sqlglot,ok,3,0,4,38,36,0,False,2.2
tobymao__sqlglot-4311,tobymao/sqlglot,ok,2,0,4,42,36,0,False,3.6
tobymao__sqlglot-4390,tobymao/sqlglot,ok,1,0,2,13,15,0,False,2.6
tobymao__sqlglot-4393,tobymao/sqlglot,ok,2,0,3,61,39,0,False,1.9
tobymao__sqlglot-4628,tobymao/sqlglot,ok,4,0,7,116,104,0,False,11.2
tobymao__sqlglot-559,tobymao/sqlglot,ok,2,0,2,16,15,0,False,1.7
tornadoweb__tornado-1936,tornadoweb/tornado,ok,4,0,4,29,35,0,False,0.8
tornadoweb__tornado-2011,tornadoweb/tornado,ok,2,0,2,16,16,0,False,0.4
tornadoweb__tornado-2045,tornadoweb/tornado,ok,2,0,5,46,35,3,False,2.2
tornadoweb__tornado-2047,tornadoweb/tornado,ok,2,0,4,99,21,3,False,0.9
tornadoweb__tornado-2048,tornadoweb/tornado,ok,2,0,4,42,26,3,False,0.8
tornadoweb__tornado-2058,tornadoweb/tornado,ok,2,0,1,5,5,0,False,0.5
tornadoweb__tornado-2074,tornadoweb/tornado,ok,2,0,1,11,5,0,False,0.5
tornadoweb__tornado-2075,tornadoweb/tornado,ok,2,0,4,52,29,0,False,1.0
tornadoweb__tornado-2157,tornadoweb/tornado,ok,1,0,2,12,8,1,False,0.5
tornadoweb__tornado-2270,tornadoweb/tornado,ok,1,0,1,6,4,0,False,0.4
tornadoweb__tornado-2394,tornadoweb/tornado,ok,3,0,3,128,21,2,False,2.7
tornadoweb__tornado-2397,tornadoweb/tornado,ok,3,0,6,53,35,0,False,1.4
tornadoweb__tornado-2544,tornadoweb/tornado,ok,1,0,1,9,8,0,False,0.6
tornadoweb__tornado-2545,tornadoweb/tornado,ok,4,0,6,131,61,4,False,1.7
tornadoweb__tornado-2549,tornadoweb/tornado,ok,1,0,2,5,8,0,False,0.5
tornadoweb__tornado-2581,tornadoweb/tornado,ok,1,0,2,16,13,0,False,0.6
tornadoweb__tornado-2589,tornadoweb/tornado,ok,3,0,1,24,13,1,False,0.8
tornadoweb__tornado-2613,tornadoweb/tornado,ok,2,0,2,29,22,0,False,7.0
tornadoweb__tornado-2745,tornadoweb/tornado,ok,1,0,2,8,6,0,False,0.5
tornadoweb__tornado-3317,tornadoweb/tornado,ok,1,0,1,320,11,2,False,0.7
tox-dev__tox-1046,tox-dev/tox,ok,2,0,2,46,24,3,False,0.9
tox-dev__tox-1099,tox-dev/tox,ok,1,0,1,25,9,0,False,0.7
tox-dev__tox-1208,tox-dev/tox,ok,1,0,1,22,17,0,False,0.6
tox-dev__tox-1961,tox-dev/tox,ok,2,0,2,45,29,0,False,0.5
tox-dev__tox-2011,tox-dev/tox,ok,4,0,4,46,18,3,False,0.8
tox-dev__tox-2212,tox-dev/tox,ok,1,0,1,16,10,0,False,0.4
tox-dev__tox-2487,tox-dev/tox,ok,1,0,1,4,4,0,False,0.4
tox-dev__tox-2529,tox-dev/tox,ok,1,0,1,17,8,0,False,0.5
tox-dev__tox-2626,tox-dev/tox,ok,3,0,3,19,11,0,False,1.0
tox-dev__tox-2786,tox-dev/tox,ok,1,0,3,42,23,0,False,1.0
tox-dev__tox-2828,tox-dev/tox,ok,3,0,6,46,43,0,False,0.8
tox-dev__tox-2834,tox-dev/tox,ok,3,0,3,80,52,0,False,0.6
tox-dev__tox-2905,tox-dev/tox,ok,2,0,2,44,28,1,False,0.7
tox-dev__tox-2907,tox-dev/tox,ok,1,0,0,0,0,0,False,0.4
tox-dev__tox-3013,tox-dev/tox,ok,1,0,2,6,3,0,False,0.7
tox-dev__tox-3259,tox-dev/tox,ok,2,0,6,24,24,0,False,0.7
tox-dev__tox-3274,tox-dev/tox,ok,1,0,1,4,1,0,False,0.4
tox-dev__tox-3321,tox-dev/tox,ok,1,0,4,14,12,0,False,0.4
tox-dev__tox-946,tox-dev/tox,ok,1,0,1,8,3,0,False,1.2
tox-dev__tox-989,tox-dev/tox,ok,2,0,2,138,94,0,False,1.4
twisted__twisted-11688,twisted/twisted,ok,1,0,2,128,42,0,False,1.2
twisted__twisted-11810,twisted/twisted,ok,5,0,12,271,154,2,False,2.0
twisted__twisted-11897,twisted/twisted,ok,1,0,5,60,41,1,False,2.1
twisted__twisted-11970,twisted/twisted,ok,2,0,2,30,2,2,False,0.9
twisted__twisted-11979,twisted/twisted,ok,1,0,2,97,4,1,False,1.8
twisted__twisted-12040,twisted/twisted,ok,1,0,1,175,46,1,False,0.7
twisted__twisted-12047,twisted/twisted,ok,2,0,2,17,12,1,False,1.0
twisted__twisted-12064,twisted/twisted,ok,1,0,1,13,13,0,False,0.8
twisted__twisted-12096,twisted/twisted,ok,1,0,1,29,8,0,False,0.6
twisted__twisted-12302,twisted/twisted,ok,1,0,0,0,0,0,False,0.4
twisted__twisted-12324,twisted/twisted,ok,1,0,1,17,13,0,False,0.5
twisted__twisted-12326,twisted/twisted,ok,2,0,3,115,15,0,False,1.7
twisted__twisted-12366,twisted/twisted,ok,3,0,4,137,26,1,False,1.7
ucfopen__canvasapi-127,ucfopen/canvasapi,ok,1,0,2,17,10,0,False,0.7
ucfopen__canvasapi-133,ucfopen/canvasapi,ok,1,0,1,9,2,0,False,0.3
ucfopen__canvasapi-228,ucfopen/canvasapi,ok,1,0,1,8,7,0,False,0.5
ucfopen__canvasapi-273,ucfopen/canvasapi,ok,1,0,1,5,2,0,False,0.4
ucfopen__canvasapi-277,ucfopen/canvasapi,ok,1,0,2,52,29,0,False,0.4
ucfopen__canvasapi-302,ucfopen/canvasapi,ok,2,0,2,5,4,0,False,0.4
ucfopen__canvasapi-306,ucfopen/canvasapi,ok,1,0,1,7,5,0,False,0.4
ucfopen__canvasapi-340,ucfopen/canvasapi,ok,1,0,2,6,5,0,False,0.2
ucfopen__canvasapi-343,ucfopen/canvasapi,ok,1,0,2,16,15,0,False,0.4
ucfopen__canvasapi-381,ucfopen/canvasapi,ok,1,0,3,6,5,0,False,0.4
ucfopen__canvasapi-406,ucfopen/canvasapi,ok,1,0,1,4,4,0,False,0.3
ucfopen__canvasapi-421,ucfopen/canvasapi,ok,2,0,5,64,33,0,False,1.1
ucfopen__canvasapi-443,ucfopen/canvasapi,ok,2,0,2,41,10,2,False,0.8
ucfopen__canvasapi-450,ucfopen/canvasapi,ok,1,0,4,9,8,0,False,0.6
ucfopen__canvasapi-471,ucfopen/canvasapi,ok,1,0,1,27,9,0,False,0.4
ucfopen__canvasapi-51,ucfopen/canvasapi,ok,1,0,4,133,51,0,False,0.7
ucfopen__canvasapi-512,ucfopen/canvasapi,ok,1,0,4,19,17,0,False,0.6
ucfopen__canvasapi-65,ucfopen/canvasapi,ok,1,0,1,28,20,0,False,0.5
ucfopen__canvasapi-76,ucfopen/canvasapi,ok,2,0,2,10,4,0,False,0.5
ucfopen__canvasapi-92,ucfopen/canvasapi,ok,2,0,2,43,16,0,False,0.6
vertexproject__synapse-294,vertexproject/synapse,ok,1,0,1,5,3,0,False,1.5
vertexproject__synapse-295,vertexproject/synapse,ok,1,0,1,23,20,0,False,0.6
vertexproject__synapse-296,vertexproject/synapse,ok,3,0,5,214,82,14,False,3.5
vertexproject__synapse-331,vertexproject/synapse,ok,1,0,1,1,1,0,False,0.3
vertexproject__synapse-349,vertexproject/synapse,ok,1,0,3,19,19,0,False,0.8
vertexproject__synapse-350,vertexproject/synapse,ok,1,0,1,24,21,0,False,0.7
vertexproject__synapse-351,vertexproject/synapse,ok,2,0,3,40,33,4,False,1.1
vertexproject__synapse-370,vertexproject/synapse,ok,1,0,1,27,30,0,False,0.8
vertexproject__synapse-381,vertexproject/synapse,ok,2,0,4,16,11,0,False,6.8
vertexproject__synapse-382,vertexproject/synapse,ok,1,0,2,6,6,0,False,0.8
vertexproject__synapse-3940,vertexproject/synapse,ok,1,0,1,3,2,0,False,1.8
vertexproject__synapse-941,vertexproject/synapse,ok,1,0,1,93,23,1,False,1.6
wemake-services__wemake-python-styleguide-1649,wemake-services/wemake-python-styleguide,ok,1,0,1,31,2,2,False,0.7
wemake-services__wemake-python-styleguide-1670,wemake-services/wemake-python-styleguide,ok,1,0,3,133,70,13,False,0.6
wemake-services__wemake-python-styleguide-1688,wemake-services/wemake-python-styleguide,ok,1,0,1,21,6,1,False,0.6
wemake-services__wemake-python-styleguide-1694,wemake-services/wemake-python-styleguide,ok,1,0,3,32,18,5,False,0.9
wemake-services__wemake-python-styleguide-1792,wemake-services/wemake-python-styleguide,ok,1,0,3,47,28,9,False,0.9
wemake-services__wemake-python-styleguide-1849,wemake-services/wemake-python-styleguide,ok,1,0,2,10,7,1,False,0.8
wemake-services__wemake-python-styleguide-1850,wemake-services/wemake-python-styleguide,ok,3,0,2,35,14,6,False,1.0
wemake-services__wemake-python-styleguide-1869,wemake-services/wemake-python-styleguide,ok,2,0,9,51,20,19,False,1.1
wemake-services__wemake-python-styleguide-1916,wemake-services/wemake-python-styleguide,ok,3,1,12,140,44,12,False,1.5
wemake-services__wemake-python-styleguide-1962,wemake-services/wemake-python-styleguide,ok,1,0,2,5,5,0,False,0.6
wemake-services__wemake-python-styleguide-2343,wemake-services/wemake-python-styleguide,ok,1,0,0,0,0,0,False,0.4
wemake-services__wemake-python-styleguide-2400,wemake-services/wemake-python-styleguide,ok,3,0,5,134,68,19,False,7.3
wemake-services__wemake-python-styleguide-2411,wemake-services/wemake-python-styleguide,ok,2,0,0,1,0,0,False,0.6
wemake-services__wemake-python-styleguide-2533,wemake-services/wemake-python-styleguide,ok,1,0,3,222,146,28,False,1.1
wemake-services__wemake-python-styleguide-3114,wemake-services/wemake-python-styleguide,ok,1,0,1,13,4,0,False,0.8
wemake-services__wemake-python-styleguide-3128,wemake-services/wemake-python-styleguide,ok,3,0,2,88,32,1,False,0.9
wemake-services__wemake-python-styleguide-3159,wemake-services/wemake-python-styleguide,ok,1,0,4,8,8,0,False,0.6
wemake-services__wemake-python-styleguide-3178,wemake-services/wemake-python-styleguide,ok,1,0,3,23,12,5,False,1.1
wemake-services__wemake-python-styleguide-3182,wemake-services/wemake-python-styleguide,ok,1,1,5,30,6,6,False,0.9
wemake-services__wemake-python-styleguide-3382,wemake-services/wemake-python-styleguide,ok,2,0,2,29,10,1,False,0.9
xonsh__xonsh-2795,xonsh/xonsh,ok,1,0,2,46,45,1,False,3.0
xonsh__xonsh-3024,xonsh/xonsh,ok,1,0,1,4,3,0,False,0.9
xonsh__xonsh-3107,xonsh/xonsh,ok,1,0,2,28,20,0,False,1.4
xonsh__xonsh-3141,xonsh/xonsh,ok,3,0,1,2,1,0,False,0.4
xonsh__xonsh-3255,xonsh/xonsh,ok,1,0,2,27,13,0,False,6.2
xonsh__xonsh-3272,xonsh/xonsh,ok,1,0,0,2,0,1,False,0.8
xonsh__xonsh-3334,xonsh/xonsh,ok,3,0,0,0,0,0,False,0.6
xonsh__xonsh-3345,xonsh/xonsh,ok,2,0,2,17,11,0,False,0.8
xonsh__xonsh-3428,xonsh/xonsh,ok,1,0,3,12,7,1,False,0.6
xonsh__xonsh-3723,xonsh/xonsh,ok,2,0,2,27,16,1,False,1.4
xonsh__xonsh-4610,xonsh/xonsh,ok,6,0,9,272,141,3,False,2.7
xonsh__xonsh-4673,xonsh/xonsh,ok,3,0,5,187,87,2,False,3.7
xonsh__xonsh-4907,xonsh/xonsh,ok,1,0,2,9,7,0,False,0.6
xonsh__xonsh-4919,xonsh/xonsh,ok,1,0,2,4,5,0,False,1.4
xonsh__xonsh-4920,xonsh/xonsh,ok,1,0,4,91,80,0,False,2.4
xonsh__xonsh-5013,xonsh/xonsh,ok,3,0,3,117,81,3,False,2.5
xonsh__xonsh-5632,xonsh/xonsh,ok,1,0,2,28,25,0,False,0.9
xonsh__xonsh-5698,xonsh/xonsh,ok,1,0,1,13,5,0,False,0.5
yt-dlp__yt-dlp-10516,yt-dlp/yt-dlp,ok,2,0,2,25,16,2,False,10.2
yt-dlp__yt-dlp-10531,yt-dlp/yt-dlp,ok,4,0,6,70,53,4,False,3.2
yt-dlp__yt-dlp-10544,yt-dlp/yt-dlp,ok,3,0,3,33,21,3,False,2.3
yt-dlp__yt-dlp-10611,yt-dlp/yt-dlp,ok,4,0,10,121,110,0,False,3.0
yt-dlp__yt-dlp-11198,yt-dlp/yt-dlp,ok,1,0,1,66,55,1,False,0.8
yt-dlp__yt-dlp-11425,yt-dlp/yt-dlp,ok,1,0,1,117,111,3,False,2.8
yt-dlp__yt-dlp-11751,yt-dlp/yt-dlp,ok,2,0,4,83,71,7,False,4.1
yt-dlp__yt-dlp-11880,yt-dlp/yt-dlp,ok,1,0,1,4,2,1,False,1.1
yt-dlp__yt-dlp-12684,yt-dlp/yt-dlp,ok,2,0,3,72,70,0,False,9.4
yt-dlp__yt-dlp-12714,yt-dlp/yt-dlp,ok,1,0,3,54,44,7,False,2.7
yt-dlp__yt-dlp-12748,yt-dlp/yt-dlp,ok,1,0,2,6,4,0,False,0.5
yt-dlp__yt-dlp-4841,yt-dlp/yt-dlp,ok,1,0,1,4,1,2,False,1.8
yukinarit__pyserde-208,yukinarit/pyserde,ok,2,0,2,18,15,0,False,0.5
yukinarit__pyserde-229,yukinarit/pyserde,ok,2,0,2,30,15,0,False,0.4
yukinarit__pyserde-264,yukinarit/pyserde,ok,1,0,2,14,15,0,False,0.6
yukinarit__pyserde-313,yukinarit/pyserde,ok,2,0,3,16,12,0,False,0.6
yukinarit__pyserde-44,yukinarit/pyserde,ok,3,0,3,160,109,0,False,0.9
yukinarit__pyserde-441,yukinarit/pyserde,ok,1,0,2,3,3,0,False,0.5
yukinarit__pyserde-561,yukinarit/pyserde,ok,1,0,1,7,5,0,False,0.4
yukinarit__pyserde-565,yukinarit/pyserde,ok,2,0,2,33,10,0,False,0.6
yukinarit__pyserde-569,yukinarit/pyserde,ok,3,0,4,62,52,0,False,1.1
yukinarit__pyserde-620,yukinarit/pyserde,ok,2,0,3,22,21,0,False,1.0
zarr-developers__zarr-python-1397,zarr-developers/zarr-python,ok,1,0,1,5,2,0,False,4.3
zarr-developers__zarr-python-1447,zarr-developers/zarr-python,ok,1,0,1,10,14,0,False,4.1
zarr-developers__zarr-python-1828,zarr-developers/zarr-python,ok,3,0,2,21,9,0,False,4.6
zarr-developers__zarr-python-1968,zarr-developers/zarr-python,ok,4,0,6,109,68,1,False,4.6
zarr-developers__zarr-python-1991,zarr-developers/zarr-python,ok,1,0,1,6,6,0,False,3.9
zarr-developers__zarr-python-2210,zarr-developers/zarr-python,ok,2,0,6,324,251,1,False,2.3
zarr-developers__zarr-python-2213,zarr-developers/zarr-python,ok,1,0,2,130,95,0,False,1.4
zarr-developers__zarr-python-2244,zarr-developers/zarr-python,ok,2,0,6,28,15,1,False,1.7
zarr-developers__zarr-python-2416,zarr-developers/zarr-python,ok,1,0,2,13,13,0,False,0.5
zarr-developers__zarr-python-2494,zarr-developers/zarr-python,ok,1,0,2,4,4,0,False,0.6
zarr-developers__zarr-python-2512,zarr-developers/zarr-python,ok,1,0,3,11,16,2,False,2.0
zarr-developers__zarr-python-2548,zarr-developers/zarr-python,ok,3,0,4,104,66,0,False,3.0
zarr-developers__zarr-python-2583,zarr-developers/zarr-python,ok,1,0,1,4,3,0,False,0.5
zarr-developers__zarr-python-2629,zarr-developers/zarr-python,ok,1,0,1,2,2,0,False,1.5
zarr-developers__zarr-python-2638,zarr-developers/zarr-python,ok,1,0,1,21,18,0,False,5.8
zarr-developers__zarr-python-2644,zarr-developers/zarr-python,ok,3,0,4,33,30,0,False,1.9
zarr-developers__zarr-python-2679,zarr-developers/zarr-python,ok,1,0,3,43,42,0,False,0.9
zarr-developers__zarr-python-2755,zarr-developers/zarr-python,ok,4,0,1,128,10,3,False,1.3
zarr-developers__zarr-python-2817,zarr-developers/zarr-python,ok,1,0,2,7,5,0,False,0.8
zarr-developers__zarr-python-3015,zarr-developers/zarr-python,ok,1,0,3,17,8,2,False,0.9
