instance_id,repo_key,n_edited,n_seeds,edited_not_in_graph,n_new_files,has_exec
aiogram__aiogram-1665,aiogram/aiogram,1,1,0,0,False
aiogram__aiogram-1247,aiogram/aiogram,1,1,0,0,False
aiogram__aiogram-1670,aiogram/aiogram,1,1,0,0,False
aiogram__aiogram-1674,aiogram/aiogram,1,1,0,0,False
aiogram__aiogram-661,aiogram/aiogram,2,2,0,0,False
aiogram__aiogram-1474,aiogram/aiogram,1,1,0,0,False
aiogram__aiogram-1267,aiogram/aiogram,4,4,0,0,False
aiogram__aiogram-1250,aiogram/aiogram,1,1,0,0,False
aiogram__aiogram-1283,aiogram/aiogram,2,2,0,0,False
aiogram__aiogram-1370,aiogram/aiogram,2,2,0,0,False
aiogram__aiogram-1594,aiogram/aiogram,4,4,0,0,False
aiogram__aiogram-1318,aiogram/aiogram,1,1,0,0,False
aiogram__aiogram-912,aiogram/aiogram,2,2,0,0,False
aiogram__aiogram-1497,aiogram/aiogram,1,1,0,0,False
aiogram__aiogram-989,aiogram/aiogram,2,2,0,0,False
aiogram__aiogram-1585,aiogram/aiogram,1,1,0,0,False
aiogram__aiogram-1657,aiogram/aiogram,1,1,0,0,False
aiogram__aiogram-1469,aiogram/aiogram,1,1,0,0,False
astropy__astropy-14702,astropy/astropy,1,1,0,0,False
astropy__astropy-14484,astropy/astropy,1,1,0,0,False
astropy__astropy-14163,astropy/astropy,1,1,0,0,False
astropy__astropy-14578,astropy/astropy,1,1,0,0,False
astropy__astropy-12544,astropy/astropy,1,1,0,0,False
astropy__astropy-14413,astropy/astropy,3,3,0,0,False
astropy__astropy-8519,astropy/astropy,1,1,0,0,False
astropy__astropy-13462,astropy/astropy,1,1,0,0,False
astropy__astropy-13838,astropy/astropy,1,1,0,0,False
astropy__astropy-14528,astropy/astropy,1,1,0,0,False
astropy__astropy-7441,astropy/astropy,2,2,0,0,False
astropy__astropy-13842,astropy/astropy,2,2,0,0,False
astropy__astropy-13236,astropy/astropy,1,1,0,0,False
astropy__astropy-13438,astropy/astropy,1,1,0,0,False
astropy__astropy-13404,astropy/astropy,1,1,0,0,False
astropy__astropy-12057,astropy/astropy,1,1,0,0,False
astropy__astropy-14590,astropy/astropy,1,1,0,0,False
astropy__astropy-13032,astropy/astropy,1,1,0,0,False
astropy__astropy-8872,astropy/astropy,1,1,0,0,False
astropy__astropy-7737,astropy/astropy,1,1,0,0,False
astropy__astroquery-3116,astropy/astroquery,1,1,0,0,False
astropy__astroquery-1584,astropy/astroquery,1,1,0,0,False
astropy__astroquery-3068,astropy/astroquery,1,1,0,0,False
astropy__astroquery-3168,astropy/astroquery,1,1,0,0,False
astropy__astroquery-3199,astropy/astroquery,1,1,0,0,False
astropy__astroquery-2654,astropy/astroquery,1,1,0,0,False
astropy__astroquery-2160,astropy/astroquery,1,1,0,0,False
astropy__astroquery-3031,astropy/astroquery,3,3,0,0,False
astropy__astroquery-2444,astropy/astroquery,1,1,0,0,False
astropy__astroquery-3105,astropy/astroquery,1,1,0,0,False
astropy__astroquery-3224,astropy/astroquery,1,1,0,0,False
astropy__astroquery-3275,astropy/astroquery,1,1,0,0,False
astropy__photutils-1312,astropy/photutils,1,1,0,0,False
astropy__photutils-1292,astropy/photutils,1,1,0,0,False
astropy__photutils-1943,astropy/photutils,4,4,0,0,False
astropy__photutils-1648,astropy/photutils,1,1,0,0,False
astropy__photutils-1935,astropy/photutils,1,1,0,0,False
astropy__photutils-1663,astropy/photutils,4,4,0,0,False
astropy__photutils-1805,astropy/photutils,1,1,0,0,False
astropy__photutils-1956,astropy/photutils,1,1,0,0,False
astropy__photutils-1978,astropy/photutils,2,2,0,0,False
astropy__photutils-1679,astropy/photutils,1,1,0,0,False
astropy__photutils-1512,astropy/photutils,1,1,0,0,False
astropy__photutils-1477,astropy/photutils,1,1,0,0,False
aws-cloudformation__cfn-lint-3714,aws-cloudformation/cfn-lint,2,2,0,0,False
aws-cloudformation__cfn-lint-3399,aws-cloudformation/cfn-lint,2,2,0,0,False
aws-cloudformation__cfn-lint-3712,aws-cloudformation/cfn-lint,3,3,0,0,False
aws-cloudformation__cfn-lint-3563,aws-cloudformation/cfn-lint,5,5,0,0,False
aws-cloudformation__cfn-lint-3707,aws-cloudformation/cfn-lint,1,1,0,0,False
aws-cloudformation__cfn-lint-3663,aws-cloudformation/cfn-lint,2,2,0,0,False
aws-cloudformation__cfn-lint-3548,aws-cloudformation/cfn-lint,2,2,0,0,False
aws-cloudformation__cfn-lint-4236,aws-cloudformation/cfn-lint,1,1,0,0,False
aws-cloudformation__cfn-lint-3875,aws-cloudformation/cfn-lint,1,1,0,0,False
aws-cloudformation__cfn-lint-3785,aws-cloudformation/cfn-lint,1,1,0,0,False
aws-cloudformation__cfn-lint-4149,aws-cloudformation/cfn-lint,1,1,0,0,False
aws-cloudformation__cfn-lint-3731,aws-cloudformation/cfn-lint,3,3,0,0,False
aws-cloudformation__cfn-lint-3629,aws-cloudformation/cfn-lint,1,1,0,0,False
aws-cloudformation__cfn-lint-3890,aws-cloudformation/cfn-lint,1,1,0,0,False
aws-cloudformation__cfn-lint-3552,aws-cloudformation/cfn-lint,4,4,0,1,False
aws-cloudformation__cfn-lint-3855,aws-cloudformation/cfn-lint,1,1,0,0,False
aws-cloudformation__cfn-lint-3749,aws-cloudformation/cfn-lint,1,1,0,0,False
aws-cloudformation__cfn-lint-3639,aws-cloudformation/cfn-lint,1,1,0,0,False
aws-cloudformation__cfn-lint-3450,aws-cloudformation/cfn-lint,2,2,0,0,False
aws-cloudformation__cfn-lint-4026,aws-cloudformation/cfn-lint,2,2,0,0,False
Azure__azure-cli-2053,azure/azure-cli,4,0,4,0,False
Azure__azure-cli-3354,azure/azure-cli,1,0,1,0,False
Azure__azure-cli-4265,azure/azure-cli,2,1,1,0,False
Azure__azure-cli-2214,azure/azure-cli,1,0,1,0,False
Azure__azure-cli-2844,azure/azure-cli,2,0,2,0,False
Azure__azure-cli-2955,azure/azure-cli,4,0,4,1,False
Azure__azure-cli-3743,azure/azure-cli,1,0,1,0,False
Azure__azure-cli-1876,azure/azure-cli,2,0,2,0,False
Azure__azure-cli-3643,azure/azure-cli,1,0,1,0,False
Azure__azure-cli-2467,azure/azure-cli,2,0,2,0,False
beeware__briefcase-2214,beeware/briefcase,4,4,0,0,False
beeware__briefcase-1387,beeware/briefcase,1,1,0,0,False
beeware__briefcase-1824,beeware/briefcase,1,1,0,0,False
beeware__briefcase-1823,beeware/briefcase,1,1,0,0,False
beeware__briefcase-2302,beeware/briefcase,1,1,0,0,False
beeware__briefcase-1373,beeware/briefcase,1,1,0,0,False
beeware__briefcase-935,beeware/briefcase,1,1,0,0,False
beeware__briefcase-2085,beeware/briefcase,1,1,0,0,False
beeware__briefcase-927,beeware/briefcase,2,2,0,0,False
beeware__briefcase-1054,beeware/briefcase,1,1,0,0,False
beeware__briefcase-1307,beeware/briefcase,1,1,0,0,False
beeware__briefcase-1972,beeware/briefcase,1,1,0,0,False
beeware__briefcase-1180,beeware/briefcase,1,1,0,0,False
beeware__briefcase-1910,beeware/briefcase,3,3,0,0,False
beeware__briefcase-2089,beeware/briefcase,2,2,0,0,False
beeware__briefcase-1598,beeware/briefcase,2,2,0,0,False
beeware__briefcase-864,beeware/briefcase,1,1,0,0,False
beeware__briefcase-2114,beeware/briefcase,3,3,0,0,False
beeware__briefcase-1088,beeware/briefcase,1,1,0,0,False
beeware__briefcase-955,beeware/briefcase,1,1,0,0,False
borgbackup__borg-6683,borgbackup/borg,1,1,0,0,False
borgbackup__borg-7448,borgbackup/borg,1,1,0,0,False
borgbackup__borg-2527,borgbackup/borg,4,4,0,0,False
borgbackup__borg-7942,borgbackup/borg,1,1,0,0,False
borgbackup__borg-6528,borgbackup/borg,1,1,0,0,False
borgbackup__borg-7388,borgbackup/borg,3,3,0,0,False
borgbackup__borg-6529,borgbackup/borg,1,1,0,0,False
borgbackup__borg-6684,borgbackup/borg,1,1,0,0,False
borgbackup__borg-7583,borgbackup/borg,3,3,0,0,False
borgbackup__borg-2566,borgbackup/borg,1,1,0,0,False
borgbackup__borg-7941,borgbackup/borg,2,2,0,0,False
borgbackup__borg-2555,borgbackup/borg,1,1,0,0,False
borgbackup__borg-7712,borgbackup/borg,1,1,0,0,False
borgbackup__borg-7492,borgbackup/borg,3,3,0,0,False
borgbackup__borg-7474,borgbackup/borg,2,2,0,0,False
borgbackup__borg-6527,borgbackup/borg,3,3,0,0,False
borgbackup__borg-6682,borgbackup/borg,1,1,0,0,False
borgbackup__borg-8436,borgbackup/borg,1,1,0,1,False
borgbackup__borg-7549,borgbackup/borg,2,2,0,0,False
borgbackup__borg-7517,borgbackup/borg,3,3,0,0,False
bridgecrewio__checkov-5936,bridgecrewio/checkov,1,1,0,0,False
bridgecrewio__checkov-6695,bridgecrewio/checkov,1,1,0,0,False
bridgecrewio__checkov-6657,bridgecrewio/checkov,3,3,0,0,False
bridgecrewio__checkov-6933,bridgecrewio/checkov,2,2,0,0,False
bridgecrewio__checkov-7124,bridgecrewio/checkov,1,1,0,0,False
bridgecrewio__checkov-2167,bridgecrewio/checkov,2,2,0,0,False
bridgecrewio__checkov-7022,bridgecrewio/checkov,1,1,0,0,False
bridgecrewio__checkov-6144,bridgecrewio/checkov,1,1,0,0,False
bridgecrewio__checkov-281,bridgecrewio/checkov,1,1,0,0,False
bridgecrewio__checkov-6314,bridgecrewio/checkov,1,1,0,0,False
bridgecrewio__checkov-211,bridgecrewio/checkov,1,1,0,0,False
bridgecrewio__checkov-7002,bridgecrewio/checkov,2,2,0,0,False
bridgecrewio__checkov-1147,bridgecrewio/checkov,1,1,0,0,False
bridgecrewio__checkov-6354,bridgecrewio/checkov,2,2,0,0,False
bridgecrewio__checkov-474,bridgecrewio/checkov,1,1,0,0,False
bridgecrewio__checkov-2214,bridgecrewio/checkov,1,1,0,0,False
bridgecrewio__checkov-6612,bridgecrewio/checkov,2,2,0,0,False
bridgecrewio__checkov-6999,bridgecrewio/checkov,3,3,0,0,False
bridgecrewio__checkov-1457,bridgecrewio/checkov,1,1,0,0,False
bridgecrewio__checkov-289,bridgecrewio/checkov,1,1,0,0,False
canonical__charmcraft-1763,canonical/charmcraft,1,1,0,0,False
canonical__charmcraft-684,canonical/charmcraft,1,1,0,0,False
canonical__charmcraft-2084,canonical/charmcraft,1,1,0,0,False
canonical__charmcraft-869,canonical/charmcraft,1,1,0,0,False
canonical__charmcraft-2106,canonical/charmcraft,1,1,0,0,False
canonical__charmcraft-1759,canonical/charmcraft,1,1,0,0,False
canonical__charmcraft-1850,canonical/charmcraft,2,2,0,0,False
canonical__charmcraft-1365,canonical/charmcraft,1,1,0,0,False
canonical__charmcraft-917,canonical/charmcraft,1,1,0,0,False
canonical__charmcraft-1165,canonical/charmcraft,1,1,0,0,False
canonical__charmcraft-1741,canonical/charmcraft,1,1,0,0,False
canonical__charmcraft-1745,canonical/charmcraft,1,1,0,0,False
canonical__charmcraft-1892,canonical/charmcraft,1,1,0,0,False
canonical__charmcraft-2060,canonical/charmcraft,1,1,0,0,False
canonical__charmcraft-1891,canonical/charmcraft,1,1,0,0,False
canonical__charmcraft-1818,canonical/charmcraft,3,3,0,0,False
canonical__charmcraft-1744,canonical/charmcraft,1,1,0,0,False
canonical__charmcraft-915,canonical/charmcraft,1,1,0,0,False
canonical__charmcraft-1823,canonical/charmcraft,3,3,0,0,False
canonical__charmcraft-866,canonical/charmcraft,1,1,0,0,False
cloud-custodian__cloud-custodian-5645,cloud-custodian/cloud-custodian,3,3,0,0,False
cloud-custodian__cloud-custodian-5640,cloud-custodian/cloud-custodian,5,5,0,0,False
cloud-custodian__cloud-custodian-5616,cloud-custodian/cloud-custodian,1,1,0,0,False
cloud-custodian__cloud-custodian-5531,cloud-custodian/cloud-custodian,2,2,0,0,False
cloud-custodian__cloud-custodian-10255,cloud-custodian/cloud-custodian,1,1,0,0,False
cloud-custodian__cloud-custodian-5595,cloud-custodian/cloud-custodian,1,1,0,0,False
cloud-custodian__cloud-custodian-5472,cloud-custodian/cloud-custodian,1,1,0,0,False
cloud-custodian__cloud-custodian-6689,cloud-custodian/cloud-custodian,2,2,0,0,False
cloud-custodian__cloud-custodian-5526,cloud-custodian/cloud-custodian,1,1,0,0,False
cloud-custodian__cloud-custodian-4846,cloud-custodian/cloud-custodian,2,2,0,0,False
cloud-custodian__cloud-custodian-5532,cloud-custodian/cloud-custodian,1,1,0,0,False
conan-io__conan-5005,conan-io/conan,1,1,0,0,False
conan-io__conan-16776,conan-io/conan,4,4,0,0,False
conan-io__conan-17532,conan-io/conan,1,1,0,0,False
conan-io__conan-16552,conan-io/conan,2,2,0,0,False
conan-io__conan-16011,conan-io/conan,1,1,0,0,False
conan-io__conan-16849,conan-io/conan,1,1,0,0,False
conan-io__conan-18101,conan-io/conan,2,2,0,0,False
conan-io__conan-15575,conan-io/conan,1,1,0,0,False
conan-io__conan-17102,conan-io/conan,2,2,0,0,False
conan-io__conan-17517,conan-io/conan,3,3,0,0,False
conan-io__conan-18842,conan-io/conan,1,1,0,0,False
conan-io__conan-16986,conan-io/conan,1,1,0,0,False
conan-io__conan-17382,conan-io/conan,1,1,0,0,False
conan-io__conan-11655,conan-io/conan,3,3,0,0,False
conan-io__conan-18442,conan-io/conan,1,1,0,0,False
conan-io__conan-16013,conan-io/conan,1,1,0,0,False
conan-io__conan-16871,conan-io/conan,3,3,0,0,False
conan-io__conan-4539,conan-io/conan,3,3,0,0,False
conan-io__conan-17092,conan-io/conan,3,3,0,0,False
conan-io__conan-4380,conan-io/conan,3,3,0,0,False
dask__dask-10509,dask/dask,1,1,0,0,False
dask__dask-3522,dask/dask,1,1,0,0,False
dask__dask-5777,dask/dask,4,4,0,1,False
dask__dask-11801,dask/dask,2,2,0,0,False
dask__dask-11300,dask/dask,2,2,0,0,False
dask__dask-11605,dask/dask,3,3,0,0,False
dask__dask-5905,dask/dask,1,1,0,0,False
dask__dask-5888,dask/dask,3,3,0,0,False
dask__dask-5975,dask/dask,1,1,0,0,False
dask__dask-3016,dask/dask,2,2,0,0,False
dask__dask-6624,dask/dask,3,3,0,0,False
dask__dask-2466,dask/dask,3,3,0,0,False
dask__dask-8801,dask/dask,1,1,0,0,False
dask__dask-11301,dask/dask,3,3,0,0,False
dask__dask-11288,dask/dask,1,1,0,0,False
dask__dask-4506,dask/dask,1,1,0,0,False
dask__dask-10765,dask/dask,1,1,0,0,False
dask__dask-3955,dask/dask,2,2,0,0,False
dask__dask-11707,dask/dask,2,2,0,0,False
dask__dask-11698,dask/dask,1,1,0,0,False
deepset-ai__haystack-7653,deepset-ai/haystack,5,5,0,0,False
deepset-ai__haystack-7929,deepset-ai/haystack,1,1,0,0,False
deepset-ai__haystack-6261,deepset-ai/haystack,1,1,0,0,False
deepset-ai__haystack-6717,deepset-ai/haystack,1,1,0,0,False
deepset-ai__haystack-8489,deepset-ai/haystack,5,5,0,0,False
deepset-ai__haystack-9568,deepset-ai/haystack,2,2,0,0,False
deepset-ai__haystack-9336,deepset-ai/haystack,1,1,0,0,False
deepset-ai__haystack-7983,deepset-ai/haystack,1,1,0,0,False
deepset-ai__haystack-9189,deepset-ai/haystack,2,2,0,0,False
deepset-ai__haystack-6857,deepset-ai/haystack,1,1,0,0,False
deepset-ai__haystack-7303,deepset-ai/haystack,1,1,0,0,False
deepset-ai__haystack-9688,deepset-ai/haystack,2,2,0,0,False
deepset-ai__haystack-7685,deepset-ai/haystack,2,2,0,0,False
deepset-ai__haystack-7988,deepset-ai/haystack,1,1,0,0,False
deepset-ai__haystack-6841,deepset-ai/haystack,2,2,0,0,False
deepset-ai__haystack-7042,deepset-ai/haystack,1,1,0,0,False
deepset-ai__haystack-9582,deepset-ai/haystack,1,1,0,0,False
deepset-ai__haystack-8941,deepset-ai/haystack,1,1,0,0,False
deepset-ai__haystack-6776,deepset-ai/haystack,1,1,0,0,False
deepset-ai__haystack-8804,deepset-ai/haystack,2,2,0,0,False
django-json-api__django-rest-framework-json-api-1286,django-json-api/django-rest-framework-json-api,1,1,0,0,False
django-json-api__django-rest-framework-json-api-842,django-json-api/django-rest-framework-json-api,1,1,0,0,False
django-json-api__django-rest-framework-json-api-1245,django-json-api/django-rest-framework-json-api,1,1,0,0,False
django-json-api__django-rest-framework-json-api-1020,django-json-api/django-rest-framework-json-api,1,1,0,0,False
django-json-api__django-rest-framework-json-api-1220,django-json-api/django-rest-framework-json-api,1,1,0,0,False
django-json-api__django-rest-framework-json-api-1074,django-json-api/django-rest-framework-json-api,1,1,0,0,False
django-json-api__django-rest-framework-json-api-1301,django-json-api/django-rest-framework-json-api,1,1,0,0,False
django-json-api__django-rest-framework-json-api-1231,django-json-api/django-rest-framework-json-api,2,2,0,0,False
django-json-api__django-rest-framework-json-api-1283,django-json-api/django-rest-framework-json-api,3,3,0,0,False
django-json-api__django-rest-framework-json-api-868,django-json-api/django-rest-framework-json-api,1,1,0,0,False
django-json-api__django-rest-framework-json-api-1162,django-json-api/django-rest-framework-json-api,1,1,0,0,False
django__django-14471,django/django,1,1,0,0,False
django__django-14089,django/django,1,1,0,0,False
django__django-5158,django/django,1,1,0,0,False
django__django-14416,django/django,1,1,0,0,False
django__django-14034,django/django,1,1,0,0,False
django__django-12394,django/django,1,1,0,0,False
django__django-14727,django/django,3,3,0,0,False
django__django-13350,django/django,2,2,0,0,False
django__django-16501,django/django,1,1,0,0,False
django__django-15498,django/django,1,1,0,0,False
django__django-13822,django/django,1,1,0,0,False
django__django-13743,django/django,1,1,0,0,False
django__django-15474,django/django,1,0,1,0,False
django__django-13279,django/django,1,1,0,0,False
django__django-13128,django/django,1,1,0,0,False
django__django-12591,django/django,1,1,0,0,False
django__django-11457,django/django,1,1,0,0,False
django__django-14779,django/django,1,1,0,0,False
django__django-16067,django/django,1,1,0,0,False
django__django-8326,django/django,1,1,0,0,False
docker__docker-py-1143,docker/docker-py,1,1,0,0,False
docker__docker-py-2917,docker/docker-py,3,3,0,0,False
docker__docker-py-1167,docker/docker-py,2,2,0,0,False
docker__docker-py-3120,docker/docker-py,1,1,0,0,False
docker__docker-py-1385,docker/docker-py,1,1,0,0,False
docker__docker-py-3191,docker/docker-py,3,3,0,0,False
docker__docker-py-2927,docker/docker-py,3,3,0,0,False
docker__docker-py-1255,docker/docker-py,1,1,0,0,False
docker__docker-py-1150,docker/docker-py,1,1,0,0,False
docker__docker-py-2793,docker/docker-py,1,1,0,0,False
docker__docker-py-3200,docker/docker-py,3,3,0,0,False
dpkp__kafka-python-2631,dpkp/kafka-python,1,1,0,0,False
dpkp__kafka-python-1312,dpkp/kafka-python,5,5,0,0,False
dpkp__kafka-python-1367,dpkp/kafka-python,1,1,0,0,False
dpkp__kafka-python-2548,dpkp/kafka-python,2,2,0,0,False
dpkp__kafka-python-1239,dpkp/kafka-python,1,1,0,0,False
dpkp__kafka-python-2573,dpkp/kafka-python,3,3,0,0,False
dpkp__kafka-python-1320,dpkp/kafka-python,3,3,0,0,False
dpkp__kafka-python-2608,dpkp/kafka-python,2,2,0,0,False
dpkp__kafka-python-1029,dpkp/kafka-python,1,1,0,0,False
dpkp__kafka-python-1769,dpkp/kafka-python,1,1,0,0,False
dpkp__kafka-python-1688,dpkp/kafka-python,1,1,0,0,False
dwavesystems__dimod-459,dwavesystems/dimod,1,1,0,0,False
dwavesystems__dimod-527,dwavesystems/dimod,2,2,0,0,False
dwavesystems__dimod-263,dwavesystems/dimod,2,2,0,0,False
dwavesystems__dimod-307,dwavesystems/dimod,1,1,0,0,False
dwavesystems__dimod-387,dwavesystems/dimod,2,2,0,0,False
dwavesystems__dimod-336,dwavesystems/dimod,1,1,0,0,False
dwavesystems__dimod-398,dwavesystems/dimod,2,2,0,0,False
dwavesystems__dimod-171,dwavesystems/dimod,2,2,0,0,False
dwavesystems__dimod-310,dwavesystems/dimod,1,1,0,0,False
dwavesystems__dimod-377,dwavesystems/dimod,1,1,0,0,False
dwavesystems__dimod-497,dwavesystems/dimod,3,3,0,0,False
dwavesystems__dimod-266,dwavesystems/dimod,1,1,0,0,False
dwavesystems__dimod-174,dwavesystems/dimod,1,1,0,0,False
dwavesystems__dimod-331,dwavesystems/dimod,1,1,0,0,False
dwavesystems__dimod-259,dwavesystems/dimod,1,1,0,0,False
dwavesystems__dimod-383,dwavesystems/dimod,3,3,0,0,False
dwavesystems__dimod-384,dwavesystems/dimod,2,2,0,0,False
elastic__rally-544,elastic/rally,1,1,0,0,False
elastic__rally-507,elastic/rally,2,2,0,0,False
elastic__rally-436,elastic/rally,4,4,0,0,False
elastic__rally-454,elastic/rally,1,1,0,0,False
elastic__rally-540,elastic/rally,1,1,0,0,False
elastic__rally-451,elastic/rally,2,2,0,0,False
elastic__rally-557,elastic/rally,1,1,0,0,False
elastic__rally-1674,elastic/rally,1,1,0,0,False
elastic__rally-627,elastic/rally,1,1,0,0,False
elastic__rally-430,elastic/rally,2,2,0,0,False
elastic__rally-469,elastic/rally,2,2,0,0,False
elastic__rally-612,elastic/rally,1,1,0,0,False
elastic__rally-1469,elastic/rally,2,2,0,0,False
elastic__rally-524,elastic/rally,1,1,0,0,False
elastic__rally-1284,elastic/rally,2,2,0,0,False
ethereum__web3.py-3308,ethereum/web3.py,4,4,0,0,False
ethereum__web3.py-3467,ethereum/web3.py,3,3,0,0,False
ethereum__web3.py-3289,ethereum/web3.py,1,1,0,0,False
ethereum__web3.py-3463,ethereum/web3.py,2,2,0,0,False
ethereum__web3.py-3604,ethereum/web3.py,1,1,0,0,False
ethereum__web3.py-3103,ethereum/web3.py,4,4,0,0,False
ethereum__web3.py-3594,ethereum/web3.py,2,2,0,0,False
ethereum__web3.py-3257,ethereum/web3.py,3,3,0,0,False
ethereum__web3.py-3469,ethereum/web3.py,2,2,0,0,False
ethereum__web3.py-3187,ethereum/web3.py,3,3,0,0,False
ethereum__web3.py-3584,ethereum/web3.py,2,2,0,0,False
ethereum__web3.py-3444,ethereum/web3.py,2,2,0,0,False
ethereum__web3.py-3248,ethereum/web3.py,4,4,0,0,False
ethereum__web3.py-3120,ethereum/web3.py,1,1,0,0,False
facelessuser__pymdown-extensions-1567,facelessuser/pymdown-extensions,2,2,0,0,False
facelessuser__pymdown-extensions-1929,facelessuser/pymdown-extensions,2,2,0,0,False
facelessuser__pymdown-extensions-2551,facelessuser/pymdown-extensions,1,1,0,0,False
facelessuser__pymdown-extensions-934,facelessuser/pymdown-extensions,2,2,0,0,False
facelessuser__pymdown-extensions-2651,facelessuser/pymdown-extensions,1,1,0,0,False
facelessuser__pymdown-extensions-1822,facelessuser/pymdown-extensions,1,1,0,0,False
facelessuser__pymdown-extensions-2679,facelessuser/pymdown-extensions,1,1,0,0,False
facelessuser__pymdown-extensions-1043,facelessuser/pymdown-extensions,3,3,0,0,False
facelessuser__pymdown-extensions-2547,facelessuser/pymdown-extensions,3,3,0,0,False
facelessuser__pymdown-extensions-2245,facelessuser/pymdown-extensions,1,1,0,0,False
facelessuser__pymdown-extensions-1825,facelessuser/pymdown-extensions,1,1,0,0,False
facelessuser__pymdown-extensions-2576,facelessuser/pymdown-extensions,2,2,0,0,False
facelessuser__pymdown-extensions-1725,facelessuser/pymdown-extensions,2,2,0,0,False
facelessuser__pymdown-extensions-2362,facelessuser/pymdown-extensions,2,2,0,0,False
facelessuser__pymdown-extensions-2039,facelessuser/pymdown-extensions,2,2,0,0,False
facelessuser__pymdown-extensions-1226,facelessuser/pymdown-extensions,3,3,0,0,False
falconry__falcon-2475,falconry/falcon,1,1,0,0,False
falconry__falcon-2254,falconry/falcon,4,4,0,0,False
falconry__falcon-2450,falconry/falcon,1,1,0,0,False
falconry__falcon-1785,falconry/falcon,1,1,0,0,False
falconry__falcon-2027,falconry/falcon,1,1,0,0,False
falconry__falcon-2498,falconry/falcon,5,5,0,0,False
falconry__falcon-2366,falconry/falcon,2,2,0,0,False
falconry__falcon-2326,falconry/falcon,3,3,0,0,False
falconry__falcon-2477,falconry/falcon,2,2,0,0,False
falconry__falcon-993,falconry/falcon,1,1,0,0,False
falconry__falcon-1949,falconry/falcon,1,1,0,0,False
falconry__falcon-2459,falconry/falcon,1,1,0,0,False
falconry__falcon-2248,falconry/falcon,2,2,0,0,False
falconry__falcon-1873,falconry/falcon,1,1,0,0,False
falconry__falcon-1602,falconry/falcon,2,2,0,0,False
falconry__falcon-2356,falconry/falcon,3,3,0,0,False
falconry__falcon-2322,falconry/falcon,2,2,0,0,False
falconry__falcon-2419,falconry/falcon,0,0,0,1,False
falconry__falcon-2404,falconry/falcon,2,2,0,0,False
falconry__falcon-2426,falconry/falcon,1,1,0,0,False
Fatal1ty__mashumaro-130,fatal1ty/mashumaro,1,1,0,0,False
Fatal1ty__mashumaro-145,fatal1ty/mashumaro,5,5,0,0,False
Fatal1ty__mashumaro-128,fatal1ty/mashumaro,1,1,0,0,False
Fatal1ty__mashumaro-162,fatal1ty/mashumaro,3,3,0,0,False
Fatal1ty__mashumaro-189,fatal1ty/mashumaro,1,1,0,0,False
Fatal1ty__mashumaro-180,fatal1ty/mashumaro,5,5,0,0,False
Fatal1ty__mashumaro-122,fatal1ty/mashumaro,1,1,0,0,False
Fatal1ty__mashumaro-159,fatal1ty/mashumaro,1,1,0,0,False
Fatal1ty__mashumaro-178,fatal1ty/mashumaro,4,4,0,0,False
Fatal1ty__mashumaro-116,fatal1ty/mashumaro,2,2,0,0,False
Fatal1ty__mashumaro-220,fatal1ty/mashumaro,2,2,0,0,False
Fatal1ty__mashumaro-127,fatal1ty/mashumaro,1,1,0,0,False
Fatal1ty__mashumaro-191,fatal1ty/mashumaro,3,3,0,0,False
Fatal1ty__mashumaro-142,fatal1ty/mashumaro,1,1,0,0,False
fitbenchmarking__fitbenchmarking-1353,fitbenchmarking/fitbenchmarking,1,1,0,0,False
fitbenchmarking__fitbenchmarking-320,fitbenchmarking/fitbenchmarking,1,1,0,0,False
fitbenchmarking__fitbenchmarking-1110,fitbenchmarking/fitbenchmarking,2,2,0,0,False
fitbenchmarking__fitbenchmarking-1336,fitbenchmarking/fitbenchmarking,1,1,0,0,False
fitbenchmarking__fitbenchmarking-1271,fitbenchmarking/fitbenchmarking,1,1,0,0,False
fitbenchmarking__fitbenchmarking-1094,fitbenchmarking/fitbenchmarking,2,2,0,0,False
fitbenchmarking__fitbenchmarking-1041,fitbenchmarking/fitbenchmarking,3,3,0,0,False
fitbenchmarking__fitbenchmarking-1358,fitbenchmarking/fitbenchmarking,1,1,0,0,False
fitbenchmarking__fitbenchmarking-1338,fitbenchmarking/fitbenchmarking,3,3,0,0,False
fitbenchmarking__fitbenchmarking-1203,fitbenchmarking/fitbenchmarking,4,4,0,0,False
fitbenchmarking__fitbenchmarking-1244,fitbenchmarking/fitbenchmarking,2,2,0,0,False
fitbenchmarking__fitbenchmarking-1337,fitbenchmarking/fitbenchmarking,1,1,0,0,False
fitbenchmarking__fitbenchmarking-1150,fitbenchmarking/fitbenchmarking,2,2,0,0,False
fitbenchmarking__fitbenchmarking-604,fitbenchmarking/fitbenchmarking,2,2,0,0,False
fitbenchmarking__fitbenchmarking-661,fitbenchmarking/fitbenchmarking,1,1,0,0,False
fitbenchmarking__fitbenchmarking-1462,fitbenchmarking/fitbenchmarking,2,2,0,0,False
fitbenchmarking__fitbenchmarking-904,fitbenchmarking/fitbenchmarking,1,1,0,0,False
fitbenchmarking__fitbenchmarking-1085,fitbenchmarking/fitbenchmarking,2,2,0,0,False
fitbenchmarking__fitbenchmarking-887,fitbenchmarking/fitbenchmarking,1,1,0,0,False
fitbenchmarking__fitbenchmarking-329,fitbenchmarking/fitbenchmarking,5,5,0,0,False
fonttools__fonttools-3581,fonttools/fonttools,1,1,0,0,False
fonttools__fonttools-3726,fonttools/fonttools,2,2,0,0,False
fonttools__fonttools-3559,fonttools/fonttools,2,2,0,0,False
fonttools__fonttools-3520,fonttools/fonttools,1,1,0,0,False
fonttools__fonttools-3509,fonttools/fonttools,1,1,0,0,False
fonttools__fonttools-3510,fonttools/fonttools,1,1,0,0,False
fonttools__fonttools-3907,fonttools/fonttools,3,3,0,0,False
fonttools__fonttools-3679,fonttools/fonttools,1,1,0,0,False
fonttools__fonttools-3749,fonttools/fonttools,1,1,0,0,False
fonttools__fonttools-3682,fonttools/fonttools,1,1,0,0,False
fonttools__fonttools-3429,fonttools/fonttools,3,3,0,0,False
fonttools__fonttools-3850,fonttools/fonttools,1,1,0,0,False
fonttools__fonttools-3437,fonttools/fonttools,2,2,0,1,False
fonttools__fonttools-3457,fonttools/fonttools,1,1,0,0,False
fonttools__fonttools-3874,fonttools/fonttools,2,2,0,0,False
frictionlessdata__frictionless-py-611,frictionlessdata/frictionless-py,1,1,0,0,False
frictionlessdata__frictionless-py-602,frictionlessdata/frictionless-py,1,1,0,0,False
frictionlessdata__frictionless-py-1117,frictionlessdata/frictionless-py,3,3,0,0,False
frictionlessdata__frictionless-py-1045,frictionlessdata/frictionless-py,1,1,0,0,False
frictionlessdata__frictionless-py-659,frictionlessdata/frictionless-py,2,2,0,0,False
frictionlessdata__frictionless-py-1142,frictionlessdata/frictionless-py,1,1,0,0,False
frictionlessdata__frictionless-py-724,frictionlessdata/frictionless-py,3,3,0,0,False
frictionlessdata__frictionless-py-994,frictionlessdata/frictionless-py,2,2,0,0,False
frictionlessdata__frictionless-py-1007,frictionlessdata/frictionless-py,4,4,0,0,False
frictionlessdata__frictionless-py-952,frictionlessdata/frictionless-py,3,3,0,0,False
frictionlessdata__frictionless-py-1112,frictionlessdata/frictionless-py,4,4,0,0,False
frictionlessdata__frictionless-py-1047,frictionlessdata/frictionless-py,1,1,0,0,False
frictionlessdata__frictionless-py-983,frictionlessdata/frictionless-py,1,1,0,0,False
frictionlessdata__frictionless-py-1137,frictionlessdata/frictionless-py,1,1,0,0,False
frictionlessdata__frictionless-py-512,frictionlessdata/frictionless-py,1,1,0,0,False
frictionlessdata__frictionless-py-1092,frictionlessdata/frictionless-py,1,1,0,0,False
frictionlessdata__frictionless-py-945,frictionlessdata/frictionless-py,2,2,0,0,False
frictionlessdata__frictionless-py-442,frictionlessdata/frictionless-py,4,4,0,0,False
frictionlessdata__frictionless-py-527,frictionlessdata/frictionless-py,2,2,0,0,False
frictionlessdata__frictionless-py-572,frictionlessdata/frictionless-py,1,1,0,0,False
GenericMappingTools__pygmt-990,genericmappingtools/pygmt,3,3,0,0,False
GenericMappingTools__pygmt-619,genericmappingtools/pygmt,1,1,0,0,False
GenericMappingTools__pygmt-574,genericmappingtools/pygmt,1,1,0,0,False
GenericMappingTools__pygmt-1382,genericmappingtools/pygmt,2,2,0,0,False
GenericMappingTools__pygmt-1258,genericmappingtools/pygmt,2,1,1,0,False
GenericMappingTools__pygmt-575,genericmappingtools/pygmt,1,1,0,0,False
GenericMappingTools__pygmt-1484,genericmappingtools/pygmt,1,1,0,0,False
GenericMappingTools__pygmt-702,genericmappingtools/pygmt,2,2,0,0,False
GenericMappingTools__pygmt-1963,genericmappingtools/pygmt,1,1,0,0,False
GenericMappingTools__pygmt-1329,genericmappingtools/pygmt,1,1,0,0,False
GenericMappingTools__pygmt-1530,genericmappingtools/pygmt,1,1,0,0,False
GenericMappingTools__pygmt-1307,genericmappingtools/pygmt,1,1,0,0,False
GenericMappingTools__pygmt-975,genericmappingtools/pygmt,1,1,0,0,False
getsentry__sentry-python-2279,getsentry/sentry-python,1,1,0,0,False
getsentry__sentry-python-2148,getsentry/sentry-python,5,5,0,0,False
getsentry__sentry-python-2500,getsentry/sentry-python,5,5,0,0,False
getsentry__sentry-python-4231,getsentry/sentry-python,2,2,0,0,False
getsentry__sentry-python-1053,getsentry/sentry-python,4,4,0,0,False
getsentry__sentry-python-3729,getsentry/sentry-python,1,1,0,0,False
getsentry__sentry-python-3463,getsentry/sentry-python,2,2,0,0,False
getsentry__sentry-python-3461,getsentry/sentry-python,1,1,0,0,False
getsentry__sentry-python-3942,getsentry/sentry-python,1,1,0,0,False
getsentry__sentry-python-4179,getsentry/sentry-python,1,1,0,0,False
getsentry__sentry-python-3002,getsentry/sentry-python,1,1,0,0,False
getsentry__sentry-python-3883,getsentry/sentry-python,1,1,0,0,False
getsentry__sentry-python-2020,getsentry/sentry-python,1,1,0,0,False
getsentry__sentry-python-2552,getsentry/sentry-python,1,1,0,0,False
getsentry__sentry-python-3524,getsentry/sentry-python,2,2,0,0,False
google__flax-4536,google/flax,2,2,0,0,False
google__flax-3537,google/flax,2,2,0,0,False
google__flax-2842,google/flax,1,1,0,0,False
google__flax-3485,google/flax,1,1,0,0,False
google__flax-4705,google/flax,2,2,0,0,False
google__flax-4002,google/flax,1,1,0,0,False
google__flax-4580,google/flax,1,1,0,0,False
google__flax-3566,google/flax,4,4,0,0,False
google__flax-4029,google/flax,1,1,0,0,False
google__flax-4681,google/flax,1,1,0,0,False
google__flax-3529,google/flax,1,1,0,0,False
google__flax-4351,google/flax,1,1,0,0,False
google__flax-4317,google/flax,1,1,0,0,False
google__flax-3693,google/flax,2,2,0,0,False
google__mobly-821,google/mobly,2,2,0,0,False
google__mobly-582,google/mobly,1,1,0,0,False
google__mobly-164,google/mobly,2,2,0,0,False
google__mobly-433,google/mobly,1,1,0,0,False
google__mobly-135,google/mobly,3,3,0,0,False
google__mobly-194,google/mobly,1,1,0,0,False
google__mobly-276,google/mobly,1,1,0,0,False
google__mobly-328,google/mobly,1,1,0,0,False
google__mobly-513,google/mobly,3,3,0,0,False
google__mobly-165,google/mobly,2,2,0,0,False
googleapis__python-storage-392,googleapis/python-storage,1,1,0,0,False
googleapis__python-storage-107,googleapis/python-storage,1,1,0,0,False
googleapis__python-storage-1186,googleapis/python-storage,1,1,0,0,False
googleapis__python-storage-72,googleapis/python-storage,3,3,0,0,False
googleapis__python-storage-366,googleapis/python-storage,1,1,0,0,False
googleapis__python-storage-118,googleapis/python-storage,1,1,0,0,False
googleapis__python-storage-480,googleapis/python-storage,2,2,0,0,False
googleapis__python-storage-445,googleapis/python-storage,1,1,0,0,False
googleapis__python-storage-267,googleapis/python-storage,1,1,0,0,False
googleapis__python-storage-58,googleapis/python-storage,2,2,0,0,False
googleapis__python-storage-235,googleapis/python-storage,1,1,0,0,False
googleapis__python-storage-1275,googleapis/python-storage,1,1,0,0,False
googleapis__python-storage-185,googleapis/python-storage,2,2,0,0,False
googleapis__python-storage-1394,googleapis/python-storage,1,1,0,0,False
googleapis__python-storage-1357,googleapis/python-storage,1,1,0,0,False
googleapis__python-storage-282,googleapis/python-storage,1,1,0,0,False
googleapis__python-storage-298,googleapis/python-storage,1,1,0,0,False
googleapis__python-storage-382,googleapis/python-storage,1,1,0,0,False
googleapis__python-storage-323,googleapis/python-storage,1,1,0,0,False
googleapis__python-storage-189,googleapis/python-storage,1,1,0,0,False
hgrecco__pint-1186,hgrecco/pint,1,1,0,0,False
hgrecco__pint-928,hgrecco/pint,1,1,0,0,False
hgrecco__pint-2203,hgrecco/pint,1,1,0,0,False
hgrecco__pint-920,hgrecco/pint,3,3,0,0,False
hgrecco__pint-948,hgrecco/pint,1,1,0,0,False
hgrecco__pint-2194,hgrecco/pint,2,2,0,0,False
hgrecco__pint-1347,hgrecco/pint,1,1,0,0,False
hgrecco__pint-1476,hgrecco/pint,1,1,0,0,False
hgrecco__pint-1098,hgrecco/pint,2,2,0,0,False
hgrecco__pint-1463,hgrecco/pint,2,2,0,0,False
hgrecco__pint-1087,hgrecco/pint,1,1,0,0,False
hgrecco__pint-1409,hgrecco/pint,1,1,0,0,False
hgrecco__pint-1625,hgrecco/pint,1,1,0,0,False
hgrecco__pint-1113,hgrecco/pint,1,1,0,0,False
hgrecco__pint-1111,hgrecco/pint,1,1,0,0,False
hgrecco__pint-1361,hgrecco/pint,1,1,0,0,False
hgrecco__pint-1426,hgrecco/pint,2,2,0,0,False
hgrecco__pint-1055,hgrecco/pint,1,1,0,0,False
hgrecco__pint-630,hgrecco/pint,1,1,0,0,False
hgrecco__pint-962,hgrecco/pint,2,2,0,0,False
ibis-project__ibis-4772,ibis-project/ibis,1,1,0,0,False
ibis-project__ibis-4728,ibis-project/ibis,1,1,0,0,False
ibis-project__ibis-9659,ibis-project/ibis,1,1,0,0,False
ibis-project__ibis-10260,ibis-project/ibis,1,1,0,0,False
ibis-project__ibis-4766,ibis-project/ibis,1,1,0,0,False
ibis-project__ibis-8262,ibis-project/ibis,1,1,0,0,False
ibis-project__ibis-4670,ibis-project/ibis,5,5,0,0,False
ibis-project__ibis-11506,ibis-project/ibis,2,2,0,0,False
ibis-project__ibis-9658,ibis-project/ibis,5,5,0,1,False
ibis-project__ibis-9595,ibis-project/ibis,1,1,0,0,False
instructlab__instructlab-2119,instructlab/instructlab,1,1,0,0,False
instructlab__instructlab-3118,instructlab/instructlab,2,2,0,0,False
instructlab__instructlab-1762,instructlab/instructlab,1,1,0,0,False
instructlab__instructlab-1662,instructlab/instructlab,3,2,1,0,False
instructlab__instructlab-2825,instructlab/instructlab,6,6,0,0,False
instructlab__instructlab-1088,instructlab/instructlab,1,1,0,0,False
instructlab__instructlab-1677,instructlab/instructlab,2,2,0,0,False
instructlab__instructlab-2004,instructlab/instructlab,2,2,0,0,False
instructlab__instructlab-756,instructlab/instructlab,2,2,0,0,False
instructlab__instructlab-1002,instructlab/instructlab,4,4,0,0,False
instructlab__instructlab-1443,instructlab/instructlab,3,3,0,0,False
instructlab__instructlab-2741,instructlab/instructlab,5,5,0,0,False
instructlab__instructlab-1102,instructlab/instructlab,4,4,0,0,False
instructlab__instructlab-1923,instructlab/instructlab,6,6,0,0,False
instructlab__instructlab-969,instructlab/instructlab,1,1,0,0,False
instructlab__instructlab-615,instructlab/instructlab,1,1,0,0,False
instructlab__instructlab-3125,instructlab/instructlab,4,4,0,0,False
instructlab__instructlab-2789,instructlab/instructlab,2,2,0,0,False
instructlab__instructlab-2548,instructlab/instructlab,1,1,0,0,False
instructlab__instructlab-367,instructlab/instructlab,3,3,0,0,False
ipython__ipython-14970,ipython/ipython,1,1,0,0,False
ipython__ipython-12884,ipython/ipython,9,9,0,0,False
ipython__ipython-14555,ipython/ipython,1,1,0,0,False
ipython__ipython-12130,ipython/ipython,2,2,0,0,False
ipython__ipython-11425,ipython/ipython,4,4,0,0,False
ipython__ipython-14943,ipython/ipython,2,2,0,0,False
ipython__ipython-12954,ipython/ipython,1,1,0,0,False
ipython__ipython-12144,ipython/ipython,2,2,0,0,False
ipython__ipython-14969,ipython/ipython,1,1,0,0,False
ipython__ipython-14798,ipython/ipython,1,1,0,0,False
ipython__ipython-14941,ipython/ipython,3,3,0,0,False
ipython__ipython-14966,ipython/ipython,2,2,0,0,False
ipython__ipython-14695,ipython/ipython,1,1,0,0,False
ipython__ipython-14838,ipython/ipython,1,1,0,0,False
ipython__ipython-14503,ipython/ipython,1,1,0,0,False
ipython__ipython-14474,ipython/ipython,1,1,0,0,False
ipython__ipython-14486,ipython/ipython,2,2,0,0,False
ipython__ipython-14964,ipython/ipython,1,1,0,0,False
ipython__ipython-14693,ipython/ipython,2,2,0,0,False
ipython__ipython-14466,ipython/ipython,1,1,0,0,False
iterative__dvc-3727,iterative/dvc,2,2,0,0,False
iterative__dvc-3316,iterative/dvc,2,2,0,0,False
iterative__dvc-2353,iterative/dvc,2,2,0,0,False
iterative__dvc-3729,iterative/dvc,2,2,0,0,False
iterative__dvc-6519,iterative/dvc,1,1,0,0,False
iterative__dvc-10798,iterative/dvc,3,3,0,0,False
iterative__dvc-2488,iterative/dvc,1,1,0,0,False
iterative__dvc-1531,iterative/dvc,1,1,0,0,False
iterative__dvc-3576,iterative/dvc,1,1,0,0,False
iterative__dvc-2421,iterative/dvc,1,1,0,0,False
iterative__dvc-767,iterative/dvc,3,3,0,0,False
iterative__dvc-10842,iterative/dvc,5,5,0,0,False
iterative__dvc-4066,iterative/dvc,1,1,0,0,False
iterative__dvc-4196,iterative/dvc,4,4,0,0,False
iterative__dvc-2564,iterative/dvc,2,2,0,0,False
iterative__dvc-2612,iterative/dvc,1,1,0,0,False
iterative__dvc-3620,iterative/dvc,1,1,0,0,False
iterative__dvc-1273,iterative/dvc,3,3,0,0,False
iterative__dvc-3329,iterative/dvc,1,1,0,0,False
iterative__dvc-10844,iterative/dvc,1,1,0,0,False
jackdewinter__pymarkdown-269,jackdewinter/pymarkdown,2,2,0,0,False
jackdewinter__pymarkdown-277,jackdewinter/pymarkdown,4,4,0,0,False
jackdewinter__pymarkdown-1136,jackdewinter/pymarkdown,2,2,0,0,False
jackdewinter__pymarkdown-281,jackdewinter/pymarkdown,1,1,0,0,False
jackdewinter__pymarkdown-291,jackdewinter/pymarkdown,1,1,0,0,False
jackdewinter__pymarkdown-1246,jackdewinter/pymarkdown,3,3,0,0,False
jackdewinter__pymarkdown-893,jackdewinter/pymarkdown,1,1,0,0,False
jackdewinter__pymarkdown-1094,jackdewinter/pymarkdown,1,1,0,0,False
jackdewinter__pymarkdown-1225,jackdewinter/pymarkdown,2,2,0,0,False
jackdewinter__pymarkdown-279,jackdewinter/pymarkdown,1,1,0,0,False
jackdewinter__pymarkdown-1215,jackdewinter/pymarkdown,2,2,0,0,False
jackdewinter__pymarkdown-259,jackdewinter/pymarkdown,1,1,0,0,False
jackdewinter__pymarkdown-1210,jackdewinter/pymarkdown,4,4,0,0,False
jackdewinter__pymarkdown-886,jackdewinter/pymarkdown,2,2,0,0,False
jackdewinter__pymarkdown-1218,jackdewinter/pymarkdown,1,1,0,0,False
jackdewinter__pymarkdown-1195,jackdewinter/pymarkdown,1,1,0,0,False
jackdewinter__pymarkdown-428,jackdewinter/pymarkdown,1,1,0,0,False
jackdewinter__pymarkdown-1248,jackdewinter/pymarkdown,2,2,0,0,False
jackdewinter__pymarkdown-271,jackdewinter/pymarkdown,2,2,0,0,False
jlowin__fastmcp-690,jlowin/fastmcp,2,2,0,1,False
jlowin__fastmcp-1397,jlowin/fastmcp,1,1,0,0,False
jlowin__fastmcp-1135,jlowin/fastmcp,1,1,0,0,False
jlowin__fastmcp-279,jlowin/fastmcp,1,1,0,0,False
jlowin__fastmcp-317,jlowin/fastmcp,3,3,0,0,False
jlowin__fastmcp-252,jlowin/fastmcp,1,1,0,0,False
jlowin__fastmcp-1578,jlowin/fastmcp,1,1,0,0,False
jlowin__fastmcp-1604,jlowin/fastmcp,6,6,0,0,False
jlowin__fastmcp-1293,jlowin/fastmcp,1,1,0,0,False
jlowin__fastmcp-620,jlowin/fastmcp,1,1,0,0,False
jlowin__fastmcp-299,jlowin/fastmcp,4,4,0,0,False
jlowin__fastmcp-1632,jlowin/fastmcp,1,1,0,0,False
jlowin__fastmcp-954,jlowin/fastmcp,1,1,0,0,False
jlowin__fastmcp-677,jlowin/fastmcp,1,1,0,0,False
jlowin__fastmcp-455,jlowin/fastmcp,4,4,0,0,False
jlowin__fastmcp-309,jlowin/fastmcp,1,1,0,0,False
jlowin__fastmcp-1559,jlowin/fastmcp,1,1,0,0,False
jlowin__fastmcp-1254,jlowin/fastmcp,1,1,0,0,False
jlowin__fastmcp-605,jlowin/fastmcp,1,1,0,0,False
jlowin__fastmcp-754,jlowin/fastmcp,2,2,0,0,False
joke2k__faker-790,joke2k/faker,4,4,0,0,False
joke2k__faker-1520,joke2k/faker,1,1,0,0,False
joke2k__faker-1453,joke2k/faker,1,1,0,0,False
joke2k__faker-2018,joke2k/faker,1,1,0,0,False
joke2k__faker-2162,joke2k/faker,0,0,0,1,False
joke2k__faker-1869,joke2k/faker,1,1,0,0,False
joke2k__faker-808,joke2k/faker,1,1,0,0,False
joke2k__faker-2093,joke2k/faker,1,1,0,0,False
joke2k__faker-1193,joke2k/faker,2,2,0,0,False
joke2k__faker-1991,joke2k/faker,1,1,0,0,False
joke2k__faker-1043,joke2k/faker,1,1,0,0,False
joke2k__faker-2155,joke2k/faker,2,2,0,0,False
joke2k__faker-2099,joke2k/faker,1,1,0,0,False
joke2k__faker-2091,joke2k/faker,1,1,0,0,False
joke2k__faker-1461,joke2k/faker,1,1,0,0,False
joke2k__faker-1937,joke2k/faker,2,2,0,0,False
joke2k__faker-1979,joke2k/faker,1,1,0,0,False
joke2k__faker-2173,joke2k/faker,2,2,0,0,False
joke2k__faker-1164,joke2k/faker,1,1,0,0,False
joke2k__faker-2096,joke2k/faker,1,1,0,0,False
kedro-org__kedro-3950,kedro-org/kedro,1,1,0,0,False
kedro-org__kedro-4406,kedro-org/kedro,2,2,0,0,False
kedro-org__kedro-4178,kedro-org/kedro,2,2,0,0,False
kedro-org__kedro-3716,kedro-org/kedro,1,1,0,0,False
kedro-org__kedro-4030,kedro-org/kedro,1,1,0,0,False
kedro-org__kedro-4321,kedro-org/kedro,1,1,0,0,False
kedro-org__kedro-5019,kedro-org/kedro,1,1,0,0,False
kedro-org__kedro-4392,kedro-org/kedro,1,1,0,0,False
kedro-org__kedro-3680,kedro-org/kedro,2,2,0,0,False
kedro-org__kedro-3604,kedro-org/kedro,3,3,0,0,False
kedro-org__kedro-3731,kedro-org/kedro,2,2,0,0,False
kedro-org__kedro-3944,kedro-org/kedro,2,2,0,0,False
kedro-org__kedro-4540,kedro-org/kedro,1,1,0,0,False
kedro-org__kedro-4570,kedro-org/kedro,1,1,0,0,False
kedro-org__kedro-3947,kedro-org/kedro,1,1,0,0,False
kedro-org__kedro-3838,kedro-org/kedro,4,4,0,0,False
kedro-org__kedro-4092,kedro-org/kedro,1,1,0,0,False
kedro-org__kedro-3693,kedro-org/kedro,1,1,0,0,False
kedro-org__kedro-4387,kedro-org/kedro,1,1,0,0,False
kedro-org__kedro-3998,kedro-org/kedro,1,0,1,0,False
keras-team__keras-19863,keras-team/keras,1,1,0,0,False
keras-team__keras-19903,keras-team/keras,7,7,0,0,False
keras-team__keras-19300,keras-team/keras,1,1,0,0,False
keras-team__keras-21072,keras-team/keras,3,3,0,0,False
keras-team__keras-20125,keras-team/keras,1,1,0,0,False
keras-team__keras-19284,keras-team/keras,2,2,0,0,False
keras-team__keras-19883,keras-team/keras,2,2,0,0,False
keras-team__keras-19685,keras-team/keras,6,6,0,0,False
keras-team__keras-19924,keras-team/keras,1,1,0,0,False
keras-team__keras-20206,keras-team/keras,1,1,0,0,False
keras-team__keras-20122,keras-team/keras,2,2,0,0,False
keras-team__keras-20765,keras-team/keras,1,1,0,0,False
keras-team__keras-19564,keras-team/keras,1,1,0,0,False
keras-team__keras-19484,keras-team/keras,1,1,0,0,False
keras-team__keras-19915,keras-team/keras,1,1,0,0,False
keras-team__keras-20534,keras-team/keras,1,1,0,0,False
keras-team__keras-19387,keras-team/keras,1,1,0,0,False
keras-team__keras-20609,keras-team/keras,3,3,0,0,False
keras-team__keras-20296,keras-team/keras,1,1,0,0,False
keras-team__keras-20064,keras-team/keras,1,1,0,0,False
Kozea__WeasyPrint-2454,kozea/weasyprint,2,2,0,0,False
kozea__weasyprint-2087,kozea/weasyprint,2,2,0,0,False
kozea__weasyprint-2404,kozea/weasyprint,1,1,0,0,False
kozea__weasyprint-2051,kozea/weasyprint,1,1,0,0,False
kozea__weasyprint-2405,kozea/weasyprint,2,2,0,0,False
kozea__weasyprint-2416,kozea/weasyprint,1,1,0,0,False
kozea__weasyprint-2300,kozea/weasyprint,1,1,0,0,False
kozea__weasyprint-2303,kozea/weasyprint,1,1,0,0,False
kozea__weasyprint-2143,kozea/weasyprint,5,5,0,0,False
kozea__weasyprint-2233,kozea/weasyprint,1,1,0,0,False
kozea__weasyprint-2041,kozea/weasyprint,1,1,0,0,False
Kozea__WeasyPrint-2494,kozea/weasyprint,1,1,0,0,False
kozea__weasyprint-2425,kozea/weasyprint,4,4,0,0,False
kozea__weasyprint-2326,kozea/weasyprint,1,1,0,0,False
Kozea__WeasyPrint-2437,kozea/weasyprint,1,1,0,0,False
kozea__weasyprint-2252,kozea/weasyprint,2,2,0,0,False
kozea__weasyprint-2301,kozea/weasyprint,1,1,0,0,False
kozea__weasyprint-2398,kozea/weasyprint,1,1,0,0,False
linkml__linkml-1623,linkml/linkml,2,2,0,0,False
linkml__linkml-275,linkml/linkml,1,1,0,0,False
linkml__linkml-1343,linkml/linkml,1,1,0,0,False
linkml__linkml-995,linkml/linkml,1,1,0,0,False
linkml__linkml-283,linkml/linkml,5,5,0,0,False
linkml__linkml-1697,linkml/linkml,1,1,0,0,False
linkml__linkml-992,linkml/linkml,2,2,0,0,False
linkml__linkml-1772,linkml/linkml,1,1,0,0,False
linkml__linkml-1709,linkml/linkml,1,1,0,0,False
linkml__linkml-1276,linkml/linkml,2,2,0,0,False
marcosschroh__dataclasses-avroschema-244,marcosschroh/dataclasses-avroschema,1,1,0,0,False
marcosschroh__dataclasses-avroschema-198,marcosschroh/dataclasses-avroschema,2,2,0,0,False
marcosschroh__dataclasses-avroschema-236,marcosschroh/dataclasses-avroschema,1,1,0,0,False
marcosschroh__dataclasses-avroschema-835,marcosschroh/dataclasses-avroschema,2,2,0,0,False
marcosschroh__dataclasses-avroschema-724,marcosschroh/dataclasses-avroschema,1,1,0,0,False
marcosschroh__dataclasses-avroschema-723,marcosschroh/dataclasses-avroschema,1,1,0,0,False
marcosschroh__dataclasses-avroschema-777,marcosschroh/dataclasses-avroschema,1,1,0,0,False
marcosschroh__dataclasses-avroschema-243,marcosschroh/dataclasses-avroschema,4,4,0,0,False
marcosschroh__dataclasses-avroschema-403,marcosschroh/dataclasses-avroschema,1,1,0,0,False
marcosschroh__dataclasses-avroschema-172,marcosschroh/dataclasses-avroschema,2,2,0,0,False
marcosschroh__dataclasses-avroschema-815,marcosschroh/dataclasses-avroschema,1,1,0,0,False
Materials-Consortia__optimade-python-tools-586,materials-consortia/optimade-python-tools,1,1,0,0,False
Materials-Consortia__optimade-python-tools-2250,materials-consortia/optimade-python-tools,1,1,0,0,False
Materials-Consortia__optimade-python-tools-1001,materials-consortia/optimade-python-tools,1,1,0,0,False
Materials-Consortia__optimade-python-tools-700,materials-consortia/optimade-python-tools,1,1,0,0,False
Materials-Consortia__optimade-python-tools-1844,materials-consortia/optimade-python-tools,1,1,0,0,False
Materials-Consortia__optimade-python-tools-670,materials-consortia/optimade-python-tools,1,1,0,0,False
Materials-Consortia__optimade-python-tools-484,materials-consortia/optimade-python-tools,2,2,0,0,False
Materials-Consortia__optimade-python-tools-814,materials-consortia/optimade-python-tools,1,1,0,0,False
Materials-Consortia__optimade-python-tools-582,materials-consortia/optimade-python-tools,1,1,0,0,False
Materials-Consortia__optimade-python-tools-813,materials-consortia/optimade-python-tools,1,1,0,0,False
Materials-Consortia__optimade-python-tools-796,materials-consortia/optimade-python-tools,3,3,0,0,False
matplotlib__matplotlib-28734,matplotlib/matplotlib,1,1,0,0,False
matplotlib__matplotlib-29285,matplotlib/matplotlib,1,1,0,0,False
matplotlib__matplotlib-24177,matplotlib/matplotlib,1,1,0,0,False
matplotlib__matplotlib-25499,matplotlib/matplotlib,1,1,0,0,False
matplotlib__matplotlib-26311,matplotlib/matplotlib,1,1,0,0,False
matplotlib__matplotlib-24627,matplotlib/matplotlib,1,1,0,0,False
matplotlib__matplotlib-29317,matplotlib/matplotlib,1,1,0,0,False
matplotlib__matplotlib-25238,matplotlib/matplotlib,1,1,0,0,False
matplotlib__matplotlib-26208,matplotlib/matplotlib,1,1,0,0,False
matplotlib__matplotlib-24924,matplotlib/matplotlib,1,1,0,0,False
matplotlib__matplotlib-28573,matplotlib/matplotlib,1,1,0,0,False
matplotlib__matplotlib-21481,matplotlib/matplotlib,1,1,0,0,False
matplotlib__matplotlib-28853,matplotlib/matplotlib,1,1,0,0,False
matplotlib__matplotlib-25425,matplotlib/matplotlib,1,1,0,0,False
matplotlib__matplotlib-22991,matplotlib/matplotlib,1,1,0,0,False
matplotlib__matplotlib-26466,matplotlib/matplotlib,1,1,0,0,False
matplotlib__matplotlib-23174,matplotlib/matplotlib,1,1,0,0,False
matplotlib__matplotlib-26472,matplotlib/matplotlib,2,2,0,0,False
matplotlib__matplotlib-30223,matplotlib/matplotlib,2,2,0,0,False
matplotlib__matplotlib-28363,matplotlib/matplotlib,1,1,0,0,False
matrix-org__synapse-13223,matrix-org/synapse,1,1,0,0,False
matrix-org__synapse-6146,matrix-org/synapse,1,1,0,0,False
matrix-org__synapse-12358,matrix-org/synapse,2,2,0,0,False
matrix-org__synapse-6098,matrix-org/synapse,4,4,0,0,False
matrix-org__synapse-6212,matrix-org/synapse,1,1,0,0,False
matrix-org__synapse-5415,matrix-org/synapse,3,3,0,0,False
matrix-org__synapse-5328,matrix-org/synapse,4,4,0,0,False
matrix-org__synapse-5307,matrix-org/synapse,3,3,0,0,False
matrix-org__synapse-5257,matrix-org/synapse,2,2,0,0,False
matrix-org__synapse-5256,matrix-org/synapse,3,3,0,0,False
matrix-org__synapse-6711,matrix-org/synapse,2,2,0,0,False
matrix-org__synapse-6145,matrix-org/synapse,1,1,0,0,False
matrix-org__synapse-4772,matrix-org/synapse,1,1,0,0,False
matrix-org__synapse-6107,matrix-org/synapse,3,3,0,0,False
mikedh__trimesh-609,mikedh/trimesh,3,3,0,0,False
mikedh__trimesh-2265,mikedh/trimesh,3,3,0,0,False
mikedh__trimesh-2201,mikedh/trimesh,3,3,0,0,False
mikedh__trimesh-2133,mikedh/trimesh,4,4,0,0,False
mikedh__trimesh-1331,mikedh/trimesh,3,3,0,0,False
mikedh__trimesh-706,mikedh/trimesh,2,2,0,0,False
mikedh__trimesh-2354,mikedh/trimesh,9,9,0,0,False
mikedh__trimesh-851,mikedh/trimesh,5,5,0,0,False
mikedh__trimesh-2136,mikedh/trimesh,2,2,0,0,False
mikedh__trimesh-1444,mikedh/trimesh,5,5,0,0,False
mikedh__trimesh-1449,mikedh/trimesh,2,2,0,0,False
mikedh__trimesh-2360,mikedh/trimesh,3,3,0,0,False
mikedh__trimesh-2411,mikedh/trimesh,4,4,0,0,False
mikedh__trimesh-1287,mikedh/trimesh,5,5,0,0,False
mikedh__trimesh-2406,mikedh/trimesh,3,3,0,0,False
mikedh__trimesh-650,mikedh/trimesh,4,4,0,0,False
mikedh__trimesh-2152,mikedh/trimesh,8,8,0,0,False
mikedh__trimesh-2142,mikedh/trimesh,3,3,0,0,False
missionpinball__mpf-1104,missionpinball/mpf,2,2,0,0,False
missionpinball__mpf-1137,missionpinball/mpf,1,1,0,1,False
missionpinball__mpf-1287,missionpinball/mpf,1,1,0,0,False
missionpinball__mpf-1236,missionpinball/mpf,1,1,0,0,False
missionpinball__mpf-1169,missionpinball/mpf,2,2,0,0,False
missionpinball__mpf-1289,missionpinball/mpf,1,1,0,0,False
missionpinball__mpf-1074,missionpinball/mpf,2,2,0,0,False
missionpinball__mpf-1226,missionpinball/mpf,1,1,0,0,False
missionpinball__mpf-1424,missionpinball/mpf,2,2,0,0,False
missionpinball__mpf-1244,missionpinball/mpf,2,2,0,0,False
mne-tools__mne-python-12324,mne-tools/mne-python,2,2,0,0,False
mne-tools__mne-python-12507,mne-tools/mne-python,4,3,1,0,False
mne-tools__mne-python-12080,mne-tools/mne-python,2,2,0,0,False
mne-tools__mne-python-11939,mne-tools/mne-python,1,1,0,0,False
mne-tools__mne-python-12605,mne-tools/mne-python,3,3,0,0,False
mne-tools__mne-python-12033,mne-tools/mne-python,4,2,2,0,False
mne-tools__mne-python-12661,mne-tools/mne-python,2,2,0,0,False
mne-tools__mne-python-12537,mne-tools/mne-python,4,4,0,0,False
mne-tools__mne-python-11178,mne-tools/mne-python,2,1,1,0,False
mne-tools__mne-python-12514,mne-tools/mne-python,1,1,0,0,False
mne-tools__mne-python-12027,mne-tools/mne-python,2,2,0,0,False
mne-tools__mne-python-12128,mne-tools/mne-python,1,1,0,0,False
mne-tools__mne-python-12326,mne-tools/mne-python,2,1,1,0,False
mwaskom__seaborn-2576,mwaskom/seaborn,1,1,0,0,False
mwaskom__seaborn-3069,mwaskom/seaborn,1,1,0,0,False
mwaskom__seaborn-2853,mwaskom/seaborn,1,1,0,0,False
mwaskom__seaborn-3010,mwaskom/seaborn,1,1,0,0,False
mwaskom__seaborn-3276,mwaskom/seaborn,1,1,0,0,False
mwaskom__seaborn-3217,mwaskom/seaborn,2,2,0,0,False
mwaskom__seaborn-2389,mwaskom/seaborn,1,1,0,0,False
mwaskom__seaborn-2979,mwaskom/seaborn,2,2,0,0,False
mwaskom__seaborn-2813,mwaskom/seaborn,3,3,0,0,False
mwaskom__seaborn-3180,mwaskom/seaborn,1,1,0,0,False
mwaskom__seaborn-3407,mwaskom/seaborn,1,1,0,0,False
mwaskom__seaborn-3216,mwaskom/seaborn,2,2,0,0,False
mwaskom__seaborn-3187,mwaskom/seaborn,2,2,0,0,False
mwaskom__seaborn-2996,mwaskom/seaborn,2,2,0,0,False
mwaskom__seaborn-3202,mwaskom/seaborn,2,2,0,0,False
mwaskom__seaborn-2946,mwaskom/seaborn,1,1,0,0,False
mwaskom__seaborn-3394,mwaskom/seaborn,3,3,0,0,False
mwaskom__seaborn-2457,mwaskom/seaborn,2,2,0,0,False
mwaskom__seaborn-3190,mwaskom/seaborn,1,1,0,0,False
mwaskom__seaborn-2848,mwaskom/seaborn,1,1,0,0,False
narwhals-dev__narwhals-1040,narwhals-dev/narwhals,4,4,0,0,False
narwhals-dev__narwhals-199,narwhals-dev/narwhals,2,2,0,0,False
narwhals-dev__narwhals-944,narwhals-dev/narwhals,4,4,0,0,False
narwhals-dev__narwhals-1679,narwhals-dev/narwhals,2,2,0,0,False
narwhals-dev__narwhals-1303,narwhals-dev/narwhals,4,4,0,0,False
narwhals-dev__narwhals-254,narwhals-dev/narwhals,1,1,0,0,False
narwhals-dev__narwhals-1627,narwhals-dev/narwhals,1,1,0,0,False
narwhals-dev__narwhals-1613,narwhals-dev/narwhals,2,2,0,0,False
narwhals-dev__narwhals-1475,narwhals-dev/narwhals,2,2,0,0,False
narwhals-dev__narwhals-917,narwhals-dev/narwhals,3,3,0,0,False
narwhals-dev__narwhals-1246,narwhals-dev/narwhals,1,1,0,0,False
narwhals-dev__narwhals-978,narwhals-dev/narwhals,4,4,0,0,False
narwhals-dev__narwhals-595,narwhals-dev/narwhals,1,1,0,0,False
narwhals-dev__narwhals-828,narwhals-dev/narwhals,1,1,0,0,False
narwhals-dev__narwhals-519,narwhals-dev/narwhals,1,1,0,0,False
narwhals-dev__narwhals-1268,narwhals-dev/narwhals,2,2,0,0,False
narwhals-dev__narwhals-1159,narwhals-dev/narwhals,4,4,0,0,False
narwhals-dev__narwhals-143,narwhals-dev/narwhals,1,1,0,0,False
narwhals-dev__narwhals-1026,narwhals-dev/narwhals,3,3,0,0,False
narwhals-dev__narwhals-941,narwhals-dev/narwhals,4,4,0,0,False
networkx__networkx-3848,networkx/networkx,1,1,0,0,False
networkx__networkx-7445,networkx/networkx,1,1,0,0,False
networkx__networkx-2773,networkx/networkx,1,1,0,0,False
networkx__networkx-5354,networkx/networkx,2,2,0,0,False
networkx__networkx-7473,networkx/networkx,2,2,0,0,False
networkx__networkx-8013,networkx/networkx,1,1,0,0,False
networkx__networkx-7332,networkx/networkx,1,1,0,0,False
networkx__networkx-6798,networkx/networkx,3,3,0,0,False
networkx__networkx-2566,networkx/networkx,1,1,0,0,False
networkx__networkx-6259,networkx/networkx,1,1,0,0,False
networkx__networkx-8211,networkx/networkx,1,1,0,0,False
networkx__networkx-5394,networkx/networkx,1,1,0,0,False
networkx__networkx-2386,networkx/networkx,1,1,0,0,False
networkx__networkx-7928,networkx/networkx,4,4,0,0,False
networkx__networkx-5903,networkx/networkx,1,1,0,0,False
networkx__networkx-2713,networkx/networkx,2,2,0,0,False
networkx__networkx-5444,networkx/networkx,1,1,0,0,False
networkx__networkx-8196,networkx/networkx,1,1,0,0,False
networkx__networkx-8055,networkx/networkx,1,1,0,0,False
networkx__networkx-8043,networkx/networkx,1,1,0,0,False
nilearn__nilearn-3823,nilearn/nilearn,3,3,0,0,False
nilearn__nilearn-3644,nilearn/nilearn,1,1,0,0,False
nilearn__nilearn-3631,nilearn/nilearn,1,1,0,0,False
nilearn__nilearn-4809,nilearn/nilearn,5,5,0,0,False
nilearn__nilearn-4929,nilearn/nilearn,1,1,0,0,False
nilearn__nilearn-4256,nilearn/nilearn,9,8,1,0,False
nilearn__nilearn-5169,nilearn/nilearn,1,1,0,0,False
nilearn__nilearn-5059,nilearn/nilearn,1,1,0,0,False
nilearn__nilearn-4967,nilearn/nilearn,4,4,0,0,False
nilearn__nilearn-3924,nilearn/nilearn,1,1,0,0,False
nilearn__nilearn-4939,nilearn/nilearn,2,2,0,0,False
nilearn__nilearn-3819,nilearn/nilearn,4,4,0,0,False
nilearn__nilearn-2865,nilearn/nilearn,1,1,0,0,False
nilearn__nilearn-3098,nilearn/nilearn,1,1,0,0,False
nilearn__nilearn-4416,nilearn/nilearn,1,1,0,0,False
nilearn__nilearn-4258,nilearn/nilearn,1,1,0,0,False
nilearn__nilearn-4414,nilearn/nilearn,1,1,0,0,False
nilearn__nilearn-4701,nilearn/nilearn,2,2,0,0,False
nilearn__nilearn-4802,nilearn/nilearn,5,2,3,0,False
nilearn__nilearn-3971,nilearn/nilearn,3,3,0,0,False
nipy__nipype-2780,nipy/nipype,1,1,0,0,False
nipy__nipype-2490,nipy/nipype,1,1,0,0,False
nipy__nipype-2030,nipy/nipype,1,1,0,0,False
nipy__nipype-2527,nipy/nipype,1,1,0,0,False
nipy__nipype-2669,nipy/nipype,3,3,0,0,False
nipy__nipype-3663,nipy/nipype,1,1,0,0,False
nipy__nipype-2502,nipy/nipype,2,2,0,0,False
nipy__nipype-3658,nipy/nipype,1,1,0,0,False
nipy__nipype-2429,nipy/nipype,1,1,0,0,False
nipy__nipype-1937,nipy/nipype,1,1,0,0,False
nipy__nipype-2750,nipy/nipype,1,1,0,0,False
nipy__nipype-2749,nipy/nipype,3,3,0,0,False
nipy__nipype-2179,nipy/nipype,1,1,0,0,False
nipy__nipype-2597,nipy/nipype,1,1,0,0,False
nipy__nipype-2673,nipy/nipype,1,1,0,0,False
nipy__nipype-2595,nipy/nipype,1,1,0,0,False
nipy__nipype-2757,nipy/nipype,2,2,0,0,False
nipy__nipype-2349,nipy/nipype,1,1,0,0,False
nltk__nltk-2801,nltk/nltk,1,1,0,0,False
nltk__nltk-2769,nltk/nltk,1,1,0,0,False
nltk__nltk-2888,nltk/nltk,4,4,0,0,False
nltk__nltk-3156,nltk/nltk,1,1,0,0,False
nltk__nltk-2910,nltk/nltk,1,1,0,0,False
nltk__nltk-2514,nltk/nltk,1,1,0,0,False
nltk__nltk-2564,nltk/nltk,2,2,0,0,False
nltk__nltk-2713,nltk/nltk,1,1,0,0,False
nltk__nltk-2768,nltk/nltk,1,1,0,0,False
nltk__nltk-3205,nltk/nltk,1,1,0,0,False
nltk__nltk-3042,nltk/nltk,1,1,0,0,False
numba__numba-6681,numba/numba,2,2,0,0,False
numba__numba-5557,numba/numba,1,1,0,0,False
numba__numba-5889,numba/numba,1,1,0,0,False
numba__numba-6654,numba/numba,2,2,0,0,False
numba__numba-6028,numba/numba,1,1,0,0,False
numba__numba-6635,numba/numba,1,1,0,0,False
numba__numba-5627,numba/numba,2,2,0,0,False
numba__numba-6582,numba/numba,2,2,0,0,False
numba__numba-5624,numba/numba,2,2,0,0,False
numba__numba-6586,numba/numba,1,1,0,0,False
numba__numba-6265,numba/numba,1,1,0,0,False
numba__numba-5213,numba/numba,1,1,0,0,False
numba__numba-3883,numba/numba,1,1,0,0,False
numba__numba-5361,numba/numba,1,1,0,0,False
numba__numba-5808,numba/numba,1,1,0,0,False
numba__numba-5176,numba/numba,1,1,0,0,False
numba__numba-5356,numba/numba,5,5,0,0,False
numba__numba-5527,numba/numba,1,1,0,0,False
numba__numba-6622,numba/numba,4,4,0,0,False
numba__numba-5478,numba/numba,5,5,0,0,False
NVIDIA__hpc-container-maker-346,nvidia/hpc-container-maker,1,1,0,0,False
NVIDIA__hpc-container-maker-427,nvidia/hpc-container-maker,2,2,0,0,False
NVIDIA__hpc-container-maker-378,nvidia/hpc-container-maker,1,1,0,0,False
NVIDIA__hpc-container-maker-244,nvidia/hpc-container-maker,1,1,0,0,False
NVIDIA__hpc-container-maker-486,nvidia/hpc-container-maker,2,2,0,0,False
NVIDIA__hpc-container-maker-286,nvidia/hpc-container-maker,1,1,0,0,False
NVIDIA__hpc-container-maker-312,nvidia/hpc-container-maker,2,2,0,0,False
NVIDIA__hpc-container-maker-445,nvidia/hpc-container-maker,1,1,0,0,False
NVIDIA__hpc-container-maker-456,nvidia/hpc-container-maker,1,1,0,0,False
NVIDIA__hpc-container-maker-311,nvidia/hpc-container-maker,1,1,0,0,False
oasis-open__cti-python-stix2-145,oasis-open/cti-python-stix2,4,4,0,0,False
oasis-open__cti-python-stix2-444,oasis-open/cti-python-stix2,3,3,0,0,False
oasis-open__cti-python-stix2-74,oasis-open/cti-python-stix2,2,2,0,0,False
oasis-open__cti-python-stix2-470,oasis-open/cti-python-stix2,1,1,0,0,False
oasis-open__cti-python-stix2-534,oasis-open/cti-python-stix2,2,2,0,0,False
oasis-open__cti-python-stix2-436,oasis-open/cti-python-stix2,1,1,0,0,False
oasis-open__cti-python-stix2-187,oasis-open/cti-python-stix2,1,1,0,0,False
oasis-open__cti-python-stix2-454,oasis-open/cti-python-stix2,1,1,0,0,False
oasis-open__cti-python-stix2-127,oasis-open/cti-python-stix2,1,1,0,0,False
oasis-open__cti-python-stix2-237,oasis-open/cti-python-stix2,3,3,0,0,False
oasis-open__cti-python-stix2-605,oasis-open/cti-python-stix2,1,1,0,0,False
oasis-open__cti-python-stix2-489,oasis-open/cti-python-stix2,1,1,0,0,False
oasis-open__cti-python-stix2-258,oasis-open/cti-python-stix2,1,1,0,0,False
oasis-open__cti-python-stix2-343,oasis-open/cti-python-stix2,1,1,0,0,False
oasis-open__cti-python-stix2-369,oasis-open/cti-python-stix2,1,1,0,0,False
oasis-open__cti-python-stix2-342,oasis-open/cti-python-stix2,1,1,0,0,False
oasis-open__cti-python-stix2-133,oasis-open/cti-python-stix2,3,3,0,0,False
oasis-open__cti-python-stix2-393,oasis-open/cti-python-stix2,2,2,0,0,False
oasis-open__cti-python-stix2-354,oasis-open/cti-python-stix2,2,2,0,0,False
oasis-open__cti-python-stix2-10,oasis-open/cti-python-stix2,2,2,0,0,False
openai__openai-agents-python-1633,openai/openai-agents-python,2,2,0,0,False
openai__openai-agents-python-999,openai/openai-agents-python,1,1,0,0,False
openai__openai-agents-python-737,openai/openai-agents-python,1,1,0,0,False
openai__openai-agents-python-1124,openai/openai-agents-python,1,1,0,0,False
openai__openai-agents-python-920,openai/openai-agents-python,2,2,0,0,False
openai__openai-agents-python-1619,openai/openai-agents-python,2,2,0,0,False
openai__openai-agents-python-357,openai/openai-agents-python,3,3,0,0,False
openai__openai-agents-python-1192,openai/openai-agents-python,1,1,0,0,False
openai__openai-agents-python-1043,openai/openai-agents-python,2,2,0,0,False
openai__openai-agents-python-1636,openai/openai-agents-python,1,1,0,0,False
openai__openai-agents-python-998,openai/openai-agents-python,1,1,0,0,False
openai__openai-agents-python-1601,openai/openai-agents-python,3,3,0,1,False
openai__openai-agents-python-1193,openai/openai-agents-python,1,1,0,1,False
pandas-dev__pandas-61183,pandas-dev/pandas,2,2,0,0,False
pandas-dev__pandas-60736,pandas-dev/pandas,1,1,0,0,False
pandas-dev__pandas-61022,pandas-dev/pandas,1,1,0,0,False
pandas-dev__pandas-57485,pandas-dev/pandas,1,1,0,0,False
pandas-dev__pandas-61146,pandas-dev/pandas,2,2,0,0,False
pandas-dev__pandas-60791,pandas-dev/pandas,1,1,0,0,False
pandas-dev__pandas-61017,pandas-dev/pandas,2,2,0,0,False
pandas-dev__pandas-60000,pandas-dev/pandas,2,2,0,0,False
pandas-dev__pandas-61158,pandas-dev/pandas,3,3,0,0,False
pandas-dev__pandas-61105,pandas-dev/pandas,1,1,0,0,False
pandas-dev__pandas-60691,pandas-dev/pandas,1,1,0,0,False
patroni__patroni-3152,patroni/patroni,1,1,0,0,False
patroni__patroni-3370,patroni/patroni,2,2,0,0,False
patroni__patroni-3139,patroni/patroni,1,1,0,0,False
patroni__patroni-3072,patroni/patroni,1,1,0,0,False
patroni__patroni-3338,patroni/patroni,1,1,0,0,False
patroni__patroni-3373,patroni/patroni,2,2,0,0,False
patroni__patroni-3094,patroni/patroni,2,2,0,0,False
patroni__patroni-2998,patroni/patroni,1,1,0,0,False
patroni__patroni-3018,patroni/patroni,1,1,0,1,False
patroni__patroni-3045,patroni/patroni,1,1,0,0,False
patroni__patroni-3426,patroni/patroni,1,1,0,0,False
patroni__patroni-3112,patroni/patroni,2,2,0,0,False
patroni__patroni-3198,patroni/patroni,1,1,0,1,False
patroni__patroni-3207,patroni/patroni,1,1,0,0,False
patroni__patroni-3079,patroni/patroni,1,1,0,0,False
patroni__patroni-3216,patroni/patroni,1,1,0,0,False
patroni__patroni-3148,patroni/patroni,4,4,0,0,False
patroni__patroni-3026,patroni/patroni,3,3,0,0,False
patroni__patroni-3310,patroni/patroni,1,1,0,0,False
patroni__patroni-3119,patroni/patroni,2,2,0,0,False
pdm-project__pdm-2819,pdm-project/pdm,2,2,0,0,False
pdm-project__pdm-1712,pdm-project/pdm,3,3,0,0,False
pdm-project__pdm-2554,pdm-project/pdm,8,8,0,0,False
pdm-project__pdm-2781,pdm-project/pdm,1,1,0,0,False
pdm-project__pdm-2688,pdm-project/pdm,9,9,0,0,False
pdm-project__pdm-2850,pdm-project/pdm,1,1,0,0,False
pdm-project__pdm-2687,pdm-project/pdm,7,7,0,0,False
pdm-project__pdm-3393,pdm-project/pdm,1,1,0,0,False
pdm-project__pdm-1421,pdm-project/pdm,2,2,0,0,False
pdm-project__pdm-3315,pdm-project/pdm,2,2,0,0,False
pdm-project__pdm-3374,pdm-project/pdm,5,5,0,0,False
pdm-project__pdm-3435,pdm-project/pdm,4,4,0,0,False
pdm-project__pdm-3109,pdm-project/pdm,2,2,0,0,False
pdm-project__pdm-3377,pdm-project/pdm,3,3,0,0,False
pdm-project__pdm-3255,pdm-project/pdm,1,1,0,0,False
pdm-project__pdm-1187,pdm-project/pdm,1,1,0,0,False
pdm-project__pdm-2909,pdm-project/pdm,2,2,0,0,False
pdm-project__pdm-3237,pdm-project/pdm,1,1,0,0,False
pdm-project__pdm-1518,pdm-project/pdm,2,2,0,0,False
pdm-project__pdm-2905,pdm-project/pdm,2,2,0,0,False
PennyLaneAI__pennylane-3381,pennylaneai/pennylane,2,2,0,0,False
PennyLaneAI__pennylane-3182,pennylaneai/pennylane,1,1,0,0,False
PennyLaneAI__pennylane-4736,pennylaneai/pennylane,2,2,0,0,False
PennyLaneAI__pennylane-5538,pennylaneai/pennylane,1,1,0,0,False
PennyLaneAI__pennylane-6398,pennylaneai/pennylane,1,1,0,0,False
PennyLaneAI__pennylane-2964,pennylaneai/pennylane,2,2,0,0,False
PennyLaneAI__pennylane-5866,pennylaneai/pennylane,1,1,0,0,False
PennyLaneAI__pennylane-5831,pennylaneai/pennylane,1,1,0,0,False
PennyLaneAI__pennylane-5582,pennylaneai/pennylane,1,1,0,0,False
PennyLaneAI__pennylane-4663,pennylaneai/pennylane,1,1,0,0,False
PennyLaneAI__pennylane-889,pennylaneai/pennylane,1,1,0,0,False
PennyLaneAI__pennylane-3024,pennylaneai/pennylane,1,1,0,0,False
PennyLaneAI__pennylane-1329,pennylaneai/pennylane,1,1,0,0,False
PennyLaneAI__pennylane-3477,pennylaneai/pennylane,2,2,0,0,False
PennyLaneAI__pennylane-5846,pennylaneai/pennylane,1,1,0,0,False
PennyLaneAI__pennylane-963,pennylaneai/pennylane,1,1,0,0,False
PennyLaneAI__pennylane-2603,pennylaneai/pennylane,2,2,0,0,False
PennyLaneAI__pennylane-1357,pennylaneai/pennylane,1,1,0,0,False
PennyLaneAI__pennylane-5448,pennylaneai/pennylane,2,2,0,0,False
PennyLaneAI__pennylane-1405,pennylaneai/pennylane,1,1,0,0,False
pre-commit__pre-commit-2746,pre-commit/pre-commit,2,2,0,0,False
pre-commit__pre-commit-1359,pre-commit/pre-commit,1,1,0,0,False
pre-commit__pre-commit-2345,pre-commit/pre-commit,1,1,0,0,False
pre-commit__pre-commit-1299,pre-commit/pre-commit,1,1,0,0,False
pre-commit__pre-commit-2480,pre-commit/pre-commit,1,1,0,0,False
pre-commit__pre-commit-1715,pre-commit/pre-commit,1,1,0,0,False
pre-commit__pre-commit-1497,pre-commit/pre-commit,1,1,0,0,False
pre-commit__pre-commit-1382,pre-commit/pre-commit,1,1,0,0,False
pre-commit__pre-commit-1480,pre-commit/pre-commit,1,1,0,0,False
pre-commit__pre-commit-713,pre-commit/pre-commit,2,2,0,0,False
pre-commit__pre-commit-1251,pre-commit/pre-commit,1,1,0,0,False
pre-commit__pre-commit-2154,pre-commit/pre-commit,1,1,0,0,False
pre-commit__pre-commit-566,pre-commit/pre-commit,3,3,0,0,False
pre-commit__pre-commit-1092,pre-commit/pre-commit,1,1,0,0,False
pre-commit__pre-commit-2686,pre-commit/pre-commit,1,1,0,0,False
pre-commit__pre-commit-1341,pre-commit/pre-commit,1,1,0,0,False
pre-commit__pre-commit-718,pre-commit/pre-commit,1,1,0,0,False
pre-commit__pre-commit-537,pre-commit/pre-commit,1,1,0,0,False
pre-commit__pre-commit-803,pre-commit/pre-commit,1,1,0,0,False
pre-commit__pre-commit-1259,pre-commit/pre-commit,1,1,0,0,False
projectmesa__mesa-1796,projectmesa/mesa,1,1,0,0,False
projectmesa__mesa-2605,projectmesa/mesa,1,1,0,0,False
projectmesa__mesa-2755,projectmesa/mesa,3,3,0,0,False
projectmesa__mesa-2418,projectmesa/mesa,2,2,0,0,False
projectmesa__mesa-1001,projectmesa/mesa,1,1,0,0,False
projectmesa__mesa-1413,projectmesa/mesa,1,1,0,0,False
projectmesa__mesa-1439,projectmesa/mesa,1,1,0,0,False
projectmesa__mesa-2523,projectmesa/mesa,1,1,0,0,False
projectmesa__mesa-2279,projectmesa/mesa,1,1,0,0,False
projectmesa__mesa-2463,projectmesa/mesa,1,1,0,0,False
projectmesa__mesa-2394,projectmesa/mesa,2,2,0,0,False
projectmesa__mesa-1702,projectmesa/mesa,2,2,0,0,False
projectmesa__mesa-2351,projectmesa/mesa,1,1,0,0,False
projectmesa__mesa-2632,projectmesa/mesa,2,2,0,0,False
psf__black-4657,psf/black,1,1,0,0,False
psf__black-3451,psf/black,1,1,0,0,False
psf__black-3745,psf/black,2,2,0,0,False
psf__black-4684,psf/black,1,1,0,0,False
psf__black-2037,psf/black,1,1,0,0,False
psf__black-1800,psf/black,1,1,0,0,False
psf__black-2991,psf/black,1,1,0,0,False
psf__black-4176,psf/black,2,2,0,0,False
psf__black-4222,psf/black,2,2,0,0,False
psf__black-4204,psf/black,1,1,0,0,False
psf__black-4161,psf/black,2,2,0,0,False
psf__black-4676,psf/black,1,1,0,0,False
psf__black-2758,psf/black,3,3,0,0,False
psf__black-4720,psf/black,3,3,0,0,False
psf__black-4670,psf/black,1,1,0,0,False
pvlib__pvlib-python-2140,pvlib/pvlib-python,3,3,0,0,False
pvlib__pvlib-python-2039,pvlib/pvlib-python,2,2,0,1,False
pvlib__pvlib-python-1977,pvlib/pvlib-python,1,1,0,0,False
pvlib__pvlib-python-2292,pvlib/pvlib-python,1,1,0,0,False
pvlib__pvlib-python-2400,pvlib/pvlib-python,1,1,0,0,False
pvlib__pvlib-python-2249,pvlib/pvlib-python,1,1,0,0,False
pvlib__pvlib-python-2393,pvlib/pvlib-python,1,1,0,0,False
pvlib__pvlib-python-2281,pvlib/pvlib-python,1,1,0,0,False
pvlib__pvlib-python-1948,pvlib/pvlib-python,1,1,0,0,False
pvlib__pvlib-python-1947,pvlib/pvlib-python,1,1,0,0,False
pvlib__pvlib-python-2190,pvlib/pvlib-python,2,2,0,0,False
pvlib__pvlib-python-2032,pvlib/pvlib-python,1,1,0,0,False
pvlib__pvlib-python-2088,pvlib/pvlib-python,2,2,0,0,False
pvlib__pvlib-python-1971,pvlib/pvlib-python,1,1,0,0,False
pvlib__pvlib-python-2341,pvlib/pvlib-python,2,2,0,0,False
pvlib__pvlib-python-2291,pvlib/pvlib-python,1,1,0,0,False
pvlib__pvlib-python-2019,pvlib/pvlib-python,1,1,0,0,False
pvlib__pvlib-python-2124,pvlib/pvlib-python,1,1,0,0,False
pvlib__pvlib-python-2133,pvlib/pvlib-python,1,1,0,0,False
pvlib__pvlib-python-2347,pvlib/pvlib-python,1,1,0,0,False
pydata__xarray-10141,pydata/xarray,1,1,0,0,False
pydata__xarray-4094,pydata/xarray,1,1,0,0,False
pydata__xarray-5126,pydata/xarray,3,3,0,0,False
pydata__xarray-4758,pydata/xarray,2,2,0,0,False
pydata__xarray-3637,pydata/xarray,2,2,0,0,False
pydata__xarray-3406,pydata/xarray,1,1,0,0,False
pydata__xarray-9760,pydata/xarray,1,1,0,0,False
pydata__xarray-3305,pydata/xarray,2,2,0,0,False
pydata__xarray-6744,pydata/xarray,1,1,0,0,False
pydata__xarray-4994,pydata/xarray,1,1,0,0,False
pydata__xarray-3338,pydata/xarray,1,1,0,0,False
pydata__xarray-4184,pydata/xarray,2,2,0,1,False
pydata__xarray-4683,pydata/xarray,4,4,0,0,False
pydata__xarray-7003,pydata/xarray,1,1,0,0,False
pydata__xarray-3159,pydata/xarray,2,2,0,0,False
pydata__xarray-3364,pydata/xarray,1,1,0,0,False
pydata__xarray-3979,pydata/xarray,1,1,0,0,False
pydata__xarray-4939,pydata/xarray,1,1,0,0,False
pydata__xarray-6938,pydata/xarray,2,2,0,0,False
pydata__xarray-4098,pydata/xarray,1,1,0,0,False
pylint-dev__pylint-4398,pylint-dev/pylint,2,2,0,0,False
pylint-dev__pylint-4516,pylint-dev/pylint,2,2,0,0,False
pylint-dev__pylint-10044,pylint-dev/pylint,3,1,2,0,False
pylint-dev__pylint-7228,pylint-dev/pylint,1,1,0,0,False
pylint-dev__pylint-7080,pylint-dev/pylint,1,1,0,0,False
pylint-dev__pylint-4421,pylint-dev/pylint,1,1,0,0,False
pylint-dev__pylint-8124,pylint-dev/pylint,1,1,0,0,False
pylint-dev__pylint-6517,pylint-dev/pylint,1,1,0,0,False
pylint-dev__pylint-10246,pylint-dev/pylint,1,1,0,0,False
pylint-dev__pylint-10170,pylint-dev/pylint,1,1,0,0,False
pylint-dev__pylint-6358,pylint-dev/pylint,1,1,0,0,False
pylint-dev__pylint-8819,pylint-dev/pylint,1,1,0,0,False
pylint-dev__pylint-6386,pylint-dev/pylint,4,4,0,0,False
pylint-dev__pylint-9917,pylint-dev/pylint,1,1,0,0,False
pylint-dev__pylint-5839,pylint-dev/pylint,4,4,0,0,False
pylint-dev__pylint-9866,pylint-dev/pylint,1,1,0,0,False
pylint-dev__pylint-9990,pylint-dev/pylint,1,1,0,0,False
pylint-dev__pylint-10036,pylint-dev/pylint,1,1,0,0,False
pylint-dev__pylint-9802,pylint-dev/pylint,1,1,0,0,False
pylint-dev__pylint-9599,pylint-dev/pylint,4,1,3,0,False
pypsa__pypsa-1195,pypsa/pypsa,2,2,0,0,False
pypsa__pypsa-1172,pypsa/pypsa,1,1,0,0,False
pypsa__pypsa-1012,pypsa/pypsa,1,1,0,0,False
pypsa__pypsa-924,pypsa/pypsa,1,1,0,0,False
pypsa__pypsa-1091,pypsa/pypsa,6,6,0,0,False
PyPSA__PyPSA-1310,pypsa/pypsa,7,7,0,0,False
PyPSA__PyPSA-1325,pypsa/pypsa,1,1,0,0,False
pypsa__pypsa-964,pypsa/pypsa,1,1,0,0,False
pypsa__pypsa-891,pypsa/pypsa,1,1,0,0,False
PyPSA__PyPSA-1265,pypsa/pypsa,2,2,0,0,False
pytest-dev__pytest-5227,pytest-dev/pytest,1,1,0,0,False
pytest-dev__pytest-8952,pytest-dev/pytest,2,2,0,0,False
pytest-dev__pytest-9359,pytest-dev/pytest,1,1,0,0,False
pytest-dev__pytest-9646,pytest-dev/pytest,1,1,0,0,False
pytest-dev__pytest-5254,pytest-dev/pytest,2,2,0,0,False
pytest-dev__pytest-10081,pytest-dev/pytest,1,1,0,0,False
pytest-dev__pytest-6202,pytest-dev/pytest,1,1,0,0,False
pytest-dev__pytest-8906,pytest-dev/pytest,1,1,0,0,False
pytest-dev__pytest-5809,pytest-dev/pytest,1,1,0,0,False
pytest-dev__pytest-9279,pytest-dev/pytest,1,1,0,0,False
pytest-dev__pytest-7481,pytest-dev/pytest,1,1,0,0,False
pytest-dev__pytest-5413,pytest-dev/pytest,1,1,0,0,False
pytest-dev__pytest-7231,pytest-dev/pytest,1,1,0,0,False
pytest-dev__pytest-5692,pytest-dev/pytest,1,1,0,0,False
pytest-dev__pytest-5281,pytest-dev/pytest,2,2,0,0,False
pytest-dev__pytest-6116,pytest-dev/pytest,1,1,0,0,False
pytest-dev__pytest-9956,pytest-dev/pytest,3,3,0,0,False
pytest-dev__pytest-8399,pytest-dev/pytest,2,2,0,0,False
pytest-dev__pytest-8033,pytest-dev/pytest,1,1,0,0,False
pytest-dev__pytest-5980,pytest-dev/pytest,3,3,0,1,False
python-cmd2__cmd2-699,python-cmd2/cmd2,3,3,0,0,False
python-cmd2__cmd2-1069,python-cmd2/cmd2,1,1,0,0,False
python-cmd2__cmd2-666,python-cmd2/cmd2,1,1,0,0,False
python-cmd2__cmd2-612,python-cmd2/cmd2,1,1,0,0,False
python-cmd2__cmd2-817,python-cmd2/cmd2,1,1,0,0,False
python-cmd2__cmd2-115,python-cmd2/cmd2,1,1,0,0,False
python-cmd2__cmd2-569,python-cmd2/cmd2,1,1,0,0,False
python-cmd2__cmd2-782,python-cmd2/cmd2,1,1,0,0,False
python-cmd2__cmd2-752,python-cmd2/cmd2,2,2,0,0,False
python-cmd2__cmd2-563,python-cmd2/cmd2,1,1,0,0,False
python-cmd2__cmd2-1045,python-cmd2/cmd2,1,1,0,0,False
python-cmd2__cmd2-1067,python-cmd2/cmd2,2,2,0,0,False
python-cmd2__cmd2-750,python-cmd2/cmd2,1,1,0,0,False
python-cmd2__cmd2-117,python-cmd2/cmd2,1,1,0,0,False
python-cmd2__cmd2-744,python-cmd2/cmd2,1,1,0,0,False
python-cmd2__cmd2-114,python-cmd2/cmd2,1,1,0,0,False
python-cmd2__cmd2-910,python-cmd2/cmd2,1,1,0,0,False
python-cmd2__cmd2-987,python-cmd2/cmd2,1,1,0,0,False
python-cmd2__cmd2-595,python-cmd2/cmd2,3,3,0,0,False
python-cmd2__cmd2-784,python-cmd2/cmd2,2,2,0,0,False
python-control__python-control-1012,python-control/python-control,2,2,0,0,False
python-control__python-control-1096,python-control/python-control,2,2,0,0,False
python-control__python-control-416,python-control/python-control,3,3,0,0,False
python-control__python-control-1064,python-control/python-control,2,2,0,0,False
python-control__python-control-1017,python-control/python-control,1,1,0,0,False
python-control__python-control-1145,python-control/python-control,4,4,0,0,False
python-control__python-control-834,python-control/python-control,1,1,0,0,False
python-control__python-control-1030,python-control/python-control,1,1,0,0,False
python-control__python-control-1133,python-control/python-control,1,1,0,0,False
python-control__python-control-1111,python-control/python-control,1,1,0,0,False
python-control__python-control-525,python-control/python-control,1,1,0,0,False
python-control__python-control-1092,python-control/python-control,3,3,0,0,False
python-control__python-control-1104,python-control/python-control,1,1,0,0,False
python-control__python-control-1142,python-control/python-control,1,1,0,0,False
python-control__python-control-869,python-control/python-control,1,1,0,0,False
python-control__python-control-1065,python-control/python-control,2,2,0,0,False
python-control__python-control-1138,python-control/python-control,1,1,0,0,False
python-control__python-control-1099,python-control/python-control,1,1,0,0,False
python-telegram-bot__python-telegram-bot-4288,python-telegram-bot/python-telegram-bot,2,2,0,0,False
python-telegram-bot__python-telegram-bot-4323,python-telegram-bot/python-telegram-bot,1,1,0,0,False
python-telegram-bot__python-telegram-bot-4353,python-telegram-bot/python-telegram-bot,1,1,0,0,False
python-telegram-bot__python-telegram-bot-4120,python-telegram-bot/python-telegram-bot,2,2,0,0,False
python-telegram-bot__python-telegram-bot-4654,python-telegram-bot/python-telegram-bot,1,1,0,0,False
python-telegram-bot__python-telegram-bot-4626,python-telegram-bot/python-telegram-bot,1,1,0,1,False
python-telegram-bot__python-telegram-bot-4151,python-telegram-bot/python-telegram-bot,6,6,0,0,False
python-telegram-bot__python-telegram-bot-4632,python-telegram-bot/python-telegram-bot,4,4,0,0,False
python-telegram-bot__python-telegram-bot-4290,python-telegram-bot/python-telegram-bot,1,1,0,0,False
python-telegram-bot__python-telegram-bot-4802,python-telegram-bot/python-telegram-bot,1,1,0,0,False
python-telegram-bot__python-telegram-bot-4613,python-telegram-bot/python-telegram-bot,1,1,0,0,False
python-telegram-bot__python-telegram-bot-4365,python-telegram-bot/python-telegram-bot,1,1,0,0,False
python-telegram-bot__python-telegram-bot-4161,python-telegram-bot/python-telegram-bot,3,3,0,0,False
python__mypy-18966,python/mypy,5,5,0,0,False
python__mypy-19767,python/mypy,2,2,0,0,False
python__mypy-19097,python/mypy,1,1,0,0,False
python__mypy-19216,python/mypy,1,1,0,0,False
python__mypy-19592,python/mypy,1,1,0,0,False
python__mypy-19648,python/mypy,1,1,0,0,False
python__mypy-19249,python/mypy,1,1,0,0,False
python__mypy-19190,python/mypy,1,1,0,0,False
python__mypy-19615,python/mypy,7,7,0,0,False
python__mypy-19705,python/mypy,2,2,0,0,False
python__mypy-19577,python/mypy,1,1,0,0,False
python__mypy-19573,python/mypy,1,1,0,0,False
python__mypy-19290,python/mypy,2,2,0,0,False
python__mypy-19718,python/mypy,3,3,0,0,False
pytorch__ignite-1320,pytorch/ignite,1,1,0,0,False
pytorch__ignite-2027,pytorch/ignite,1,1,0,0,False
pytorch__ignite-1880,pytorch/ignite,1,1,0,0,False
pytorch__ignite-873,pytorch/ignite,2,2,0,0,False
pytorch__ignite-572,pytorch/ignite,1,1,0,0,False
pytorch__ignite-1027,pytorch/ignite,1,1,0,0,False
pytorch__ignite-1597,pytorch/ignite,1,1,0,0,False
pytorch__ignite-919,pytorch/ignite,1,1,0,0,False
pytorch__ignite-385,pytorch/ignite,1,1,0,0,False
pytorch__ignite-1423,pytorch/ignite,1,1,0,0,False
pytorch__ignite-772,pytorch/ignite,1,1,0,0,False
pytorch__ignite-859,pytorch/ignite,1,1,0,0,False
pytorch__ignite-758,pytorch/ignite,1,1,0,0,False
pytorch__ignite-461,pytorch/ignite,1,1,0,0,False
pytorch__ignite-976,pytorch/ignite,1,1,0,0,False
pytorch__ignite-703,pytorch/ignite,1,1,0,0,False
pytorch__ignite-799,pytorch/ignite,1,1,0,0,False
pytorch__ignite-281,pytorch/ignite,1,1,0,0,False
pytorch__ignite-1155,pytorch/ignite,1,1,0,0,False
pytorch__ignite-1333,pytorch/ignite,2,2,0,0,False
pytorch__torchtune-1778,pytorch/torchtune,1,1,0,0,False
pytorch__torchtune-1368,pytorch/torchtune,1,1,0,0,False
pytorch__torchtune-997,pytorch/torchtune,1,1,0,0,False
pytorch__torchtune-1477,pytorch/torchtune,1,1,0,0,False
pytorch__torchtune-2139,pytorch/torchtune,10,10,0,0,False
pytorch__torchtune-1806,pytorch/torchtune,4,4,0,0,False
pytorch__torchtune-2110,pytorch/torchtune,1,1,0,0,False
pytorch__torchtune-1697,pytorch/torchtune,1,1,0,0,False
pytorch__torchtune-2342,pytorch/torchtune,2,2,0,0,False
pytorch__torchtune-2560,pytorch/torchtune,3,3,0,0,False
pytorch__torchtune-1832,pytorch/torchtune,1,1,0,0,False
pytorch__torchtune-293,pytorch/torchtune,2,2,0,0,False
pyvista__pyvista-6170,pyvista/pyvista,2,2,0,0,False
pyvista__pyvista-7040,pyvista/pyvista,4,3,1,0,False
pyvista__pyvista-1374,pyvista/pyvista,1,1,0,0,False
pyvista__pyvista-5767,pyvista/pyvista,1,1,0,0,False
pyvista__pyvista-7455,pyvista/pyvista,1,1,0,0,False
pyvista__pyvista-4315,pyvista/pyvista,1,1,0,0,False
pyvista__pyvista-6525,pyvista/pyvista,1,1,0,0,False
pyvista__pyvista-5569,pyvista/pyvista,1,1,0,0,False
pyvista__pyvista-5192,pyvista/pyvista,3,3,0,0,False
pyvista__pyvista-4311,pyvista/pyvista,3,3,0,0,False
pyvista__pyvista-6528,pyvista/pyvista,1,1,0,0,False
pyvista__pyvista-5246,pyvista/pyvista,1,1,0,0,False
pyvista__pyvista-4782,pyvista/pyvista,2,2,0,0,False
pyvista__pyvista-6060,pyvista/pyvista,1,1,0,0,False
pyvista__pyvista-3710,pyvista/pyvista,2,2,0,0,False
pyvista__pyvista-7258,pyvista/pyvista,1,1,0,0,False
pyvista__pyvista-6541,pyvista/pyvista,1,1,0,0,False
pyvista__pyvista-6517,pyvista/pyvista,1,1,0,0,False
pyvista__pyvista-1553,pyvista/pyvista,1,1,0,0,False
pyvista__pyvista-6127,pyvista/pyvista,1,1,0,0,False
RDFLib__rdflib-1117,rdflib/rdflib,1,1,0,0,False
RDFLib__rdflib-1258,rdflib/rdflib,1,1,0,0,False
RDFLib__rdflib-2112,rdflib/rdflib,1,1,0,0,False
RDFLib__rdflib-1335,rdflib/rdflib,1,1,0,0,False
RDFLib__rdflib-1044,rdflib/rdflib,1,1,0,0,False
RDFLib__rdflib-2474,rdflib/rdflib,1,1,0,0,False
RDFLib__rdflib-1386,rdflib/rdflib,2,2,0,0,False
RDFLib__rdflib-1054,rdflib/rdflib,1,1,0,0,False
RDFLib__rdflib-2160,rdflib/rdflib,1,1,0,0,False
RDFLib__rdflib-1012,rdflib/rdflib,2,2,0,0,False
RDFLib__rdflib-1456,rdflib/rdflib,1,1,0,0,False
reflex-dev__reflex-4266,reflex-dev/reflex,2,2,0,0,False
reflex-dev__reflex-3037,reflex-dev/reflex,1,1,0,0,False
reflex-dev__reflex-3006,reflex-dev/reflex,6,6,0,0,False
reflex-dev__reflex-4129,reflex-dev/reflex,2,2,0,1,False
reflex-dev__reflex-2985,reflex-dev/reflex,1,1,0,0,False
reflex-dev__reflex-2439,reflex-dev/reflex,5,5,0,0,False
reflex-dev__reflex-4958,reflex-dev/reflex,2,2,0,0,False
reflex-dev__reflex-4720,reflex-dev/reflex,2,2,0,1,False
reflex-dev__reflex-3160,reflex-dev/reflex,1,1,0,0,False
reflex-dev__reflex-4427,reflex-dev/reflex,1,1,0,0,False
reflex-dev__reflex-3580,reflex-dev/reflex,1,1,0,0,False
reflex-dev__reflex-4620,reflex-dev/reflex,1,1,0,0,False
reflex-dev__reflex-4205,reflex-dev/reflex,1,1,0,0,False
reflex-dev__reflex-4230,reflex-dev/reflex,1,1,0,0,False
reflex-dev__reflex-2936,reflex-dev/reflex,1,1,0,0,False
reflex-dev__reflex-2617,reflex-dev/reflex,1,1,0,0,False
reflex-dev__reflex-3696,reflex-dev/reflex,1,1,0,0,False
reflex-dev__reflex-3179,reflex-dev/reflex,1,1,0,0,False
reflex-dev__reflex-2350,reflex-dev/reflex,1,1,0,0,False
reflex-dev__reflex-3842,reflex-dev/reflex,1,1,0,0,False
reframe-hpc__reframe-3449,reframe-hpc/reframe,1,1,0,0,False
reframe-hpc__reframe-3070,reframe-hpc/reframe,1,1,0,0,False
reframe-hpc__reframe-3262,reframe-hpc/reframe,2,2,0,0,False
reframe-hpc__reframe-3328,reframe-hpc/reframe,1,1,0,0,False
reframe-hpc__reframe-3173,reframe-hpc/reframe,3,3,0,0,False
reframe-hpc__reframe-2999,reframe-hpc/reframe,1,1,0,0,False
reframe-hpc__reframe-2656,reframe-hpc/reframe,1,1,0,0,False
reframe-hpc__reframe-2533,reframe-hpc/reframe,3,3,0,0,False
reframe-hpc__reframe-2613,reframe-hpc/reframe,1,1,0,0,False
reframe-hpc__reframe-2688,reframe-hpc/reframe,1,1,0,0,False
reframe-hpc__reframe-3313,reframe-hpc/reframe,2,2,0,0,False
reframe-hpc__reframe-3058,reframe-hpc/reframe,1,1,0,0,False
reframe-hpc__reframe-2581,reframe-hpc/reframe,1,1,0,0,False
reframe-hpc__reframe-3339,reframe-hpc/reframe,1,1,0,0,False
repobee__repobee-428,repobee/repobee,2,2,0,0,False
repobee__repobee-509,repobee/repobee,2,2,0,0,False
repobee__repobee-336,repobee/repobee,1,1,0,0,False
repobee__repobee-348,repobee/repobee,2,2,0,0,False
repobee__repobee-200,repobee/repobee,1,1,0,0,False
repobee__repobee-316,repobee/repobee,4,4,0,0,False
repobee__repobee-207,repobee/repobee,1,1,0,0,False
repobee__repobee-363,repobee/repobee,2,2,0,0,False
repobee__repobee-186,repobee/repobee,2,2,0,0,False
repobee__repobee-202,repobee/repobee,3,3,0,0,False
repobee__repobee-174,repobee/repobee,5,5,0,0,False
repobee__repobee-276,repobee/repobee,1,1,0,0,False
repobee__repobee-330,repobee/repobee,3,3,0,0,False
repobee__repobee-281,repobee/repobee,2,2,0,0,False
repobee__repobee-457,repobee/repobee,2,2,0,0,False
scikit-learn__scikit-learn-15393,scikit-learn/scikit-learn,1,1,0,0,False
scikit-learn__scikit-learn-12471,scikit-learn/scikit-learn,1,1,0,0,False
scikit-learn__scikit-learn-15100,scikit-learn/scikit-learn,1,1,0,0,False
scikit-learn__scikit-learn-12443,scikit-learn/scikit-learn,1,1,0,0,False
scikit-learn__scikit-learn-10687,scikit-learn/scikit-learn,1,1,0,0,False
scikit-learn__scikit-learn-11596,scikit-learn/scikit-learn,1,1,0,1,False
scikit-learn__scikit-learn-25570,scikit-learn/scikit-learn,1,1,0,0,False
scikit-learn__scikit-learn-10306,scikit-learn/scikit-learn,9,9,0,0,False
scikit-learn__scikit-learn-12989,scikit-learn/scikit-learn,1,1,0,0,False
scikit-learn__scikit-learn-14806,scikit-learn/scikit-learn,1,1,0,0,False
scikit-learn__scikit-learn-25747,scikit-learn/scikit-learn,1,1,0,0,False
scikit-learn__scikit-learn-25370,scikit-learn/scikit-learn,1,1,0,0,False
scikit-learn__scikit-learn-13628,scikit-learn/scikit-learn,3,3,0,0,False
scikit-learn__scikit-learn-19664,scikit-learn/scikit-learn,1,1,0,0,False
scikit-learn__scikit-learn-10452,scikit-learn/scikit-learn,1,1,0,0,False
scikit-learn__scikit-learn-9274,scikit-learn/scikit-learn,1,1,0,0,False
scikit-learn__scikit-learn-25299,scikit-learn/scikit-learn,1,1,0,0,False
scikit-learn__scikit-learn-15625,scikit-learn/scikit-learn,2,2,0,0,False
scikit-learn__scikit-learn-12583,scikit-learn/scikit-learn,1,1,0,0,False
scikit-learn__scikit-learn-23099,scikit-learn/scikit-learn,1,1,0,0,False
scipp__plopp-371,scipp/plopp,3,3,0,0,False
scipp__plopp-435,scipp/plopp,1,1,0,0,False
scipp__plopp-173,scipp/plopp,1,1,0,0,False
scipp__plopp-387,scipp/plopp,2,2,0,0,False
scipp__plopp-445,scipp/plopp,1,1,0,0,False
scipp__plopp-422,scipp/plopp,1,1,0,0,False
scipp__plopp-372,scipp/plopp,1,1,0,0,False
scipp__plopp-154,scipp/plopp,3,3,0,0,False
scipp__plopp-99,scipp/plopp,2,2,0,0,False
scipp__plopp-428,scipp/plopp,1,1,0,0,False
scipp__plopp-108,scipp/plopp,1,1,0,0,False
scipp__plopp-375,scipp/plopp,1,1,0,0,False
scipp__plopp-250,scipp/plopp,1,1,0,0,False
scipp__plopp-373,scipp/plopp,4,4,0,0,False
scipp__plopp-437,scipp/plopp,2,2,0,0,False
scipp__plopp-151,scipp/plopp,2,2,0,0,False
scipp__plopp-126,scipp/plopp,1,1,0,0,False
scipp__plopp-249,scipp/plopp,1,1,0,0,False
scipp__plopp-35,scipp/plopp,2,2,0,0,False
scrapy__scrapy-6349,scrapy/scrapy,2,2,0,0,False
scrapy__scrapy-2564,scrapy/scrapy,2,2,0,0,False
scrapy__scrapy-4008,scrapy/scrapy,1,1,0,0,False
scrapy__scrapy-5118,scrapy/scrapy,1,1,0,0,False
scrapy__scrapy-5526,scrapy/scrapy,1,1,0,0,False
scrapy__scrapy-3966,scrapy/scrapy,2,2,0,0,False
scrapy__scrapy-3379,scrapy/scrapy,1,1,0,0,False
scrapy__scrapy-2923,scrapy/scrapy,2,2,0,0,False
scrapy__scrapy-5611,scrapy/scrapy,1,1,0,0,False
scrapy__scrapy-2649,scrapy/scrapy,1,1,0,0,False
scrapy__scrapy-6007,scrapy/scrapy,1,1,0,0,False
scrapy__scrapy-2612,scrapy/scrapy,1,1,0,0,False
scrapy__scrapy-5993,scrapy/scrapy,1,1,0,0,False
scrapy__scrapy-6213,scrapy/scrapy,2,2,0,0,False
scrapy__scrapy-2510,scrapy/scrapy,1,1,0,0,False
scrapy__scrapy-6347,scrapy/scrapy,1,1,0,0,False
scrapy__scrapy-5320,scrapy/scrapy,1,1,0,0,False
scrapy__scrapy-5384,scrapy/scrapy,1,1,0,0,False
scrapy__scrapy-6671,scrapy/scrapy,1,1,0,0,False
scrapy__scrapy-3371,scrapy/scrapy,1,1,0,0,False
sdv-dev__SDV-2566,sdv-dev/sdv,1,1,0,0,False
sdv-dev__SDV-2636,sdv-dev/sdv,1,1,0,0,False
sdv-dev__SDV-2502,sdv-dev/sdv,1,1,0,0,False
sdv-dev__SDV-2558,sdv-dev/sdv,2,2,0,0,False
sdv-dev__SDV-2523,sdv-dev/sdv,4,4,0,0,False
sdv-dev__SDV-2546,sdv-dev/sdv,2,2,0,0,False
sdv-dev__SDV-2532,sdv-dev/sdv,1,1,0,0,False
sdv-dev__SDV-2658,sdv-dev/sdv,1,1,0,0,False
sdv-dev__SDV-2472,sdv-dev/sdv,1,1,0,0,False
sdv-dev__SDV-2634,sdv-dev/sdv,1,1,0,0,False
sdv-dev__SDV-2646,sdv-dev/sdv,1,1,0,0,False
sdv-dev__SDV-2570,sdv-dev/sdv,2,2,0,1,False
sdv-dev__SDV-2656,sdv-dev/sdv,1,1,0,0,False
sdv-dev__SDV-2571,sdv-dev/sdv,4,4,0,0,False
sdv-dev__SDV-2573,sdv-dev/sdv,1,1,0,0,False
sissbruecker__linkding-993,sissbruecker/linkding,1,1,0,0,False
sissbruecker__linkding-820,sissbruecker/linkding,3,3,0,0,False
sissbruecker__linkding-687,sissbruecker/linkding,1,1,0,0,False
sissbruecker__linkding-1014,sissbruecker/linkding,1,1,0,0,False
sissbruecker__linkding-819,sissbruecker/linkding,1,1,0,0,False
sissbruecker__linkding-706,sissbruecker/linkding,2,2,0,1,False
sissbruecker__linkding-1153,sissbruecker/linkding,1,1,0,0,False
sissbruecker__linkding-804,sissbruecker/linkding,5,5,0,0,False
sissbruecker__linkding-1051,sissbruecker/linkding,1,1,0,0,False
sissbruecker__linkding-810,sissbruecker/linkding,1,1,0,0,False
sissbruecker__linkding-835,sissbruecker/linkding,4,4,0,1,False
sissbruecker__linkding-688,sissbruecker/linkding,2,2,0,0,False
sissbruecker__linkding-655,sissbruecker/linkding,1,1,0,0,False
sissbruecker__linkding-811,sissbruecker/linkding,1,1,0,0,False
sissbruecker__linkding-763,sissbruecker/linkding,2,2,0,0,False
sissbruecker__linkding-1045,sissbruecker/linkding,1,1,0,0,False
sissbruecker__linkding-812,sissbruecker/linkding,2,2,0,0,False
sissbruecker__linkding-863,sissbruecker/linkding,3,3,0,2,False
sissbruecker__linkding-613,sissbruecker/linkding,1,1,0,0,False
sissbruecker__linkding-971,sissbruecker/linkding,2,2,0,0,False
spacetelescope__jwst-5318,spacetelescope/jwst,4,4,0,0,False
spacetelescope__jwst-8747,spacetelescope/jwst,2,2,0,0,False
spacetelescope__jwst-8336,spacetelescope/jwst,1,1,0,0,False
spacetelescope__jwst-7976,spacetelescope/jwst,1,1,0,0,False
spacetelescope__jwst-7978,spacetelescope/jwst,1,1,0,0,False
spacetelescope__jwst-8096,spacetelescope/jwst,1,1,0,1,False
spacetelescope__jwst-8433,spacetelescope/jwst,1,1,0,0,False
spacetelescope__jwst-8699,spacetelescope/jwst,2,2,0,0,False
spacetelescope__jwst-8461,spacetelescope/jwst,1,1,0,0,False
spacetelescope__jwst-3629,spacetelescope/jwst,2,2,0,0,False
spacetelescope__jwst-7982,spacetelescope/jwst,1,1,0,0,False
spacetelescope__jwst-8760,spacetelescope/jwst,1,1,0,0,False
spacetelescope__jwst-8761,spacetelescope/jwst,1,1,0,0,False
spacetelescope__jwst-7745,spacetelescope/jwst,2,2,0,0,False
spacetelescope__jwst-5543,spacetelescope/jwst,2,2,0,0,False
spdx__tools-python-520,spdx/tools-python,1,1,0,0,False
spdx__tools-python-651,spdx/tools-python,1,1,0,0,False
spdx__tools-python-778,spdx/tools-python,1,1,0,0,False
spdx__tools-python-768,spdx/tools-python,1,1,0,0,False
spdx__tools-python-467,spdx/tools-python,1,1,0,0,False
spdx__tools-python-481,spdx/tools-python,2,2,0,0,False
spdx__tools-python-543,spdx/tools-python,1,1,0,0,False
spdx__tools-python-746,spdx/tools-python,1,1,0,0,False
spdx__tools-python-765,spdx/tools-python,1,1,0,0,False
spdx__tools-python-719,spdx/tools-python,1,1,0,0,False
spdx__tools-python-814,spdx/tools-python,1,1,0,0,False
spdx__tools-python-799,spdx/tools-python,1,1,0,0,False
spdx__tools-python-695,spdx/tools-python,1,1,0,0,False
spdx__tools-python-757,spdx/tools-python,1,1,0,0,False
spdx__tools-python-283,spdx/tools-python,1,1,0,0,False
sphinx-doc__sphinx-9261,sphinx-doc/sphinx,2,2,0,0,False
sphinx-doc__sphinx-9591,sphinx-doc/sphinx,1,1,0,0,False
sphinx-doc__sphinx-8552,sphinx-doc/sphinx,1,1,0,0,False
sphinx-doc__sphinx-12807,sphinx-doc/sphinx,1,1,0,0,False
sphinx-doc__sphinx-8007,sphinx-doc/sphinx,3,3,0,0,False
sphinx-doc__sphinx-11192,sphinx-doc/sphinx,1,1,0,0,False
sphinx-doc__sphinx-12087,sphinx-doc/sphinx,1,1,0,0,False
sphinx-doc__sphinx-9320,sphinx-doc/sphinx,1,1,0,0,False
sphinx-doc__sphinx-9180,sphinx-doc/sphinx,1,1,0,0,False
sphinx-doc__sphinx-9797,sphinx-doc/sphinx,1,1,0,0,False
sphinx-doc__sphinx-10457,sphinx-doc/sphinx,1,1,0,0,False
sphinx-doc__sphinx-11876,sphinx-doc/sphinx,1,1,0,0,False
sphinx-doc__sphinx-8679,sphinx-doc/sphinx,1,1,0,0,False
sphinx-doc__sphinx-8362,sphinx-doc/sphinx,2,2,0,0,False
sphinx-doc__sphinx-9658,sphinx-doc/sphinx,1,1,0,0,False
sphinx-doc__sphinx-10614,sphinx-doc/sphinx,1,1,0,0,False
sphinx-doc__sphinx-13172,sphinx-doc/sphinx,1,1,0,0,False
sphinx-doc__sphinx-9207,sphinx-doc/sphinx,1,1,0,0,False
sphinx-doc__sphinx-9289,sphinx-doc/sphinx,1,1,0,0,False
sphinx-doc__sphinx-11445,sphinx-doc/sphinx,1,1,0,0,False
SpikeInterface__spikeinterface-2775,spikeinterface/spikeinterface,4,4,0,0,False
SpikeInterface__spikeinterface-2716,spikeinterface/spikeinterface,1,1,0,0,False
SpikeInterface__spikeinterface-3778,spikeinterface/spikeinterface,3,3,0,0,False
SpikeInterface__spikeinterface-1057,spikeinterface/spikeinterface,1,1,0,0,False
SpikeInterface__spikeinterface-3047,spikeinterface/spikeinterface,1,1,0,0,False
SpikeInterface__spikeinterface-3737,spikeinterface/spikeinterface,2,2,0,0,False
SpikeInterface__spikeinterface-3180,spikeinterface/spikeinterface,4,4,0,0,False
SpikeInterface__spikeinterface-3829,spikeinterface/spikeinterface,1,1,0,0,False
SpikeInterface__spikeinterface-3670,spikeinterface/spikeinterface,2,2,0,0,False
SpikeInterface__spikeinterface-3347,spikeinterface/spikeinterface,1,1,0,0,False
sqlfluff__sqlfluff-1402,sqlfluff/sqlfluff,3,3,0,0,False
sqlfluff__sqlfluff-1198,sqlfluff/sqlfluff,1,1,0,0,False
sqlfluff__sqlfluff-5880,sqlfluff/sqlfluff,2,2,0,0,False
sqlfluff__sqlfluff-581,sqlfluff/sqlfluff,2,2,0,0,False
sqlfluff__sqlfluff-2540,sqlfluff/sqlfluff,1,1,0,1,False
sqlfluff__sqlfluff-982,sqlfluff/sqlfluff,1,1,0,0,False
sqlfluff__sqlfluff-594,sqlfluff/sqlfluff,1,1,0,0,False
sqlfluff__sqlfluff-4041,sqlfluff/sqlfluff,3,3,0,0,False
sqlfluff__sqlfluff-1133,sqlfluff/sqlfluff,4,4,0,0,False
sqlfluff__sqlfluff-6123,sqlfluff/sqlfluff,1,1,0,0,False
sqlfluff__sqlfluff-3435,sqlfluff/sqlfluff,1,1,0,0,False
sqlfluff__sqlfluff-583,sqlfluff/sqlfluff,1,1,0,0,False
sqlfluff__sqlfluff-762,sqlfluff/sqlfluff,1,1,0,0,False
sqlfluff__sqlfluff-905,sqlfluff/sqlfluff,1,1,0,0,False
sqlfluff__sqlfluff-6366,sqlfluff/sqlfluff,3,3,0,0,False
sqlfluff__sqlfluff-4685,sqlfluff/sqlfluff,2,2,0,0,False
sqlfluff__sqlfluff-5206,sqlfluff/sqlfluff,2,2,0,0,False
sqlfluff__sqlfluff-884,sqlfluff/sqlfluff,2,2,0,0,False
sqlfluff__sqlfluff-933,sqlfluff/sqlfluff,1,1,0,0,False
sqlfluff__sqlfluff-4753,sqlfluff/sqlfluff,2,1,1,0,False
stanfordnlp__dspy-8360,stanfordnlp/dspy,1,1,0,0,False
stanfordnlp__dspy-1651,stanfordnlp/dspy,1,1,0,0,False
stanfordnlp__dspy-779,stanfordnlp/dspy,1,1,0,0,False
stanfordnlp__dspy-8146,stanfordnlp/dspy,1,1,0,0,False
stanfordnlp__dspy-1556,stanfordnlp/dspy,3,3,0,0,False
stanfordnlp__dspy-8432,stanfordnlp/dspy,1,1,0,0,False
stanfordnlp__dspy-8394,stanfordnlp/dspy,1,1,0,0,False
stanfordnlp__dspy-8566,stanfordnlp/dspy,1,1,0,0,False
stanfordnlp__dspy-1741,stanfordnlp/dspy,1,1,0,0,False
stanfordnlp__dspy-848,stanfordnlp/dspy,1,1,0,0,False
stanfordnlp__dspy-8605,stanfordnlp/dspy,2,2,0,0,False
stanfordnlp__dspy-8607,stanfordnlp/dspy,4,4,0,0,False
stanfordnlp__dspy-987,stanfordnlp/dspy,1,1,0,0,False
stanfordnlp__dspy-8739,stanfordnlp/dspy,1,1,0,0,False
stanfordnlp__dspy-8340,stanfordnlp/dspy,1,1,0,0,False
stanfordnlp__dspy-1472,stanfordnlp/dspy,1,1,0,0,False
stanfordnlp__dspy-8718,stanfordnlp/dspy,1,1,0,0,False
stanfordnlp__dspy-8053,stanfordnlp/dspy,1,1,0,0,False
statsmodels__statsmodels-9390,statsmodels/statsmodels,5,5,0,0,False
statsmodels__statsmodels-9468,statsmodels/statsmodels,1,1,0,0,False
statsmodels__statsmodels-8828,statsmodels/statsmodels,1,1,0,0,False
statsmodels__statsmodels-8801,statsmodels/statsmodels,1,1,0,0,False
statsmodels__statsmodels-8339,statsmodels/statsmodels,1,1,0,0,False
statsmodels__statsmodels-9407,statsmodels/statsmodels,1,1,0,0,False
statsmodels__statsmodels-8831,statsmodels/statsmodels,3,3,0,0,False
statsmodels__statsmodels-8702,statsmodels/statsmodels,2,2,0,0,False
statsmodels__statsmodels-8333,statsmodels/statsmodels,3,3,0,0,False
statsmodels__statsmodels-8378,statsmodels/statsmodels,1,1,0,0,False
statsmodels__statsmodels-9413,statsmodels/statsmodels,1,1,0,0,False
statsmodels__statsmodels-9165,statsmodels/statsmodels,1,1,0,0,False
statsmodels__statsmodels-8959,statsmodels/statsmodels,1,1,0,0,False
streamlink__streamlink-6433,streamlink/streamlink,1,1,0,0,False
streamlink__streamlink-6353,streamlink/streamlink,1,1,0,0,False
streamlink__streamlink-5586,streamlink/streamlink,3,3,0,0,False
streamlink__streamlink-6544,streamlink/streamlink,2,2,0,0,False
streamlink__streamlink-3847,streamlink/streamlink,2,2,0,0,False
streamlink__streamlink-5725,streamlink/streamlink,1,1,0,0,False
streamlink__streamlink-5645,streamlink/streamlink,1,1,0,0,False
streamlink__streamlink-3422,streamlink/streamlink,1,1,0,0,False
streamlink__streamlink-2765,streamlink/streamlink,1,1,0,0,False
streamlink__streamlink-2102,streamlink/streamlink,1,1,0,0,False
streamlink__streamlink-1660,streamlink/streamlink,1,1,0,0,False
streamlink__streamlink-5478,streamlink/streamlink,3,3,0,0,False
streamlink__streamlink-3768,streamlink/streamlink,3,3,0,0,False
streamlink__streamlink-5444,streamlink/streamlink,2,2,0,0,False
streamlink__streamlink-1721,streamlink/streamlink,2,2,0,0,False
streamlink__streamlink-3205,streamlink/streamlink,1,1,0,0,False
streamlink__streamlink-6328,streamlink/streamlink,1,1,0,0,False
streamlink__streamlink-2780,streamlink/streamlink,1,1,0,0,False
streamlink__streamlink-5932,streamlink/streamlink,1,1,0,0,False
streamlink__streamlink-3920,streamlink/streamlink,1,1,0,0,False
sunpy__sunpy-7024,sunpy/sunpy,3,3,0,0,False
sunpy__sunpy-6423,sunpy/sunpy,1,1,0,0,False
sunpy__sunpy-6499,sunpy/sunpy,1,1,0,0,False
sunpy__sunpy-7446,sunpy/sunpy,1,1,0,0,False
sunpy__sunpy-6451,sunpy/sunpy,1,1,0,0,False
sunpy__sunpy-5915,sunpy/sunpy,1,1,0,0,False
sunpy__sunpy-4879,sunpy/sunpy,1,1,0,0,False
sunpy__sunpy-7370,sunpy/sunpy,1,1,0,0,False
sunpy__sunpy-4724,sunpy/sunpy,1,1,0,0,False
sunpy__sunpy-4791,sunpy/sunpy,1,1,0,0,False
sunpy__sunpy-7950,sunpy/sunpy,1,1,0,0,False
sunpy__sunpy-6581,sunpy/sunpy,1,1,0,0,False
sympy__sympy-21596,sympy/sympy,1,1,0,0,False
sympy__sympy-13177,sympy/sympy,1,1,0,0,False
sympy__sympy-17394,sympy/sympy,4,4,0,0,False
sympy__sympy-15971,sympy/sympy,1,1,0,0,False
sympy__sympy-15349,sympy/sympy,1,1,0,0,False
sympy__sympy-19637,sympy/sympy,1,1,0,0,False
sympy__sympy-13878,sympy/sympy,1,1,0,0,False
sympy__sympy-18030,sympy/sympy,2,2,0,0,False
sympy__sympy-15567,sympy/sympy,1,1,0,0,False
sympy__sympy-21527,sympy/sympy,5,5,0,0,False
sympy__sympy-15609,sympy/sympy,1,1,0,0,False
sympy__sympy-19601,sympy/sympy,1,1,0,0,False
sympy__sympy-16963,sympy/sympy,8,8,0,0,False
sympy__sympy-16943,sympy/sympy,1,1,0,0,False
sympy__sympy-19182,sympy/sympy,1,1,0,0,False
sympy__sympy-13265,sympy/sympy,2,2,0,0,False
sympy__sympy-20565,sympy/sympy,1,1,0,0,False
sympy__sympy-15011,sympy/sympy,1,1,0,0,False
sympy__sympy-14296,sympy/sympy,1,1,0,0,False
sympy__sympy-14333,sympy/sympy,1,1,0,0,False
tefra__xsdata-834,tefra/xsdata,2,2,0,0,False
tefra__xsdata-788,tefra/xsdata,4,4,0,0,False
tefra__xsdata-1010,tefra/xsdata,1,1,0,0,False
tefra__xsdata-826,tefra/xsdata,1,1,0,0,False
tefra__xsdata-994,tefra/xsdata,2,2,0,0,False
tefra__xsdata-679,tefra/xsdata,2,2,0,0,False
tefra__xsdata-1067,tefra/xsdata,1,1,0,0,False
tefra__xsdata-1055,tefra/xsdata,1,1,0,0,False
tefra__xsdata-886,tefra/xsdata,1,1,0,0,False
tefra__xsdata-687,tefra/xsdata,1,1,0,0,False
tefra__xsdata-1099,tefra/xsdata,1,1,0,0,False
tefra__xsdata-755,tefra/xsdata,2,2,0,0,False
tefra__xsdata-901,tefra/xsdata,1,1,0,0,False
tefra__xsdata-1098,tefra/xsdata,1,1,0,0,False
tefra__xsdata-879,tefra/xsdata,1,1,0,0,False
tefra__xsdata-609,tefra/xsdata,1,1,0,0,False
tefra__xsdata-787,tefra/xsdata,1,1,0,0,False
tefra__xsdata-749,tefra/xsdata,1,1,0,0,False
tefra__xsdata-905,tefra/xsdata,1,1,0,0,False
tefra__xsdata-902,tefra/xsdata,1,1,0,0,False
terrapower__armi-1839,terrapower/armi,1,1,0,0,False
terrapower__armi-1883,terrapower/armi,2,2,0,0,False
terrapower__armi-1925,terrapower/armi,1,1,0,0,False
terrapower__armi-102,terrapower/armi,2,2,0,0,False
terrapower__armi-1842,terrapower/armi,3,3,0,0,False
terrapower__armi-1796,terrapower/armi,2,2,0,0,False
terrapower__armi-1122,terrapower/armi,1,1,0,0,False
terrapower__armi-256,terrapower/armi,2,2,0,0,False
terrapower__armi-1117,terrapower/armi,3,3,0,0,False
terrapower__armi-1230,terrapower/armi,1,1,0,0,False
terrapower__armi-1929,terrapower/armi,1,1,0,0,False
terrapower__armi-2068,terrapower/armi,1,1,0,0,False
Textualize__textual-441,textualize/textual,1,1,0,0,False
Textualize__textual-2692,textualize/textual,1,1,0,0,False
Textualize__textual-4159,textualize/textual,2,2,0,0,False
Textualize__textual-4313,textualize/textual,1,1,0,0,False
Textualize__textual-4196,textualize/textual,1,1,0,0,False
Textualize__textual-1551,textualize/textual,2,2,0,0,False
Textualize__textual-3274,textualize/textual,1,1,0,0,False
Textualize__textual-1359,textualize/textual,1,1,0,0,False
Textualize__textual-3872,textualize/textual,1,1,0,0,False
Textualize__textual-4452,textualize/textual,3,3,0,0,False
Textualize__textual-3965,textualize/textual,1,1,0,0,False
Textualize__textual-2987,textualize/textual,2,2,0,0,False
Textualize__textual-5743,textualize/textual,1,1,0,0,False
Textualize__textual-2464,textualize/textual,1,1,0,0,False
Textualize__textual-2981,textualize/textual,1,1,0,0,False
Textualize__textual-2038,textualize/textual,1,1,0,0,False
Textualize__textual-5237,textualize/textual,1,1,0,0,False
Textualize__textual-1837,textualize/textual,1,1,0,0,False
Textualize__textual-3152,textualize/textual,2,2,0,0,False
Textualize__textual-4702,textualize/textual,1,1,0,0,False
tobymao__sqlglot-3238,tobymao/sqlglot,3,3,0,0,False
tobymao__sqlglot-559,tobymao/sqlglot,2,2,0,0,False
tobymao__sqlglot-4390,tobymao/sqlglot,1,1,0,0,False
tobymao__sqlglot-4311,tobymao/sqlglot,2,2,0,0,False
tobymao__sqlglot-2047,tobymao/sqlglot,2,2,0,0,False
tobymao__sqlglot-3799,tobymao/sqlglot,1,1,0,0,False
tobymao__sqlglot-1627,tobymao/sqlglot,4,4,0,0,False
tobymao__sqlglot-3731,tobymao/sqlglot,4,4,0,0,False
tobymao__sqlglot-4079,tobymao/sqlglot,2,2,0,0,False
tobymao__sqlglot-4106,tobymao/sqlglot,3,3,0,0,False
tobymao__sqlglot-3699,tobymao/sqlglot,4,4,0,0,False
tobymao__sqlglot-4004,tobymao/sqlglot,1,1,0,0,False
tobymao__sqlglot-3470,tobymao/sqlglot,1,1,0,0,False
tobymao__sqlglot-4628,tobymao/sqlglot,4,4,0,0,False
tobymao__sqlglot-4393,tobymao/sqlglot,2,2,0,0,False
tobymao__sqlglot-3720,tobymao/sqlglot,2,2,0,0,False
tobymao__sqlglot-3785,tobymao/sqlglot,1,1,0,0,False
tobymao__sqlglot-3242,tobymao/sqlglot,3,3,0,0,False
tobymao__sqlglot-3696,tobymao/sqlglot,4,4,0,0,False
tobymao__sqlglot-2591,tobymao/sqlglot,1,1,0,0,False
tornadoweb__tornado-2045,tornadoweb/tornado,2,2,0,0,False
tornadoweb__tornado-2745,tornadoweb/tornado,1,1,0,0,False
tornadoweb__tornado-2157,tornadoweb/tornado,1,1,0,0,False
tornadoweb__tornado-1936,tornadoweb/tornado,4,4,0,0,False
tornadoweb__tornado-2048,tornadoweb/tornado,2,2,0,0,False
tornadoweb__tornado-2011,tornadoweb/tornado,2,2,0,0,False
tornadoweb__tornado-2270,tornadoweb/tornado,1,1,0,0,False
tornadoweb__tornado-2047,tornadoweb/tornado,2,2,0,0,False
tornadoweb__tornado-2589,tornadoweb/tornado,3,3,0,0,False
tornadoweb__tornado-2613,tornadoweb/tornado,2,2,0,0,False
tornadoweb__tornado-2058,tornadoweb/tornado,2,2,0,0,False
tornadoweb__tornado-2544,tornadoweb/tornado,1,1,0,0,False
tornadoweb__tornado-2549,tornadoweb/tornado,1,1,0,0,False
tornadoweb__tornado-2397,tornadoweb/tornado,3,3,0,0,False
tornadoweb__tornado-2074,tornadoweb/tornado,2,2,0,0,False
tornadoweb__tornado-2581,tornadoweb/tornado,1,1,0,0,False
tornadoweb__tornado-2394,tornadoweb/tornado,3,3,0,0,False
tornadoweb__tornado-2075,tornadoweb/tornado,2,2,0,0,False
tornadoweb__tornado-2545,tornadoweb/tornado,4,4,0,0,False
tornadoweb__tornado-3317,tornadoweb/tornado,1,1,0,0,False
tox-dev__tox-946,tox-dev/tox,1,1,0,0,False
tox-dev__tox-2907,tox-dev/tox,1,1,0,0,False
tox-dev__tox-1208,tox-dev/tox,1,1,0,0,False
tox-dev__tox-2786,tox-dev/tox,1,1,0,0,False
tox-dev__tox-1961,tox-dev/tox,2,2,0,0,False
tox-dev__tox-3274,tox-dev/tox,1,1,0,0,False
tox-dev__tox-2212,tox-dev/tox,1,1,0,0,False
tox-dev__tox-3321,tox-dev/tox,1,1,0,0,False
tox-dev__tox-3013,tox-dev/tox,1,1,0,0,False
tox-dev__tox-2834,tox-dev/tox,3,3,0,0,False
tox-dev__tox-2828,tox-dev/tox,3,3,0,0,False
tox-dev__tox-2487,tox-dev/tox,1,1,0,0,False
tox-dev__tox-2011,tox-dev/tox,4,4,0,0,False
tox-dev__tox-2626,tox-dev/tox,3,3,0,0,False
tox-dev__tox-2529,tox-dev/tox,1,1,0,0,False
tox-dev__tox-3259,tox-dev/tox,2,2,0,0,False
tox-dev__tox-989,tox-dev/tox,2,2,0,0,False
tox-dev__tox-2905,tox-dev/tox,2,2,0,0,False
tox-dev__tox-1099,tox-dev/tox,1,1,0,0,False
tox-dev__tox-1046,tox-dev/tox,2,2,0,0,False
twisted__twisted-11897,twisted/twisted,1,1,0,0,False
twisted__twisted-11979,twisted/twisted,1,1,0,0,False
twisted__twisted-12326,twisted/twisted,2,2,0,0,False
twisted__twisted-12096,twisted/twisted,1,1,0,0,False
twisted__twisted-11810,twisted/twisted,5,5,0,0,False
twisted__twisted-12366,twisted/twisted,3,3,0,0,False
twisted__twisted-12302,twisted/twisted,1,1,0,0,False
twisted__twisted-11688,twisted/twisted,1,1,0,0,False
twisted__twisted-12047,twisted/twisted,2,2,0,0,False
twisted__twisted-12064,twisted/twisted,1,1,0,0,False
twisted__twisted-11970,twisted/twisted,2,2,0,0,False
twisted__twisted-12040,twisted/twisted,1,1,0,0,False
twisted__twisted-12324,twisted/twisted,1,1,0,0,False
ucfopen__canvasapi-306,ucfopen/canvasapi,1,1,0,0,False
ucfopen__canvasapi-76,ucfopen/canvasapi,2,2,0,0,False
ucfopen__canvasapi-228,ucfopen/canvasapi,1,1,0,0,False
ucfopen__canvasapi-273,ucfopen/canvasapi,1,1,0,0,False
ucfopen__canvasapi-277,ucfopen/canvasapi,1,1,0,0,False
ucfopen__canvasapi-512,ucfopen/canvasapi,1,1,0,0,False
ucfopen__canvasapi-471,ucfopen/canvasapi,1,1,0,0,False
ucfopen__canvasapi-92,ucfopen/canvasapi,2,2,0,0,False
ucfopen__canvasapi-302,ucfopen/canvasapi,2,2,0,0,False
ucfopen__canvasapi-443,ucfopen/canvasapi,2,2,0,0,False
ucfopen__canvasapi-381,ucfopen/canvasapi,1,1,0,0,False
ucfopen__canvasapi-340,ucfopen/canvasapi,1,1,0,0,False
ucfopen__canvasapi-65,ucfopen/canvasapi,1,1,0,0,False
ucfopen__canvasapi-450,ucfopen/canvasapi,1,1,0,0,False
ucfopen__canvasapi-406,ucfopen/canvasapi,1,1,0,0,False
ucfopen__canvasapi-343,ucfopen/canvasapi,1,1,0,0,False
ucfopen__canvasapi-127,ucfopen/canvasapi,1,1,0,0,False
ucfopen__canvasapi-133,ucfopen/canvasapi,1,1,0,0,False
ucfopen__canvasapi-421,ucfopen/canvasapi,2,2,0,0,False
ucfopen__canvasapi-51,ucfopen/canvasapi,1,1,0,0,False
vertexproject__synapse-296,vertexproject/synapse,3,3,0,0,False
vertexproject__synapse-351,vertexproject/synapse,2,2,0,0,False
vertexproject__synapse-381,vertexproject/synapse,2,2,0,0,False
vertexproject__synapse-941,vertexproject/synapse,1,1,0,0,False
vertexproject__synapse-350,vertexproject/synapse,1,1,0,0,False
vertexproject__synapse-331,vertexproject/synapse,1,1,0,0,False
vertexproject__synapse-370,vertexproject/synapse,1,1,0,0,False
vertexproject__synapse-294,vertexproject/synapse,1,1,0,0,False
vertexproject__synapse-382,vertexproject/synapse,1,1,0,0,False
vertexproject__synapse-349,vertexproject/synapse,1,1,0,0,False
vertexproject__synapse-3940,vertexproject/synapse,1,1,0,0,False
vertexproject__synapse-295,vertexproject/synapse,1,1,0,0,False
wemake-services__wemake-python-styleguide-3114,wemake-services/wemake-python-styleguide,1,1,0,0,False
wemake-services__wemake-python-styleguide-3382,wemake-services/wemake-python-styleguide,2,2,0,0,False
wemake-services__wemake-python-styleguide-1849,wemake-services/wemake-python-styleguide,1,1,0,0,False
wemake-services__wemake-python-styleguide-1688,wemake-services/wemake-python-styleguide,1,1,0,0,False
wemake-services__wemake-python-styleguide-3159,wemake-services/wemake-python-styleguide,1,1,0,0,False
wemake-services__wemake-python-styleguide-2411,wemake-services/wemake-python-styleguide,2,2,0,0,False
wemake-services__wemake-python-styleguide-2533,wemake-services/wemake-python-styleguide,1,1,0,0,False
wemake-services__wemake-python-styleguide-1694,wemake-services/wemake-python-styleguide,1,1,0,0,False
wemake-services__wemake-python-styleguide-1670,wemake-services/wemake-python-styleguide,1,1,0,0,False
wemake-services__wemake-python-styleguide-3128,wemake-services/wemake-python-styleguide,3,3,0,0,False
wemake-services__wemake-python-styleguide-2400,wemake-services/wemake-python-styleguide,3,3,0,0,False
wemake-services__wemake-python-styleguide-1962,wemake-services/wemake-python-styleguide,1,1,0,0,False
wemake-services__wemake-python-styleguide-1850,wemake-services/wemake-python-styleguide,3,3,0,0,False
wemake-services__wemake-python-styleguide-1869,wemake-services/wemake-python-styleguide,2,2,0,0,False
wemake-services__wemake-python-styleguide-3182,wemake-services/wemake-python-styleguide,1,1,0,1,False
wemake-services__wemake-python-styleguide-1916,wemake-services/wemake-python-styleguide,3,3,0,1,False
wemake-services__wemake-python-styleguide-1792,wemake-services/wemake-python-styleguide,1,1,0,0,False
wemake-services__wemake-python-styleguide-2343,wemake-services/wemake-python-styleguide,1,1,0,0,False
wemake-services__wemake-python-styleguide-1649,wemake-services/wemake-python-styleguide,1,1,0,0,False
wemake-services__wemake-python-styleguide-3178,wemake-services/wemake-python-styleguide,1,1,0,0,False
xonsh__xonsh-4919,xonsh/xonsh,1,1,0,0,False
xonsh__xonsh-3024,xonsh/xonsh,1,1,0,0,False
xonsh__xonsh-3334,xonsh/xonsh,3,3,0,0,False
xonsh__xonsh-3107,xonsh/xonsh,1,1,0,0,False
xonsh__xonsh-5013,xonsh/xonsh,3,3,0,0,False
xonsh__xonsh-3272,xonsh/xonsh,1,1,0,0,False
xonsh__xonsh-4673,xonsh/xonsh,3,3,0,0,False
xonsh__xonsh-3723,xonsh/xonsh,2,2,0,0,False
xonsh__xonsh-3255,xonsh/xonsh,1,1,0,0,False
xonsh__xonsh-4920,xonsh/xonsh,1,1,0,0,False
xonsh__xonsh-4907,xonsh/xonsh,1,1,0,0,False
xonsh__xonsh-5698,xonsh/xonsh,1,1,0,0,False
xonsh__xonsh-2795,xonsh/xonsh,1,1,0,0,False
xonsh__xonsh-3428,xonsh/xonsh,1,1,0,0,False
xonsh__xonsh-3141,xonsh/xonsh,3,3,0,0,False
xonsh__xonsh-5632,xonsh/xonsh,1,1,0,0,False
xonsh__xonsh-3345,xonsh/xonsh,2,2,0,0,False
xonsh__xonsh-4610,xonsh/xonsh,6,6,0,0,False
yt-dlp__yt-dlp-11425,yt-dlp/yt-dlp,1,1,0,0,False
yt-dlp__yt-dlp-11880,yt-dlp/yt-dlp,1,1,0,0,False
yt-dlp__yt-dlp-4841,yt-dlp/yt-dlp,1,1,0,0,False
yt-dlp__yt-dlp-10516,yt-dlp/yt-dlp,2,2,0,0,False
yt-dlp__yt-dlp-11198,yt-dlp/yt-dlp,1,1,0,0,False
yt-dlp__yt-dlp-11751,yt-dlp/yt-dlp,2,2,0,0,False
yt-dlp__yt-dlp-10611,yt-dlp/yt-dlp,4,4,0,0,False
yt-dlp__yt-dlp-10544,yt-dlp/yt-dlp,3,3,0,0,False
yt-dlp__yt-dlp-12684,yt-dlp/yt-dlp,2,2,0,0,False
yt-dlp__yt-dlp-12714,yt-dlp/yt-dlp,1,1,0,0,False
yt-dlp__yt-dlp-12748,yt-dlp/yt-dlp,1,1,0,0,False
yt-dlp__yt-dlp-10531,yt-dlp/yt-dlp,4,4,0,0,False
yukinarit__pyserde-313,yukinarit/pyserde,2,2,0,0,False
yukinarit__pyserde-229,yukinarit/pyserde,2,2,0,0,False
yukinarit__pyserde-565,yukinarit/pyserde,2,2,0,0,False
yukinarit__pyserde-441,yukinarit/pyserde,1,1,0,0,False
yukinarit__pyserde-561,yukinarit/pyserde,1,1,0,0,False
yukinarit__pyserde-620,yukinarit/pyserde,2,2,0,0,False
yukinarit__pyserde-44,yukinarit/pyserde,3,3,0,0,False
yukinarit__pyserde-264,yukinarit/pyserde,1,1,0,0,False
yukinarit__pyserde-569,yukinarit/pyserde,3,3,0,0,False
yukinarit__pyserde-208,yukinarit/pyserde,2,2,0,0,False
zarr-developers__zarr-python-1828,zarr-developers/zarr-python,3,3,0,0,False
zarr-developers__zarr-python-2644,zarr-developers/zarr-python,3,3,0,0,False
zarr-developers__zarr-python-2494,zarr-developers/zarr-python,1,1,0,0,False
zarr-developers__zarr-python-1447,zarr-developers/zarr-python,1,1,0,0,False
zarr-developers__zarr-python-2244,zarr-developers/zarr-python,2,2,0,0,False
zarr-developers__zarr-python-3015,zarr-developers/zarr-python,1,1,0,0,False
zarr-developers__zarr-python-2679,zarr-developers/zarr-python,1,1,0,0,False
zarr-developers__zarr-python-2817,zarr-developers/zarr-python,1,1,0,0,False
zarr-developers__zarr-python-1968,zarr-developers/zarr-python,4,4,0,0,False
zarr-developers__zarr-python-2512,zarr-developers/zarr-python,1,1,0,0,False
zarr-developers__zarr-python-2583,zarr-developers/zarr-python,1,1,0,0,False
zarr-developers__zarr-python-2213,zarr-developers/zarr-python,1,1,0,0,False
zarr-developers__zarr-python-1397,zarr-developers/zarr-python,1,1,0,0,False
zarr-developers__zarr-python-2548,zarr-developers/zarr-python,3,3,0,0,False
zarr-developers__zarr-python-2210,zarr-developers/zarr-python,2,2,0,0,False
zarr-developers__zarr-python-1991,zarr-developers/zarr-python,1,1,0,0,False
zarr-developers__zarr-python-2629,zarr-developers/zarr-python,1,1,0,0,False
zarr-developers__zarr-python-2638,zarr-developers/zarr-python,1,1,0,0,False
zarr-developers__zarr-python-2755,zarr-developers/zarr-python,4,4,0,0,False
zarr-developers__zarr-python-2416,zarr-developers/zarr-python,1,1,0,0,False
