task_id,instance_id,repo_key,source,key_files,key_lines,key_tokens,repo_files,repo_tokens
aiogram__aiogram-1674::aiogram/fsm/scene.py,aiogram__aiogram-1674,aiogram/aiogram,symbol,2,146,1105,602,537783
aiogram__aiogram-661::aiogram/methods/answer_inline_query.py,aiogram__aiogram-661,aiogram/aiogram,co_edited,1,1820,12840,290,164254
aiogram__aiogram-661::aiogram/methods/answer_inline_query.py,aiogram__aiogram-661,aiogram/aiogram,symbol,2,1976,14048,290,164254
aiogram__aiogram-661::aiogram/types/message.py,aiogram__aiogram-661,aiogram/aiogram,co_edited,1,41,514,290,164254
aiogram__aiogram-661::aiogram/types/message.py,aiogram__aiogram-661,aiogram/aiogram,symbol,2,197,1722,290,164254
aiogram__aiogram-1474::aiogram/dispatcher/middlewares/user_context.py,aiogram__aiogram-1474,aiogram/aiogram,symbol,10,1846,18820,453,411949
aiogram__aiogram-1267::aiogram/dispatcher/event/telegram.py,aiogram__aiogram-1267,aiogram/aiogram,co_edited,3,360,2701,391,352455
aiogram__aiogram-1267::aiogram/dispatcher/event/telegram.py,aiogram__aiogram-1267,aiogram/aiogram,symbol,6,3938,44423,391,352455
aiogram__aiogram-1267::aiogram/dispatcher/router.py,aiogram__aiogram-1267,aiogram/aiogram,co_edited,3,268,1863,391,352455
aiogram__aiogram-1267::aiogram/dispatcher/router.py,aiogram__aiogram-1267,aiogram/aiogram,symbol,6,3846,43585,391,352455
aiogram__aiogram-1267::examples/context_addition_from_filter.py,aiogram__aiogram-1267,aiogram/aiogram,co_edited,3,471,3430,391,352455
aiogram__aiogram-1267::examples/context_addition_from_filter.py,aiogram__aiogram-1267,aiogram/aiogram,symbol,6,4049,45152,391,352455
aiogram__aiogram-1267::examples/multibot.py,aiogram__aiogram-1267,aiogram/aiogram,co_edited,3,413,2932,391,352455
aiogram__aiogram-1267::examples/multibot.py,aiogram__aiogram-1267,aiogram/aiogram,symbol,7,4082,45364,391,352455
aiogram__aiogram-1250::aiogram/utils/chat_action.py,aiogram__aiogram-1250,aiogram/aiogram,symbol,2,7575,88465,386,351392
aiogram__aiogram-1283::aiogram/utils/magic_filter.py,aiogram__aiogram-1283,aiogram/aiogram,co_edited,1,185,1051,394,354389
aiogram__aiogram-1283::aiogram/utils/magic_filter.py,aiogram__aiogram-1283,aiogram/aiogram,symbol,2,436,2881,394,354389
aiogram__aiogram-1283::aiogram/utils/markdown.py,aiogram__aiogram-1283,aiogram/aiogram,co_edited,1,22,145,394,354389
aiogram__aiogram-1283::aiogram/utils/markdown.py,aiogram__aiogram-1283,aiogram/aiogram,symbol,2,273,1975,394,354389
aiogram__aiogram-1370::aiogram/__init__.py,aiogram__aiogram-1370,aiogram/aiogram,co_edited,1,182,1215,397,360000
aiogram__aiogram-1370::aiogram/__init__.py,aiogram__aiogram-1370,aiogram/aiogram,symbol,1,182,1215,397,360000
aiogram__aiogram-1370::aiogram/filters/callback_data.py,aiogram__aiogram-1370,aiogram/aiogram,co_edited,1,41,217,397,360000
aiogram__aiogram-1594::aiogram/fsm/context.py,aiogram__aiogram-1594,aiogram/aiogram,co_edited,3,1163,8149,500,487448
aiogram__aiogram-1594::aiogram/fsm/context.py,aiogram__aiogram-1594,aiogram/aiogram,symbol,3,1163,8149,500,487448
aiogram__aiogram-1594::aiogram/fsm/scene.py,aiogram__aiogram-1594,aiogram/aiogram,co_edited,3,289,1877,500,487448
aiogram__aiogram-1594::aiogram/fsm/scene.py,aiogram__aiogram-1594,aiogram/aiogram,symbol,3,289,1877,500,487448
aiogram__aiogram-1594::aiogram/fsm/storage/base.py,aiogram__aiogram-1594,aiogram/aiogram,co_edited,3,1012,7266,500,487448
aiogram__aiogram-1594::aiogram/fsm/storage/base.py,aiogram__aiogram-1594,aiogram/aiogram,symbol,3,1012,7266,500,487448
aiogram__aiogram-1594::aiogram/fsm/storage/memory.py,aiogram__aiogram-1594,aiogram/aiogram,co_edited,3,1121,7905,500,487448
aiogram__aiogram-1594::aiogram/fsm/storage/memory.py,aiogram__aiogram-1594,aiogram/aiogram,symbol,3,1121,7905,500,487448
aiogram__aiogram-1318::aiogram/fsm/middleware.py,aiogram__aiogram-1318,aiogram/aiogram,symbol,1,32,250,397,358526
aiogram__aiogram-912::aiogram/methods/base.py,aiogram__aiogram-912,aiogram/aiogram,co_edited,1,27,460,319,192297
aiogram__aiogram-912::aiogram/methods/base.py,aiogram__aiogram-912,aiogram/aiogram,symbol,1,27,460,319,192297
aiogram__aiogram-912::aiogram/types/force_reply.py,aiogram__aiogram-912,aiogram/aiogram,co_edited,1,158,1207,319,192297
aiogram__aiogram-912::aiogram/types/force_reply.py,aiogram__aiogram-912,aiogram/aiogram,symbol,1,158,1207,319,192297
aiogram__aiogram-989::aiogram/dispatcher/dispatcher.py,aiogram__aiogram-989,aiogram/aiogram,co_edited,1,120,745,322,194216
aiogram__aiogram-989::aiogram/dispatcher/dispatcher.py,aiogram__aiogram-989,aiogram/aiogram,symbol,1,120,745,322,194216
aiogram__aiogram-989::aiogram/exceptions.py,aiogram__aiogram-989,aiogram/aiogram,co_edited,1,480,3553,322,194216
aiogram__aiogram-989::aiogram/exceptions.py,aiogram__aiogram-989,aiogram/aiogram,symbol,1,480,3553,322,194216
astropy__astropy-14163::astropy/units/quantity_helper/function_helpers.py,astropy__astropy-14163,astropy/astropy,symbol,1,2651,18919,492,1684127
astropy__astropy-14413::astropy/units/format/console.py,astropy__astropy-14413,astropy/astropy,co_edited,2,214,1404,497,1696978
astropy__astropy-14413::astropy/units/format/console.py,astropy__astropy-14413,astropy/astropy,symbol,2,214,1404,497,1696978
astropy__astropy-14413::astropy/units/format/latex.py,astropy__astropy-14413,astropy/astropy,co_edited,2,171,1069,497,1696978
astropy__astropy-14413::astropy/units/format/latex.py,astropy__astropy-14413,astropy/astropy,symbol,2,171,1069,497,1696978
astropy__astropy-14413::astropy/units/format/unicode_format.py,astropy__astropy-14413,astropy/astropy,co_edited,2,247,1639,497,1696978
astropy__astropy-14413::astropy/units/format/unicode_format.py,astropy__astropy-14413,astropy/astropy,symbol,2,247,1639,497,1696978
astropy__astropy-8519::astropy/units/function/core.py,astropy__astropy-8519,astropy/astropy,symbol,1,2358,17160,413,1353632
astropy__astropy-14528::astropy/io/fits/hdu/image.py,astropy__astropy-14528,astropy/astropy,symbol,1,932,7062,497,1703796
astropy__astropy-7441::astropy/time/core.py,astropy__astropy-7441,astropy/astropy,co_edited,1,1193,11577,389,1284712
astropy__astropy-7441::astropy/time/core.py,astropy__astropy-7441,astropy/astropy,symbol,2,1200,11632,389,1284712
astropy__astropy-7441::astropy/time/formats.py,astropy__astropy-7441,astropy/astropy,co_edited,1,2050,18749,389,1284712
astropy__astropy-7441::astropy/time/formats.py,astropy__astropy-7441,astropy/astropy,symbol,2,2057,18804,389,1284712
astropy__astropy-13842::astropy/table/table.py,astropy__astropy-13842,astropy/astropy,co_edited,1,207,1555,491,1660546
astropy__astropy-13842::astropy/table/table.py,astropy__astropy-13842,astropy/astropy,symbol,2,1912,16209,491,1660546
astropy__astropy-13842::astropy/table/table_helpers.py,astropy__astropy-13842,astropy/astropy,co_edited,1,3972,32840,491,1660546
astropy__astropy-13842::astropy/table/table_helpers.py,astropy__astropy-13842,astropy/astropy,symbol,2,5677,47494,491,1660546
astropy__astropy-14590::astropy/utils/masked/core.py,astropy__astropy-14590,astropy/astropy,symbol,1,466,3767,497,1703774
astropy__astroquery-3068::astroquery/simbad/core.py,astropy__astroquery-3068,astropy/astroquery,symbol,2,183,1020,249,450308
astropy__astroquery-3031::astroquery/mast/cloud.py,astropy__astroquery-3031,astropy/astroquery,co_edited,2,1563,12772,247,441842
astropy__astroquery-3031::astroquery/mast/cloud.py,astropy__astroquery-3031,astropy/astroquery,symbol,3,1687,13542,247,441842
astropy__astroquery-3031::astroquery/mast/observations.py,astropy__astroquery-3031,astropy/astroquery,co_edited,2,810,6253,247,441842
astropy__astroquery-3031::astroquery/mast/observations.py,astropy__astroquery-3031,astropy/astroquery,symbol,3,934,7023,247,441842
astropy__astroquery-3031::astroquery/query.py,astropy__astroquery-3031,astropy/astroquery,co_edited,2,1205,9983,247,441842
astropy__astroquery-3031::astroquery/query.py,astropy__astroquery-3031,astropy/astroquery,symbol,3,1329,10753,247,441842
astropy__photutils-1943::photutils/detection/core.py,astropy__photutils-1943,astropy/photutils,co_edited,3,1310,11037,96,324438
astropy__photutils-1943::photutils/detection/core.py,astropy__photutils-1943,astropy/photutils,symbol,3,1310,11037,96,324438
astropy__photutils-1943::photutils/detection/irafstarfinder.py,astropy__photutils-1943,astropy/photutils,co_edited,3,976,8311,96,324438
astropy__photutils-1943::photutils/detection/irafstarfinder.py,astropy__photutils-1943,astropy/photutils,symbol,3,976,8311,96,324438
astropy__photutils-1943::photutils/detection/peakfinder.py,astropy__photutils-1943,astropy/photutils,co_edited,3,1380,11450,96,324438
astropy__photutils-1943::photutils/detection/peakfinder.py,astropy__photutils-1943,astropy/photutils,symbol,3,1380,11450,96,324438
astropy__photutils-1943::photutils/detection/starfinder.py,astropy__photutils-1943,astropy/photutils,co_edited,3,1143,9939,96,324438
astropy__photutils-1943::photutils/detection/starfinder.py,astropy__photutils-1943,astropy/photutils,symbol,3,1143,9939,96,324438
astropy__photutils-1648::photutils/morphology/core.py,astropy__photutils-1648,astropy/photutils,symbol,1,3684,30671,87,279694
astropy__photutils-1663::photutils/detection/core.py,astropy__photutils-1663,astropy/photutils,co_edited,3,1634,13613,87,285976
astropy__photutils-1663::photutils/detection/core.py,astropy__photutils-1663,astropy/photutils,symbol,2,1238,10649,87,285976
astropy__photutils-1663::photutils/detection/daofinder.py,astropy__photutils-1663,astropy/photutils,co_edited,3,1208,9831,87,285976
astropy__photutils-1663::photutils/detection/daofinder.py,astropy__photutils-1663,astropy/photutils,symbol,2,812,6867,87,285976
astropy__photutils-1663::photutils/detection/irafstarfinder.py,astropy__photutils-1663,astropy/photutils,co_edited,3,1370,11566,87,285976
astropy__photutils-1663::photutils/detection/irafstarfinder.py,astropy__photutils-1663,astropy/photutils,symbol,2,974,8602,87,285976
astropy__photutils-1663::photutils/detection/starfinder.py,astropy__photutils-1663,astropy/photutils,co_edited,3,1512,13059,87,285976
astropy__photutils-1663::photutils/detection/starfinder.py,astropy__photutils-1663,astropy/photutils,symbol,3,1512,13059,87,285976
astropy__photutils-1978::photutils/detection/daofinder.py,astropy__photutils-1978,astropy/photutils,co_edited,1,626,5280,96,324637
astropy__photutils-1978::photutils/detection/daofinder.py,astropy__photutils-1978,astropy/photutils,symbol,1,626,5280,96,324637
astropy__photutils-1978::photutils/detection/irafstarfinder.py,astropy__photutils-1978,astropy/photutils,co_edited,1,790,6903,96,324637
astropy__photutils-1978::photutils/detection/irafstarfinder.py,astropy__photutils-1978,astropy/photutils,symbol,1,790,6903,96,324637
astropy__photutils-1477::photutils/psf/photometry.py,astropy__photutils-1477,astropy/photutils,symbol,1,344,3033,80,248860
aws-cloudformation__cfn-lint-3714::src/cfnlint/conditions/_equals.py,aws-cloudformation__cfn-lint-3714,aws-cloudformation/cfn-lint,co_edited,1,455,3431,889,845155
aws-cloudformation__cfn-lint-3714::src/cfnlint/conditions/_equals.py,aws-cloudformation__cfn-lint-3714,aws-cloudformation/cfn-lint,symbol,3,853,6356,889,845155
aws-cloudformation__cfn-lint-3714::src/cfnlint/conditions/conditions.py,aws-cloudformation__cfn-lint-3714,aws-cloudformation/cfn-lint,co_edited,1,178,1244,889,845155
aws-cloudformation__cfn-lint-3714::src/cfnlint/conditions/conditions.py,aws-cloudformation__cfn-lint-3714,aws-cloudformation/cfn-lint,symbol,3,576,4169,889,845155
aws-cloudformation__cfn-lint-3399::src/cfnlint/jsonschema/_filter.py,aws-cloudformation__cfn-lint-3399,aws-cloudformation/cfn-lint,co_edited,1,88,524,704,788524
aws-cloudformation__cfn-lint-3399::src/cfnlint/jsonschema/_filter.py,aws-cloudformation__cfn-lint-3399,aws-cloudformation/cfn-lint,symbol,4,970,6494,704,788524
aws-cloudformation__cfn-lint-3399::src/cfnlint/rules/functions/FindInMap.py,aws-cloudformation__cfn-lint-3399,aws-cloudformation/cfn-lint,co_edited,1,151,1080,704,788524
aws-cloudformation__cfn-lint-3399::src/cfnlint/rules/functions/FindInMap.py,aws-cloudformation__cfn-lint-3399,aws-cloudformation/cfn-lint,symbol,4,1033,7050,704,788524
aws-cloudformation__cfn-lint-3712::src/cfnlint/rules/conditions/And.py,aws-cloudformation__cfn-lint-3712,aws-cloudformation/cfn-lint,co_edited,2,88,572,889,845020
aws-cloudformation__cfn-lint-3712::src/cfnlint/rules/conditions/And.py,aws-cloudformation__cfn-lint-3712,aws-cloudformation/cfn-lint,symbol,6,1523,11993,889,845020
aws-cloudformation__cfn-lint-3712::src/cfnlint/rules/conditions/Not.py,aws-cloudformation__cfn-lint-3712,aws-cloudformation/cfn-lint,co_edited,2,88,572,889,845020
aws-cloudformation__cfn-lint-3712::src/cfnlint/rules/conditions/Not.py,aws-cloudformation__cfn-lint-3712,aws-cloudformation/cfn-lint,symbol,6,1523,11993,889,845020
aws-cloudformation__cfn-lint-3712::src/cfnlint/rules/conditions/Or.py,aws-cloudformation__cfn-lint-3712,aws-cloudformation/cfn-lint,co_edited,2,88,572,889,845020
aws-cloudformation__cfn-lint-3712::src/cfnlint/rules/conditions/Or.py,aws-cloudformation__cfn-lint-3712,aws-cloudformation/cfn-lint,symbol,6,1523,11993,889,845020
aws-cloudformation__cfn-lint-3563::src/cfnlint/context/conditions/_conditions.py,aws-cloudformation__cfn-lint-3563,aws-cloudformation/cfn-lint,co_edited,4,428,3099,868,812778
aws-cloudformation__cfn-lint-3563::src/cfnlint/context/conditions/_conditions.py,aws-cloudformation__cfn-lint-3563,aws-cloudformation/cfn-lint,symbol,7,1559,12437,868,812778
aws-cloudformation__cfn-lint-3563::src/cfnlint/context/conditions/_utils.py,aws-cloudformation__cfn-lint-3563,aws-cloudformation/cfn-lint,co_edited,4,462,3230,868,812778
aws-cloudformation__cfn-lint-3563::src/cfnlint/context/conditions/_utils.py,aws-cloudformation__cfn-lint-3563,aws-cloudformation/cfn-lint,symbol,7,1593,12568,868,812778
aws-cloudformation__cfn-lint-3563::src/cfnlint/jsonschema/_filter.py,aws-cloudformation__cfn-lint-3563,aws-cloudformation/cfn-lint,co_edited,4,405,2892,868,812778
aws-cloudformation__cfn-lint-3563::src/cfnlint/jsonschema/_filter.py,aws-cloudformation__cfn-lint-3563,aws-cloudformation/cfn-lint,symbol,7,1536,12230,868,812778
aws-cloudformation__cfn-lint-3563::src/cfnlint/rules/resources/properties/Properties.py,aws-cloudformation__cfn-lint-3563,aws-cloudformation/cfn-lint,co_edited,4,469,3348,868,812778
aws-cloudformation__cfn-lint-3563::src/cfnlint/rules/resources/properties/Properties.py,aws-cloudformation__cfn-lint-3563,aws-cloudformation/cfn-lint,symbol,7,1600,12686,868,812778
aws-cloudformation__cfn-lint-3563::src/cfnlint/rules/resources/properties/Tagging.py,aws-cloudformation__cfn-lint-3563,aws-cloudformation/cfn-lint,co_edited,4,532,3815,868,812778
aws-cloudformation__cfn-lint-3563::src/cfnlint/rules/resources/properties/Tagging.py,aws-cloudformation__cfn-lint-3563,aws-cloudformation/cfn-lint,symbol,8,1705,13434,868,812778
aws-cloudformation__cfn-lint-3707::src/cfnlint/rules/functions/DynamicReferenceSecretsManagerPath.py,aws-cloudformation__cfn-lint-3707,aws-cloudformation/cfn-lint,symbol,2,690,4833,889,843529
aws-cloudformation__cfn-lint-3663::src/cfnlint/conditions/_equals.py,aws-cloudformation__cfn-lint-3663,aws-cloudformation/cfn-lint,co_edited,1,144,987,881,831973
aws-cloudformation__cfn-lint-3663::src/cfnlint/conditions/_equals.py,aws-cloudformation__cfn-lint-3663,aws-cloudformation/cfn-lint,symbol,1,144,987,881,831973
aws-cloudformation__cfn-lint-3663::src/cfnlint/conditions/_rule.py,aws-cloudformation__cfn-lint-3663,aws-cloudformation/cfn-lint,co_edited,1,175,1231,881,831973
aws-cloudformation__cfn-lint-3663::src/cfnlint/conditions/_rule.py,aws-cloudformation__cfn-lint-3663,aws-cloudformation/cfn-lint,symbol,1,175,1231,881,831973
aws-cloudformation__cfn-lint-3548::src/cfnlint/rules/resources/ectwo/InstanceImageId.py,aws-cloudformation__cfn-lint-3548,aws-cloudformation/cfn-lint,co_edited,1,99,675,867,810528
aws-cloudformation__cfn-lint-3548::src/cfnlint/rules/resources/ectwo/InstanceImageId.py,aws-cloudformation__cfn-lint-3548,aws-cloudformation/cfn-lint,symbol,4,1118,7557,867,810528
aws-cloudformation__cfn-lint-3548::src/cfnlint/rules/resources/lmbd/PermissionSourceAccount.py,aws-cloudformation__cfn-lint-3548,aws-cloudformation/cfn-lint,co_edited,1,127,807,867,810528
aws-cloudformation__cfn-lint-3548::src/cfnlint/rules/resources/lmbd/PermissionSourceAccount.py,aws-cloudformation__cfn-lint-3548,aws-cloudformation/cfn-lint,symbol,4,1146,7689,867,810528
aws-cloudformation__cfn-lint-4236::src/cfnlint/rules/resources/iam/StatementResources.py,aws-cloudformation__cfn-lint-4236,aws-cloudformation/cfn-lint,symbol,2,758,6868,2091,1180275
aws-cloudformation__cfn-lint-3785::src/cfnlint/jsonschema/_resolvers_cfn.py,aws-cloudformation__cfn-lint-3785,aws-cloudformation/cfn-lint,symbol,3,1173,9311,1162,850799
aws-cloudformation__cfn-lint-3731::src/cfnlint/jsonschema/_resolvers_cfn.py,aws-cloudformation__cfn-lint-3731,aws-cloudformation/cfn-lint,co_edited,2,236,1521,889,845074
aws-cloudformation__cfn-lint-3731::src/cfnlint/jsonschema/_resolvers_cfn.py,aws-cloudformation__cfn-lint-3731,aws-cloudformation/cfn-lint,symbol,2,904,7670,889,845074
aws-cloudformation__cfn-lint-3731::src/cfnlint/rules/functions/GetAtt.py,aws-cloudformation__cfn-lint-3731,aws-cloudformation/cfn-lint,co_edited,2,498,3300,889,845074
aws-cloudformation__cfn-lint-3731::src/cfnlint/rules/functions/GetAtt.py,aws-cloudformation__cfn-lint-3731,aws-cloudformation/cfn-lint,symbol,2,1166,9449,889,845074
aws-cloudformation__cfn-lint-3731::src/cfnlint/rules/outputs/Value.py,aws-cloudformation__cfn-lint-3731,aws-cloudformation/cfn-lint,co_edited,2,608,4111,889,845074
aws-cloudformation__cfn-lint-3731::src/cfnlint/rules/outputs/Value.py,aws-cloudformation__cfn-lint-3731,aws-cloudformation/cfn-lint,symbol,3,1339,10615,889,845074
aws-cloudformation__cfn-lint-3552::src/cfnlint/context/conditions/_conditions.py,aws-cloudformation__cfn-lint-3552,aws-cloudformation/cfn-lint,co_edited,3,1854,13813,867,810491
aws-cloudformation__cfn-lint-3552::src/cfnlint/context/conditions/_conditions.py,aws-cloudformation__cfn-lint-3552,aws-cloudformation/cfn-lint,symbol,9,2778,21513,867,810491
aws-cloudformation__cfn-lint-3552::src/cfnlint/jsonschema/_filter.py,aws-cloudformation__cfn-lint-3552,aws-cloudformation/cfn-lint,co_edited,3,1808,13433,867,810491
aws-cloudformation__cfn-lint-3552::src/cfnlint/jsonschema/_filter.py,aws-cloudformation__cfn-lint-3552,aws-cloudformation/cfn-lint,symbol,9,2732,21133,867,810491
aws-cloudformation__cfn-lint-3552::src/cfnlint/jsonschema/validators.py,aws-cloudformation__cfn-lint-3552,aws-cloudformation/cfn-lint,co_edited,3,1555,11699,867,810491
aws-cloudformation__cfn-lint-3552::src/cfnlint/jsonschema/validators.py,aws-cloudformation__cfn-lint-3552,aws-cloudformation/cfn-lint,symbol,9,2479,19399,867,810491
aws-cloudformation__cfn-lint-3552::src/cfnlint/template/template.py,aws-cloudformation__cfn-lint-3552,aws-cloudformation/cfn-lint,co_edited,3,693,4798,867,810491
aws-cloudformation__cfn-lint-3552::src/cfnlint/template/template.py,aws-cloudformation__cfn-lint-3552,aws-cloudformation/cfn-lint,symbol,9,1617,12498,867,810491
aws-cloudformation__cfn-lint-3855::src/cfnlint/rules/conditions/EqualsIsUseful.py,aws-cloudformation__cfn-lint-3855,aws-cloudformation/cfn-lint,symbol,1,344,2180,1896,873021
aws-cloudformation__cfn-lint-3639::src/cfnlint/rules/functions/GetAtt.py,aws-cloudformation__cfn-lint-3639,aws-cloudformation/cfn-lint,symbol,4,193,1261,879,822053
aws-cloudformation__cfn-lint-3450::src/cfnlint/rules/resources/PrimaryIdentifiers.py,aws-cloudformation__cfn-lint-3450,aws-cloudformation/cfn-lint,co_edited,1,534,3999,836,790332
aws-cloudformation__cfn-lint-3450::src/cfnlint/rules/resources/PrimaryIdentifiers.py,aws-cloudformation__cfn-lint-3450,aws-cloudformation/cfn-lint,symbol,3,1249,10397,836,790332
aws-cloudformation__cfn-lint-3450::src/cfnlint/schema/manager.py,aws-cloudformation__cfn-lint-3450,aws-cloudformation/cfn-lint,co_edited,1,163,1261,836,790332
aws-cloudformation__cfn-lint-3450::src/cfnlint/schema/manager.py,aws-cloudformation__cfn-lint-3450,aws-cloudformation/cfn-lint,symbol,3,878,7659,836,790332
aws-cloudformation__cfn-lint-4026::src/cfnlint/rules/resources/iam/Permissions.py,aws-cloudformation__cfn-lint-4026,aws-cloudformation/cfn-lint,co_edited,1,175,1126,2002,918244
aws-cloudformation__cfn-lint-4026::src/cfnlint/rules/resources/iam/Permissions.py,aws-cloudformation__cfn-lint-4026,aws-cloudformation/cfn-lint,symbol,5,1787,13725,2002,918244
aws-cloudformation__cfn-lint-4026::src/cfnlint/rules/resources/iam/StatementResources.py,aws-cloudformation__cfn-lint-4026,aws-cloudformation/cfn-lint,co_edited,1,88,620,2002,918244
aws-cloudformation__cfn-lint-4026::src/cfnlint/rules/resources/iam/StatementResources.py,aws-cloudformation__cfn-lint-4026,aws-cloudformation/cfn-lint,symbol,5,1700,13219,2002,918244
beeware__briefcase-2214::src/briefcase/commands/build.py,beeware__briefcase-2214,beeware/briefcase,co_edited,3,1343,10282,76,174561
beeware__briefcase-2214::src/briefcase/commands/build.py,beeware__briefcase-2214,beeware/briefcase,symbol,6,3304,25456,76,174561
beeware__briefcase-2214::src/briefcase/commands/create.py,beeware__briefcase-2214,beeware/briefcase,co_edited,3,475,3193,76,174561
beeware__briefcase-2214::src/briefcase/commands/create.py,beeware__briefcase-2214,beeware/briefcase,symbol,5,2276,17250,76,174561
beeware__briefcase-2214::src/briefcase/commands/package.py,beeware__briefcase-2214,beeware/briefcase,co_edited,3,1304,10089,76,174561
beeware__briefcase-2214::src/briefcase/commands/package.py,beeware__briefcase-2214,beeware/briefcase,symbol,6,3304,25456,76,174561
beeware__briefcase-2214::src/briefcase/commands/update.py,beeware__briefcase-2214,beeware/briefcase,co_edited,3,1387,10633,76,174561
beeware__briefcase-2214::src/briefcase/commands/update.py,beeware__briefcase-2214,beeware/briefcase,symbol,5,3188,24690,76,174561
beeware__briefcase-1387::src/briefcase/integrations/docker.py,beeware__briefcase-1387,beeware/briefcase,symbol,1,613,5208,61,126723
beeware__briefcase-2302::src/briefcase/platforms/macOS/app.py,beeware__briefcase-2302,beeware/briefcase,symbol,4,4454,34790,76,176081
beeware__briefcase-1373::src/briefcase/platforms/linux/appimage.py,beeware__briefcase-1373,beeware/briefcase,symbol,1,536,4203,61,126162
beeware__briefcase-927::src/briefcase/commands/create.py,beeware__briefcase-927,beeware/briefcase,co_edited,1,543,3905,60,88301
beeware__briefcase-927::src/briefcase/commands/create.py,beeware__briefcase-927,beeware/briefcase,symbol,1,543,3905,60,88301
beeware__briefcase-927::src/briefcase/commands/new.py,beeware__briefcase-927,beeware/briefcase,co_edited,1,813,6435,60,88301
beeware__briefcase-927::src/briefcase/commands/new.py,beeware__briefcase-927,beeware/briefcase,symbol,1,813,6435,60,88301
beeware__briefcase-1307::src/briefcase/integrations/android_sdk.py,beeware__briefcase-1307,beeware/briefcase,symbol,1,219,1450,61,123531
beeware__briefcase-1910::automation/src/automation/bootstraps/pyside6.py,beeware__briefcase-1910,beeware/briefcase,co_edited,2,1406,10878,75,166119
beeware__briefcase-1910::automation/src/automation/bootstraps/pyside6.py,beeware__briefcase-1910,beeware/briefcase,symbol,3,1578,11792,75,166119
beeware__briefcase-1910::src/briefcase/integrations/file.py,beeware__briefcase-1910,beeware/briefcase,co_edited,2,1246,9400,75,166119
beeware__briefcase-1910::src/briefcase/integrations/file.py,beeware__briefcase-1910,beeware/briefcase,symbol,3,1418,10314,75,166119
beeware__briefcase-1910::src/briefcase/platforms/macOS/__init__.py,beeware__briefcase-1910,beeware/briefcase,co_edited,2,264,2252,75,166119
beeware__briefcase-1910::src/briefcase/platforms/macOS/__init__.py,beeware__briefcase-1910,beeware/briefcase,symbol,3,436,3166,75,166119
beeware__briefcase-2089::src/briefcase/bootstraps/console.py,beeware__briefcase-2089,beeware/briefcase,co_edited,1,775,6416,75,169105
beeware__briefcase-2089::src/briefcase/bootstraps/console.py,beeware__briefcase-2089,beeware/briefcase,symbol,3,1648,13132,75,169105
beeware__briefcase-2089::src/briefcase/commands/convert.py,beeware__briefcase-2089,beeware/briefcase,co_edited,1,118,509,75,169105
beeware__briefcase-2089::src/briefcase/commands/convert.py,beeware__briefcase-2089,beeware/briefcase,symbol,3,991,7225,75,169105
beeware__briefcase-1598::src/briefcase/bootstraps/toga.py,beeware__briefcase-1598,beeware/briefcase,co_edited,1,1236,10032,75,145792
beeware__briefcase-1598::src/briefcase/bootstraps/toga.py,beeware__briefcase-1598,beeware/briefcase,symbol,5,3241,25271,75,145792
beeware__briefcase-1598::src/briefcase/platforms/linux/system.py,beeware__briefcase-1598,beeware/briefcase,co_edited,1,217,1275,75,145792
beeware__briefcase-1598::src/briefcase/platforms/linux/system.py,beeware__briefcase-1598,beeware/briefcase,symbol,4,2005,15239,75,145792
beeware__briefcase-2114::src/briefcase/bootstraps/base.py,beeware__briefcase-2114,beeware/briefcase,co_edited,2,885,6239,75,172097
beeware__briefcase-2114::src/briefcase/bootstraps/base.py,beeware__briefcase-2114,beeware/briefcase,symbol,5,2896,22348,75,172097
beeware__briefcase-2114::src/briefcase/bootstraps/console.py,beeware__briefcase-2114,beeware/briefcase,co_edited,2,873,6716,75,172097
beeware__briefcase-2114::src/briefcase/bootstraps/console.py,beeware__briefcase-2114,beeware/briefcase,symbol,5,2884,22825,75,172097
beeware__briefcase-2114::src/briefcase/commands/new.py,beeware__briefcase-2114,beeware/briefcase,co_edited,2,240,1563,75,172097
beeware__briefcase-2114::src/briefcase/commands/new.py,beeware__briefcase-2114,beeware/briefcase,symbol,5,2251,17672,75,172097
borgbackup__borg-6683::src/borg/archive.py,borgbackup__borg-6683,borgbackup/borg,symbol,1,1057,9211,82,328875
borgbackup__borg-2527::src/borg/archiver.py,borgbackup__borg-2527,borgbackup/borg,co_edited,3,3242,27165,56,231930
borgbackup__borg-2527::src/borg/archiver.py,borgbackup__borg-2527,borgbackup/borg,symbol,3,3242,27165,56,231930
borgbackup__borg-2527::src/borg/helpers.py,borgbackup__borg-2527,borgbackup/borg,co_edited,3,5255,52284,56,231930
borgbackup__borg-2527::src/borg/helpers.py,borgbackup__borg-2527,borgbackup/borg,symbol,3,5255,52284,56,231930
borgbackup__borg-2527::src/borg/logger.py,borgbackup__borg-2527,borgbackup/borg,co_edited,3,7020,66489,56,231930
borgbackup__borg-2527::src/borg/logger.py,borgbackup__borg-2527,borgbackup/borg,symbol,3,7020,66489,56,231930
borgbackup__borg-2527::src/borg/remote.py,borgbackup__borg-2527,borgbackup/borg,co_edited,3,6239,59259,56,231930
borgbackup__borg-2527::src/borg/remote.py,borgbackup__borg-2527,borgbackup/borg,symbol,3,6239,59259,56,231930
borgbackup__borg-7388::src/borg/archive.py,borgbackup__borg-7388,borgbackup/borg,co_edited,2,1431,13248,139,367881
borgbackup__borg-7388::src/borg/archive.py,borgbackup__borg-7388,borgbackup/borg,symbol,3,1670,15238,139,367881
borgbackup__borg-7388::src/borg/archiver/transfer_cmd.py,borgbackup__borg-7388,borgbackup/borg,co_edited,2,3732,34060,139,367881
borgbackup__borg-7388::src/borg/archiver/transfer_cmd.py,borgbackup__borg-7388,borgbackup/borg,symbol,3,3971,36050,139,367881
borgbackup__borg-7388::src/borg/cache.py,borgbackup__borg-7388,borgbackup/borg,co_edited,2,2741,24704,139,367881
borgbackup__borg-7388::src/borg/cache.py,borgbackup__borg-7388,borgbackup/borg,symbol,3,2980,26694,139,367881
borgbackup__borg-6684::src/borg/archive.py,borgbackup__borg-6684,borgbackup/borg,symbol,1,2525,21299,68,314958
borgbackup__borg-7583::src/borg/cache.py,borgbackup__borg-7583,borgbackup/borg,co_edited,2,1528,14479,137,373060
borgbackup__borg-7583::src/borg/cache.py,borgbackup__borg-7583,borgbackup/borg,symbol,3,2664,24137,137,373060
borgbackup__borg-7583::src/borg/crypto/key.py,borgbackup__borg-7583,borgbackup/borg,co_edited,2,1725,16132,137,373060
borgbackup__borg-7583::src/borg/crypto/key.py,borgbackup__borg-7583,borgbackup/borg,symbol,3,2861,25790,137,373060
borgbackup__borg-7583::src/borg/helpers/fs.py,borgbackup__borg-7583,borgbackup/borg,co_edited,2,2227,20977,137,373060
borgbackup__borg-7583::src/borg/helpers/fs.py,borgbackup__borg-7583,borgbackup/borg,symbol,3,3363,30635,137,373060
borgbackup__borg-7941::src/borg/locking.py,borgbackup__borg-7941,borgbackup/borg,co_edited,1,1882,18624,142,377513
borgbackup__borg-7941::src/borg/locking.py,borgbackup__borg-7941,borgbackup/borg,symbol,1,1882,18624,142,377513
borgbackup__borg-7941::src/borg/repository.py,borgbackup__borg-7941,borgbackup/borg,co_edited,1,467,3517,142,377513
borgbackup__borg-7941::src/borg/repository.py,borgbackup__borg-7941,borgbackup/borg,symbol,1,467,3517,142,377513
borgbackup__borg-7712::src/borg/manifest.py,borgbackup__borg-7712,borgbackup/borg,symbol,1,177,2111,138,377462
borgbackup__borg-7492::src/borg/archiver/create_cmd.py,borgbackup__borg-7492,borgbackup/borg,co_edited,2,917,8339,139,372366
borgbackup__borg-7492::src/borg/archiver/create_cmd.py,borgbackup__borg-7492,borgbackup/borg,symbol,4,1291,11563,139,372366
borgbackup__borg-7492::src/borg/fuse.py,borgbackup__borg-7492,borgbackup/borg,co_edited,2,1126,9916,139,372366
borgbackup__borg-7492::src/borg/fuse.py,borgbackup__borg-7492,borgbackup/borg,symbol,3,570,4670,139,372366
borgbackup__borg-7492::src/borg/helpers/progress.py,borgbackup__borg-7492,borgbackup/borg,co_edited,2,1651,15363,139,372366
borgbackup__borg-7492::src/borg/helpers/progress.py,borgbackup__borg-7492,borgbackup/borg,symbol,3,1095,10117,139,372366
borgbackup__borg-7474::src/borg/archiver/transfer_cmd.py,borgbackup__borg-7474,borgbackup/borg,co_edited,1,158,1455,139,370125
borgbackup__borg-7474::src/borg/archiver/transfer_cmd.py,borgbackup__borg-7474,borgbackup/borg,symbol,3,1410,12929,139,370125
borgbackup__borg-7474::src/borg/repoobj.py,borgbackup__borg-7474,borgbackup/borg,co_edited,1,220,1946,139,370125
borgbackup__borg-7474::src/borg/repoobj.py,borgbackup__borg-7474,borgbackup/borg,symbol,3,1472,13420,139,370125
borgbackup__borg-6527::src/borg/archiver.py,borgbackup__borg-6527,borgbackup/borg,co_edited,2,3405,28638,68,313931
borgbackup__borg-6527::src/borg/archiver.py,borgbackup__borg-6527,borgbackup/borg,symbol,2,3405,28638,68,313931
borgbackup__borg-6527::src/borg/crypto/key.py,borgbackup__borg-6527,borgbackup/borg,co_edited,2,7415,73521,68,313931
borgbackup__borg-6527::src/borg/crypto/key.py,borgbackup__borg-6527,borgbackup/borg,symbol,2,7415,73521,68,313931
borgbackup__borg-6527::src/borg/helpers.py,borgbackup__borg-6527,borgbackup/borg,co_edited,2,5782,59601,68,313931
borgbackup__borg-6527::src/borg/helpers.py,borgbackup__borg-6527,borgbackup/borg,symbol,2,5782,59601,68,313931
borgbackup__borg-6682::src/borg/archive.py,borgbackup__borg-6682,borgbackup/borg,symbol,1,1058,9237,78,333256
borgbackup__borg-8436::src/borg/archiver/__init__.py,borgbackup__borg-8436,borgbackup/borg,symbol,11,7611,65679,147,386485
borgbackup__borg-7549::src/borg/helpers/parseformat.py,borgbackup__borg-7549,borgbackup/borg,co_edited,1,199,1448,83,335415
borgbackup__borg-7549::src/borg/helpers/parseformat.py,borgbackup__borg-7549,borgbackup/borg,symbol,4,671,5839,83,335415
borgbackup__borg-7549::src/borg/helpers/progress.py,borgbackup__borg-7549,borgbackup/borg,co_edited,1,1065,9254,83,335415
borgbackup__borg-7549::src/borg/helpers/progress.py,borgbackup__borg-7549,borgbackup/borg,symbol,4,1537,13645,83,335415
borgbackup__borg-7517::src/borg/archiver/__init__.py,borgbackup__borg-7517,borgbackup/borg,co_edited,2,1739,14018,139,373965
borgbackup__borg-7517::src/borg/archiver/__init__.py,borgbackup__borg-7517,borgbackup/borg,symbol,7,3859,32878,139,373965
borgbackup__borg-7517::src/borg/archiver/_common.py,borgbackup__borg-7517,borgbackup/borg,co_edited,2,1823,16289,139,373965
borgbackup__borg-7517::src/borg/archiver/_common.py,borgbackup__borg-7517,borgbackup/borg,symbol,7,3943,35149,139,373965
borgbackup__borg-7517::src/borg/helpers/parseformat.py,borgbackup__borg-7517,borgbackup/borg,co_edited,2,1290,10991,139,373965
borgbackup__borg-7517::src/borg/helpers/parseformat.py,borgbackup__borg-7517,borgbackup/borg,symbol,7,3410,29851,139,373965
bridgecrewio__checkov-6657::checkov/cloudformation/cfn_utils.py,bridgecrewio__checkov-6657,bridgecrewio/checkov,co_edited,2,594,5745,2447,958967
bridgecrewio__checkov-6657::checkov/cloudformation/cfn_utils.py,bridgecrewio__checkov-6657,bridgecrewio/checkov,symbol,8,1083,9913,2447,958967
bridgecrewio__checkov-6657::checkov/cloudformation/graph_builder/local_graph.py,bridgecrewio__checkov-6657,bridgecrewio/checkov,co_edited,2,430,3721,2447,958967
bridgecrewio__checkov-6657::checkov/cloudformation/graph_builder/local_graph.py,bridgecrewio__checkov-6657,bridgecrewio/checkov,symbol,8,919,7889,2447,958967
bridgecrewio__checkov-6657::checkov/common/parsers/node.py,bridgecrewio__checkov-6657,bridgecrewio/checkov,co_edited,2,640,6214,2447,958967
bridgecrewio__checkov-6657::checkov/common/parsers/node.py,bridgecrewio__checkov-6657,bridgecrewio/checkov,symbol,8,1129,10382,2447,958967
bridgecrewio__checkov-6933::checkov/terraform/checks/resource/azure/StorageLocalUsers.py,bridgecrewio__checkov-6933,bridgecrewio/checkov,co_edited,1,35,300,2487,984278
bridgecrewio__checkov-6933::checkov/terraform/checks/resource/azure/StorageLocalUsers.py,bridgecrewio__checkov-6933,bridgecrewio/checkov,symbol,6,234,1868,2487,984278
bridgecrewio__checkov-6933::checkov/terraform/checks/terraform/terraform/StateLock.py,bridgecrewio__checkov-6933,bridgecrewio/checkov,co_edited,1,20,156,2487,984278
bridgecrewio__checkov-6933::checkov/terraform/checks/terraform/terraform/StateLock.py,bridgecrewio__checkov-6933,bridgecrewio/checkov,symbol,6,219,1724,2487,984278
bridgecrewio__checkov-2167::checkov/common/bridgecrew/platform_integration.py,bridgecrewio__checkov-2167,bridgecrewio/checkov,co_edited,1,200,1876,1072,347829
bridgecrewio__checkov-2167::checkov/common/bridgecrew/platform_integration.py,bridgecrewio__checkov-2167,bridgecrewio/checkov,symbol,1,200,1876,1072,347829
bridgecrewio__checkov-2167::checkov/terraform/context_parsers/base_parser.py,bridgecrewio__checkov-2167,bridgecrewio/checkov,co_edited,1,596,6013,1072,347829
bridgecrewio__checkov-2167::checkov/terraform/context_parsers/base_parser.py,bridgecrewio__checkov-2167,bridgecrewio/checkov,symbol,1,596,6013,1072,347829
bridgecrewio__checkov-281::checkov/cloudformation/checks/resource/aws/S3Encryption.py,bridgecrewio__checkov-281,bridgecrewio/checkov,symbol,1,37,203,251,69602
bridgecrewio__checkov-7002::checkov/terraform/checks/resource/gcp/GoogleSubnetworkIPV6PrivateGoogleEnabled.py,bridgecrewio__checkov-7002,bridgecrewio/checkov,co_edited,1,28,230,2487,992845
bridgecrewio__checkov-7002::checkov/terraform/checks/resource/gcp/GoogleSubnetworkIPV6PrivateGoogleEnabled.py,bridgecrewio__checkov-7002,bridgecrewio/checkov,symbol,2,152,1348,2487,992845
bridgecrewio__checkov-7002::checkov/terraform/checks/resource/gcp/GoogleSubnetworkPrivateGoogleEnabled.py,bridgecrewio__checkov-7002,bridgecrewio/checkov,co_edited,1,33,300,2487,992845
bridgecrewio__checkov-7002::checkov/terraform/checks/resource/gcp/GoogleSubnetworkPrivateGoogleEnabled.py,bridgecrewio__checkov-7002,bridgecrewio/checkov,symbol,2,157,1418,2487,992845
bridgecrewio__checkov-1147::checkov/terraform/checks/data/base_check.py,bridgecrewio__checkov-1147,bridgecrewio/checkov,symbol,5,125,857,875,271057
bridgecrewio__checkov-6354::checkov/terraform/checks/module/base_module_check.py,bridgecrewio__checkov-6354,bridgecrewio/checkov,co_edited,1,36,306,2347,930088
bridgecrewio__checkov-6354::checkov/terraform/checks/module/base_module_check.py,bridgecrewio__checkov-6354,bridgecrewio/checkov,symbol,2,109,737,2347,930088
bridgecrewio__checkov-6354::checkov/terraform/checks/module/generic/RevisionVersionTag.py,bridgecrewio__checkov-6354,bridgecrewio/checkov,co_edited,1,47,350,2347,930088
bridgecrewio__checkov-6354::checkov/terraform/checks/module/generic/RevisionVersionTag.py,bridgecrewio__checkov-6354,bridgecrewio/checkov,symbol,2,120,781,2347,930088
bridgecrewio__checkov-474::checkov/terraform/checks/resource/aws/IAMRoleAllowsPublicAssume.py,bridgecrewio__checkov-474,bridgecrewio/checkov,symbol,1,38,210,407,114533
bridgecrewio__checkov-6612::checkov/terraform/checks/resource/aws/WAFACLCVE202144228.py,bridgecrewio__checkov-6612,bridgecrewio/checkov,co_edited,1,50,422,2441,955112
bridgecrewio__checkov-6612::checkov/terraform/checks/resource/aws/WAFACLCVE202144228.py,bridgecrewio__checkov-6612,bridgecrewio/checkov,symbol,1,50,422,2441,955112
bridgecrewio__checkov-6612::checkov/terraform/checks/resource/aws/WAFRuleHasAnyActions.py,bridgecrewio__checkov-6612,bridgecrewio/checkov,co_edited,1,58,658,2441,955112
bridgecrewio__checkov-6612::checkov/terraform/checks/resource/aws/WAFRuleHasAnyActions.py,bridgecrewio__checkov-6612,bridgecrewio/checkov,symbol,1,58,658,2441,955112
bridgecrewio__checkov-6999::checkov/terraform/checks/resource/aws/AutoScalingLaunchTemplate.py,bridgecrewio__checkov-6999,bridgecrewio/checkov,co_edited,2,52,461,2485,991717
bridgecrewio__checkov-6999::checkov/terraform/checks/resource/aws/AutoScalingLaunchTemplate.py,bridgecrewio__checkov-6999,bridgecrewio/checkov,symbol,11,320,2670,2485,991717
bridgecrewio__checkov-6999::checkov/terraform/checks/resource/aws/RDSInstancePerfInsightsEncryptionWithCMK.py,bridgecrewio__checkov-6999,bridgecrewio/checkov,co_edited,2,58,509,2485,991717
bridgecrewio__checkov-6999::checkov/terraform/checks/resource/aws/RDSInstancePerfInsightsEncryptionWithCMK.py,bridgecrewio__checkov-6999,bridgecrewio/checkov,symbol,11,326,2718,2485,991717
bridgecrewio__checkov-6999::checkov/terraform/checks/resource/aws/SecretManagerSecret90days.py,bridgecrewio__checkov-6999,bridgecrewio/checkov,co_edited,2,48,416,2485,991717
bridgecrewio__checkov-6999::checkov/terraform/checks/resource/aws/SecretManagerSecret90days.py,bridgecrewio__checkov-6999,bridgecrewio/checkov,symbol,11,316,2625,2485,991717
bridgecrewio__checkov-289::checkov/cloudformation/runner.py,bridgecrewio__checkov-289,bridgecrewio/checkov,symbol,2,126,1022,258,70995
canonical__charmcraft-1763::charmcraft/services/provider.py,canonical__charmcraft-1763,canonical/charmcraft,symbol,2,132,1030,86,135657
canonical__charmcraft-2084::charmcraft/application/commands/store.py,canonical__charmcraft-2084,canonical/charmcraft,symbol,3,807,5902,79,110793
canonical__charmcraft-1850::charmcraft/models/metadata.py,canonical__charmcraft-1850,canonical/charmcraft,co_edited,1,1052,8408,71,103561
canonical__charmcraft-1850::charmcraft/models/project.py,canonical__charmcraft-1850,canonical/charmcraft,co_edited,1,141,1163,71,103561
canonical__charmcraft-1850::charmcraft/models/project.py,canonical__charmcraft-1850,canonical/charmcraft,symbol,1,141,1163,71,103561
canonical__charmcraft-917::charmcraft/main.py,canonical__charmcraft-917,canonical/charmcraft,symbol,2,391,3094,33,60932
canonical__charmcraft-1818::charmcraft/application/commands/analyse.py,canonical__charmcraft-1818,canonical/charmcraft,co_edited,2,203,1687,71,103135
canonical__charmcraft-1818::charmcraft/application/commands/analyse.py,canonical__charmcraft-1818,canonical/charmcraft,symbol,3,306,2360,71,103135
canonical__charmcraft-1818::charmcraft/application/main.py,canonical__charmcraft-1818,canonical/charmcraft,co_edited,2,131,1026,71,103135
canonical__charmcraft-1818::charmcraft/application/main.py,canonical__charmcraft-1818,canonical/charmcraft,symbol,3,234,1699,71,103135
canonical__charmcraft-1818::charmcraft/services/lifecycle.py,canonical__charmcraft-1818,canonical/charmcraft,co_edited,2,278,2271,71,103135
canonical__charmcraft-1818::charmcraft/services/lifecycle.py,canonical__charmcraft-1818,canonical/charmcraft,symbol,3,381,2944,71,103135
canonical__charmcraft-1823::charmcraft/application/commands/analyse.py,canonical__charmcraft-1823,canonical/charmcraft,co_edited,2,203,1687,71,103135
canonical__charmcraft-1823::charmcraft/application/commands/analyse.py,canonical__charmcraft-1823,canonical/charmcraft,symbol,3,306,2360,71,103135
canonical__charmcraft-1823::charmcraft/application/main.py,canonical__charmcraft-1823,canonical/charmcraft,co_edited,2,131,1026,71,103135
canonical__charmcraft-1823::charmcraft/application/main.py,canonical__charmcraft-1823,canonical/charmcraft,symbol,3,234,1699,71,103135
canonical__charmcraft-1823::charmcraft/services/lifecycle.py,canonical__charmcraft-1823,canonical/charmcraft,co_edited,2,278,2271,71,103135
canonical__charmcraft-1823::charmcraft/services/lifecycle.py,canonical__charmcraft-1823,canonical/charmcraft,symbol,3,381,2944,71,103135
cloud-custodian__cloud-custodian-5645::c7n/resources/emr.py,cloud-custodian__cloud-custodian-5645,cloud-custodian/cloud-custodian,co_edited,2,2487,20585,401,690666
cloud-custodian__cloud-custodian-5645::c7n/resources/emr.py,cloud-custodian__cloud-custodian-5645,cloud-custodian/cloud-custodian,symbol,6,4214,30526,401,690666
cloud-custodian__cloud-custodian-5645::c7n/resources/resource_map.py,cloud-custodian__cloud-custodian-5645,cloud-custodian/cloud-custodian,co_edited,2,2600,19410,401,690666
cloud-custodian__cloud-custodian-5645::c7n/resources/resource_map.py,cloud-custodian__cloud-custodian-5645,cloud-custodian/cloud-custodian,symbol,7,4500,32448,401,690666
cloud-custodian__cloud-custodian-5645::c7n/resources/vpc.py,cloud-custodian__cloud-custodian-5645,cloud-custodian/cloud-custodian,co_edited,2,459,5019,401,690666
cloud-custodian__cloud-custodian-5645::c7n/resources/vpc.py,cloud-custodian__cloud-custodian-5645,cloud-custodian/cloud-custodian,symbol,6,2186,14960,401,690666
cloud-custodian__cloud-custodian-5640::c7n/resources/asg.py,cloud-custodian__cloud-custodian-5640,cloud-custodian/cloud-custodian,co_edited,4,5423,39141,401,690951
cloud-custodian__cloud-custodian-5640::c7n/resources/asg.py,cloud-custodian__cloud-custodian-5640,cloud-custodian/cloud-custodian,symbol,12,9442,68051,401,690951
cloud-custodian__cloud-custodian-5640::c7n/resources/cloudfront.py,cloud-custodian__cloud-custodian-5640,cloud-custodian/cloud-custodian,co_edited,4,6601,47902,401,690951
cloud-custodian__cloud-custodian-5640::c7n/resources/cloudfront.py,cloud-custodian__cloud-custodian-5640,cloud-custodian/cloud-custodian,symbol,12,10620,76812,401,690951
cloud-custodian__cloud-custodian-5640::c7n/resources/ec2.py,cloud-custodian__cloud-custodian-5640,cloud-custodian/cloud-custodian,co_edited,4,5015,36835,401,690951
cloud-custodian__cloud-custodian-5640::c7n/resources/ec2.py,cloud-custodian__cloud-custodian-5640,cloud-custodian/cloud-custodian,symbol,12,9034,65745,401,690951
cloud-custodian__cloud-custodian-5640::c7n/resources/rdscluster.py,cloud-custodian__cloud-custodian-5640,cloud-custodian/cloud-custodian,co_edited,4,6710,48713,401,690951
cloud-custodian__cloud-custodian-5640::c7n/resources/rdscluster.py,cloud-custodian__cloud-custodian-5640,cloud-custodian/cloud-custodian,symbol,12,10729,77623,401,690951
cloud-custodian__cloud-custodian-5640::c7n/resources/vpc.py,cloud-custodian__cloud-custodian-5640,cloud-custodian/cloud-custodian,co_edited,4,4831,34213,401,690951
cloud-custodian__cloud-custodian-5640::c7n/resources/vpc.py,cloud-custodian__cloud-custodian-5640,cloud-custodian/cloud-custodian,symbol,12,8850,63123,401,690951
cloud-custodian__cloud-custodian-5531::c7n/resources/dms.py,cloud-custodian__cloud-custodian-5531,cloud-custodian/cloud-custodian,co_edited,1,2063,14373,399,675956
cloud-custodian__cloud-custodian-5531::c7n/resources/dms.py,cloud-custodian__cloud-custodian-5531,cloud-custodian/cloud-custodian,symbol,5,4727,33849,399,675956
cloud-custodian__cloud-custodian-5531::c7n/resources/iam.py,cloud-custodian__cloud-custodian-5531,cloud-custodian/cloud-custodian,co_edited,1,406,2874,399,675956
cloud-custodian__cloud-custodian-5531::c7n/resources/iam.py,cloud-custodian__cloud-custodian-5531,cloud-custodian/cloud-custodian,symbol,5,3070,22350,399,675956
cloud-custodian__cloud-custodian-5472::c7n/resources/ec2.py,cloud-custodian__cloud-custodian-5472,cloud-custodian/cloud-custodian,symbol,3,1619,11202,401,675634
cloud-custodian__cloud-custodian-6689::c7n/resources/kinesis.py,cloud-custodian__cloud-custodian-6689,cloud-custodian/cloud-custodian,co_edited,1,195,3486,430,718765
cloud-custodian__cloud-custodian-6689::c7n/resources/kinesis.py,cloud-custodian__cloud-custodian-6689,cloud-custodian/cloud-custodian,symbol,10,3508,25037,430,718765
cloud-custodian__cloud-custodian-6689::c7n/resources/resource_map.py,cloud-custodian__cloud-custodian-6689,cloud-custodian/cloud-custodian,co_edited,1,333,2303,430,718765
cloud-custodian__cloud-custodian-6689::c7n/resources/resource_map.py,cloud-custodian__cloud-custodian-6689,cloud-custodian/cloud-custodian,symbol,11,3841,27340,430,718765
cloud-custodian__cloud-custodian-5526::c7n/resources/dms.py,cloud-custodian__cloud-custodian-5526,cloud-custodian/cloud-custodian,symbol,2,1205,9050,399,675956
cloud-custodian__cloud-custodian-4846::c7n/resources/awslambda.py,cloud-custodian__cloud-custodian-4846,cloud-custodian/cloud-custodian,co_edited,1,2205,16752,401,684642
cloud-custodian__cloud-custodian-4846::c7n/resources/awslambda.py,cloud-custodian__cloud-custodian-4846,cloud-custodian/cloud-custodian,symbol,6,3225,24180,401,684642
cloud-custodian__cloud-custodian-4846::c7n/resources/vpc.py,cloud-custodian__cloud-custodian-4846,cloud-custodian/cloud-custodian,co_edited,1,575,3905,401,684642
cloud-custodian__cloud-custodian-4846::c7n/resources/vpc.py,cloud-custodian__cloud-custodian-4846,cloud-custodian/cloud-custodian,symbol,6,1595,11333,401,684642
cloud-custodian__cloud-custodian-5532::c7n/resources/iam.py,cloud-custodian__cloud-custodian-5532,cloud-custodian/cloud-custodian,symbol,3,893,5996,401,683073
conan-io__conan-5005::conans/client/conf/__init__.py,conan-io__conan-5005,conan-io/conan,symbol,1,31,198,232,511096
conan-io__conan-16776::conan/cli/commands/graph.py,conan-io__conan-16776,conan-io/conan,co_edited,3,1181,10727,330,424367
conan-io__conan-16776::conan/cli/commands/graph.py,conan-io__conan-16776,conan-io/conan,symbol,7,1908,16470,330,424367
conan-io__conan-16776::conan/tools/microsoft/visual.py,conan-io__conan-16776,conan-io/conan,co_edited,3,1227,11190,330,424367
conan-io__conan-16776::conan/tools/microsoft/visual.py,conan-io__conan-16776,conan-io/conan,symbol,6,1520,12654,330,424367
conan-io__conan-16776::conans/client/graph/install_graph.py,conan-io__conan-16776,conan-io/conan,co_edited,3,1062,10152,330,424367
conan-io__conan-16776::conans/client/graph/install_graph.py,conan-io__conan-16776,conan-io/conan,symbol,6,1355,11616,330,424367
conan-io__conan-16776::conans/client/rest_client_local_recipe_index.py,conan-io__conan-16776,conan-io/conan,co_edited,3,1375,12949,330,424367
conan-io__conan-16776::conans/client/rest_client_local_recipe_index.py,conan-io__conan-16776,conan-io/conan,symbol,6,1668,14413,330,424367
conan-io__conan-16552::conan/api/subapi/install.py,conan-io__conan-16552,conan-io/conan,co_edited,1,413,4073,333,422611
conan-io__conan-16552::conan/api/subapi/install.py,conan-io__conan-16552,conan-io/conan,symbol,1,413,4073,333,422611
conan-io__conan-16552::conan/tools/gnu/pkgconfigdeps.py,conan-io__conan-16552,conan-io/conan,co_edited,1,86,819,333,422611
conan-io__conan-16552::conan/tools/gnu/pkgconfigdeps.py,conan-io__conan-16552,conan-io/conan,symbol,1,86,819,333,422611
conan-io__conan-18101::conan/internal/model/requires.py,conan-io__conan-18101,conan-io/conan,co_edited,1,516,5153,355,473812
conan-io__conan-18101::conan/internal/model/requires.py,conan-io__conan-18101,conan-io/conan,symbol,1,516,5153,355,473812
conan-io__conan-18101::conans/client/graph/graph_binaries.py,conan-io__conan-18101,conan-io/conan,co_edited,1,584,5193,355,473812
conan-io__conan-18101::conans/client/graph/graph_binaries.py,conan-io__conan-18101,conan-io/conan,symbol,1,584,5193,355,473812
conan-io__conan-17102::conan/cli/commands/graph.py,conan-io__conan-17102,conan-io/conan,co_edited,1,561,4961,334,434332
conan-io__conan-17102::conan/cli/commands/graph.py,conan-io__conan-17102,conan-io/conan,symbol,5,981,8598,334,434332
conan-io__conan-17102::conans/client/graph/install_graph.py,conan-io__conan-17102,conan-io/conan,co_edited,1,435,4299,334,434332
conan-io__conan-17102::conans/client/graph/install_graph.py,conan-io__conan-17102,conan-io/conan,symbol,5,855,7936,334,434332
conan-io__conan-17517::conan/api/output.py,conan-io__conan-17517,conan-io/conan,co_edited,2,310,2620,341,452258
conan-io__conan-17517::conan/api/output.py,conan-io__conan-17517,conan-io/conan,symbol,4,315,2664,341,452258
conan-io__conan-17517::conans/client/rest/auth_manager.py,conan-io__conan-17517,conan-io/conan,co_edited,2,530,4402,341,452258
conan-io__conan-17517::conans/client/rest/auth_manager.py,conan-io__conan-17517,conan-io/conan,symbol,4,535,4446,341,452258
conan-io__conan-17517::conans/client/rest/conan_requester.py,conan-io__conan-17517,conan-io/conan,co_edited,2,412,3462,341,452258
conan-io__conan-17517::conans/client/rest/conan_requester.py,conan-io__conan-17517,conan-io/conan,symbol,4,417,3506,341,452258
conan-io__conan-11655::conan/tools/cmake/presets.py,conan-io__conan-11655,conan-io/conan,co_edited,2,738,6847,371,873107
conan-io__conan-11655::conan/tools/cmake/presets.py,conan-io__conan-11655,conan-io/conan,symbol,3,924,7020,371,873107
conan-io__conan-11655::conan/tools/system/package_manager.py,conan-io__conan-11655,conan-io/conan,co_edited,2,666,6254,371,873107
conan-io__conan-11655::conan/tools/system/package_manager.py,conan-io__conan-11655,conan-io/conan,symbol,3,852,6427,371,873107
conan-io__conan-11655::conans/model/conf.py,conan-io__conan-11655,conan-io/conan,co_edited,2,394,3865,371,873107
conan-io__conan-11655::conans/model/conf.py,conan-io__conan-11655,conan-io/conan,symbol,4,1085,8656,371,873107
conan-io__conan-16871::conans/client/graph/build_mode.py,conan-io__conan-16871,conan-io/conan,co_edited,2,578,5686,336,432671
conan-io__conan-16871::conans/client/graph/build_mode.py,conan-io__conan-16871,conan-io/conan,symbol,5,1436,12673,336,432671
conan-io__conan-16871::conans/client/graph/compute_pid.py,conan-io__conan-16871,conan-io/conan,co_edited,2,581,5570,336,432671
conan-io__conan-16871::conans/client/graph/compute_pid.py,conan-io__conan-16871,conan-io/conan,symbol,5,1439,12557,336,432671
conan-io__conan-16871::conans/client/graph/graph_binaries.py,conan-io__conan-16871,conan-io/conan,co_edited,2,199,1778,336,432671
conan-io__conan-16871::conans/client/graph/graph_binaries.py,conan-io__conan-16871,conan-io/conan,symbol,5,1057,8765,336,432671
conan-io__conan-4539::conans/client/build/cmake.py,conan-io__conan-4539,conan-io/conan,co_edited,2,407,3540,224,495532
conan-io__conan-4539::conans/client/build/cmake.py,conan-io__conan-4539,conan-io/conan,symbol,4,526,4432,224,495532
conan-io__conan-4539::conans/client/build/cmake_flags.py,conan-io__conan-4539,conan-io/conan,co_edited,2,455,4139,224,495532
conan-io__conan-4539::conans/client/build/cmake_flags.py,conan-io__conan-4539,conan-io/conan,symbol,4,574,5031,224,495532
conan-io__conan-4539::conans/client/loader_txt.py,conan-io__conan-4539,conan-io/conan,co_edited,2,666,6055,224,495532
conan-io__conan-4539::conans/client/loader_txt.py,conan-io__conan-4539,conan-io/conan,symbol,4,785,6947,224,495532
conan-io__conan-17092::conan/internal/default_settings.py,conan-io__conan-17092,conan-io/conan,co_edited,2,932,9613,334,435280
conan-io__conan-17092::conan/internal/default_settings.py,conan-io__conan-17092,conan-io/conan,symbol,2,932,9613,334,435280
conan-io__conan-17092::conan/tools/build/flags.py,conan-io__conan-17092,conan-io/conan,co_edited,2,532,7571,334,435280
conan-io__conan-17092::conan/tools/build/flags.py,conan-io__conan-17092,conan-io/conan,symbol,1,370,3898,334,435280
conan-io__conan-17092::conan/tools/system/package_manager.py,conan-io__conan-17092,conan-io/conan,co_edited,2,724,9388,334,435280
conan-io__conan-17092::conan/tools/system/package_manager.py,conan-io__conan-17092,conan-io/conan,symbol,1,562,5715,334,435280
conan-io__conan-4380::conans/client/loader.py,conan-io__conan-4380,conan-io/conan,co_edited,2,193,1493,224,494838
conan-io__conan-4380::conans/client/loader.py,conan-io__conan-4380,conan-io/conan,symbol,2,193,1493,224,494838
conan-io__conan-4380::conans/client/output.py,conan-io__conan-4380,conan-io/conan,co_edited,2,356,3167,224,494838
conan-io__conan-4380::conans/client/output.py,conan-io__conan-4380,conan-io/conan,symbol,1,76,500,224,494838
conan-io__conan-4380::conans/util/progress_bar.py,conan-io__conan-4380,conan-io/conan,co_edited,2,397,3660,224,494838
conan-io__conan-4380::conans/util/progress_bar.py,conan-io__conan-4380,conan-io/conan,symbol,1,117,993,224,494838
dask__dask-3522::dask/dataframe/core.py,dask__dask-3522,dask/dask,symbol,1,926,6008,99,344420
dask__dask-5777::dask/dataframe/core.py,dask__dask-5777,dask/dask,co_edited,3,2573,20333,105,424162
dask__dask-5777::dask/dataframe/core.py,dask__dask-5777,dask/dask,symbol,2,1609,12556,105,424162
dask__dask-5777::dask/dataframe/io/parquet/arrow.py,dask__dask-5777,dask/dask,co_edited,3,8344,66236,105,424162
dask__dask-5777::dask/dataframe/io/parquet/arrow.py,dask__dask-5777,dask/dask,symbol,2,7380,58459,105,424162
dask__dask-5777::dask/dataframe/multi.py,dask__dask-5777,dask/dask,co_edited,3,7781,61528,105,424162
dask__dask-5777::dask/dataframe/multi.py,dask__dask-5777,dask/dask,symbol,2,6817,53751,105,424162
dask__dask-5777::dask/dataframe/utils.py,dask__dask-5777,dask/dask,co_edited,3,7903,62383,105,424162
dask__dask-5777::dask/dataframe/utils.py,dask__dask-5777,dask/dask,symbol,3,7903,62383,105,424162
dask__dask-11801::dask/array/creation.py,dask__dask-11801,dask/dask,co_edited,1,1746,13214,182,732781
dask__dask-11801::dask/array/creation.py,dask__dask-11801,dask/dask,symbol,3,8108,64697,182,732781
dask__dask-11801::dask/array/reductions.py,dask__dask-11801,dask/dask,co_edited,1,1301,10185,182,732781
dask__dask-11801::dask/array/reductions.py,dask__dask-11801,dask/dask,symbol,3,7663,61668,182,732781
dask__dask-11300::dask/array/_shuffle.py,dask__dask-11300,dask/dask,co_edited,1,5860,47336,128,629638
dask__dask-11300::dask/array/_shuffle.py,dask__dask-11300,dask/dask,symbol,2,5881,47449,128,629638
dask__dask-11300::dask/array/core.py,dask__dask-11300,dask/dask,co_edited,1,196,1661,128,629638
dask__dask-11300::dask/array/core.py,dask__dask-11300,dask/dask,symbol,2,217,1774,128,629638
dask__dask-11605::dask/_task_spec.py,dask__dask-11605,dask/dask,co_edited,2,1956,16618,130,646951
dask__dask-11605::dask/_task_spec.py,dask__dask-11605,dask/dask,symbol,6,5646,43450,130,646951
dask__dask-11605::dask/array/overlap.py,dask__dask-11605,dask/dask,co_edited,2,2104,15546,130,646951
dask__dask-11605::dask/array/overlap.py,dask__dask-11605,dask/dask,symbol,6,5794,42378,130,646951
dask__dask-11605::dask/dataframe/io/csv.py,dask__dask-11605,dask/dask,co_edited,2,2020,16236,130,646951
dask__dask-11605::dask/dataframe/io/csv.py,dask__dask-11605,dask/dask,symbol,6,5710,43068,130,646951
dask__dask-5888::dask/array/core.py,dask__dask-5888,dask/dask,co_edited,2,1065,9507,107,429073
dask__dask-5888::dask/array/core.py,dask__dask-5888,dask/dask,symbol,2,1065,9507,107,429073
dask__dask-5888::dask/blockwise.py,dask__dask-5888,dask/dask,co_edited,2,4979,39876,107,429073
dask__dask-5888::dask/blockwise.py,dask__dask-5888,dask/dask,symbol,2,4979,39876,107,429073
dask__dask-5888::dask/highlevelgraph.py,dask__dask-5888,dask/dask,co_edited,2,5582,45885,107,429073
dask__dask-5888::dask/highlevelgraph.py,dask__dask-5888,dask/dask,symbol,2,5582,45885,107,429073
dask__dask-5975::dask/array/routines.py,dask__dask-5975,dask/dask,symbol,1,4735,37979,108,429565
dask__dask-3016::dask/array/core.py,dask__dask-3016,dask/dask,co_edited,1,2057,17571,88,316547
dask__dask-3016::dask/array/core.py,dask__dask-3016,dask/dask,symbol,1,2057,17571,88,316547
dask__dask-3016::dask/bag/core.py,dask__dask-3016,dask/dask,co_edited,1,3504,31270,88,316547
dask__dask-6624::dask/array/percentile.py,dask__dask-6624,dask/dask,co_edited,2,7944,62592,111,457902
dask__dask-6624::dask/array/percentile.py,dask__dask-6624,dask/dask,symbol,2,11496,91419,111,457902
dask__dask-6624::dask/array/reductions.py,dask__dask-6624,dask/dask,co_edited,2,6866,54389,111,457902
dask__dask-6624::dask/array/reductions.py,dask__dask-6624,dask/dask,symbol,3,11763,93726,111,457902
dask__dask-6624::dask/dataframe/core.py,dask__dask-6624,dask/dask,co_edited,2,1612,12817,111,457902
dask__dask-6624::dask/dataframe/core.py,dask__dask-6624,dask/dask,symbol,2,5164,41644,111,457902
dask__dask-2466::dask/array/fft.py,dask__dask-2466,dask/dask,co_edited,2,2479,21227,87,291099
dask__dask-2466::dask/array/fft.py,dask__dask-2466,dask/dask,symbol,5,4457,35675,87,291099
dask__dask-2466::dask/bag/core.py,dask__dask-2466,dask/dask,co_edited,2,776,6332,87,291099
dask__dask-2466::dask/bag/core.py,dask__dask-2466,dask/dask,symbol,5,2754,20780,87,291099
dask__dask-2466::dask/dataframe/io/csv.py,dask__dask-2466,dask/dask,co_edited,2,2279,19087,87,291099
dask__dask-2466::dask/dataframe/io/csv.py,dask__dask-2466,dask/dask,symbol,5,4257,33535,87,291099
dask__dask-11301::dask/array/_shuffle.py,dask__dask-11301,dask/dask,co_edited,2,7908,64588,128,629638
dask__dask-11301::dask/array/_shuffle.py,dask__dask-11301,dask/dask,symbol,3,7929,64701,128,629638
dask__dask-11301::dask/array/core.py,dask__dask-11301,dask/dask,co_edited,2,2244,18913,128,629638
dask__dask-11301::dask/array/core.py,dask__dask-11301,dask/dask,symbol,3,2265,19026,128,629638
dask__dask-11301::dask/array/slicing.py,dask__dask-11301,dask/dask,co_edited,2,6056,48997,128,629638
dask__dask-11301::dask/array/slicing.py,dask__dask-11301,dask/dask,symbol,3,6077,49110,128,629638
dask__dask-3955::dask/array/creation.py,dask__dask-3955,dask/dask,co_edited,1,876,8409,100,367601
dask__dask-3955::dask/array/creation.py,dask__dask-3955,dask/dask,symbol,1,876,8409,100,367601
dask__dask-3955::dask/array/reductions.py,dask__dask-3955,dask/dask,co_edited,1,993,7758,100,367601
dask__dask-11707::dask/array/creation.py,dask__dask-11707,dask/dask,co_edited,1,2100,17728,166,685430
dask__dask-11707::dask/array/creation.py,dask__dask-11707,dask/dask,symbol,1,2100,17728,166,685430
dask__dask-11707::dask/array/slicing.py,dask__dask-11707,dask/dask,co_edited,1,1294,10121,166,685430
dask__dask-11707::dask/array/slicing.py,dask__dask-11707,dask/dask,symbol,1,1294,10121,166,685430
deepset-ai__haystack-7653::haystack/components/embedders/openai_document_embedder.py,deepset-ai__haystack-7653,deepset-ai/haystack,co_edited,4,884,8114,160,187039
deepset-ai__haystack-7653::haystack/components/embedders/openai_document_embedder.py,deepset-ai__haystack-7653,deepset-ai/haystack,symbol,4,998,8657,160,187039
deepset-ai__haystack-7653::haystack/components/embedders/openai_text_embedder.py,deepset-ai__haystack-7653,deepset-ai/haystack,co_edited,4,947,8653,160,187039
deepset-ai__haystack-7653::haystack/components/embedders/openai_text_embedder.py,deepset-ai__haystack-7653,deepset-ai/haystack,symbol,4,1061,9196,160,187039
deepset-ai__haystack-7653::haystack/components/generators/chat/openai.py,deepset-ai__haystack-7653,deepset-ai/haystack,co_edited,4,749,6302,160,187039
deepset-ai__haystack-7653::haystack/components/generators/chat/openai.py,deepset-ai__haystack-7653,deepset-ai/haystack,symbol,4,863,6845,160,187039
deepset-ai__haystack-7653::haystack/components/generators/openai.py,deepset-ai__haystack-7653,deepset-ai/haystack,co_edited,4,805,6960,160,187039
deepset-ai__haystack-7653::haystack/components/generators/openai.py,deepset-ai__haystack-7653,deepset-ai/haystack,symbol,4,919,7503,160,187039
deepset-ai__haystack-7653::haystack/telemetry/_environment.py,deepset-ai__haystack-7653,deepset-ai/haystack,co_edited,4,975,8767,160,187039
deepset-ai__haystack-7653::haystack/telemetry/_environment.py,deepset-ai__haystack-7653,deepset-ai/haystack,symbol,5,1204,10242,160,187039
deepset-ai__haystack-8489::haystack/core/pipeline/pipeline.py,deepset-ai__haystack-8489,deepset-ai/haystack,co_edited,4,456,3473,171,217021
deepset-ai__haystack-8489::haystack/core/pipeline/pipeline.py,deepset-ai__haystack-8489,deepset-ai/haystack,symbol,6,1730,14971,171,217021
deepset-ai__haystack-8489::haystack/tracing/datadog.py,deepset-ai__haystack-8489,deepset-ai/haystack,co_edited,4,676,5512,171,217021
deepset-ai__haystack-8489::haystack/tracing/datadog.py,deepset-ai__haystack-8489,deepset-ai/haystack,symbol,6,1950,17010,171,217021
deepset-ai__haystack-8489::haystack/tracing/logging_tracer.py,deepset-ai__haystack-8489,deepset-ai/haystack,co_edited,4,671,5464,171,217021
deepset-ai__haystack-8489::haystack/tracing/logging_tracer.py,deepset-ai__haystack-8489,deepset-ai/haystack,symbol,6,1945,16962,171,217021
deepset-ai__haystack-8489::haystack/tracing/opentelemetry.py,deepset-ai__haystack-8489,deepset-ai/haystack,co_edited,4,687,5586,171,217021
deepset-ai__haystack-8489::haystack/tracing/opentelemetry.py,deepset-ai__haystack-8489,deepset-ai/haystack,symbol,6,1961,17084,171,217021
deepset-ai__haystack-8489::haystack/tracing/tracer.py,deepset-ai__haystack-8489,deepset-ai/haystack,co_edited,4,522,4353,171,217021
deepset-ai__haystack-8489::haystack/tracing/tracer.py,deepset-ai__haystack-8489,deepset-ai/haystack,symbol,6,1796,15851,171,217021
deepset-ai__haystack-9568::haystack/dataclasses/byte_stream.py,deepset-ai__haystack-9568,deepset-ai/haystack,co_edited,1,183,1622,216,339960
deepset-ai__haystack-9568::haystack/dataclasses/byte_stream.py,deepset-ai__haystack-9568,deepset-ai/haystack,symbol,2,232,1911,216,339960
deepset-ai__haystack-9568::haystack/dataclasses/document.py,deepset-ai__haystack-9568,deepset-ai/haystack,co_edited,1,81,726,216,339960
deepset-ai__haystack-9568::haystack/dataclasses/document.py,deepset-ai__haystack-9568,deepset-ai/haystack,symbol,2,130,1015,216,339960
deepset-ai__haystack-9189::haystack/components/embedders/azure_document_embedder.py,deepset-ai__haystack-9189,deepset-ai/haystack,co_edited,1,318,2545,204,306375
deepset-ai__haystack-9189::haystack/components/embedders/azure_document_embedder.py,deepset-ai__haystack-9189,deepset-ai/haystack,symbol,8,1833,14490,204,306375
deepset-ai__haystack-9189::haystack/components/embedders/openai_document_embedder.py,deepset-ai__haystack-9189,deepset-ai/haystack,co_edited,1,295,2662,204,306375
deepset-ai__haystack-9189::haystack/components/embedders/openai_document_embedder.py,deepset-ai__haystack-9189,deepset-ai/haystack,symbol,8,1810,14607,204,306375
deepset-ai__haystack-7303::haystack/components/routers/file_type_router.py,deepset-ai__haystack-7303,deepset-ai/haystack,symbol,1,61,520,146,148653
deepset-ai__haystack-9688::haystack/components/routers/metadata_router.py,deepset-ai__haystack-9688,deepset-ai/haystack,co_edited,1,210,1757,230,371366
deepset-ai__haystack-9688::haystack/components/routers/metadata_router.py,deepset-ai__haystack-9688,deepset-ai/haystack,symbol,9,1722,14452,230,371366
deepset-ai__haystack-9688::haystack/utils/filters.py,deepset-ai__haystack-9688,deepset-ai/haystack,co_edited,1,110,927,230,371366
deepset-ai__haystack-9688::haystack/utils/filters.py,deepset-ai__haystack-9688,deepset-ai/haystack,symbol,9,1622,13622,230,371366
deepset-ai__haystack-7685::haystack/components/evaluators/context_relevance.py,deepset-ai__haystack-7685,deepset-ai/haystack,co_edited,1,176,1571,160,186840
deepset-ai__haystack-7685::haystack/components/evaluators/context_relevance.py,deepset-ai__haystack-7685,deepset-ai/haystack,symbol,1,176,1571,160,186840
deepset-ai__haystack-7685::haystack/components/evaluators/faithfulness.py,deepset-ai__haystack-7685,deepset-ai/haystack,co_edited,1,158,1377,160,186840
deepset-ai__haystack-7685::haystack/components/evaluators/faithfulness.py,deepset-ai__haystack-7685,deepset-ai/haystack,symbol,1,158,1377,160,186840
deepset-ai__haystack-6841::haystack/components/embedders/openai_document_embedder.py,deepset-ai__haystack-6841,deepset-ai/haystack,co_edited,1,98,851,141,131038
deepset-ai__haystack-6841::haystack/components/embedders/openai_document_embedder.py,deepset-ai__haystack-6841,deepset-ai/haystack,symbol,4,553,4582,141,131038
deepset-ai__haystack-6841::haystack/components/embedders/openai_text_embedder.py,deepset-ai__haystack-6841,deepset-ai/haystack,co_edited,1,169,1473,141,131038
deepset-ai__haystack-6841::haystack/components/embedders/openai_text_embedder.py,deepset-ai__haystack-6841,deepset-ai/haystack,symbol,4,624,5204,141,131038
deepset-ai__haystack-8941::haystack/components/embedders/azure_document_embedder.py,deepset-ai__haystack-8941,deepset-ai/haystack,symbol,5,1472,12003,190,274038
deepset-ai__haystack-8804::haystack/components/converters/__init__.py,deepset-ai__haystack-8804,deepset-ai/haystack,co_edited,1,339,2735,182,252111
deepset-ai__haystack-8804::haystack/components/converters/__init__.py,deepset-ai__haystack-8804,deepset-ai/haystack,symbol,3,374,2988,182,252111
deepset-ai__haystack-8804::haystack/components/converters/docx.py,deepset-ai__haystack-8804,deepset-ai/haystack,co_edited,1,36,319,182,252111
deepset-ai__haystack-8804::haystack/components/converters/docx.py,deepset-ai__haystack-8804,deepset-ai/haystack,symbol,3,71,572,182,252111
django-json-api__django-rest-framework-json-api-1286::rest_framework_json_api/serializers.py,django-json-api__django-rest-framework-json-api-1286,django-json-api/django-rest-framework-json-api,symbol,1,485,3445,37,42330
django-json-api__django-rest-framework-json-api-1231::rest_framework_json_api/renderers.py,django-json-api__django-rest-framework-json-api-1231,django-json-api/django-rest-framework-json-api,co_edited,1,477,3354,37,42120
django-json-api__django-rest-framework-json-api-1231::rest_framework_json_api/serializers.py,django-json-api__django-rest-framework-json-api-1231,django-json-api/django-rest-framework-json-api,co_edited,1,719,4464,37,42120
django-json-api__django-rest-framework-json-api-1231::rest_framework_json_api/serializers.py,django-json-api__django-rest-framework-json-api-1231,django-json-api/django-rest-framework-json-api,symbol,1,719,4464,37,42120
django-json-api__django-rest-framework-json-api-1283::rest_framework_json_api/renderers.py,django-json-api__django-rest-framework-json-api-1283,django-json-api/django-rest-framework-json-api,co_edited,2,963,6850,37,42329
django-json-api__django-rest-framework-json-api-1283::rest_framework_json_api/renderers.py,django-json-api__django-rest-framework-json-api-1283,django-json-api/django-rest-framework-json-api,symbol,2,963,6850,37,42329
django-json-api__django-rest-framework-json-api-1283::rest_framework_json_api/serializers.py,django-json-api__django-rest-framework-json-api-1283,django-json-api/django-rest-framework-json-api,co_edited,2,1200,7922,37,42329
django-json-api__django-rest-framework-json-api-1283::rest_framework_json_api/serializers.py,django-json-api__django-rest-framework-json-api-1283,django-json-api/django-rest-framework-json-api,symbol,1,477,3412,37,42329
django-json-api__django-rest-framework-json-api-1283::rest_framework_json_api/utils.py,django-json-api__django-rest-framework-json-api-1283,django-json-api/django-rest-framework-json-api,co_edited,2,1209,7948,37,42329
django-json-api__django-rest-framework-json-api-1283::rest_framework_json_api/utils.py,django-json-api__django-rest-framework-json-api-1283,django-json-api/django-rest-framework-json-api,symbol,1,486,3438,37,42329
django-json-api__django-rest-framework-json-api-1162::rest_framework_json_api/renderers.py,django-json-api__django-rest-framework-json-api-1162,django-json-api/django-rest-framework-json-api,symbol,1,426,3014,37,41429
django__django-5158::django/core/management/__init__.py,django__django-5158,django/django,symbol,1,179,1400,822,930941
django__django-14416::django/middleware/locale.py,django__django-14416,django/django,symbol,1,414,3730,831,1025729
django__django-14034::django/forms/boundfield.py,django__django-14034,django/django,symbol,3,1123,8373,831,1024385
django__django-14727::django/core/management/commands/migrate.py,django__django-14727,django/django,co_edited,2,421,3738,831,1024318
django__django-14727::django/core/management/commands/migrate.py,django__django-14727,django/django,symbol,3,943,8207,831,1024318
django__django-14727::django/core/management/commands/sqlmigrate.py,django__django-14727,django/django,co_edited,2,730,6369,831,1024318
django__django-14727::django/core/management/commands/sqlmigrate.py,django__django-14727,django/django,symbol,4,1320,11471,831,1024318
django__django-14727::django/db/migrations/loader.py,django__django-14727,django/django,co_edited,2,445,3897,831,1024318
django__django-14727::django/db/migrations/loader.py,django__django-14727,django/django,symbol,3,967,8366,831,1024318
django__django-13350::django/core/files/uploadhandler.py,django__django-13350,django/django,co_edited,1,691,5040,827,1004953
django__django-13350::django/core/files/uploadhandler.py,django__django-13350,django/django,symbol,2,808,5891,827,1004953
django__django-13350::django/http/multipartparser.py,django__django-13350,django/django,co_edited,1,205,1330,827,1004953
django__django-13350::django/http/multipartparser.py,django__django-13350,django/django,symbol,2,322,2181,827,1004953
django__django-16501::django/db/models/constraints.py,django__django-16501,django/django,symbol,5,2765,19685,840,1082012
django__django-13279::django/contrib/sessions/backends/base.py,django__django-13279,django/django,symbol,1,280,2187,827,1000398
django__django-13128::django/db/models/expressions.py,django__django-13128,django/django,symbol,1,193,1055,822,995839
docker__docker-py-2917::docker/api/plugin.py,docker__docker-py-2917,docker/docker-py,co_edited,2,585,3898,70,105046
docker__docker-py-2917::docker/api/plugin.py,docker__docker-py-2917,docker/docker-py,symbol,2,295,1666,70,105046
docker__docker-py-2917::docker/models/plugins.py,docker__docker-py-2917,docker/docker-py,co_edited,2,642,4624,70,105046
docker__docker-py-2917::docker/models/plugins.py,docker__docker-py-2917,docker/docker-py,symbol,2,352,2392,70,105046
docker__docker-py-2917::docker/models/services.py,docker__docker-py-2917,docker/docker-py,co_edited,2,463,2940,70,105046
docker__docker-py-2917::docker/models/services.py,docker__docker-py-2917,docker/docker-py,symbol,3,555,3499,70,105046
docker__docker-py-1167::docker/client.py,docker__docker-py-1167,docker/docker-py,co_edited,1,1150,8414,36,31874
docker__docker-py-1167::docker/client.py,docker__docker-py-1167,docker/docker-py,symbol,1,1150,8414,36,31874
docker__docker-py-1167::docker/utils/utils.py,docker__docker-py-1167,docker/docker-py,co_edited,1,405,3011,36,31874
docker__docker-py-1167::docker/utils/utils.py,docker__docker-py-1167,docker/docker-py,symbol,1,405,3011,36,31874
docker__docker-py-1385::docker/types/services.py,docker__docker-py-1385,docker/docker-py,symbol,1,19,145,47,68834
docker__docker-py-3191::docker/api/build.py,docker__docker-py-3191,docker/docker-py,co_edited,2,265,1901,69,106413
docker__docker-py-3191::docker/api/build.py,docker__docker-py-3191,docker/docker-py,symbol,2,265,1901,69,106413
docker__docker-py-3191::docker/utils/__init__.py,docker__docker-py-3191,docker/docker-py,co_edited,2,608,4855,69,106413
docker__docker-py-3191::docker/utils/__init__.py,docker__docker-py-3191,docker/docker-py,symbol,2,608,4855,69,106413
docker__docker-py-3191::docker/utils/build.py,docker__docker-py-3191,docker/docker-py,co_edited,2,369,3206,69,106413
docker__docker-py-3191::docker/utils/build.py,docker__docker-py-3191,docker/docker-py,symbol,2,369,3206,69,106413
docker__docker-py-2927::docker/api/container.py,docker__docker-py-2927,docker/docker-py,co_edited,2,1326,10170,70,104837
docker__docker-py-2927::docker/api/container.py,docker__docker-py-2927,docker/docker-py,symbol,4,1844,13472,70,104837
docker__docker-py-2927::docker/errors.py,docker__docker-py-2927,docker/docker-py,co_edited,2,2436,19676,70,104837
docker__docker-py-2927::docker/errors.py,docker__docker-py-2927,docker/docker-py,symbol,4,2954,22978,70,104837
docker__docker-py-2927::docker/models/containers.py,docker__docker-py-2927,docker/docker-py,co_edited,2,1508,11690,70,104837
docker__docker-py-2927::docker/models/containers.py,docker__docker-py-2927,docker/docker-py,symbol,4,2026,14992,70,104837
docker__docker-py-3200::docker/models/configs.py,docker__docker-py-3200,docker/docker-py,co_edited,2,768,5075,69,106838
docker__docker-py-3200::docker/models/configs.py,docker__docker-py-3200,docker/docker-py,symbol,1,508,3198,69,106838
docker__docker-py-3200::docker/utils/build.py,docker__docker-py-3200,docker/docker-py,co_edited,2,577,3569,69,106838
docker__docker-py-3200::docker/utils/build.py,docker__docker-py-3200,docker/docker-py,symbol,2,577,3569,69,106838
docker__docker-py-3200::docker/utils/utils.py,docker__docker-py-3200,docker/docker-py,co_edited,2,329,2248,69,106838
docker__docker-py-3200::docker/utils/utils.py,docker__docker-py-3200,docker/docker-py,symbol,1,69,371,69,106838
dpkp__kafka-python-1312::kafka/client_async.py,dpkp__kafka-python-1312,dpkp/kafka-python,co_edited,4,2551,23161,106,174097
dpkp__kafka-python-1312::kafka/client_async.py,dpkp__kafka-python-1312,dpkp/kafka-python,symbol,6,3941,33805,106,174097
dpkp__kafka-python-1312::kafka/conn.py,dpkp__kafka-python-1312,dpkp/kafka-python,co_edited,4,2455,21348,106,174097
dpkp__kafka-python-1312::kafka/conn.py,dpkp__kafka-python-1312,dpkp/kafka-python,symbol,5,2768,22986,106,174097
dpkp__kafka-python-1312::kafka/producer/kafka.py,dpkp__kafka-python-1312,dpkp/kafka-python,co_edited,4,2916,25147,106,174097
dpkp__kafka-python-1312::kafka/producer/kafka.py,dpkp__kafka-python-1312,dpkp/kafka-python,symbol,5,3229,26785,106,174097
dpkp__kafka-python-1312::kafka/producer/sender.py,dpkp__kafka-python-1312,dpkp/kafka-python,co_edited,4,3132,28034,106,174097
dpkp__kafka-python-1312::kafka/producer/sender.py,dpkp__kafka-python-1312,dpkp/kafka-python,symbol,5,3445,29672,106,174097
dpkp__kafka-python-1312::kafka/util.py,dpkp__kafka-python-1312,dpkp/kafka-python,co_edited,4,3458,30978,106,174097
dpkp__kafka-python-1312::kafka/util.py,dpkp__kafka-python-1312,dpkp/kafka-python,symbol,5,3771,32616,106,174097
dpkp__kafka-python-2548::kafka/conn.py,dpkp__kafka-python-2548,dpkp/kafka-python,co_edited,1,83,546,119,237720
dpkp__kafka-python-2548::kafka/conn.py,dpkp__kafka-python-2548,dpkp/kafka-python,symbol,3,1247,19643,119,237720
dpkp__kafka-python-2548::kafka/future.py,dpkp__kafka-python-2548,dpkp/kafka-python,co_edited,1,1508,14131,119,237720
dpkp__kafka-python-2548::kafka/future.py,dpkp__kafka-python-2548,dpkp/kafka-python,symbol,3,2672,33228,119,237720
dpkp__kafka-python-2573::kafka/client_async.py,dpkp__kafka-python-2573,dpkp/kafka-python,co_edited,2,343,2463,119,240028
dpkp__kafka-python-2573::kafka/client_async.py,dpkp__kafka-python-2573,dpkp/kafka-python,symbol,3,762,5658,119,240028
dpkp__kafka-python-2573::kafka/protocol/metadata.py,dpkp__kafka-python-2573,dpkp/kafka-python,co_edited,2,1357,11696,119,240028
dpkp__kafka-python-2573::kafka/protocol/metadata.py,dpkp__kafka-python-2573,dpkp/kafka-python,symbol,3,1776,14891,119,240028
dpkp__kafka-python-2573::kafka/sasl/oauth.py,dpkp__kafka-python-2573,dpkp/kafka-python,co_edited,2,1526,12843,119,240028
dpkp__kafka-python-2573::kafka/sasl/oauth.py,dpkp__kafka-python-2573,dpkp/kafka-python,symbol,3,1945,16038,119,240028
dpkp__kafka-python-1320::kafka/conn.py,dpkp__kafka-python-1320,dpkp/kafka-python,co_edited,2,348,2237,106,174087
dpkp__kafka-python-1320::kafka/conn.py,dpkp__kafka-python-1320,dpkp/kafka-python,symbol,4,1738,12881,106,174087
dpkp__kafka-python-1320::kafka/protocol/types.py,dpkp__kafka-python-1320,dpkp/kafka-python,co_edited,2,1342,12002,106,174087
dpkp__kafka-python-1320::kafka/protocol/types.py,dpkp__kafka-python-1320,dpkp/kafka-python,symbol,4,2732,22646,106,174087
dpkp__kafka-python-1320::kafka/util.py,dpkp__kafka-python-1320,dpkp/kafka-python,co_edited,2,1350,11861,106,174087
dpkp__kafka-python-1320::kafka/util.py,dpkp__kafka-python-1320,dpkp/kafka-python,symbol,4,2740,22505,106,174087
dpkp__kafka-python-2608::kafka/cluster.py,dpkp__kafka-python-2608,dpkp/kafka-python,co_edited,1,1548,14598,125,260299
dpkp__kafka-python-2608::kafka/cluster.py,dpkp__kafka-python-2608,dpkp/kafka-python,symbol,3,2586,23330,125,260299
dpkp__kafka-python-2608::kafka/conn.py,dpkp__kafka-python-2608,dpkp/kafka-python,co_edited,1,424,3273,125,260299
dpkp__kafka-python-2608::kafka/conn.py,dpkp__kafka-python-2608,dpkp/kafka-python,symbol,3,1462,12005,125,260299
dpkp__kafka-python-1029::kafka/consumer/group.py,dpkp__kafka-python-1029,dpkp/kafka-python,symbol,1,473,3738,94,145126
dwavesystems__dimod-527::dimod/binary_quadratic_model.py,dwavesystems__dimod-527,dwavesystems/dimod,co_edited,1,449,3661,56,98356
dwavesystems__dimod-527::dimod/binary_quadratic_model.py,dwavesystems__dimod-527,dwavesystems/dimod,symbol,1,449,3661,56,98356
dwavesystems__dimod-527::dimod/utilities.py,dwavesystems__dimod-527,dwavesystems/dimod,co_edited,1,2598,23101,56,98356
dwavesystems__dimod-527::dimod/utilities.py,dwavesystems__dimod-527,dwavesystems/dimod,symbol,1,2598,23101,56,98356
dwavesystems__dimod-263::dimod/binary_quadratic_model.py,dwavesystems__dimod-263,dwavesystems/dimod,co_edited,1,92,738,34,62969
dwavesystems__dimod-263::dimod/binary_quadratic_model.py,dwavesystems__dimod-263,dwavesystems/dimod,symbol,1,92,738,34,62969
dwavesystems__dimod-263::dimod/io/coo.py,dwavesystems__dimod-263,dwavesystems/dimod,co_edited,1,2391,21382,34,62969
dwavesystems__dimod-263::dimod/io/coo.py,dwavesystems__dimod-263,dwavesystems/dimod,symbol,1,2391,21382,34,62969
dwavesystems__dimod-387::dimod/binary_quadratic_model.py,dwavesystems__dimod-387,dwavesystems/dimod,co_edited,1,346,2526,47,74527
dwavesystems__dimod-387::dimod/binary_quadratic_model.py,dwavesystems__dimod-387,dwavesystems/dimod,symbol,2,622,4373,47,74527
dwavesystems__dimod-387::dimod/reference/composites/scalecomposite.py,dwavesystems__dimod-387,dwavesystems/dimod,co_edited,1,2348,20933,47,74527
dwavesystems__dimod-387::dimod/reference/composites/scalecomposite.py,dwavesystems__dimod-387,dwavesystems/dimod,symbol,2,2624,22780,47,74527
dwavesystems__dimod-336::dimod/embedding/transforms.py,dwavesystems__dimod-336,dwavesystems/dimod,symbol,2,2522,22281,43,75994
dwavesystems__dimod-398::dimod/compatibility23.py,dwavesystems__dimod-398,dwavesystems/dimod,co_edited,1,1161,9846,51,85032
dwavesystems__dimod-398::dimod/compatibility23.py,dwavesystems__dimod-398,dwavesystems/dimod,symbol,1,1161,9846,51,85032
dwavesystems__dimod-398::dimod/sampleset.py,dwavesystems__dimod-398,dwavesystems/dimod,co_edited,1,37,278,51,85032
dwavesystems__dimod-171::dimod/binary_quadratic_model.py,dwavesystems__dimod-171,dwavesystems/dimod,co_edited,1,408,3935,30,49315
dwavesystems__dimod-171::dimod/binary_quadratic_model.py,dwavesystems__dimod-171,dwavesystems/dimod,symbol,1,408,3935,30,49315
dwavesystems__dimod-171::dimod/embedding/transforms.py,dwavesystems__dimod-171,dwavesystems/dimod,co_edited,1,1835,16500,30,49315
dwavesystems__dimod-171::dimod/embedding/transforms.py,dwavesystems__dimod-171,dwavesystems/dimod,symbol,1,1835,16500,30,49315
dwavesystems__dimod-377::dimod/core/sampler.py,dwavesystems__dimod-377,dwavesystems/dimod,symbol,2,2418,21481,45,70250
dwavesystems__dimod-497::dimod/binary_quadratic_model.py,dwavesystems__dimod-497,dwavesystems/dimod,co_edited,2,1634,14114,56,96079
dwavesystems__dimod-497::dimod/binary_quadratic_model.py,dwavesystems__dimod-497,dwavesystems/dimod,symbol,3,1695,14516,56,96079
dwavesystems__dimod-497::dimod/sampleset.py,dwavesystems__dimod-497,dwavesystems/dimod,co_edited,2,2702,23644,56,96079
dwavesystems__dimod-497::dimod/sampleset.py,dwavesystems__dimod-497,dwavesystems/dimod,symbol,3,2763,24046,56,96079
dwavesystems__dimod-497::dimod/variables.py,dwavesystems__dimod-497,dwavesystems/dimod,co_edited,2,4016,35710,56,96079
dwavesystems__dimod-497::dimod/variables.py,dwavesystems__dimod-497,dwavesystems/dimod,symbol,3,4077,36112,56,96079
dwavesystems__dimod-266::dimod/embedding/transforms.py,dwavesystems__dimod-266,dwavesystems/dimod,symbol,3,450,3992,34,63327
dwavesystems__dimod-383::dimod/binary_quadratic_model.py,dwavesystems__dimod-383,dwavesystems/dimod,co_edited,2,1337,10827,47,74527
dwavesystems__dimod-383::dimod/binary_quadratic_model.py,dwavesystems__dimod-383,dwavesystems/dimod,symbol,3,1613,12674,47,74527
dwavesystems__dimod-383::dimod/reference/composites/scalecomposite.py,dwavesystems__dimod-383,dwavesystems/dimod,co_edited,2,3339,29234,47,74527
dwavesystems__dimod-383::dimod/reference/composites/scalecomposite.py,dwavesystems__dimod-383,dwavesystems/dimod,symbol,3,3615,31081,47,74527
dwavesystems__dimod-383::dimod/sampleset.py,dwavesystems__dimod-383,dwavesystems/dimod,co_edited,2,2694,23459,47,74527
dwavesystems__dimod-383::dimod/sampleset.py,dwavesystems__dimod-383,dwavesystems/dimod,symbol,3,2970,25306,47,74527
dwavesystems__dimod-384::dimod/binary_quadratic_model.py,dwavesystems__dimod-384,dwavesystems/dimod,co_edited,1,87,697,47,75166
dwavesystems__dimod-384::dimod/binary_quadratic_model.py,dwavesystems__dimod-384,dwavesystems/dimod,symbol,1,87,697,47,75166
dwavesystems__dimod-384::dimod/serialization/bson.py,dwavesystems__dimod-384,dwavesystems/dimod,co_edited,1,2363,21057,47,75166
dwavesystems__dimod-384::dimod/serialization/bson.py,dwavesystems__dimod-384,dwavesystems/dimod,symbol,1,2363,21057,47,75166
elastic__rally-544::esrally/metrics.py,elastic__rally-544,elastic/rally,symbol,6,829,6599,52,152323
elastic__rally-507::esrally/mechanic/launcher.py,elastic__rally-507,elastic/rally,co_edited,1,1005,9097,51,150621
elastic__rally-507::esrally/mechanic/launcher.py,elastic__rally-507,elastic/rally,symbol,1,1005,9097,51,150621
elastic__rally-507::esrally/mechanic/telemetry.py,elastic__rally-507,elastic/rally,co_edited,1,428,4147,51,150621
elastic__rally-507::esrally/mechanic/telemetry.py,elastic__rally-507,elastic/rally,symbol,1,428,4147,51,150621
elastic__rally-436::esrally/driver/driver.py,elastic__rally-436,elastic/rally,co_edited,3,2674,24904,50,147552
elastic__rally-436::esrally/driver/driver.py,elastic__rally-436,elastic/rally,symbol,3,2674,24904,50,147552
elastic__rally-436::esrally/track/loader.py,elastic__rally-436,elastic/rally,co_edited,3,2802,24864,50,147552
elastic__rally-436::esrally/track/loader.py,elastic__rally-436,elastic/rally,symbol,3,2802,24864,50,147552
elastic__rally-436::esrally/track/params.py,elastic__rally-436,elastic/rally,co_edited,3,3133,29665,50,147552
elastic__rally-436::esrally/track/params.py,elastic__rally-436,elastic/rally,symbol,3,3133,29665,50,147552
elastic__rally-436::esrally/track/track.py,elastic__rally-436,elastic/rally,co_edited,3,3310,32017,50,147552
elastic__rally-436::esrally/track/track.py,elastic__rally-436,elastic/rally,symbol,3,3310,32017,50,147552
elastic__rally-454::esrally/track/params.py,elastic__rally-454,elastic/rally,symbol,1,52,218,50,148056
elastic__rally-451::esrally/config.py,elastic__rally-451,elastic/rally,co_edited,1,528,5081,50,147722
elastic__rally-451::esrally/config.py,elastic__rally-451,elastic/rally,symbol,5,1091,9837,50,147722
elastic__rally-451::esrally/mechanic/supplier.py,elastic__rally-451,elastic/rally,co_edited,1,834,8590,50,147722
elastic__rally-451::esrally/mechanic/supplier.py,elastic__rally-451,elastic/rally,symbol,5,1397,13346,50,147722
elastic__rally-557::esrally/mechanic/telemetry.py,elastic__rally-557,elastic/rally,symbol,2,232,1758,52,152975
elastic__rally-1674::esrally/metrics.py,elastic__rally-1674,elastic/rally,symbol,1,114,666,63,225212
elastic__rally-627::esrally/mechanic/telemetry.py,elastic__rally-627,elastic/rally,symbol,1,191,1396,52,166308
elastic__rally-430::esrally/config.py,elastic__rally-430,elastic/rally,co_edited,1,1160,12152,50,147446
elastic__rally-430::esrally/config.py,elastic__rally-430,elastic/rally,symbol,2,1589,15665,50,147446
elastic__rally-430::esrally/track/loader.py,elastic__rally-430,elastic/rally,co_edited,1,833,8584,50,147446
elastic__rally-430::esrally/track/loader.py,elastic__rally-430,elastic/rally,symbol,2,1262,12097,50,147446
elastic__rally-469::esrally/driver/runner.py,elastic__rally-469,elastic/rally,co_edited,1,838,7509,50,144311
elastic__rally-469::esrally/driver/runner.py,elastic__rally-469,elastic/rally,symbol,1,838,7509,50,144311
elastic__rally-469::esrally/track/params.py,elastic__rally-469,elastic/rally,co_edited,1,825,6783,50,144311
elastic__rally-469::esrally/track/params.py,elastic__rally-469,elastic/rally,symbol,1,825,6783,50,144311
elastic__rally-1469::esrally/async_connection.py,elastic__rally-1469,elastic/rally,co_edited,1,1888,14884,61,228700
elastic__rally-1469::esrally/chart_generator.py,elastic__rally-1469,elastic/rally,co_edited,1,246,1481,61,228700
elastic__rally-1469::esrally/chart_generator.py,elastic__rally-1469,elastic/rally,symbol,1,246,1481,61,228700
elastic__rally-1284::esrally/async_connection.py,elastic__rally-1284,elastic/rally,co_edited,1,217,1460,60,215692
elastic__rally-1284::esrally/async_connection.py,elastic__rally-1284,elastic/rally,symbol,1,217,1460,60,215692
elastic__rally-1284::esrally/utils/opts.py,elastic__rally-1284,elastic/rally,co_edited,1,222,1463,60,215692
elastic__rally-1284::esrally/utils/opts.py,elastic__rally-1284,elastic/rally,symbol,1,222,1463,60,215692
ethereum__web3.py-3308::web3/_utils/math.py,ethereum__web3.py-3308,ethereum/web3.py,co_edited,3,1549,10471,162,387141
ethereum__web3.py-3308::web3/_utils/math.py,ethereum__web3.py-3308,ethereum/web3.py,symbol,4,1616,10445,162,387141
ethereum__web3.py-3308::web3/eth/async_eth.py,ethereum__web3.py-3308,ethereum/web3.py,co_edited,3,800,5395,162,387141
ethereum__web3.py-3308::web3/eth/async_eth.py,ethereum__web3.py-3308,ethereum/web3.py,symbol,4,867,5369,162,387141
ethereum__web3.py-3308::web3/eth/eth.py,ethereum__web3.py-3308,ethereum/web3.py,co_edited,3,882,5980,162,387141
ethereum__web3.py-3308::web3/eth/eth.py,ethereum__web3.py-3308,ethereum/web3.py,symbol,5,1655,10693,162,387141
ethereum__web3.py-3308::web3/utils/caching.py,ethereum__web3.py-3308,ethereum/web3.py,co_edited,3,1533,10311,162,387141
ethereum__web3.py-3308::web3/utils/caching.py,ethereum__web3.py-3308,ethereum/web3.py,symbol,4,1600,10285,162,387141
ethereum__web3.py-3467::web3/_utils/http.py,ethereum__web3.py-3467,ethereum/web3.py,co_edited,2,350,2210,163,397605
ethereum__web3.py-3467::web3/_utils/http.py,ethereum__web3.py-3467,ethereum/web3.py,symbol,3,411,2527,163,397605
ethereum__web3.py-3467::web3/providers/rpc/async_rpc.py,ethereum__web3.py-3467,ethereum/web3.py,co_edited,2,188,1171,163,397605
ethereum__web3.py-3467::web3/providers/rpc/async_rpc.py,ethereum__web3.py-3467,ethereum/web3.py,symbol,3,249,1488,163,397605
ethereum__web3.py-3467::web3/providers/rpc/rpc.py,ethereum__web3.py-3467,ethereum/web3.py,co_edited,2,180,1165,163,397605
ethereum__web3.py-3467::web3/providers/rpc/rpc.py,ethereum__web3.py-3467,ethereum/web3.py,symbol,3,241,1482,163,397605
ethereum__web3.py-3289::web3/_utils/events.py,ethereum__web3.py-3289,ethereum/web3.py,symbol,1,30,205,162,386974
ethereum__web3.py-3463::web3/datastructures.py,ethereum__web3.py-3463,ethereum/web3.py,co_edited,1,174,1078,163,397450
ethereum__web3.py-3463::web3/datastructures.py,ethereum__web3.py-3463,ethereum/web3.py,symbol,1,174,1078,163,397450
ethereum__web3.py-3463::web3/middleware/base.py,ethereum__web3.py-3463,ethereum/web3.py,co_edited,1,334,2521,163,397450
ethereum__web3.py-3463::web3/middleware/base.py,ethereum__web3.py-3463,ethereum/web3.py,symbol,1,334,2521,163,397450
ethereum__web3.py-3103::web3/_utils/encoding.py,ethereum__web3.py-3103,ethereum/web3.py,co_edited,3,533,3933,204,412923
ethereum__web3.py-3103::web3/_utils/encoding.py,ethereum__web3.py-3103,ethereum/web3.py,symbol,5,1761,12030,204,412923
ethereum__web3.py-3103::web3/gas_strategies/time_based.py,ethereum__web3.py-3103,ethereum/web3.py,co_edited,3,577,4093,204,412923
ethereum__web3.py-3103::web3/gas_strategies/time_based.py,ethereum__web3.py-3103,ethereum/web3.py,symbol,5,1805,12190,204,412923
ethereum__web3.py-3103::web3/providers/async_base.py,ethereum__web3.py-3103,ethereum/web3.py,co_edited,3,696,5167,204,412923
ethereum__web3.py-3103::web3/providers/async_base.py,ethereum__web3.py-3103,ethereum/web3.py,symbol,5,1924,13264,204,412923
ethereum__web3.py-3103::web3/providers/base.py,ethereum__web3.py-3103,ethereum/web3.py,co_edited,3,702,5227,204,412923
ethereum__web3.py-3103::web3/providers/base.py,ethereum__web3.py-3103,ethereum/web3.py,symbol,5,1930,13324,204,412923
ethereum__web3.py-3594::web3/providers/persistent/subscription_manager.py,ethereum__web3.py-3594,ethereum/web3.py,co_edited,1,285,1745,170,426317
ethereum__web3.py-3594::web3/providers/persistent/subscription_manager.py,ethereum__web3.py-3594,ethereum/web3.py,symbol,2,341,2109,170,426317
ethereum__web3.py-3594::web3/utils/subscriptions.py,ethereum__web3.py-3594,ethereum/web3.py,co_edited,1,233,1628,170,426317
ethereum__web3.py-3594::web3/utils/subscriptions.py,ethereum__web3.py-3594,ethereum/web3.py,symbol,2,289,1992,170,426317
ethereum__web3.py-3257::web3/_utils/contracts.py,ethereum__web3.py-3257,ethereum/web3.py,co_edited,2,1294,8535,203,420502
ethereum__web3.py-3257::web3/_utils/contracts.py,ethereum__web3.py-3257,ethereum/web3.py,symbol,2,1294,8535,203,420502
ethereum__web3.py-3257::web3/contract/async_contract.py,ethereum__web3.py-3257,ethereum/web3.py,co_edited,2,1133,7676,203,420502
ethereum__web3.py-3257::web3/contract/async_contract.py,ethereum__web3.py-3257,ethereum/web3.py,symbol,1,646,4200,203,420502
ethereum__web3.py-3257::web3/contract/contract.py,ethereum__web3.py-3257,ethereum/web3.py,co_edited,2,1135,7811,203,420502
ethereum__web3.py-3257::web3/contract/contract.py,ethereum__web3.py-3257,ethereum/web3.py,symbol,1,648,4335,203,420502
ethereum__web3.py-3469::web3/_utils/async_transactions.py,ethereum__web3.py-3469,ethereum/web3.py,co_edited,1,291,1993,163,398051
ethereum__web3.py-3469::web3/_utils/async_transactions.py,ethereum__web3.py-3469,ethereum/web3.py,symbol,2,811,5120,163,398051
ethereum__web3.py-3469::web3/_utils/transactions.py,ethereum__web3.py-3469,ethereum/web3.py,co_edited,1,173,1216,163,398051
ethereum__web3.py-3469::web3/_utils/transactions.py,ethereum__web3.py-3469,ethereum/web3.py,symbol,2,693,4343,163,398051
ethereum__web3.py-3187::web3/__init__.py,ethereum__web3.py-3187,ethereum/web3.py,co_edited,2,1456,9782,206,421165
ethereum__web3.py-3187::web3/__init__.py,ethereum__web3.py-3187,ethereum/web3.py,symbol,2,1456,9782,206,421165
ethereum__web3.py-3187::web3/eth/async_eth.py,ethereum__web3.py-3187,ethereum/web3.py,co_edited,2,730,4831,206,421165
ethereum__web3.py-3187::web3/eth/async_eth.py,ethereum__web3.py-3187,ethereum/web3.py,symbol,2,730,4831,206,421165
ethereum__web3.py-3187::web3/eth/eth.py,ethereum__web3.py-3187,ethereum/web3.py,co_edited,2,802,5389,206,421165
ethereum__web3.py-3187::web3/eth/eth.py,ethereum__web3.py-3187,ethereum/web3.py,symbol,2,802,5389,206,421165
ethereum__web3.py-3584::ens/async_ens.py,ethereum__web3.py-3584,ethereum/web3.py,co_edited,1,607,4839,170,427053
ethereum__web3.py-3584::ens/async_ens.py,ethereum__web3.py-3584,ethereum/web3.py,symbol,1,607,4839,170,427053
ethereum__web3.py-3584::ens/ens.py,ethereum__web3.py-3584,ethereum/web3.py,co_edited,1,632,4993,170,427053
ethereum__web3.py-3584::ens/ens.py,ethereum__web3.py-3584,ethereum/web3.py,symbol,1,632,4993,170,427053
ethereum__web3.py-3444::web3/contract/async_contract.py,ethereum__web3.py-3444,ethereum/web3.py,co_edited,1,650,4226,163,397169
ethereum__web3.py-3444::web3/contract/async_contract.py,ethereum__web3.py-3444,ethereum/web3.py,symbol,2,1841,12391,163,397169
ethereum__web3.py-3444::web3/contract/contract.py,ethereum__web3.py-3444,ethereum/web3.py,co_edited,1,649,4301,163,397169
ethereum__web3.py-3444::web3/contract/contract.py,ethereum__web3.py-3444,ethereum/web3.py,symbol,2,1840,12466,163,397169
ethereum__web3.py-3248::setup.py,ethereum__web3.py-3248,ethereum/web3.py,co_edited,3,1781,12011,203,420502
ethereum__web3.py-3248::setup.py,ethereum__web3.py-3248,ethereum/web3.py,symbol,2,1294,8535,203,420502
ethereum__web3.py-3248::web3/_utils/contracts.py,ethereum__web3.py-3248,ethereum/web3.py,co_edited,3,1401,9467,203,420502
ethereum__web3.py-3248::web3/_utils/contracts.py,ethereum__web3.py-3248,ethereum/web3.py,symbol,2,1294,8535,203,420502
ethereum__web3.py-3248::web3/contract/async_contract.py,ethereum__web3.py-3248,ethereum/web3.py,co_edited,3,1240,8608,203,420502
ethereum__web3.py-3248::web3/contract/async_contract.py,ethereum__web3.py-3248,ethereum/web3.py,symbol,1,646,4200,203,420502
ethereum__web3.py-3248::web3/contract/contract.py,ethereum__web3.py-3248,ethereum/web3.py,co_edited,3,1242,8743,203,420502
ethereum__web3.py-3248::web3/contract/contract.py,ethereum__web3.py-3248,ethereum/web3.py,symbol,1,648,4335,203,420502
facelessuser__pymdown-extensions-1567::pymdownx/__meta__.py,facelessuser__pymdown-extensions-1567,facelessuser/pymdown-extensions,co_edited,1,407,3572,42,420722
facelessuser__pymdown-extensions-1567::pymdownx/__meta__.py,facelessuser__pymdown-extensions-1567,facelessuser/pymdown-extensions,symbol,1,407,3572,42,420722
facelessuser__pymdown-extensions-1567::pymdownx/arithmatex.py,facelessuser__pymdown-extensions-1567,facelessuser/pymdown-extensions,co_edited,1,189,1736,42,420722
facelessuser__pymdown-extensions-1567::pymdownx/arithmatex.py,facelessuser__pymdown-extensions-1567,facelessuser/pymdown-extensions,symbol,1,189,1736,42,420722
facelessuser__pymdown-extensions-1929::pymdownx/__meta__.py,facelessuser__pymdown-extensions-1929,facelessuser/pymdown-extensions,co_edited,1,588,4592,42,424009
facelessuser__pymdown-extensions-1929::pymdownx/__meta__.py,facelessuser__pymdown-extensions-1929,facelessuser/pymdown-extensions,symbol,1,588,4592,42,424009
facelessuser__pymdown-extensions-1929::pymdownx/highlight.py,facelessuser__pymdown-extensions-1929,facelessuser/pymdown-extensions,co_edited,1,189,1736,42,424009
facelessuser__pymdown-extensions-1929::pymdownx/highlight.py,facelessuser__pymdown-extensions-1929,facelessuser/pymdown-extensions,symbol,1,189,1736,42,424009
facelessuser__pymdown-extensions-934::pymdownx/__meta__.py,facelessuser__pymdown-extensions-934,facelessuser/pymdown-extensions,co_edited,1,447,3213,41,385283
facelessuser__pymdown-extensions-934::pymdownx/__meta__.py,facelessuser__pymdown-extensions-934,facelessuser/pymdown-extensions,symbol,1,447,3213,41,385283
facelessuser__pymdown-extensions-934::pymdownx/highlight.py,facelessuser__pymdown-extensions-934,facelessuser/pymdown-extensions,co_edited,1,189,1736,41,385283
facelessuser__pymdown-extensions-934::pymdownx/highlight.py,facelessuser__pymdown-extensions-934,facelessuser/pymdown-extensions,symbol,1,189,1736,41,385283
facelessuser__pymdown-extensions-2679::pymdownx/blocks/caption.py,facelessuser__pymdown-extensions-2679,facelessuser/pymdown-extensions,symbol,1,401,2738,52,493192
facelessuser__pymdown-extensions-1043::pymdownx/highlight.py,facelessuser__pymdown-extensions-1043,facelessuser/pymdown-extensions,co_edited,2,1196,9065,41,386354
facelessuser__pymdown-extensions-1043::pymdownx/highlight.py,facelessuser__pymdown-extensions-1043,facelessuser/pymdown-extensions,symbol,2,1196,9065,41,386354
facelessuser__pymdown-extensions-1043::pymdownx/inlinehilite.py,facelessuser__pymdown-extensions-1043,facelessuser/pymdown-extensions,co_edited,2,1436,10770,41,386354
facelessuser__pymdown-extensions-1043::pymdownx/inlinehilite.py,facelessuser__pymdown-extensions-1043,facelessuser/pymdown-extensions,symbol,2,1436,10770,41,386354
facelessuser__pymdown-extensions-1043::pymdownx/superfences.py,facelessuser__pymdown-extensions-1043,facelessuser/pymdown-extensions,co_edited,2,656,4725,41,386354
facelessuser__pymdown-extensions-1043::pymdownx/superfences.py,facelessuser__pymdown-extensions-1043,facelessuser/pymdown-extensions,symbol,2,656,4725,41,386354
facelessuser__pymdown-extensions-2547::pymdownx/betterem.py,facelessuser__pymdown-extensions-2547,facelessuser/pymdown-extensions,co_edited,2,357,4253,52,490107
facelessuser__pymdown-extensions-2547::pymdownx/betterem.py,facelessuser__pymdown-extensions-2547,facelessuser/pymdown-extensions,symbol,3,689,6527,52,490107
facelessuser__pymdown-extensions-2547::pymdownx/caret.py,facelessuser__pymdown-extensions-2547,facelessuser/pymdown-extensions,co_edited,2,414,5757,52,490107
facelessuser__pymdown-extensions-2547::pymdownx/caret.py,facelessuser__pymdown-extensions-2547,facelessuser/pymdown-extensions,symbol,3,746,8031,52,490107
facelessuser__pymdown-extensions-2547::pymdownx/tilde.py,facelessuser__pymdown-extensions-2547,facelessuser/pymdown-extensions,co_edited,2,415,5798,52,490107
facelessuser__pymdown-extensions-2547::pymdownx/tilde.py,facelessuser__pymdown-extensions-2547,facelessuser/pymdown-extensions,symbol,3,747,8072,52,490107
facelessuser__pymdown-extensions-2576::pymdownx/__meta__.py,facelessuser__pymdown-extensions-2576,facelessuser/pymdown-extensions,co_edited,1,534,4361,52,491244
facelessuser__pymdown-extensions-2576::pymdownx/fancylists.py,facelessuser__pymdown-extensions-2576,facelessuser/pymdown-extensions,co_edited,1,189,1724,52,491244
facelessuser__pymdown-extensions-2576::pymdownx/fancylists.py,facelessuser__pymdown-extensions-2576,facelessuser/pymdown-extensions,symbol,1,189,1724,52,491244
facelessuser__pymdown-extensions-1725::pymdownx/__meta__.py,facelessuser__pymdown-extensions-1725,facelessuser/pymdown-extensions,co_edited,1,377,2794,42,422560
facelessuser__pymdown-extensions-1725::pymdownx/__meta__.py,facelessuser__pymdown-extensions-1725,facelessuser/pymdown-extensions,symbol,1,377,2794,42,422560
facelessuser__pymdown-extensions-1725::pymdownx/tabbed.py,facelessuser__pymdown-extensions-1725,facelessuser/pymdown-extensions,co_edited,1,189,1736,42,422560
facelessuser__pymdown-extensions-1725::pymdownx/tabbed.py,facelessuser__pymdown-extensions-1725,facelessuser/pymdown-extensions,symbol,1,189,1736,42,422560
facelessuser__pymdown-extensions-2362::pymdownx/__meta__.py,facelessuser__pymdown-extensions-2362,facelessuser/pymdown-extensions,co_edited,1,414,3205,50,470970
facelessuser__pymdown-extensions-2362::pymdownx/__meta__.py,facelessuser__pymdown-extensions-2362,facelessuser/pymdown-extensions,symbol,1,414,3205,50,470970
facelessuser__pymdown-extensions-2362::pymdownx/snippets.py,facelessuser__pymdown-extensions-2362,facelessuser/pymdown-extensions,co_edited,1,189,1732,50,470970
facelessuser__pymdown-extensions-2362::pymdownx/snippets.py,facelessuser__pymdown-extensions-2362,facelessuser/pymdown-extensions,symbol,1,189,1732,50,470970
facelessuser__pymdown-extensions-2039::pymdownx/__meta__.py,facelessuser__pymdown-extensions-2039,facelessuser/pymdown-extensions,co_edited,1,412,3230,50,444975
facelessuser__pymdown-extensions-2039::pymdownx/__meta__.py,facelessuser__pymdown-extensions-2039,facelessuser/pymdown-extensions,symbol,1,412,3230,50,444975
facelessuser__pymdown-extensions-2039::pymdownx/snippets.py,facelessuser__pymdown-extensions-2039,facelessuser/pymdown-extensions,co_edited,1,189,1736,50,444975
facelessuser__pymdown-extensions-2039::pymdownx/snippets.py,facelessuser__pymdown-extensions-2039,facelessuser/pymdown-extensions,symbol,1,189,1736,50,444975
facelessuser__pymdown-extensions-1226::pymdownx/__meta__.py,facelessuser__pymdown-extensions-1226,facelessuser/pymdown-extensions,co_edited,2,408,2937,41,386608
facelessuser__pymdown-extensions-1226::pymdownx/__meta__.py,facelessuser__pymdown-extensions-1226,facelessuser/pymdown-extensions,symbol,2,408,2937,41,386608
facelessuser__pymdown-extensions-1226::pymdownx/details.py,facelessuser__pymdown-extensions-1226,facelessuser/pymdown-extensions,co_edited,2,426,3427,41,386608
facelessuser__pymdown-extensions-1226::pymdownx/details.py,facelessuser__pymdown-extensions-1226,facelessuser/pymdown-extensions,symbol,2,426,3427,41,386608
facelessuser__pymdown-extensions-1226::pymdownx/tabbed.py,facelessuser__pymdown-extensions-1226,facelessuser/pymdown-extensions,co_edited,2,360,2982,41,386608
facelessuser__pymdown-extensions-1226::pymdownx/tabbed.py,facelessuser__pymdown-extensions-1226,facelessuser/pymdown-extensions,symbol,2,360,2982,41,386608
falconry__falcon-2475::falcon/middleware.py,falconry__falcon-2475,falconry/falcon,symbol,2,4030,32789,149,222941
falconry__falcon-2254::falcon/asgi/app.py,falconry__falcon-2254,falconry/falcon,co_edited,3,1231,9571,124,192840
falconry__falcon-2254::falcon/asgi/app.py,falconry__falcon-2254,falconry/falcon,symbol,5,1267,9930,124,192840
falconry__falcon-2254::falcon/asgi/ws.py,falconry__falcon-2254,falconry/falcon,co_edited,3,1676,13567,124,192840
falconry__falcon-2254::falcon/asgi/ws.py,falconry__falcon-2254,falconry/falcon,symbol,5,1712,13926,124,192840
falconry__falcon-2254::falcon/routing/static.py,falconry__falcon-2254,falconry/falcon,co_edited,3,2144,16900,124,192840
falconry__falcon-2254::falcon/routing/static.py,falconry__falcon-2254,falconry/falcon,symbol,5,2180,17259,124,192840
falconry__falcon-2254::falcon/util/sync.py,falconry__falcon-2254,falconry/falcon,co_edited,3,2110,16761,124,192840
falconry__falcon-2254::falcon/util/sync.py,falconry__falcon-2254,falconry/falcon,symbol,6,2423,19292,124,192840
falconry__falcon-2450::falcon/routing/static.py,falconry__falcon-2450,falconry/falcon,symbol,3,4659,37842,147,218483
falconry__falcon-1785::falcon/media/handlers.py,falconry__falcon-1785,falconry/falcon,symbol,3,366,2784,102,167622
falconry__falcon-2498::falcon/_typing.py,falconry__falcon-2498,falconry/falcon,co_edited,4,3453,28376,149,223138
falconry__falcon-2498::falcon/_typing.py,falconry__falcon-2498,falconry/falcon,symbol,11,7972,64752,149,223138
falconry__falcon-2498::falcon/app.py,falconry__falcon-2498,falconry/falcon,co_edited,4,2546,20071,149,223138
falconry__falcon-2498::falcon/app.py,falconry__falcon-2498,falconry/falcon,symbol,12,8339,67130,149,223138
falconry__falcon-2498::falcon/asgi/app.py,falconry__falcon-2498,falconry/falcon,co_edited,4,2482,20023,149,223138
falconry__falcon-2498::falcon/asgi/app.py,falconry__falcon-2498,falconry/falcon,symbol,11,7001,56399,149,223138
falconry__falcon-2498::falcon/routing/static.py,falconry__falcon-2498,falconry/falcon,co_edited,4,3492,27886,149,223138
falconry__falcon-2498::falcon/routing/static.py,falconry__falcon-2498,falconry/falcon,symbol,11,8011,64262,149,223138
falconry__falcon-2498::falcon/util/misc.py,falconry__falcon-2498,falconry/falcon,co_edited,4,3307,26660,149,223138
falconry__falcon-2498::falcon/util/misc.py,falconry__falcon-2498,falconry/falcon,symbol,11,7826,63036,149,223138
falconry__falcon-2366::falcon/asgi/multipart.py,falconry__falcon-2366,falconry/falcon,co_edited,1,616,4932,142,216013
falconry__falcon-2366::falcon/asgi/multipart.py,falconry__falcon-2366,falconry/falcon,symbol,4,1451,11268,142,216013
falconry__falcon-2366::falcon/media/multipart.py,falconry__falcon-2366,falconry/falcon,co_edited,1,278,2109,142,216013
falconry__falcon-2366::falcon/media/multipart.py,falconry__falcon-2366,falconry/falcon,symbol,4,1113,8445,142,216013
falconry__falcon-2326::falcon/app.py,falconry__falcon-2326,falconry/falcon,co_edited,2,394,3336,142,216481
falconry__falcon-2326::falcon/app.py,falconry__falcon-2326,falconry/falcon,symbol,5,4718,38596,142,216481
falconry__falcon-2326::falcon/middleware.py,falconry__falcon-2326,falconry/falcon,co_edited,2,1539,12928,142,216481
falconry__falcon-2326::falcon/middleware.py,falconry__falcon-2326,falconry/falcon,symbol,4,4590,37542,142,216481
falconry__falcon-2326::falcon/routing/static.py,falconry__falcon-2326,falconry/falcon,co_edited,2,1401,11700,142,216481
falconry__falcon-2326::falcon/routing/static.py,falconry__falcon-2326,falconry/falcon,symbol,4,4452,36314,142,216481
falconry__falcon-2477::examples/recipes/msgspec_main.py,falconry__falcon-2477,falconry/falcon,co_edited,1,300,2357,149,222884
falconry__falcon-2477::examples/recipes/msgspec_main.py,falconry__falcon-2477,falconry/falcon,symbol,2,3046,24762,149,222884
falconry__falcon-2477::falcon/media/json.py,falconry__falcon-2477,falconry/falcon,co_edited,1,96,678,149,222884
falconry__falcon-2477::falcon/media/json.py,falconry__falcon-2477,falconry/falcon,symbol,2,2842,23083,149,222884
falconry__falcon-993::falcon/responders.py,falconry__falcon-993,falconry/falcon,symbol,2,258,2302,49,69365
falconry__falcon-1949::falcon/asgi/app.py,falconry__falcon-1949,falconry/falcon,symbol,2,1186,9848,114,183056
falconry__falcon-2459::falcon/response.py,falconry__falcon-2459,falconry/falcon,symbol,3,848,6771,147,219119
falconry__falcon-2248::falcon/response.py,falconry__falcon-2248,falconry/falcon,co_edited,1,93,749,120,192040
falconry__falcon-2248::falcon/response.py,falconry__falcon-2248,falconry/falcon,symbol,1,93,749,120,192040
falconry__falcon-2248::falcon/util/__init__.py,falconry__falcon-2248,falconry/falcon,co_edited,1,1257,10265,120,192040
falconry__falcon-2248::falcon/util/__init__.py,falconry__falcon-2248,falconry/falcon,symbol,1,1257,10265,120,192040
falconry__falcon-1873::falcon/util/misc.py,falconry__falcon-1873,falconry/falcon,symbol,3,616,5040,113,178401
falconry__falcon-1602::falcon/media/handlers.py,falconry__falcon-1602,falconry/falcon,co_edited,1,1876,15486,84,100344
falconry__falcon-1602::falcon/media/handlers.py,falconry__falcon-1602,falconry/falcon,symbol,4,191,1588,84,100344
falconry__falcon-1602::falcon/request.py,falconry__falcon-1602,falconry/falcon,co_edited,1,53,352,84,100344
falconry__falcon-1602::falcon/request.py,falconry__falcon-1602,falconry/falcon,symbol,4,191,1588,84,100344
falconry__falcon-2356::falcon/app_helpers.py,falconry__falcon-2356,falconry/falcon,co_edited,2,1665,13959,142,215421
falconry__falcon-2356::falcon/app_helpers.py,falconry__falcon-2356,falconry/falcon,symbol,6,2704,22124,142,215421
falconry__falcon-2356::falcon/http_error.py,falconry__falcon-2356,falconry/falcon,co_edited,2,1796,15119,142,215421
falconry__falcon-2356::falcon/http_error.py,falconry__falcon-2356,falconry/falcon,symbol,6,2835,23284,142,215421
falconry__falcon-2356::falcon/response.py,falconry__falcon-2356,falconry/falcon,co_edited,2,633,5020,142,215421
falconry__falcon-2356::falcon/response.py,falconry__falcon-2356,falconry/falcon,symbol,6,1672,13185,142,215421
falconry__falcon-2322::falcon/media/handlers.py,falconry__falcon-2322,falconry/falcon,co_edited,1,613,4865,142,214426
falconry__falcon-2322::falcon/media/handlers.py,falconry__falcon-2322,falconry/falcon,symbol,1,613,4865,142,214426
falconry__falcon-2322::falcon/media/multipart.py,falconry__falcon-2322,falconry/falcon,co_edited,1,228,1834,142,214426
falconry__falcon-2322::falcon/media/multipart.py,falconry__falcon-2322,falconry/falcon,symbol,1,228,1834,142,214426
falconry__falcon-2404::examples/recipes/request_id_context.py,falconry__falcon-2404,falconry/falcon,co_edited,1,14,84,142,216956
falconry__falcon-2404::examples/recipes/request_id_context.py,falconry__falcon-2404,falconry/falcon,symbol,1,14,84,142,216956
falconry__falcon-2404::examples/recipes/request_id_middleware.py,falconry__falcon-2404,falconry/falcon,co_edited,1,19,80,142,216956
falconry__falcon-2404::examples/recipes/request_id_middleware.py,falconry__falcon-2404,falconry/falcon,symbol,1,19,80,142,216956
falconry__falcon-2426::falcon/routing/static.py,falconry__falcon-2426,falconry/falcon,symbol,5,7795,64026,143,217132
Fatal1ty__mashumaro-145::mashumaro/core/meta/code/builder.py,Fatal1ty__mashumaro-145,fatal1ty/mashumaro,co_edited,4,2740,20206,69,53471
Fatal1ty__mashumaro-145::mashumaro/core/meta/code/builder.py,Fatal1ty__mashumaro-145,fatal1ty/mashumaro,symbol,5,2770,20452,69,53471
Fatal1ty__mashumaro-145::mashumaro/core/meta/helpers.py,Fatal1ty__mashumaro-145,fatal1ty/mashumaro,co_edited,4,3127,23921,69,53471
Fatal1ty__mashumaro-145::mashumaro/core/meta/helpers.py,Fatal1ty__mashumaro-145,fatal1ty/mashumaro,symbol,5,3157,24167,69,53471
Fatal1ty__mashumaro-145::mashumaro/core/meta/types/common.py,Fatal1ty__mashumaro-145,fatal1ty/mashumaro,co_edited,4,3679,27896,69,53471
Fatal1ty__mashumaro-145::mashumaro/core/meta/types/common.py,Fatal1ty__mashumaro-145,fatal1ty/mashumaro,symbol,5,3709,28142,69,53471
Fatal1ty__mashumaro-145::mashumaro/core/meta/types/pack.py,Fatal1ty__mashumaro-145,fatal1ty/mashumaro,co_edited,4,3146,23752,69,53471
Fatal1ty__mashumaro-145::mashumaro/core/meta/types/pack.py,Fatal1ty__mashumaro-145,fatal1ty/mashumaro,symbol,5,3176,23998,69,53471
Fatal1ty__mashumaro-145::mashumaro/core/meta/types/unpack.py,Fatal1ty__mashumaro-145,fatal1ty/mashumaro,co_edited,4,2732,20305,69,53471
Fatal1ty__mashumaro-145::mashumaro/core/meta/types/unpack.py,Fatal1ty__mashumaro-145,fatal1ty/mashumaro,symbol,5,2762,20551,69,53471
Fatal1ty__mashumaro-128::mashumaro/jsonschema/schema.py,Fatal1ty__mashumaro-128,fatal1ty/mashumaro,symbol,1,55,418,43,47756
Fatal1ty__mashumaro-162::mashumaro/config.py,Fatal1ty__mashumaro-162,fatal1ty/mashumaro,co_edited,2,1155,9092,69,53971
Fatal1ty__mashumaro-162::mashumaro/config.py,Fatal1ty__mashumaro-162,fatal1ty/mashumaro,symbol,9,2121,15759,69,53971
Fatal1ty__mashumaro-162::mashumaro/core/meta/code/builder.py,Fatal1ty__mashumaro-162,fatal1ty/mashumaro,co_edited,2,67,482,69,53971
Fatal1ty__mashumaro-162::mashumaro/core/meta/code/builder.py,Fatal1ty__mashumaro-162,fatal1ty/mashumaro,symbol,9,1033,7149,69,53971
Fatal1ty__mashumaro-162::mashumaro/dialect.py,Fatal1ty__mashumaro-162,fatal1ty/mashumaro,co_edited,2,1186,9370,69,53971
Fatal1ty__mashumaro-162::mashumaro/dialect.py,Fatal1ty__mashumaro-162,fatal1ty/mashumaro,symbol,9,2152,16037,69,53971
Fatal1ty__mashumaro-189::mashumaro/core/meta/types/unpack.py,Fatal1ty__mashumaro-189,fatal1ty/mashumaro,symbol,2,1719,12844,76,63564
Fatal1ty__mashumaro-180::mashumaro/core/meta/code/builder.py,Fatal1ty__mashumaro-180,fatal1ty/mashumaro,co_edited,4,3081,22516,76,63099
Fatal1ty__mashumaro-180::mashumaro/core/meta/code/builder.py,Fatal1ty__mashumaro-180,fatal1ty/mashumaro,symbol,4,2317,16831,76,63099
Fatal1ty__mashumaro-180::mashumaro/core/meta/helpers.py,Fatal1ty__mashumaro-180,fatal1ty/mashumaro,co_edited,4,3702,27863,76,63099
Fatal1ty__mashumaro-180::mashumaro/core/meta/helpers.py,Fatal1ty__mashumaro-180,fatal1ty/mashumaro,symbol,4,2938,22178,76,63099
Fatal1ty__mashumaro-180::mashumaro/core/meta/types/common.py,Fatal1ty__mashumaro-180,fatal1ty/mashumaro,co_edited,4,4163,31177,76,63099
Fatal1ty__mashumaro-180::mashumaro/core/meta/types/common.py,Fatal1ty__mashumaro-180,fatal1ty/mashumaro,symbol,4,3399,25492,76,63099
Fatal1ty__mashumaro-180::mashumaro/core/meta/types/pack.py,Fatal1ty__mashumaro-180,fatal1ty/mashumaro,co_edited,4,3664,27261,76,63099
Fatal1ty__mashumaro-180::mashumaro/core/meta/types/pack.py,Fatal1ty__mashumaro-180,fatal1ty/mashumaro,symbol,5,3705,27515,76,63099
Fatal1ty__mashumaro-180::mashumaro/core/meta/types/unpack.py,Fatal1ty__mashumaro-180,fatal1ty/mashumaro,co_edited,4,3266,23983,76,63099
Fatal1ty__mashumaro-180::mashumaro/core/meta/types/unpack.py,Fatal1ty__mashumaro-180,fatal1ty/mashumaro,symbol,4,2502,18298,76,63099
Fatal1ty__mashumaro-178::mashumaro/core/meta/code/builder.py,Fatal1ty__mashumaro-178,fatal1ty/mashumaro,co_edited,3,2646,19563,69,55064
Fatal1ty__mashumaro-178::mashumaro/core/meta/code/builder.py,Fatal1ty__mashumaro-178,fatal1ty/mashumaro,symbol,5,2863,20995,69,55064
Fatal1ty__mashumaro-178::mashumaro/core/meta/helpers.py,Fatal1ty__mashumaro-178,fatal1ty/mashumaro,co_edited,3,3132,24029,69,55064
Fatal1ty__mashumaro-178::mashumaro/core/meta/helpers.py,Fatal1ty__mashumaro-178,fatal1ty/mashumaro,symbol,5,3349,25461,69,55064
Fatal1ty__mashumaro-178::mashumaro/core/meta/types/pack.py,Fatal1ty__mashumaro-178,fatal1ty/mashumaro,co_edited,3,3141,23795,69,55064
Fatal1ty__mashumaro-178::mashumaro/core/meta/types/pack.py,Fatal1ty__mashumaro-178,fatal1ty/mashumaro,symbol,5,3358,25227,69,55064
Fatal1ty__mashumaro-178::mashumaro/core/meta/types/unpack.py,Fatal1ty__mashumaro-178,fatal1ty/mashumaro,co_edited,3,2742,20474,69,55064
Fatal1ty__mashumaro-178::mashumaro/core/meta/types/unpack.py,Fatal1ty__mashumaro-178,fatal1ty/mashumaro,symbol,5,2959,21906,69,55064
Fatal1ty__mashumaro-116::mashumaro/core/meta/code/builder.py,Fatal1ty__mashumaro-116,fatal1ty/mashumaro,co_edited,1,711,5256,43,46926
Fatal1ty__mashumaro-116::mashumaro/core/meta/code/builder.py,Fatal1ty__mashumaro-116,fatal1ty/mashumaro,symbol,2,892,6401,43,46926
Fatal1ty__mashumaro-116::mashumaro/core/meta/types/pack.py,Fatal1ty__mashumaro-116,fatal1ty/mashumaro,co_edited,1,980,7840,43,46926
Fatal1ty__mashumaro-116::mashumaro/core/meta/types/pack.py,Fatal1ty__mashumaro-116,fatal1ty/mashumaro,symbol,2,1161,8985,43,46926
Fatal1ty__mashumaro-220::mashumaro/core/meta/types/pack.py,Fatal1ty__mashumaro-220,fatal1ty/mashumaro,co_edited,1,1262,9767,76,64740
Fatal1ty__mashumaro-220::mashumaro/core/meta/types/pack.py,Fatal1ty__mashumaro-220,fatal1ty/mashumaro,symbol,2,1572,11811,76,64740
Fatal1ty__mashumaro-220::mashumaro/core/meta/types/unpack.py,Fatal1ty__mashumaro-220,fatal1ty/mashumaro,co_edited,1,842,6295,76,64740
Fatal1ty__mashumaro-220::mashumaro/core/meta/types/unpack.py,Fatal1ty__mashumaro-220,fatal1ty/mashumaro,symbol,2,1152,8339,76,64740
Fatal1ty__mashumaro-127::mashumaro/jsonschema/schema.py,Fatal1ty__mashumaro-127,fatal1ty/mashumaro,symbol,1,196,1455,43,47756
Fatal1ty__mashumaro-191::mashumaro/core/meta/code/builder.py,Fatal1ty__mashumaro-191,fatal1ty/mashumaro,co_edited,2,1628,11082,76,63561
Fatal1ty__mashumaro-191::mashumaro/core/meta/code/builder.py,Fatal1ty__mashumaro-191,fatal1ty/mashumaro,symbol,2,1628,11082,76,63561
Fatal1ty__mashumaro-191::mashumaro/core/meta/helpers.py,Fatal1ty__mashumaro-191,fatal1ty/mashumaro,co_edited,2,2266,16523,76,63561
Fatal1ty__mashumaro-191::mashumaro/core/meta/helpers.py,Fatal1ty__mashumaro-191,fatal1ty/mashumaro,symbol,2,2266,16523,76,63561
Fatal1ty__mashumaro-191::mashumaro/jsonschema/schema.py,Fatal1ty__mashumaro-191,fatal1ty/mashumaro,co_edited,2,2180,16159,76,63561
Fatal1ty__mashumaro-191::mashumaro/jsonschema/schema.py,Fatal1ty__mashumaro-191,fatal1ty/mashumaro,symbol,2,2180,16159,76,63561
Fatal1ty__mashumaro-142::mashumaro/jsonschema/schema.py,Fatal1ty__mashumaro-142,fatal1ty/mashumaro,symbol,1,55,418,69,53593
fitbenchmarking__fitbenchmarking-1110::fitbenchmarking/controllers/scipy_controller.py,fitbenchmarking__fitbenchmarking-1110,fitbenchmarking/fitbenchmarking,co_edited,1,512,4659,104,104826
fitbenchmarking__fitbenchmarking-1110::fitbenchmarking/utils/options.py,fitbenchmarking__fitbenchmarking-1110,fitbenchmarking/fitbenchmarking,co_edited,1,99,761,104,104826
fitbenchmarking__fitbenchmarking-1271::fitbenchmarking/cli/main.py,fitbenchmarking__fitbenchmarking-1271,fitbenchmarking/fitbenchmarking,symbol,3,1929,13750,120,139226
fitbenchmarking__fitbenchmarking-1094::fitbenchmarking/results_processing/base_table.py,fitbenchmarking__fitbenchmarking-1094,fitbenchmarking/fitbenchmarking,co_edited,1,204,1664,104,104309
fitbenchmarking__fitbenchmarking-1094::fitbenchmarking/results_processing/base_table.py,fitbenchmarking__fitbenchmarking-1094,fitbenchmarking/fitbenchmarking,symbol,1,204,1664,104,104309
fitbenchmarking__fitbenchmarking-1094::fitbenchmarking/results_processing/tables.py,fitbenchmarking__fitbenchmarking-1094,fitbenchmarking/fitbenchmarking,co_edited,1,587,4677,104,104309
fitbenchmarking__fitbenchmarking-1094::fitbenchmarking/results_processing/tables.py,fitbenchmarking__fitbenchmarking-1094,fitbenchmarking/fitbenchmarking,symbol,1,587,4677,104,104309
fitbenchmarking__fitbenchmarking-1041::fitbenchmarking/controllers/bumps_controller.py,fitbenchmarking__fitbenchmarking-1041,fitbenchmarking/fitbenchmarking,co_edited,2,488,4594,102,100174
fitbenchmarking__fitbenchmarking-1041::fitbenchmarking/utils/options.py,fitbenchmarking__fitbenchmarking-1041,fitbenchmarking/fitbenchmarking,co_edited,2,213,1635,102,100174
fitbenchmarking__fitbenchmarking-1041::fitbenchmarking/utils/options.py,fitbenchmarking__fitbenchmarking-1041,fitbenchmarking/fitbenchmarking,symbol,1,170,1261,102,100174
fitbenchmarking__fitbenchmarking-1041::setup.py,fitbenchmarking__fitbenchmarking-1041,fitbenchmarking/fitbenchmarking,co_edited,2,615,5481,102,100174
fitbenchmarking__fitbenchmarking-1041::setup.py,fitbenchmarking__fitbenchmarking-1041,fitbenchmarking/fitbenchmarking,symbol,1,170,1261,102,100174
fitbenchmarking__fitbenchmarking-1338::fitbenchmarking/core/results_output.py,fitbenchmarking__fitbenchmarking-1338,fitbenchmarking/fitbenchmarking,co_edited,2,947,8024,120,136881
fitbenchmarking__fitbenchmarking-1338::fitbenchmarking/core/results_output.py,fitbenchmarking__fitbenchmarking-1338,fitbenchmarking/fitbenchmarking,symbol,2,947,8024,120,136881
fitbenchmarking__fitbenchmarking-1338::fitbenchmarking/results_processing/tables.py,fitbenchmarking__fitbenchmarking-1338,fitbenchmarking/fitbenchmarking,co_edited,2,1468,12160,120,136881
fitbenchmarking__fitbenchmarking-1338::fitbenchmarking/results_processing/tables.py,fitbenchmarking__fitbenchmarking-1338,fitbenchmarking/fitbenchmarking,symbol,2,1468,12160,120,136881
fitbenchmarking__fitbenchmarking-1338::fitbenchmarking/utils/options.py,fitbenchmarking__fitbenchmarking-1338,fitbenchmarking/fitbenchmarking,co_edited,2,979,7924,120,136881
fitbenchmarking__fitbenchmarking-1338::fitbenchmarking/utils/options.py,fitbenchmarking__fitbenchmarking-1338,fitbenchmarking/fitbenchmarking,symbol,2,979,7924,120,136881
fitbenchmarking__fitbenchmarking-1203::fitbenchmarking/core/results_output.py,fitbenchmarking__fitbenchmarking-1203,fitbenchmarking/fitbenchmarking,co_edited,3,709,5450,114,128598
fitbenchmarking__fitbenchmarking-1203::fitbenchmarking/core/results_output.py,fitbenchmarking__fitbenchmarking-1203,fitbenchmarking/fitbenchmarking,symbol,4,794,6018,114,128598
fitbenchmarking__fitbenchmarking-1203::fitbenchmarking/results_processing/performance_profiler.py,fitbenchmarking__fitbenchmarking-1203,fitbenchmarking/fitbenchmarking,co_edited,3,1264,9911,114,128598
fitbenchmarking__fitbenchmarking-1203::fitbenchmarking/results_processing/performance_profiler.py,fitbenchmarking__fitbenchmarking-1203,fitbenchmarking/fitbenchmarking,symbol,4,1349,10479,114,128598
fitbenchmarking__fitbenchmarking-1203::fitbenchmarking/results_processing/plots.py,fitbenchmarking__fitbenchmarking-1203,fitbenchmarking/fitbenchmarking,co_edited,3,1173,9288,114,128598
fitbenchmarking__fitbenchmarking-1203::fitbenchmarking/results_processing/plots.py,fitbenchmarking__fitbenchmarking-1203,fitbenchmarking/fitbenchmarking,symbol,4,1258,9856,114,128598
fitbenchmarking__fitbenchmarking-1203::fitbenchmarking/results_processing/problem_summary_page.py,fitbenchmarking__fitbenchmarking-1203,fitbenchmarking/fitbenchmarking,co_edited,3,1348,10556,114,128598
fitbenchmarking__fitbenchmarking-1203::fitbenchmarking/results_processing/problem_summary_page.py,fitbenchmarking__fitbenchmarking-1203,fitbenchmarking/fitbenchmarking,symbol,4,1433,11124,114,128598
fitbenchmarking__fitbenchmarking-1244::fitbenchmarking/core/fitting_benchmarking.py,fitbenchmarking__fitbenchmarking-1244,fitbenchmarking/fitbenchmarking,co_edited,1,61,556,116,133209
fitbenchmarking__fitbenchmarking-1244::fitbenchmarking/core/fitting_benchmarking.py,fitbenchmarking__fitbenchmarking-1244,fitbenchmarking/fitbenchmarking,symbol,1,706,6031,116,133209
fitbenchmarking__fitbenchmarking-1244::setup.py,fitbenchmarking__fitbenchmarking-1244,fitbenchmarking/fitbenchmarking,co_edited,1,670,5276,116,133209
fitbenchmarking__fitbenchmarking-1244::setup.py,fitbenchmarking__fitbenchmarking-1244,fitbenchmarking/fitbenchmarking,symbol,2,1376,11307,116,133209
fitbenchmarking__fitbenchmarking-1337::fitbenchmarking/core/results_output.py,fitbenchmarking__fitbenchmarking-1337,fitbenchmarking/fitbenchmarking,symbol,1,584,4217,120,136779
fitbenchmarking__fitbenchmarking-1150::fitbenchmarking/core/results_output.py,fitbenchmarking__fitbenchmarking-1150,fitbenchmarking/fitbenchmarking,co_edited,1,118,852,110,117071
fitbenchmarking__fitbenchmarking-1150::fitbenchmarking/core/results_output.py,fitbenchmarking__fitbenchmarking-1150,fitbenchmarking/fitbenchmarking,symbol,2,386,2809,110,117071
fitbenchmarking__fitbenchmarking-1150::fitbenchmarking/results_processing/fitting_report.py,fitbenchmarking__fitbenchmarking-1150,fitbenchmarking/fitbenchmarking,co_edited,1,474,3874,110,117071
fitbenchmarking__fitbenchmarking-1150::fitbenchmarking/results_processing/fitting_report.py,fitbenchmarking__fitbenchmarking-1150,fitbenchmarking/fitbenchmarking,symbol,2,742,5831,110,117071
fitbenchmarking__fitbenchmarking-604::fitbenchmarking/core/fitting_benchmarking.py,fitbenchmarking__fitbenchmarking-604,fitbenchmarking/fitbenchmarking,co_edited,1,365,2597,73,56143
fitbenchmarking__fitbenchmarking-604::fitbenchmarking/core/fitting_benchmarking.py,fitbenchmarking__fitbenchmarking-604,fitbenchmarking/fitbenchmarking,symbol,5,1238,8746,73,56143
fitbenchmarking__fitbenchmarking-604::fitbenchmarking/parsing/nist_parser.py,fitbenchmarking__fitbenchmarking-604,fitbenchmarking/fitbenchmarking,co_edited,1,404,3211,73,56143
fitbenchmarking__fitbenchmarking-604::fitbenchmarking/parsing/nist_parser.py,fitbenchmarking__fitbenchmarking-604,fitbenchmarking/fitbenchmarking,symbol,5,1277,9360,73,56143
fitbenchmarking__fitbenchmarking-1462::fitbenchmarking/results_processing/fitting_report.py,fitbenchmarking__fitbenchmarking-1462,fitbenchmarking/fitbenchmarking,co_edited,1,681,5087,121,145512
fitbenchmarking__fitbenchmarking-1462::fitbenchmarking/results_processing/fitting_report.py,fitbenchmarking__fitbenchmarking-1462,fitbenchmarking/fitbenchmarking,symbol,2,1607,11669,121,145512
fitbenchmarking__fitbenchmarking-1462::fitbenchmarking/results_processing/plots.py,fitbenchmarking__fitbenchmarking-1462,fitbenchmarking/fitbenchmarking,co_edited,1,152,1076,121,145512
fitbenchmarking__fitbenchmarking-1462::fitbenchmarking/results_processing/plots.py,fitbenchmarking__fitbenchmarking-1462,fitbenchmarking/fitbenchmarking,symbol,2,1078,7658,121,145512
fitbenchmarking__fitbenchmarking-904::fitbenchmarking/jacobian/analytic_jacobian.py,fitbenchmarking__fitbenchmarking-904,fitbenchmarking/fitbenchmarking,symbol,1,92,530,92,90575
fitbenchmarking__fitbenchmarking-1085::fitbenchmarking/controllers/ralfit_controller.py,fitbenchmarking__fitbenchmarking-1085,fitbenchmarking/fitbenchmarking,co_edited,1,576,4978,106,108311
fitbenchmarking__fitbenchmarking-1085::fitbenchmarking/controllers/ralfit_controller.py,fitbenchmarking__fitbenchmarking-1085,fitbenchmarking/fitbenchmarking,symbol,1,422,3454,106,108311
fitbenchmarking__fitbenchmarking-1085::fitbenchmarking/utils/options.py,fitbenchmarking__fitbenchmarking-1085,fitbenchmarking/fitbenchmarking,co_edited,1,142,1140,106,108311
fitbenchmarking__fitbenchmarking-1085::fitbenchmarking/utils/options.py,fitbenchmarking__fitbenchmarking-1085,fitbenchmarking/fitbenchmarking,symbol,2,564,4594,106,108311
fitbenchmarking__fitbenchmarking-887::fitbenchmarking/jacobian/analytic_jacobian.py,fitbenchmarking__fitbenchmarking-887,fitbenchmarking/fitbenchmarking,symbol,1,92,530,85,83754
fitbenchmarking__fitbenchmarking-329::fitbenchmarking/fitting/controllers/dfogn_controller.py,fitbenchmarking__fitbenchmarking-329,fitbenchmarking/fitbenchmarking,co_edited,4,341,2222,141,242121
fitbenchmarking__fitbenchmarking-329::fitbenchmarking/fitting/controllers/dfogn_controller.py,fitbenchmarking__fitbenchmarking-329,fitbenchmarking/fitbenchmarking,symbol,1,129,842,141,242121
fitbenchmarking__fitbenchmarking-329::fitbenchmarking/fitting/controllers/minuit_controller.py,fitbenchmarking__fitbenchmarking-329,fitbenchmarking/fitbenchmarking,co_edited,4,332,2059,141,242121
fitbenchmarking__fitbenchmarking-329::fitbenchmarking/fitting/controllers/minuit_controller.py,fitbenchmarking__fitbenchmarking-329,fitbenchmarking/fitbenchmarking,symbol,1,129,842,141,242121
fitbenchmarking__fitbenchmarking-329::fitbenchmarking/fitting/controllers/ralfit_controller.py,fitbenchmarking__fitbenchmarking-329,fitbenchmarking/fitbenchmarking,co_edited,4,324,2049,141,242121
fitbenchmarking__fitbenchmarking-329::fitbenchmarking/fitting/controllers/ralfit_controller.py,fitbenchmarking__fitbenchmarking-329,fitbenchmarking/fitbenchmarking,symbol,1,129,842,141,242121
fitbenchmarking__fitbenchmarking-329::fitbenchmarking/fitting/controllers/scipy_controller.py,fitbenchmarking__fitbenchmarking-329,fitbenchmarking/fitbenchmarking,co_edited,4,350,2273,141,242121
fitbenchmarking__fitbenchmarking-329::fitbenchmarking/fitting/controllers/scipy_controller.py,fitbenchmarking__fitbenchmarking-329,fitbenchmarking/fitbenchmarking,symbol,1,129,842,141,242121
fitbenchmarking__fitbenchmarking-329::fitbenchmarking/parsing/fitting_problem.py,fitbenchmarking__fitbenchmarking-329,fitbenchmarking/fitbenchmarking,co_edited,4,277,1745,141,242121
fonttools__fonttools-3726::Lib/fontTools/feaLib/builder.py,fonttools__fonttools-3726,fonttools/fonttools,co_edited,1,3204,27964,334,1093880
fonttools__fonttools-3726::Lib/fontTools/feaLib/builder.py,fonttools__fonttools-3726,fonttools/fonttools,symbol,1,3204,27964,334,1093880
fonttools__fonttools-3726::Lib/fontTools/otlLib/builder.py,fonttools__fonttools-3726,fonttools/fonttools,co_edited,1,1722,15415,334,1093880
fonttools__fonttools-3726::Lib/fontTools/otlLib/builder.py,fonttools__fonttools-3726,fonttools/fonttools,symbol,1,1722,15415,334,1093880
fonttools__fonttools-3559::Lib/fontTools/feaLib/builder.py,fonttools__fonttools-3559,fonttools/fonttools,co_edited,1,3200,27917,333,1072271
fonttools__fonttools-3559::Lib/fontTools/feaLib/builder.py,fonttools__fonttools-3559,fonttools/fonttools,symbol,1,3200,27917,333,1072271
fonttools__fonttools-3559::Lib/fontTools/otlLib/builder.py,fonttools__fonttools-3559,fonttools/fonttools,co_edited,1,1719,15299,333,1072271
fonttools__fonttools-3559::Lib/fontTools/otlLib/builder.py,fonttools__fonttools-3559,fonttools/fonttools,symbol,1,1719,15299,333,1072271
fonttools__fonttools-3907::Lib/fontTools/feaLib/builder.py,fonttools__fonttools-3907,fonttools/fonttools,co_edited,2,2492,20903,350,1120749
fonttools__fonttools-3907::Lib/fontTools/feaLib/builder.py,fonttools__fonttools-3907,fonttools/fonttools,symbol,2,2492,20903,350,1120749
fonttools__fonttools-3907::Lib/fontTools/feaLib/parser.py,fonttools__fonttools-3907,fonttools/fonttools,co_edited,2,1915,17061,350,1120749
fonttools__fonttools-3907::Lib/fontTools/feaLib/parser.py,fonttools__fonttools-3907,fonttools/fonttools,symbol,2,1915,17061,350,1120749
fonttools__fonttools-3907::Lib/fontTools/feaLib/variableScalar.py,fonttools__fonttools-3907,fonttools/fonttools,co_edited,2,4181,36230,350,1120749
fonttools__fonttools-3907::Lib/fontTools/feaLib/variableScalar.py,fonttools__fonttools-3907,fonttools/fonttools,symbol,2,4181,36230,350,1120749
fonttools__fonttools-3429::Lib/fontTools/feaLib/builder.py,fonttools__fonttools-3429,fonttools/fonttools,co_edited,2,5191,44987,324,1048983
fonttools__fonttools-3429::Lib/fontTools/feaLib/builder.py,fonttools__fonttools-3429,fonttools/fonttools,symbol,2,5191,44987,324,1048983
fonttools__fonttools-3429::Lib/fontTools/otlLib/builder.py,fonttools__fonttools-3429,fonttools/fonttools,co_edited,2,3985,34461,324,1048983
fonttools__fonttools-3429::Lib/fontTools/otlLib/builder.py,fonttools__fonttools-3429,fonttools/fonttools,symbol,2,3985,34461,324,1048983
fonttools__fonttools-3429::Lib/fontTools/ttLib/tables/otTables.py,fonttools__fonttools-3429,fonttools/fonttools,co_edited,2,4630,40918,324,1048983
fonttools__fonttools-3429::Lib/fontTools/ttLib/tables/otTables.py,fonttools__fonttools-3429,fonttools/fonttools,symbol,2,4630,40918,324,1048983
fonttools__fonttools-3437::Lib/fontTools/designspaceLib/__init__.py,fonttools__fonttools-3437,fonttools/fonttools,co_edited,1,3738,32035,324,1049369
fonttools__fonttools-3437::Lib/fontTools/subset/__init__.py,fonttools__fonttools-3437,fonttools/fonttools,co_edited,1,3281,26229,324,1049369
fonttools__fonttools-3437::Lib/fontTools/subset/__init__.py,fonttools__fonttools-3437,fonttools/fonttools,symbol,1,3281,26229,324,1049369
fonttools__fonttools-3874::Lib/fontTools/feaLib/builder.py,fonttools__fonttools-3874,fonttools/fonttools,co_edited,1,3435,29685,338,1111831
fonttools__fonttools-3874::Lib/fontTools/feaLib/builder.py,fonttools__fonttools-3874,fonttools/fonttools,symbol,1,3435,29685,338,1111831
fonttools__fonttools-3874::Lib/fontTools/otlLib/builder.py,fonttools__fonttools-3874,fonttools/fonttools,co_edited,1,1796,16102,338,1111831
fonttools__fonttools-3874::Lib/fontTools/otlLib/builder.py,fonttools__fonttools-3874,fonttools/fonttools,symbol,1,1796,16102,338,1111831
frictionlessdata__frictionless-py-1117::frictionless/package/package.py,frictionlessdata__frictionless-py-1117,frictionlessdata/frictionless-py,co_edited,2,1672,10869,248,128009
frictionlessdata__frictionless-py-1117::frictionless/package/package.py,frictionlessdata__frictionless-py-1117,frictionlessdata/frictionless-py,symbol,4,1525,9661,248,128009
frictionlessdata__frictionless-py-1117::frictionless/program/validate.py,frictionlessdata__frictionless-py-1117,frictionlessdata/frictionless-py,co_edited,2,2052,12918,248,128009
frictionlessdata__frictionless-py-1117::frictionless/program/validate.py,frictionlessdata__frictionless-py-1117,frictionlessdata/frictionless-py,symbol,5,2272,14306,248,128009
frictionlessdata__frictionless-py-1117::frictionless/resource/resource.py,frictionlessdata__frictionless-py-1117,frictionlessdata/frictionless-py,co_edited,2,1114,7241,248,128009
frictionlessdata__frictionless-py-1117::frictionless/resource/resource.py,frictionlessdata__frictionless-py-1117,frictionlessdata/frictionless-py,symbol,4,967,6033,248,128009
frictionlessdata__frictionless-py-1045::frictionless/plugins/excel.py,frictionlessdata__frictionless-py-1045,frictionlessdata/frictionless-py,symbol,5,430,2374,116,113951
frictionlessdata__frictionless-py-659::frictionless/file.py,frictionlessdata__frictionless-py-659,frictionlessdata/frictionless-py,co_edited,1,278,1742,114,102459
frictionlessdata__frictionless-py-659::frictionless/file.py,frictionlessdata__frictionless-py-659,frictionlessdata/frictionless-py,symbol,1,278,1742,114,102459
frictionlessdata__frictionless-py-659::frictionless/metadata.py,frictionlessdata__frictionless-py-659,frictionlessdata/frictionless-py,co_edited,1,206,1303,114,102459
frictionlessdata__frictionless-py-659::frictionless/metadata.py,frictionlessdata__frictionless-py-659,frictionlessdata/frictionless-py,symbol,1,206,1303,114,102459
frictionlessdata__frictionless-py-724::frictionless/helpers.py,frictionlessdata__frictionless-py-724,frictionlessdata/frictionless-py,co_edited,2,1473,9261,115,104841
frictionlessdata__frictionless-py-724::frictionless/helpers.py,frictionlessdata__frictionless-py-724,frictionlessdata/frictionless-py,symbol,2,1473,9261,115,104841
frictionlessdata__frictionless-py-724::frictionless/metadata.py,frictionlessdata__frictionless-py-724,frictionlessdata/frictionless-py,co_edited,2,1701,10703,115,104841
frictionlessdata__frictionless-py-724::frictionless/metadata.py,frictionlessdata__frictionless-py-724,frictionlessdata/frictionless-py,symbol,1,1197,7502,115,104841
frictionlessdata__frictionless-py-724::frictionless/resource.py,frictionlessdata__frictionless-py-724,frictionlessdata/frictionless-py,co_edited,2,780,4960,115,104841
frictionlessdata__frictionless-py-724::frictionless/resource.py,frictionlessdata__frictionless-py-724,frictionlessdata/frictionless-py,symbol,1,276,1759,115,104841
frictionlessdata__frictionless-py-994::frictionless/plugin.py,frictionlessdata__frictionless-py-994,frictionlessdata/frictionless-py,co_edited,1,1282,8092,116,111935
frictionlessdata__frictionless-py-994::frictionless/plugin.py,frictionlessdata__frictionless-py-994,frictionlessdata/frictionless-py,symbol,6,1730,10905,116,111935
frictionlessdata__frictionless-py-994::frictionless/resource.py,frictionlessdata__frictionless-py-994,frictionlessdata/frictionless-py,co_edited,1,148,575,116,111935
frictionlessdata__frictionless-py-994::frictionless/resource.py,frictionlessdata__frictionless-py-994,frictionlessdata/frictionless-py,symbol,5,448,2813,116,111935
frictionlessdata__frictionless-py-1007::frictionless/errors/cell.py,frictionlessdata__frictionless-py-1007,frictionlessdata/frictionless-py,co_edited,3,1104,6411,116,112198
frictionlessdata__frictionless-py-1007::frictionless/errors/cell.py,frictionlessdata__frictionless-py-1007,frictionlessdata/frictionless-py,symbol,3,931,5338,116,112198
frictionlessdata__frictionless-py-1007::frictionless/steps/cell.py,frictionlessdata__frictionless-py-1007,frictionlessdata/frictionless-py,co_edited,3,1024,6231,116,112198
frictionlessdata__frictionless-py-1007::frictionless/steps/cell.py,frictionlessdata__frictionless-py-1007,frictionlessdata/frictionless-py,symbol,3,931,5338,116,112198
frictionlessdata__frictionless-py-1007::frictionless/steps/row.py,frictionlessdata__frictionless-py-1007,frictionlessdata/frictionless-py,co_edited,3,976,5968,116,112198
frictionlessdata__frictionless-py-1007::frictionless/steps/row.py,frictionlessdata__frictionless-py-1007,frictionlessdata/frictionless-py,symbol,2,658,3739,116,112198
frictionlessdata__frictionless-py-1007::frictionless/steps/table.py,frictionlessdata__frictionless-py-1007,frictionlessdata/frictionless-py,co_edited,3,643,4091,116,112198
frictionlessdata__frictionless-py-1007::frictionless/steps/table.py,frictionlessdata__frictionless-py-1007,frictionlessdata/frictionless-py,symbol,2,325,1862,116,112198
frictionlessdata__frictionless-py-952::frictionless/errors/cell.py,frictionlessdata__frictionless-py-952,frictionlessdata/frictionless-py,co_edited,2,478,2901,116,110374
frictionlessdata__frictionless-py-952::frictionless/errors/cell.py,frictionlessdata__frictionless-py-952,frictionlessdata/frictionless-py,symbol,2,478,2901,116,110374
frictionlessdata__frictionless-py-952::frictionless/errors/row.py,frictionlessdata__frictionless-py-952,frictionlessdata/frictionless-py,co_edited,2,539,3493,116,110374
frictionlessdata__frictionless-py-952::frictionless/errors/row.py,frictionlessdata__frictionless-py-952,frictionlessdata/frictionless-py,symbol,2,539,3493,116,110374
frictionlessdata__frictionless-py-952::frictionless/row.py,frictionlessdata__frictionless-py-952,frictionlessdata/frictionless-py,co_edited,2,227,1684,116,110374
frictionlessdata__frictionless-py-952::frictionless/row.py,frictionlessdata__frictionless-py-952,frictionlessdata/frictionless-py,symbol,2,227,1684,116,110374
frictionlessdata__frictionless-py-1112::frictionless/actions/validate.py,frictionlessdata__frictionless-py-1112,frictionlessdata/frictionless-py,co_edited,3,723,4325,248,127882
frictionlessdata__frictionless-py-1112::frictionless/actions/validate.py,frictionlessdata__frictionless-py-1112,frictionlessdata/frictionless-py,symbol,4,1470,8970,248,127882
frictionlessdata__frictionless-py-1112::frictionless/package/validate.py,frictionlessdata__frictionless-py-1112,frictionlessdata/frictionless-py,co_edited,3,1045,6353,248,127882
frictionlessdata__frictionless-py-1112::frictionless/package/validate.py,frictionlessdata__frictionless-py-1112,frictionlessdata/frictionless-py,symbol,4,1792,10998,248,127882
frictionlessdata__frictionless-py-1112::frictionless/program/common.py,frictionlessdata__frictionless-py-1112,frictionlessdata/frictionless-py,co_edited,3,842,5615,248,127882
frictionlessdata__frictionless-py-1112::frictionless/program/common.py,frictionlessdata__frictionless-py-1112,frictionlessdata/frictionless-py,symbol,4,1589,10260,248,127882
frictionlessdata__frictionless-py-1112::frictionless/program/validate.py,frictionlessdata__frictionless-py-1112,frictionlessdata/frictionless-py,co_edited,3,759,4284,248,127882
frictionlessdata__frictionless-py-1112::frictionless/program/validate.py,frictionlessdata__frictionless-py-1112,frictionlessdata/frictionless-py,symbol,4,1506,8929,248,127882
frictionlessdata__frictionless-py-1047::frictionless/detector.py,frictionlessdata__frictionless-py-1047,frictionlessdata/frictionless-py,symbol,4,243,1501,116,114144
frictionlessdata__frictionless-py-1137::frictionless/package/package.py,frictionlessdata__frictionless-py-1137,frictionlessdata/frictionless-py,symbol,1,1315,8360,249,129730
frictionlessdata__frictionless-py-1092::frictionless/types/number.py,frictionlessdata__frictionless-py-1092,frictionlessdata/frictionless-py,symbol,1,60,227,245,126674
frictionlessdata__frictionless-py-945::frictionless/detector.py,frictionlessdata__frictionless-py-945,frictionlessdata/frictionless-py,co_edited,1,544,3368,116,110268
frictionlessdata__frictionless-py-945::frictionless/detector.py,frictionlessdata__frictionless-py-945,frictionlessdata/frictionless-py,symbol,4,1282,7800,116,110268
frictionlessdata__frictionless-py-945::frictionless/helpers.py,frictionlessdata__frictionless-py-945,frictionlessdata/frictionless-py,co_edited,1,298,2285,116,110268
frictionlessdata__frictionless-py-945::frictionless/helpers.py,frictionlessdata__frictionless-py-945,frictionlessdata/frictionless-py,symbol,5,1580,10085,116,110268
frictionlessdata__frictionless-py-442::frictionless/extract/main.py,frictionlessdata__frictionless-py-442,frictionlessdata/frictionless-py,co_edited,3,216,1454,108,87327
frictionlessdata__frictionless-py-442::frictionless/extract/main.py,frictionlessdata__frictionless-py-442,frictionlessdata/frictionless-py,symbol,5,1884,11709,108,87327
frictionlessdata__frictionless-py-442::frictionless/extract/package.py,frictionlessdata__frictionless-py-442,frictionlessdata/frictionless-py,co_edited,3,231,1587,108,87327
frictionlessdata__frictionless-py-442::frictionless/extract/package.py,frictionlessdata__frictionless-py-442,frictionlessdata/frictionless-py,symbol,5,1899,11842,108,87327
frictionlessdata__frictionless-py-442::frictionless/extract/resource.py,frictionlessdata__frictionless-py-442,frictionlessdata/frictionless-py,co_edited,3,236,1643,108,87327
frictionlessdata__frictionless-py-442::frictionless/extract/resource.py,frictionlessdata__frictionless-py-442,frictionlessdata/frictionless-py,symbol,5,1904,11898,108,87327
frictionlessdata__frictionless-py-442::frictionless/extract/table.py,frictionlessdata__frictionless-py-442,frictionlessdata/frictionless-py,co_edited,3,112,644,108,87327
frictionlessdata__frictionless-py-442::frictionless/extract/table.py,frictionlessdata__frictionless-py-442,frictionlessdata/frictionless-py,symbol,5,1780,10899,108,87327
frictionlessdata__frictionless-py-527::frictionless/validate/inquiry.py,frictionlessdata__frictionless-py-527,frictionlessdata/frictionless-py,co_edited,1,68,434,118,98656
frictionlessdata__frictionless-py-527::frictionless/validate/inquiry.py,frictionlessdata__frictionless-py-527,frictionlessdata/frictionless-py,symbol,3,562,3773,118,98656
frictionlessdata__frictionless-py-527::frictionless/validate/package.py,frictionlessdata__frictionless-py-527,frictionlessdata/frictionless-py,co_edited,1,63,378,118,98656
frictionlessdata__frictionless-py-527::frictionless/validate/package.py,frictionlessdata__frictionless-py-527,frictionlessdata/frictionless-py,symbol,3,557,3717,118,98656
frictionlessdata__frictionless-py-572::frictionless/header.py,frictionlessdata__frictionless-py-572,frictionlessdata/frictionless-py,symbol,1,568,4015,115,102735
GenericMappingTools__pygmt-990::pygmt/clib/session.py,GenericMappingTools__pygmt-990,genericmappingtools/pygmt,co_edited,2,443,4402,104,101980
GenericMappingTools__pygmt-990::pygmt/clib/session.py,GenericMappingTools__pygmt-990,genericmappingtools/pygmt,symbol,2,443,4402,104,101980
GenericMappingTools__pygmt-990::pygmt/src/plot.py,GenericMappingTools__pygmt-990,genericmappingtools/pygmt,co_edited,2,1721,14723,104,101980
GenericMappingTools__pygmt-990::pygmt/src/plot.py,GenericMappingTools__pygmt-990,genericmappingtools/pygmt,symbol,2,1721,14723,104,101980
GenericMappingTools__pygmt-990::pygmt/src/plot3d.py,GenericMappingTools__pygmt-990,genericmappingtools/pygmt,co_edited,2,1758,15151,104,101980
GenericMappingTools__pygmt-990::pygmt/src/plot3d.py,GenericMappingTools__pygmt-990,genericmappingtools/pygmt,symbol,2,1758,15151,104,101980
GenericMappingTools__pygmt-619::pygmt/modules.py,GenericMappingTools__pygmt-619,genericmappingtools/pygmt,symbol,1,1426,11790,52,80645
GenericMappingTools__pygmt-574::pygmt/modules.py,GenericMappingTools__pygmt-574,genericmappingtools/pygmt,symbol,4,1789,14095,51,78722
GenericMappingTools__pygmt-1382::pygmt/clib/session.py,GenericMappingTools__pygmt-1382,genericmappingtools/pygmt,co_edited,1,269,1925,146,149211
GenericMappingTools__pygmt-1382::pygmt/clib/session.py,GenericMappingTools__pygmt-1382,genericmappingtools/pygmt,symbol,1,269,1925,146,149211
GenericMappingTools__pygmt-1382::pygmt/helpers/utils.py,GenericMappingTools__pygmt-1382,genericmappingtools/pygmt,co_edited,1,1544,13020,146,149211
GenericMappingTools__pygmt-1382::pygmt/helpers/utils.py,GenericMappingTools__pygmt-1382,genericmappingtools/pygmt,symbol,1,1544,13020,146,149211
GenericMappingTools__pygmt-1258::pygmt/src/plot3d.py,GenericMappingTools__pygmt-1258,genericmappingtools/pygmt,symbol,1,521,4521,129,126300
GenericMappingTools__pygmt-575::pygmt/modules.py,GenericMappingTools__pygmt-575,genericmappingtools/pygmt,symbol,1,107,658,51,78875
GenericMappingTools__pygmt-702::pygmt/clib/loading.py,GenericMappingTools__pygmt-702,genericmappingtools/pygmt,co_edited,1,62,463,99,89205
GenericMappingTools__pygmt-702::pygmt/clib/loading.py,GenericMappingTools__pygmt-702,genericmappingtools/pygmt,symbol,2,114,686,99,89205
GenericMappingTools__pygmt-702::setup.py,GenericMappingTools__pygmt-702,genericmappingtools/pygmt,co_edited,1,137,929,99,89205
GenericMappingTools__pygmt-702::setup.py,GenericMappingTools__pygmt-702,genericmappingtools/pygmt,symbol,2,189,1152,99,89205
GenericMappingTools__pygmt-1307::pygmt/figure.py,GenericMappingTools__pygmt-1307,genericmappingtools/pygmt,symbol,1,52,223,134,132158
GenericMappingTools__pygmt-975::pygmt/clib/session.py,GenericMappingTools__pygmt-975,genericmappingtools/pygmt,symbol,2,372,2855,121,120275
getsentry__sentry-python-2148::docs/conf.py,getsentry__sentry-python-2148,getsentry/sentry-python,co_edited,4,1179,8205,98,147647
getsentry__sentry-python-2148::docs/conf.py,getsentry__sentry-python-2148,getsentry/sentry-python,symbol,1,258,1411,98,147647
getsentry__sentry-python-2148::sentry_sdk/integrations/cloud_resource_context.py,getsentry__sentry-python-2148,getsentry/sentry-python,co_edited,4,1113,8028,98,147647
getsentry__sentry-python-2148::sentry_sdk/integrations/opentelemetry/span_processor.py,getsentry__sentry-python-2148,getsentry/sentry-python,co_edited,4,1080,7294,98,147647
getsentry__sentry-python-2148::sentry_sdk/integrations/opentelemetry/span_processor.py,getsentry__sentry-python-2148,getsentry/sentry-python,symbol,1,258,1411,98,147647
getsentry__sentry-python-2148::sentry_sdk/transport.py,getsentry__sentry-python-2148,getsentry/sentry-python,co_edited,4,835,5725,98,147647
getsentry__sentry-python-2148::sentry_sdk/transport.py,getsentry__sentry-python-2148,getsentry/sentry-python,symbol,1,258,1411,98,147647
getsentry__sentry-python-2148::setup.py,getsentry__sentry-python-2148,getsentry/sentry-python,co_edited,4,1277,8504,98,147647
getsentry__sentry-python-2148::setup.py,getsentry__sentry-python-2148,getsentry/sentry-python,symbol,1,258,1411,98,147647
getsentry__sentry-python-2500::sentry_sdk/_types.py,getsentry__sentry-python-2500,getsentry/sentry-python,co_edited,4,1845,12919,116,181781
getsentry__sentry-python-2500::sentry_sdk/_types.py,getsentry__sentry-python-2500,getsentry/sentry-python,symbol,6,3504,24300,116,181781
getsentry__sentry-python-2500::sentry_sdk/envelope.py,getsentry__sentry-python-2500,getsentry/sentry-python,co_edited,4,1630,11508,116,181781
getsentry__sentry-python-2500::sentry_sdk/envelope.py,getsentry__sentry-python-2500,getsentry/sentry-python,symbol,5,3171,22145,116,181781
getsentry__sentry-python-2500::sentry_sdk/integrations/rq.py,getsentry__sentry-python-2500,getsentry/sentry-python,co_edited,4,1791,12466,116,181781
getsentry__sentry-python-2500::sentry_sdk/integrations/rq.py,getsentry__sentry-python-2500,getsentry/sentry-python,symbol,5,3332,23103,116,181781
getsentry__sentry-python-2500::sentry_sdk/scope.py,getsentry__sentry-python-2500,getsentry/sentry-python,co_edited,4,1219,8264,116,181781
getsentry__sentry-python-2500::sentry_sdk/scope.py,getsentry__sentry-python-2500,getsentry/sentry-python,symbol,5,2760,18901,116,181781
getsentry__sentry-python-2500::sentry_sdk/transport.py,getsentry__sentry-python-2500,getsentry/sentry-python,co_edited,4,1367,9495,116,181781
getsentry__sentry-python-2500::sentry_sdk/transport.py,getsentry__sentry-python-2500,getsentry/sentry-python,symbol,5,2908,20132,116,181781
getsentry__sentry-python-4231::sentry_sdk/tracing.py,getsentry__sentry-python-4231,getsentry/sentry-python,co_edited,1,904,6416,154,265464
getsentry__sentry-python-4231::sentry_sdk/tracing.py,getsentry__sentry-python-4231,getsentry/sentry-python,symbol,1,904,6416,154,265464
getsentry__sentry-python-4231::sentry_sdk/tracing_utils.py,getsentry__sentry-python-4231,getsentry/sentry-python,co_edited,1,1369,10342,154,265464
getsentry__sentry-python-4231::sentry_sdk/tracing_utils.py,getsentry__sentry-python-4231,getsentry/sentry-python,symbol,1,1369,10342,154,265464
getsentry__sentry-python-1053::scripts/build_awslambda_layer.py,getsentry__sentry-python-1053,getsentry/sentry-python,co_edited,3,455,3046,69,94963
getsentry__sentry-python-1053::scripts/build_awslambda_layer.py,getsentry__sentry-python-1053,getsentry/sentry-python,symbol,3,524,3678,69,94963
getsentry__sentry-python-1053::scripts/init_serverless_sdk.py,getsentry__sentry-python-1053,getsentry/sentry-python,co_edited,3,532,3632,69,94963
getsentry__sentry-python-1053::scripts/init_serverless_sdk.py,getsentry__sentry-python-1053,getsentry/sentry-python,symbol,4,639,4542,69,94963
getsentry__sentry-python-1053::sentry_sdk/integrations/django/templates.py,getsentry__sentry-python-1053,getsentry/sentry-python,co_edited,3,403,2767,69,94963
getsentry__sentry-python-1053::sentry_sdk/integrations/django/templates.py,getsentry__sentry-python-1053,getsentry/sentry-python,symbol,3,472,3399,69,94963
getsentry__sentry-python-1053::sentry_sdk/integrations/logging.py,getsentry__sentry-python-1053,getsentry/sentry-python,co_edited,3,320,2285,69,94963
getsentry__sentry-python-1053::sentry_sdk/integrations/logging.py,getsentry__sentry-python-1053,getsentry/sentry-python,symbol,3,389,2917,69,94963
getsentry__sentry-python-3463::sentry_sdk/client.py,getsentry__sentry-python-3463,getsentry/sentry-python,co_edited,1,155,1192,145,231163
getsentry__sentry-python-3463::sentry_sdk/client.py,getsentry__sentry-python-3463,getsentry/sentry-python,symbol,1,155,1192,145,231163
getsentry__sentry-python-3463::sentry_sdk/scrubber.py,getsentry__sentry-python-3463,getsentry/sentry-python,co_edited,1,906,6517,145,231163
getsentry__sentry-python-3463::sentry_sdk/scrubber.py,getsentry__sentry-python-3463,getsentry/sentry-python,symbol,1,906,6517,145,231163
getsentry__sentry-python-3002::sentry_sdk/tracing.py,getsentry__sentry-python-3002,getsentry/sentry-python,symbol,1,1860,13017,118,200140
getsentry__sentry-python-2552::sentry_sdk/metrics.py,getsentry__sentry-python-2552,getsentry/sentry-python,symbol,4,3283,22823,117,185895
getsentry__sentry-python-3524::sentry_sdk/scope.py,getsentry__sentry-python-3524,getsentry/sentry-python,co_edited,1,1305,9783,145,232268
getsentry__sentry-python-3524::sentry_sdk/scope.py,getsentry__sentry-python-3524,getsentry/sentry-python,symbol,1,1305,9783,145,232268
getsentry__sentry-python-3524::sentry_sdk/tracing.py,getsentry__sentry-python-3524,getsentry/sentry-python,co_edited,1,1703,12592,145,232268
getsentry__sentry-python-3524::sentry_sdk/tracing.py,getsentry__sentry-python-3524,getsentry/sentry-python,symbol,1,1703,12592,145,232268
google__flax-4536::flax/nnx/training/metrics.py,google__flax-4536,google/flax,co_edited,1,16,151,205,515561
google__flax-4536::flax/nnx/training/metrics.py,google__flax-4536,google/flax,symbol,1,16,151,205,515561
google__flax-4536::flax/version.py,google__flax-4536,google/flax,co_edited,1,384,3543,205,515561
google__flax-4536::flax/version.py,google__flax-4536,google/flax,symbol,1,384,3543,205,515561
google__flax-3537::flax/experimental/nnx/nnx/nn/linear.py,google__flax-3537,google/flax,co_edited,1,1027,9768,165,367515
google__flax-3537::flax/experimental/nnx/nnx/nn/linear.py,google__flax-3537,google/flax,symbol,1,1027,9768,165,367515
google__flax-3537::flax/linen/linear.py,google__flax-3537,google/flax,co_edited,1,662,5620,165,367515
google__flax-3537::flax/linen/linear.py,google__flax-3537,google/flax,symbol,1,662,5620,165,367515
google__flax-4705::flax/nnx/nn/linear.py,google__flax-4705,google/flax,co_edited,1,235,1456,208,525564
google__flax-4705::flax/nnx/nn/linear.py,google__flax-4705,google/flax,symbol,1,235,1456,208,525564
google__flax-4705::flax/typing.py,google__flax-4705,google/flax,co_edited,1,1205,10885,208,525564
google__flax-4705::flax/typing.py,google__flax-4705,google/flax,symbol,1,1205,10885,208,525564
google__flax-3566::flax/experimental/nnx/nnx/graph_utils.py,google__flax-3566,google/flax,co_edited,3,1598,12545,165,368047
google__flax-3566::flax/experimental/nnx/nnx/graph_utils.py,google__flax-3566,google/flax,symbol,5,2213,16913,165,368047
google__flax-3566::flax/experimental/nnx/nnx/module.py,google__flax-3566,google/flax,co_edited,3,1847,14657,165,368047
google__flax-3566::flax/experimental/nnx/nnx/module.py,google__flax-3566,google/flax,symbol,5,2462,19025,165,368047
google__flax-3566::flax/experimental/nnx/nnx/nn/attention.py,google__flax-3566,google/flax,co_edited,3,1803,12854,165,368047
google__flax-3566::flax/experimental/nnx/nnx/nn/attention.py,google__flax-3566,google/flax,symbol,5,2418,17222,165,368047
google__flax-3566::flax/experimental/nnx/nnx/state.py,google__flax-3566,google/flax,co_edited,3,2120,16437,165,368047
google__flax-3566::flax/experimental/nnx/nnx/state.py,google__flax-3566,google/flax,symbol,5,2735,20805,165,368047
google__flax-4681::flax/nnx/nn/lora.py,google__flax-4681,google/flax,symbol,5,1498,12250,209,541941
google__flax-3529::flax/linen/attention.py,google__flax-3529,google/flax,symbol,1,2837,24514,165,366521
google__flax-3693::flax/experimental/nnx/nnx/nn/normalization.py,google__flax-3693,google/flax,co_edited,1,1329,12003,176,395958
google__flax-3693::flax/experimental/nnx/nnx/nn/normalization.py,google__flax-3693,google/flax,symbol,2,1448,12660,176,395958
google__flax-3693::flax/linen/normalization.py,google__flax-3693,google/flax,co_edited,1,488,3966,176,395958
google__flax-3693::flax/linen/normalization.py,google__flax-3693,google/flax,symbol,2,607,4623,176,395958
google__mobly-821::mobly/controllers/android_device_lib/jsonrpc_client_base.py,google__mobly-821,google/mobly,co_edited,1,367,3252,50,78716
google__mobly-821::mobly/controllers/android_device_lib/jsonrpc_client_base.py,google__mobly-821,google/mobly,symbol,1,367,3252,50,78716
google__mobly-821::mobly/controllers/android_device_lib/snippet_client.py,google__mobly-821,google/mobly,co_edited,1,403,3047,50,78716
google__mobly-821::mobly/controllers/android_device_lib/snippet_client.py,google__mobly-821,google/mobly,symbol,1,403,3047,50,78716
google__mobly-164::mobly/controllers/sniffer_lib/local/local_base.py,google__mobly-164,google/mobly,co_edited,1,494,3334,36,48739
google__mobly-164::mobly/controllers/sniffer_lib/local/local_base.py,google__mobly-164,google/mobly,symbol,2,788,5623,36,48739
google__mobly-164::mobly/utils.py,google__mobly-164,google/mobly,co_edited,1,153,1144,36,48739
google__mobly-164::mobly/utils.py,google__mobly-164,google/mobly,symbol,2,447,3433,36,48739
google__mobly-135::mobly/controllers/android_device_lib/callback_handler.py,google__mobly-135,google/mobly,co_edited,2,439,3357,35,47255
google__mobly-135::mobly/controllers/android_device_lib/callback_handler.py,google__mobly-135,google/mobly,symbol,2,439,3357,35,47255
google__mobly-135::mobly/controllers/android_device_lib/jsonrpc_client_base.py,google__mobly-135,google/mobly,co_edited,2,203,1706,35,47255
google__mobly-135::mobly/controllers/android_device_lib/jsonrpc_client_base.py,google__mobly-135,google/mobly,symbol,2,203,1706,35,47255
google__mobly-135::mobly/controllers/android_device_lib/snippet_client.py,google__mobly-135,google/mobly,co_edited,2,412,2923,35,47255
google__mobly-135::mobly/controllers/android_device_lib/snippet_client.py,google__mobly-135,google/mobly,symbol,2,412,2923,35,47255
google__mobly-194::mobly/controllers/android_device.py,google__mobly-194,google/mobly,symbol,1,423,3063,37,49940
google__mobly-328::mobly/controllers/android_device.py,google__mobly-328,google/mobly,symbol,1,201,1596,37,54515
google__mobly-513::mobly/controllers/android_device_lib/service_manager.py,google__mobly-513,google/mobly,co_edited,2,472,3931,46,65319
google__mobly-513::mobly/controllers/android_device_lib/service_manager.py,google__mobly-513,google/mobly,symbol,2,472,3931,46,65319
google__mobly-513::mobly/controllers/android_device_lib/services/snippet_management_service.py,google__mobly-513,google/mobly,co_edited,2,467,3870,46,65319
google__mobly-513::mobly/controllers/android_device_lib/services/snippet_management_service.py,google__mobly-513,google/mobly,symbol,2,467,3870,46,65319
google__mobly-513::mobly/controllers/android_device_lib/snippet_client.py,google__mobly-513,google/mobly,co_edited,2,261,1887,46,65319
google__mobly-513::mobly/controllers/android_device_lib/snippet_client.py,google__mobly-513,google/mobly,symbol,2,261,1887,46,65319
google__mobly-165::mobly/controllers/sniffer_lib/local/local_base.py,google__mobly-165,google/mobly,co_edited,1,494,3334,36,48739
google__mobly-165::mobly/controllers/sniffer_lib/local/local_base.py,google__mobly-165,google/mobly,symbol,2,788,5623,36,48739
google__mobly-165::mobly/utils.py,google__mobly-165,google/mobly,co_edited,1,153,1144,36,48739
google__mobly-165::mobly/utils.py,google__mobly-165,google/mobly,symbol,2,447,3433,36,48739
googleapis__python-storage-392::google/cloud/storage/batch.py,googleapis__python-storage-392,googleapis/python-storage,symbol,2,1448,11332,32,115810
googleapis__python-storage-107::google/cloud/storage/blob.py,googleapis__python-storage-107,googleapis/python-storage,symbol,4,3980,30007,30,86128
googleapis__python-storage-72::google/cloud/storage/_signing.py,googleapis__python-storage-72,googleapis/python-storage,co_edited,2,4812,37289,30,81149
googleapis__python-storage-72::google/cloud/storage/_signing.py,googleapis__python-storage-72,googleapis/python-storage,symbol,2,4812,37289,30,81149
googleapis__python-storage-72::google/cloud/storage/blob.py,googleapis__python-storage-72,googleapis/python-storage,co_edited,2,3208,24452,30,81149
googleapis__python-storage-72::google/cloud/storage/blob.py,googleapis__python-storage-72,googleapis/python-storage,symbol,2,3208,24452,30,81149
googleapis__python-storage-72::google/cloud/storage/bucket.py,googleapis__python-storage-72,googleapis/python-storage,co_edited,2,3012,23435,30,81149
googleapis__python-storage-72::google/cloud/storage/bucket.py,googleapis__python-storage-72,googleapis/python-storage,symbol,2,3012,23435,30,81149
googleapis__python-storage-366::google/cloud/storage/bucket.py,googleapis__python-storage-366,googleapis/python-storage,symbol,1,3909,32270,32,114895
googleapis__python-storage-480::google/cloud/storage/blob.py,googleapis__python-storage-480,googleapis/python-storage,co_edited,1,523,4110,33,119429
googleapis__python-storage-480::google/cloud/storage/blob.py,googleapis__python-storage-480,googleapis/python-storage,symbol,5,775,6119,33,119429
googleapis__python-storage-480::google/cloud/storage/fileio.py,googleapis__python-storage-480,googleapis/python-storage,co_edited,1,4235,34495,33,119429
googleapis__python-storage-480::google/cloud/storage/fileio.py,googleapis__python-storage-480,googleapis/python-storage,symbol,5,4487,36504,33,119429
googleapis__python-storage-58::google/cloud/storage/blob.py,googleapis__python-storage-58,googleapis/python-storage,co_edited,1,2452,18731,30,80125
googleapis__python-storage-58::google/cloud/storage/blob.py,googleapis__python-storage-58,googleapis/python-storage,symbol,2,2751,20877,30,80125
googleapis__python-storage-58::google/cloud/storage/bucket.py,googleapis__python-storage-58,googleapis/python-storage,co_edited,1,2257,17727,30,80125
googleapis__python-storage-58::google/cloud/storage/bucket.py,googleapis__python-storage-58,googleapis/python-storage,symbol,2,2556,19873,30,80125
googleapis__python-storage-1275::google/cloud/storage/bucket.py,googleapis__python-storage-1275,googleapis/python-storage,symbol,1,1818,14115,146,189159
googleapis__python-storage-185::google/cloud/storage/blob.py,googleapis__python-storage-185,googleapis/python-storage,co_edited,1,91,683,30,96607
googleapis__python-storage-185::google/cloud/storage/blob.py,googleapis__python-storage-185,googleapis/python-storage,symbol,1,98,621,30,96607
googleapis__python-storage-185::setup.py,googleapis__python-storage-185,googleapis/python-storage,co_edited,1,3112,24992,30,96607
googleapis__python-storage-185::setup.py,googleapis__python-storage-185,googleapis/python-storage,symbol,2,3210,25613,30,96607
googleapis__python-storage-1394::google/cloud/storage/blob.py,googleapis__python-storage-1394,googleapis/python-storage,symbol,1,69,551,158,232247
googleapis__python-storage-298::google/cloud/storage/blob.py,googleapis__python-storage-298,googleapis/python-storage,symbol,1,520,3953,32,104759
googleapis__python-storage-323::google/cloud/storage/blob.py,googleapis__python-storage-323,googleapis/python-storage,symbol,1,520,3953,32,105318
hgrecco__pint-2203::pint/facets/plain/quantity.py,hgrecco__pint-2203,hgrecco/pint,symbol,2,2648,18452,72,118234
hgrecco__pint-920::pint/quantity.py,hgrecco__pint-920,hgrecco/pint,co_edited,2,2575,17953,25,65708
hgrecco__pint-920::pint/quantity.py,hgrecco__pint-920,hgrecco/pint,symbol,2,2575,17953,25,65708
hgrecco__pint-920::pint/registry.py,hgrecco__pint-920,hgrecco/pint,co_edited,2,2551,19157,25,65708
hgrecco__pint-920::pint/registry.py,hgrecco__pint-920,hgrecco/pint,symbol,2,2551,19157,25,65708
hgrecco__pint-920::pint/util.py,hgrecco__pint-920,hgrecco/pint,co_edited,2,3436,25414,25,65708
hgrecco__pint-920::pint/util.py,hgrecco__pint-920,hgrecco/pint,symbol,2,3436,25414,25,65708
hgrecco__pint-948::pint/definitions.py,hgrecco__pint-948,hgrecco/pint,symbol,2,923,6204,25,68029
hgrecco__pint-2194::pint/facets/nonmultiplicative/objects.py,hgrecco__pint-2194,hgrecco/pint,co_edited,1,1479,11470,72,117519
hgrecco__pint-2194::pint/facets/nonmultiplicative/objects.py,hgrecco__pint-2194,hgrecco/pint,symbol,2,1781,13272,72,117519
hgrecco__pint-2194::pint/facets/plain/quantity.py,hgrecco__pint-2194,hgrecco/pint,co_edited,1,67,514,72,117519
hgrecco__pint-2194::pint/facets/plain/quantity.py,hgrecco__pint-2194,hgrecco/pint,symbol,2,369,2316,72,117519
hgrecco__pint-1476::pint/registry.py,hgrecco__pint-1476,hgrecco/pint,symbol,1,1095,7051,31,92415
hgrecco__pint-1098::pint/measurement.py,hgrecco__pint-1098,hgrecco/pint,co_edited,1,2185,14397,26,74221
hgrecco__pint-1098::pint/measurement.py,hgrecco__pint-1098,hgrecco/pint,symbol,1,2185,14397,26,74221
hgrecco__pint-1098::pint/registry.py,hgrecco__pint-1098,hgrecco/pint,co_edited,1,193,1485,26,74221
hgrecco__pint-1463::pint/quantity.py,hgrecco__pint-1463,hgrecco/pint,co_edited,1,1071,6847,27,79560
hgrecco__pint-1463::pint/quantity.py,hgrecco__pint-1463,hgrecco/pint,symbol,2,3459,23008,27,79560
hgrecco__pint-1463::pint/util.py,hgrecco__pint-1463,hgrecco/pint,co_edited,1,2133,15995,27,79560
hgrecco__pint-1463::pint/util.py,hgrecco__pint-1463,hgrecco/pint,symbol,2,4521,32156,27,79560
hgrecco__pint-1087::pint/numpy_func.py,hgrecco__pint-1087,hgrecco/pint,symbol,1,272,1563,26,73989
hgrecco__pint-1409::pint/registry.py,hgrecco__pint-1409,hgrecco/pint,symbol,2,559,3293,27,79570
hgrecco__pint-1111::pint/registry.py,hgrecco__pint-1111,hgrecco/pint,symbol,1,354,2452,26,74303
hgrecco__pint-1426::pint/quantity.py,hgrecco__pint-1426,hgrecco/pint,co_edited,1,373,2537,27,79453
hgrecco__pint-1426::pint/quantity.py,hgrecco__pint-1426,hgrecco/pint,symbol,2,1444,9384,27,79453
hgrecco__pint-1426::pint/unit.py,hgrecco__pint-1426,hgrecco/pint,co_edited,1,2134,16008,27,79453
hgrecco__pint-1426::pint/unit.py,hgrecco__pint-1426,hgrecco/pint,symbol,2,3205,22855,27,79453
hgrecco__pint-1055::pint/numpy_func.py,hgrecco__pint-1055,hgrecco/pint,symbol,1,272,1563,26,73748
hgrecco__pint-630::pint/quantity.py,hgrecco__pint-630,hgrecco/pint,symbol,1,117,831,28,66028
hgrecco__pint-962::pint/registry.py,hgrecco__pint-962,hgrecco/pint,co_edited,1,317,2009,25,69520
hgrecco__pint-962::pint/registry.py,hgrecco__pint-962,hgrecco/pint,symbol,1,317,2009,25,69520
hgrecco__pint-962::pint/registry_helpers.py,hgrecco__pint-962,hgrecco/pint,co_edited,1,2064,13441,25,69520
hgrecco__pint-962::pint/registry_helpers.py,hgrecco__pint-962,hgrecco/pint,symbol,1,2064,13441,25,69520
ibis-project__ibis-4772::ibis/expr/operations/relations.py,ibis-project__ibis-4772,ibis-project/ibis,symbol,3,215,1730,201,350111
ibis-project__ibis-4728::ibis/expr/api.py,ibis-project__ibis-4728,ibis-project/ibis,symbol,1,143,1134,201,349079
ibis-project__ibis-9659::ibis/expr/api.py,ibis-project__ibis-9659,ibis-project/ibis,symbol,1,261,1587,186,609197
ibis-project__ibis-8262::ibis/formats/pyarrow.py,ibis-project__ibis-8262,ibis-project/ibis,symbol,2,1109,6661,269,667902
ibis-project__ibis-4670::ibis/backends/dask/execution/strings.py,ibis-project__ibis-4670,ibis-project/ibis,co_edited,4,1444,9718,201,348857
ibis-project__ibis-4670::ibis/backends/dask/execution/strings.py,ibis-project__ibis-4670,ibis-project/ibis,symbol,10,2756,17873,201,348857
ibis-project__ibis-4670::ibis/backends/pandas/execution/strings.py,ibis-project__ibis-4670,ibis-project/ibis,co_edited,4,1334,8602,201,348857
ibis-project__ibis-4670::ibis/backends/pandas/execution/strings.py,ibis-project__ibis-4670,ibis-project/ibis,symbol,9,2300,14309,201,348857
ibis-project__ibis-4670::ibis/expr/builders.py,ibis-project__ibis-4670,ibis-project/ibis,co_edited,4,1673,11426,201,348857
ibis-project__ibis-4670::ibis/expr/builders.py,ibis-project__ibis-4670,ibis-project/ibis,symbol,9,2639,17133,201,348857
ibis-project__ibis-4670::ibis/expr/operations/logical.py,ibis-project__ibis-4670,ibis-project/ibis,co_edited,4,1506,10597,201,348857
ibis-project__ibis-4670::ibis/expr/operations/logical.py,ibis-project__ibis-4670,ibis-project/ibis,symbol,9,2472,16304,201,348857
ibis-project__ibis-4670::ibis/expr/rules.py,ibis-project__ibis-4670,ibis-project/ibis,co_edited,4,1203,8321,201,348857
ibis-project__ibis-4670::ibis/expr/rules.py,ibis-project__ibis-4670,ibis-project/ibis,symbol,9,2169,14028,201,348857
ibis-project__ibis-11506::ibis/common/typing.py,ibis-project__ibis-11506,ibis-project/ibis,co_edited,1,1229,7644,180,665295
ibis-project__ibis-11506::ibis/common/typing.py,ibis-project__ibis-11506,ibis-project/ibis,symbol,3,1371,8743,180,665295
ibis-project__ibis-11506::ibis/expr/datatypes/core.py,ibis-project__ibis-11506,ibis-project/ibis,co_edited,1,289,1953,180,665295
ibis-project__ibis-11506::ibis/expr/datatypes/core.py,ibis-project__ibis-11506,ibis-project/ibis,symbol,3,431,3052,180,665295
ibis-project__ibis-9658::ibis/backends/mssql/__init__.py,ibis-project__ibis-9658,ibis-project/ibis,co_edited,4,7069,78052,185,609036
ibis-project__ibis-9658::ibis/backends/mssql/__init__.py,ibis-project__ibis-9658,ibis-project/ibis,symbol,16,11251,108563,185,609036
ibis-project__ibis-9658::ibis/expr/builders.py,ibis-project__ibis-9658,ibis-project/ibis,co_edited,4,7465,80513,185,609036
ibis-project__ibis-9658::ibis/expr/builders.py,ibis-project__ibis-9658,ibis-project/ibis,symbol,16,11647,111024,185,609036
ibis-project__ibis-9658::ibis/expr/types/numeric.py,ibis-project__ibis-9658,ibis-project/ibis,co_edited,4,6564,74092,185,609036
ibis-project__ibis-9658::ibis/expr/types/numeric.py,ibis-project__ibis-9658,ibis-project/ibis,symbol,16,10746,104603,185,609036
ibis-project__ibis-9658::ibis/expr/types/relations.py,ibis-project__ibis-9658,ibis-project/ibis,co_edited,4,2892,21554,185,609036
ibis-project__ibis-9658::ibis/expr/types/relations.py,ibis-project__ibis-9658,ibis-project/ibis,symbol,16,7074,52065,185,609036
ibis-project__ibis-9658::ibis/selectors.py,ibis-project__ibis-9658,ibis-project/ibis,co_edited,4,7098,77273,185,609036
ibis-project__ibis-9658::ibis/selectors.py,ibis-project__ibis-9658,ibis-project/ibis,symbol,17,11954,113382,185,609036
ibis-project__ibis-9595::ibis/expr/types/joins.py,ibis-project__ibis-9595,ibis-project/ibis,symbol,2,537,3298,186,608149
instructlab__instructlab-3118::src/instructlab/cli/model/download.py,instructlab__instructlab-3118,instructlab/instructlab,co_edited,1,295,2557,103,152539
instructlab__instructlab-3118::src/instructlab/cli/model/download.py,instructlab__instructlab-3118,instructlab/instructlab,symbol,1,295,2557,103,152539
instructlab__instructlab-3118::src/instructlab/defaults.py,instructlab__instructlab-3118,instructlab/instructlab,co_edited,1,79,514,103,152539
instructlab__instructlab-1662::src/instructlab/lab.py,instructlab__instructlab-1662,instructlab/instructlab,co_edited,1,23,103,60,76323
instructlab__instructlab-1662::src/instructlab/lab.py,instructlab__instructlab-1662,instructlab/instructlab,symbol,1,23,103,60,76323
instructlab__instructlab-1662::src/instructlab/system/system.py,instructlab__instructlab-1662,instructlab/instructlab,co_edited,1,107,842,60,76323
instructlab__instructlab-2825::src/instructlab/cli/model/serve.py,instructlab__instructlab-2825,instructlab/instructlab,co_edited,5,2798,22480,77,127248
instructlab__instructlab-2825::src/instructlab/cli/model/serve.py,instructlab__instructlab-2825,instructlab/instructlab,symbol,10,3266,26058,77,127248
instructlab__instructlab-2825::src/instructlab/configuration.py,instructlab__instructlab-2825,instructlab/instructlab,co_edited,5,1456,10715,77,127248
instructlab__instructlab-2825::src/instructlab/configuration.py,instructlab__instructlab-2825,instructlab/instructlab,symbol,10,1924,14293,77,127248
instructlab__instructlab-2825::src/instructlab/defaults.py,instructlab__instructlab-2825,instructlab/instructlab,co_edited,5,2703,21126,77,127248
instructlab__instructlab-2825::src/instructlab/defaults.py,instructlab__instructlab-2825,instructlab/instructlab,symbol,10,3171,24704,77,127248
instructlab__instructlab-2825::src/instructlab/model/chat.py,instructlab__instructlab-2825,instructlab/instructlab,co_edited,5,2064,16751,77,127248
instructlab__instructlab-2825::src/instructlab/model/chat.py,instructlab__instructlab-2825,instructlab/instructlab,symbol,10,2532,20329,77,127248
instructlab__instructlab-2825::src/instructlab/model/serve_backend.py,instructlab__instructlab-2825,instructlab/instructlab,co_edited,5,2815,22380,77,127248
instructlab__instructlab-2825::src/instructlab/model/serve_backend.py,instructlab__instructlab-2825,instructlab/instructlab,symbol,10,3283,25958,77,127248
instructlab__instructlab-2825::src/instructlab/taxonomy/diff.py,instructlab__instructlab-2825,instructlab/instructlab,co_edited,5,2839,22533,77,127248
instructlab__instructlab-2825::src/instructlab/taxonomy/diff.py,instructlab__instructlab-2825,instructlab/instructlab,symbol,10,3307,26111,77,127248
instructlab__instructlab-1677::src/instructlab/configuration.py,instructlab__instructlab-1677,instructlab/instructlab,co_edited,1,663,4655,59,76855
instructlab__instructlab-1677::src/instructlab/configuration.py,instructlab__instructlab-1677,instructlab/instructlab,symbol,1,663,4655,59,76855
instructlab__instructlab-1677::src/instructlab/model/evaluate.py,instructlab__instructlab-1677,instructlab/instructlab,co_edited,1,586,4083,59,76855
instructlab__instructlab-1677::src/instructlab/model/evaluate.py,instructlab__instructlab-1677,instructlab/instructlab,symbol,1,586,4083,59,76855
instructlab__instructlab-2004::src/instructlab/configuration.py,instructlab__instructlab-2004,instructlab/instructlab,co_edited,1,958,7425,62,99355
instructlab__instructlab-2004::src/instructlab/configuration.py,instructlab__instructlab-2004,instructlab/instructlab,symbol,1,958,7425,62,99355
instructlab__instructlab-2004::src/instructlab/model/train.py,instructlab__instructlab-2004,instructlab/instructlab,co_edited,1,1173,9177,62,99355
instructlab__instructlab-2004::src/instructlab/model/train.py,instructlab__instructlab-2004,instructlab/instructlab,symbol,1,1173,9177,62,99355
instructlab__instructlab-756::cli/generator/generate_data.py,instructlab__instructlab-756,instructlab/instructlab,co_edited,1,1007,7344,34,57521
instructlab__instructlab-756::cli/generator/generate_data.py,instructlab__instructlab-756,instructlab/instructlab,symbol,2,1229,8874,34,57521
instructlab__instructlab-756::cli/lab.py,instructlab__instructlab-756,instructlab/instructlab,co_edited,1,656,5318,34,57521
instructlab__instructlab-756::cli/lab.py,instructlab__instructlab-756,instructlab/instructlab,symbol,2,878,6848,34,57521
instructlab__instructlab-1002::src/instructlab/generator/generate_data.py,instructlab__instructlab-1002,instructlab/instructlab,co_edited,3,1680,12168,34,60495
instructlab__instructlab-1002::src/instructlab/generator/generate_data.py,instructlab__instructlab-1002,instructlab/instructlab,symbol,3,1680,12168,34,60495
instructlab__instructlab-1002::src/instructlab/lab.py,instructlab__instructlab-1002,instructlab/instructlab,co_edited,3,1043,8215,34,60495
instructlab__instructlab-1002::src/instructlab/lab.py,instructlab__instructlab-1002,instructlab/instructlab,symbol,3,1043,8215,34,60495
instructlab__instructlab-1002::src/instructlab/server.py,instructlab__instructlab-1002,instructlab/instructlab,co_edited,3,1995,14876,34,60495
instructlab__instructlab-1002::src/instructlab/server.py,instructlab__instructlab-1002,instructlab/instructlab,symbol,3,1995,14876,34,60495
instructlab__instructlab-1002::src/instructlab/train/linux_train.py,instructlab__instructlab-1002,instructlab/instructlab,co_edited,3,1906,14115,34,60495
instructlab__instructlab-1002::src/instructlab/train/linux_train.py,instructlab__instructlab-1002,instructlab/instructlab,symbol,3,1906,14115,34,60495
instructlab__instructlab-1443::src/instructlab/configuration.py,instructlab__instructlab-1443,instructlab/instructlab,co_edited,2,173,1281,60,75553
instructlab__instructlab-1443::src/instructlab/configuration.py,instructlab__instructlab-1443,instructlab/instructlab,symbol,2,173,1281,60,75553
instructlab__instructlab-1443::src/instructlab/lab.py,instructlab__instructlab-1443,instructlab/instructlab,co_edited,2,640,4443,60,75553
instructlab__instructlab-1443::src/instructlab/lab.py,instructlab__instructlab-1443,instructlab/instructlab,symbol,2,640,4443,60,75553
instructlab__instructlab-1443::src/instructlab/log.py,instructlab__instructlab-1443,instructlab/instructlab,co_edited,2,663,4736,60,75553
instructlab__instructlab-1443::src/instructlab/log.py,instructlab__instructlab-1443,instructlab/instructlab,symbol,2,663,4736,60,75553
instructlab__instructlab-2741::src/instructlab/cli/data/generate.py,instructlab__instructlab-2741,instructlab/instructlab,co_edited,4,2307,17378,73,124305
instructlab__instructlab-2741::src/instructlab/cli/data/generate.py,instructlab__instructlab-2741,instructlab/instructlab,symbol,2,939,7527,73,124305
instructlab__instructlab-2741::src/instructlab/cli/model/train.py,instructlab__instructlab-2741,instructlab/instructlab,co_edited,4,2059,15631,73,124305
instructlab__instructlab-2741::src/instructlab/cli/model/train.py,instructlab__instructlab-2741,instructlab/instructlab,symbol,2,939,7527,73,124305
instructlab__instructlab-2741::src/instructlab/model/accelerated_train.py,instructlab__instructlab-2741,instructlab/instructlab,co_edited,4,1851,13218,73,124305
instructlab__instructlab-2741::src/instructlab/model/accelerated_train.py,instructlab__instructlab-2741,instructlab/instructlab,symbol,1,198,1487,73,124305
instructlab__instructlab-2741::src/instructlab/model/convert.py,instructlab__instructlab-2741,instructlab/instructlab,co_edited,4,2466,18311,73,124305
instructlab__instructlab-2741::src/instructlab/model/convert.py,instructlab__instructlab-2741,instructlab/instructlab,symbol,2,939,7527,73,124305
instructlab__instructlab-2741::src/instructlab/model/evaluate.py,instructlab__instructlab-2741,instructlab/instructlab,co_edited,4,1685,12494,73,124305
instructlab__instructlab-2741::src/instructlab/model/evaluate.py,instructlab__instructlab-2741,instructlab/instructlab,symbol,2,939,7527,73,124305
instructlab__instructlab-1102::src/instructlab/chat/chat.py,instructlab__instructlab-1102,instructlab/instructlab,co_edited,3,1782,12912,38,66581
instructlab__instructlab-1102::src/instructlab/chat/chat.py,instructlab__instructlab-1102,instructlab/instructlab,symbol,3,1782,12912,38,66581
instructlab__instructlab-1102::src/instructlab/config.py,instructlab__instructlab-1102,instructlab/instructlab,co_edited,3,2149,15827,38,66581
instructlab__instructlab-1102::src/instructlab/config.py,instructlab__instructlab-1102,instructlab/instructlab,symbol,3,2149,15827,38,66581
instructlab__instructlab-1102::src/instructlab/generator/utils.py,instructlab__instructlab-1102,instructlab/instructlab,co_edited,3,2140,15416,38,66581
instructlab__instructlab-1102::src/instructlab/generator/utils.py,instructlab__instructlab-1102,instructlab/instructlab,symbol,3,2140,15416,38,66581
instructlab__instructlab-1102::src/instructlab/lab.py,instructlab__instructlab-1102,instructlab/instructlab,co_edited,3,970,7169,38,66581
instructlab__instructlab-1102::src/instructlab/lab.py,instructlab__instructlab-1102,instructlab/instructlab,symbol,3,970,7169,38,66581
instructlab__instructlab-1923::src/instructlab/configuration.py,instructlab__instructlab-1923,instructlab/instructlab,co_edited,5,2072,15320,61,87963
instructlab__instructlab-1923::src/instructlab/configuration.py,instructlab__instructlab-1923,instructlab/instructlab,symbol,4,1340,10053,61,87963
instructlab__instructlab-1923::src/instructlab/data/generate.py,instructlab__instructlab-1923,instructlab/instructlab,co_edited,5,2500,18528,61,87963
instructlab__instructlab-1923::src/instructlab/data/generate.py,instructlab__instructlab-1923,instructlab/instructlab,symbol,4,1768,13261,61,87963
instructlab__instructlab-1923::src/instructlab/model/backends/backends.py,instructlab__instructlab-1923,instructlab/instructlab,co_edited,5,2319,16539,61,87963
instructlab__instructlab-1923::src/instructlab/model/backends/backends.py,instructlab__instructlab-1923,instructlab/instructlab,symbol,4,1587,11272,61,87963
instructlab__instructlab-1923::src/instructlab/model/backends/llama_cpp.py,instructlab__instructlab-1923,instructlab/instructlab,co_edited,5,2493,18487,61,87963
instructlab__instructlab-1923::src/instructlab/model/backends/llama_cpp.py,instructlab__instructlab-1923,instructlab/instructlab,symbol,4,1761,13220,61,87963
instructlab__instructlab-1923::src/instructlab/model/backends/vllm.py,instructlab__instructlab-1923,instructlab/instructlab,co_edited,5,2474,18047,61,87963
instructlab__instructlab-1923::src/instructlab/model/backends/vllm.py,instructlab__instructlab-1923,instructlab/instructlab,symbol,5,2049,15141,61,87963
instructlab__instructlab-1923::src/instructlab/model/evaluate.py,instructlab__instructlab-1923,instructlab/instructlab,co_edited,5,2047,15119,61,87963
instructlab__instructlab-1923::src/instructlab/model/evaluate.py,instructlab__instructlab-1923,instructlab/instructlab,symbol,5,2049,15141,61,87963
instructlab__instructlab-3125::src/instructlab/cli/process/list.py,instructlab__instructlab-3125,instructlab/instructlab,co_edited,3,999,7375,103,152789
instructlab__instructlab-3125::src/instructlab/cli/process/list.py,instructlab__instructlab-3125,instructlab/instructlab,symbol,4,1000,7393,103,152789
instructlab__instructlab-3125::src/instructlab/data/generate_data.py,instructlab__instructlab-3125,instructlab/instructlab,co_edited,3,786,5934,103,152789
instructlab__instructlab-3125::src/instructlab/data/generate_data.py,instructlab__instructlab-3125,instructlab/instructlab,symbol,4,787,5952,103,152789
instructlab__instructlab-3125::src/instructlab/defaults.py,instructlab__instructlab-3125,instructlab/instructlab,co_edited,3,729,4939,103,152789
instructlab__instructlab-3125::src/instructlab/defaults.py,instructlab__instructlab-3125,instructlab/instructlab,symbol,4,730,4957,103,152789
instructlab__instructlab-3125::src/instructlab/process/process.py,instructlab__instructlab-3125,instructlab/instructlab,co_edited,3,561,4321,103,152789
instructlab__instructlab-3125::src/instructlab/process/process.py,instructlab__instructlab-3125,instructlab/instructlab,symbol,4,562,4339,103,152789
instructlab__instructlab-2789::src/instructlab/cli/data/generate.py,instructlab__instructlab-2789,instructlab/instructlab,co_edited,1,1462,12354,73,124305
instructlab__instructlab-2789::src/instructlab/cli/data/generate.py,instructlab__instructlab-2789,instructlab/instructlab,symbol,1,1462,12354,73,124305
instructlab__instructlab-2789::src/instructlab/configuration.py,instructlab__instructlab-2789,instructlab/instructlab,co_edited,1,285,1880,73,124305
instructlab__instructlab-2789::src/instructlab/configuration.py,instructlab__instructlab-2789,instructlab/instructlab,symbol,1,285,1880,73,124305
instructlab__instructlab-367::cli/config.py,instructlab__instructlab-367,instructlab/instructlab,co_edited,2,1327,10776,20,39023
instructlab__instructlab-367::cli/config.py,instructlab__instructlab-367,instructlab/instructlab,symbol,3,1510,12298,20,39023
instructlab__instructlab-367::cli/generator/generate_data.py,instructlab__instructlab-367,instructlab/instructlab,co_edited,2,937,7209,20,39023
instructlab__instructlab-367::cli/generator/generate_data.py,instructlab__instructlab-367,instructlab/instructlab,symbol,3,1120,8731,20,39023
instructlab__instructlab-367::cli/lab.py,instructlab__instructlab-367,instructlab/instructlab,co_edited,2,736,5845,20,39023
instructlab__instructlab-367::cli/lab.py,instructlab__instructlab-367,instructlab/instructlab,symbol,3,919,7367,20,39023
ipython__ipython-12884::IPython/__init__.py,ipython__ipython-12884,ipython/ipython,co_edited,8,5166,40398,227,403852
ipython__ipython-12884::IPython/core/application.py,ipython__ipython-12884,ipython/ipython,co_edited,8,4851,37745,227,403852
ipython__ipython-12884::IPython/core/autocall.py,ipython__ipython-12884,ipython/ipython,co_edited,8,5245,41199,227,403852
ipython__ipython-12884::IPython/core/compilerop.py,ipython__ipython-12884,ipython/ipython,co_edited,8,5127,40209,227,403852
ipython__ipython-12884::IPython/core/completer.py,ipython__ipython-12884,ipython/ipython,co_edited,8,3076,24234,227,403852
ipython__ipython-12884::IPython/core/crashhandler.py,ipython__ipython-12884,ipython/ipython,co_edited,8,5092,39807,227,403852
ipython__ipython-12884::IPython/core/debugger.py,ipython__ipython-12884,ipython/ipython,co_edited,8,4459,35081,227,403852
ipython__ipython-12884::IPython/core/display_functions.py,ipython__ipython-12884,ipython/ipython,co_edited,8,4941,38861,227,403852
ipython__ipython-12884::IPython/core/inputtransformer2.py,ipython__ipython-12884,ipython/ipython,co_edited,8,4563,35226,227,403852
ipython__ipython-12130::IPython/core/completer.py,ipython__ipython-12130,ipython/ipython,co_edited,1,3713,30844,225,395162
ipython__ipython-12130::IPython/core/completer.py,ipython__ipython-12130,ipython/ipython,symbol,1,3713,30844,225,395162
ipython__ipython-12130::IPython/core/interactiveshell.py,ipython__ipython-12130,ipython/ipython,co_edited,1,2089,15867,225,395162
ipython__ipython-12130::IPython/core/interactiveshell.py,ipython__ipython-12130,ipython/ipython,symbol,1,2089,15867,225,395162
ipython__ipython-11425::IPython/__init__.py,ipython__ipython-11425,ipython/ipython,co_edited,3,2249,18549,223,394342
ipython__ipython-11425::IPython/__init__.py,ipython__ipython-11425,ipython/ipython,symbol,2,1952,16111,223,394342
ipython__ipython-11425::IPython/core/inputtransformer2.py,ipython__ipython-11425,ipython/ipython,co_edited,3,1696,13695,223,394342
ipython__ipython-11425::IPython/core/inputtransformer2.py,ipython__ipython-11425,ipython/ipython,symbol,1,1248,10071,223,394342
ipython__ipython-11425::IPython/sphinxext/ipython_directive.py,ipython__ipython-11425,ipython/ipython,co_edited,3,1152,9664,223,394342
ipython__ipython-11425::IPython/sphinxext/ipython_directive.py,ipython__ipython-11425,ipython/ipython,symbol,1,704,6040,223,394342
ipython__ipython-11425::docs/source/conf.py,ipython__ipython-11425,ipython/ipython,co_edited,3,2103,17297,223,394342
ipython__ipython-11425::docs/source/conf.py,ipython__ipython-11425,ipython/ipython,symbol,2,1952,16111,223,394342
ipython__ipython-14943::IPython/core/completer.py,ipython__ipython-14943,ipython/ipython,co_edited,1,908,6757,182,427275
ipython__ipython-14943::IPython/core/completer.py,ipython__ipython-14943,ipython/ipython,symbol,1,908,6757,182,427275
ipython__ipython-14943::IPython/core/guarded_eval.py,ipython__ipython-14943,ipython/ipython,co_edited,1,3672,28105,182,427275
ipython__ipython-14943::IPython/core/guarded_eval.py,ipython__ipython-14943,ipython/ipython,symbol,1,3672,28105,182,427275
ipython__ipython-12954::IPython/core/interactiveshell.py,ipython__ipython-12954,ipython/ipython,symbol,1,258,2122,227,403738
ipython__ipython-12144::IPython/core/completer.py,ipython__ipython-12144,ipython/ipython,co_edited,1,3713,30844,225,399058
ipython__ipython-12144::IPython/core/completer.py,ipython__ipython-12144,ipython/ipython,symbol,1,3713,30844,225,399058
ipython__ipython-12144::IPython/core/interactiveshell.py,ipython__ipython-12144,ipython/ipython,co_edited,1,2089,15867,225,399058
ipython__ipython-12144::IPython/core/interactiveshell.py,ipython__ipython-12144,ipython/ipython,symbol,1,2089,15867,225,399058
ipython__ipython-14969::IPython/core/magics/script.py,ipython__ipython-14969,ipython/ipython,symbol,1,760,6347,182,427884
ipython__ipython-14798::IPython/core/magics/execution.py,ipython__ipython-14798,ipython/ipython,symbol,1,760,6347,181,419777
ipython__ipython-14941::IPython/core/history.py,ipython__ipython-14941,ipython/ipython,co_edited,2,4782,37752,182,427275
ipython__ipython-14941::IPython/core/history.py,ipython__ipython-14941,ipython/ipython,symbol,2,4782,37752,182,427275
ipython__ipython-14941::IPython/core/interactiveshell.py,ipython__ipython-14941,ipython/ipython,co_edited,2,1892,14254,182,427275
ipython__ipython-14941::IPython/core/interactiveshell.py,ipython__ipython-14941,ipython/ipython,symbol,2,1892,14254,182,427275
ipython__ipython-14941::IPython/core/magics/basic.py,ipython__ipython-14941,ipython/ipython,co_edited,2,5326,41486,182,427275
ipython__ipython-14941::IPython/core/magics/basic.py,ipython__ipython-14941,ipython/ipython,symbol,2,5326,41486,182,427275
ipython__ipython-14966::IPython/core/completer.py,ipython__ipython-14966,ipython/ipython,co_edited,1,947,7080,182,427884
ipython__ipython-14966::IPython/core/completer.py,ipython__ipython-14966,ipython/ipython,symbol,1,947,7080,182,427884
ipython__ipython-14966::IPython/core/guarded_eval.py,ipython__ipython-14966,ipython/ipython,co_edited,1,3677,28130,182,427884
ipython__ipython-14966::IPython/core/guarded_eval.py,ipython__ipython-14966,ipython/ipython,symbol,1,3677,28130,182,427884
ipython__ipython-14486::IPython/core/prefilter.py,ipython__ipython-14486,ipython/ipython,co_edited,1,138,1060,190,425854
ipython__ipython-14486::IPython/core/prefilter.py,ipython__ipython-14486,ipython/ipython,symbol,1,138,1060,190,425854
ipython__ipython-14486::IPython/core/splitinput.py,ipython__ipython-14486,ipython/ipython,co_edited,1,703,5349,190,425854
ipython__ipython-14486::IPython/core/splitinput.py,ipython__ipython-14486,ipython/ipython,symbol,1,703,5349,190,425854
ipython__ipython-14693::IPython/core/magics/execution.py,ipython__ipython-14693,ipython/ipython,co_edited,1,372,2549,179,403118
ipython__ipython-14693::IPython/core/magics/execution.py,ipython__ipython-14693,ipython/ipython,symbol,1,372,2549,179,403118
ipython__ipython-14693::IPython/core/magics/script.py,ipython__ipython-14693,ipython/ipython,co_edited,1,1626,13643,179,403118
ipython__ipython-14693::IPython/core/magics/script.py,ipython__ipython-14693,ipython/ipython,symbol,1,1626,13643,179,403118
iterative__dvc-3727::dvc/command/diff.py,iterative__dvc-3727,iterative/dvc,co_edited,1,82,534,162,143895
iterative__dvc-3727::dvc/command/diff.py,iterative__dvc-3727,iterative/dvc,symbol,1,82,534,162,143895
iterative__dvc-3727::dvc/repo/diff.py,iterative__dvc-3727,iterative/dvc,co_edited,1,156,872,162,143895
iterative__dvc-3727::dvc/repo/diff.py,iterative__dvc-3727,iterative/dvc,symbol,1,156,872,162,143895
iterative__dvc-3316::dvc/progress.py,iterative__dvc-3316,iterative/dvc,co_edited,1,139,889,145,117625
iterative__dvc-3316::dvc/progress.py,iterative__dvc-3316,iterative/dvc,symbol,2,489,3231,145,117625
iterative__dvc-3316::dvc/repo/add.py,iterative__dvc-3316,iterative/dvc,co_edited,1,138,1018,145,117625
iterative__dvc-3316::dvc/repo/add.py,iterative__dvc-3316,iterative/dvc,symbol,2,488,3360,145,117625
iterative__dvc-2353::dvc/command/diff.py,iterative__dvc-2353,iterative/dvc,co_edited,1,252,1985,137,105523
iterative__dvc-2353::dvc/command/diff.py,iterative__dvc-2353,iterative/dvc,symbol,1,252,1985,137,105523
iterative__dvc-2353::dvc/repo/diff.py,iterative__dvc-2353,iterative/dvc,co_edited,1,164,1185,137,105523
iterative__dvc-3729::dvc/output/base.py,iterative__dvc-3729,iterative/dvc,co_edited,1,76,502,162,143890
iterative__dvc-3729::dvc/output/base.py,iterative__dvc-3729,iterative/dvc,symbol,2,903,6030,162,143890
iterative__dvc-3729::dvc/repo/run.py,iterative__dvc-3729,iterative/dvc,co_edited,1,459,2766,162,143890
iterative__dvc-3729::dvc/repo/run.py,iterative__dvc-3729,iterative/dvc,symbol,2,1286,8294,162,143890
iterative__dvc-10798::dvc/commands/experiments/show.py,iterative__dvc-10798,iterative/dvc,co_edited,2,714,5118,250,293445
iterative__dvc-10798::dvc/commands/experiments/show.py,iterative__dvc-10798,iterative/dvc,symbol,4,962,6675,250,293445
iterative__dvc-10798::dvc/repo/experiments/collect.py,iterative__dvc-10798,iterative/dvc,co_edited,2,693,4754,250,293445
iterative__dvc-10798::dvc/repo/experiments/collect.py,iterative__dvc-10798,iterative/dvc,symbol,4,941,6311,250,293445
iterative__dvc-10798::dvc/repo/experiments/show.py,iterative__dvc-10798,iterative/dvc,co_edited,2,665,4490,250,293445
iterative__dvc-10798::dvc/repo/experiments/show.py,iterative__dvc-10798,iterative/dvc,symbol,4,913,6047,250,293445
iterative__dvc-1531::dvc/daemon.py,iterative__dvc-1531,iterative/dvc,symbol,2,490,2691,76,71251
iterative__dvc-767::dvc/cli.py,iterative__dvc-767,iterative/dvc,co_edited,2,379,2545,63,31380
iterative__dvc-767::dvc/cli.py,iterative__dvc-767,iterative/dvc,symbol,3,421,2815,63,31380
iterative__dvc-767::dvc/command/remove.py,iterative__dvc-767,iterative/dvc,co_edited,2,740,4864,63,31380
iterative__dvc-767::dvc/command/remove.py,iterative__dvc-767,iterative/dvc,symbol,3,782,5134,63,31380
iterative__dvc-767::dvc/project.py,iterative__dvc-767,iterative/dvc,co_edited,2,387,2477,63,31380
iterative__dvc-767::dvc/project.py,iterative__dvc-767,iterative/dvc,symbol,3,429,2747,63,31380
iterative__dvc-10842::dvc/commands/checkout.py,iterative__dvc-10842,iterative/dvc,co_edited,4,1055,6529,250,294709
iterative__dvc-10842::dvc/commands/checkout.py,iterative__dvc-10842,iterative/dvc,symbol,9,3187,21748,250,294709
iterative__dvc-10842::dvc/commands/data_sync.py,iterative__dvc-10842,iterative/dvc,co_edited,4,734,4602,250,294709
iterative__dvc-10842::dvc/commands/data_sync.py,iterative__dvc-10842,iterative/dvc,symbol,9,2866,19821,250,294709
iterative__dvc-10842::dvc/exceptions.py,iterative__dvc-10842,iterative/dvc,co_edited,4,802,4783,250,294709
iterative__dvc-10842::dvc/exceptions.py,iterative__dvc-10842,iterative/dvc,symbol,9,2934,20002,250,294709
iterative__dvc-10842::dvc/repo/checkout.py,iterative__dvc-10842,iterative/dvc,co_edited,4,982,5989,250,294709
iterative__dvc-10842::dvc/repo/checkout.py,iterative__dvc-10842,iterative/dvc,symbol,9,3114,21208,250,294709
iterative__dvc-10842::dvc/repo/pull.py,iterative__dvc-10842,iterative/dvc,co_edited,4,1119,6929,250,294709
iterative__dvc-10842::dvc/repo/pull.py,iterative__dvc-10842,iterative/dvc,symbol,9,3251,22148,250,294709
iterative__dvc-4196::dvc/command/checkout.py,iterative__dvc-4196,iterative/dvc,co_edited,3,749,4752,167,154712
iterative__dvc-4196::dvc/command/checkout.py,iterative__dvc-4196,iterative/dvc,symbol,3,428,2857,167,154712
iterative__dvc-4196::dvc/command/data_sync.py,iterative__dvc-4196,iterative/dvc,co_edited,3,493,3179,167,154712
iterative__dvc-4196::dvc/command/data_sync.py,iterative__dvc-4196,iterative/dvc,symbol,3,428,2857,167,154712
iterative__dvc-4196::dvc/dvcfile.py,iterative__dvc-4196,iterative/dvc,co_edited,3,566,3355,167,154712
iterative__dvc-4196::dvc/dvcfile.py,iterative__dvc-4196,iterative/dvc,symbol,2,127,812,167,154712
iterative__dvc-4196::dvc/version.py,iterative__dvc-4196,iterative/dvc,co_edited,3,793,4914,167,154712
iterative__dvc-4196::dvc/version.py,iterative__dvc-4196,iterative/dvc,symbol,2,354,2371,167,154712
iterative__dvc-2564::dvc/utils/__init__.py,iterative__dvc-2564,iterative/dvc,co_edited,1,75,489,140,112886
iterative__dvc-2564::dvc/utils/__init__.py,iterative__dvc-2564,iterative/dvc,symbol,1,75,489,140,112886
iterative__dvc-2564::dvc/version.py,iterative__dvc-2564,iterative/dvc,co_edited,1,462,3074,140,112886
iterative__dvc-2564::dvc/version.py,iterative__dvc-2564,iterative/dvc,symbol,1,462,3074,140,112886
iterative__dvc-1273::dvc/logger.py,iterative__dvc-1273,iterative/dvc,co_edited,2,325,1995,67,59396
iterative__dvc-1273::dvc/logger.py,iterative__dvc-1273,iterative/dvc,symbol,2,325,1995,67,59396
iterative__dvc-1273::dvc/scm.py,iterative__dvc-1273,iterative/dvc,co_edited,2,218,1361,67,59396
iterative__dvc-1273::dvc/scm.py,iterative__dvc-1273,iterative/dvc,symbol,2,218,1361,67,59396
iterative__dvc-1273::dvc/updater.py,iterative__dvc-1273,iterative/dvc,co_edited,2,421,2496,67,59396
iterative__dvc-1273::dvc/updater.py,iterative__dvc-1273,iterative/dvc,symbol,2,421,2496,67,59396
jackdewinter__pymarkdown-269::pymarkdown/container_block_processor.py,jackdewinter__pymarkdown-269,jackdewinter/pymarkdown,co_edited,1,869,6147,98,211095
jackdewinter__pymarkdown-269::pymarkdown/container_block_processor.py,jackdewinter__pymarkdown-269,jackdewinter/pymarkdown,symbol,4,1741,11297,98,211095
jackdewinter__pymarkdown-269::pymarkdown/tokenized_markdown.py,jackdewinter__pymarkdown-269,jackdewinter/pymarkdown,co_edited,1,3460,24131,98,211095
jackdewinter__pymarkdown-269::pymarkdown/tokenized_markdown.py,jackdewinter__pymarkdown-269,jackdewinter/pymarkdown,symbol,4,4332,29281,98,211095
jackdewinter__pymarkdown-277::pymarkdown/container_block_processor.py,jackdewinter__pymarkdown-277,jackdewinter/pymarkdown,co_edited,3,2830,20456,98,211937
jackdewinter__pymarkdown-277::pymarkdown/container_block_processor.py,jackdewinter__pymarkdown-277,jackdewinter/pymarkdown,symbol,5,2989,21508,98,211937
jackdewinter__pymarkdown-277::pymarkdown/container_markdown_token.py,jackdewinter__pymarkdown-277,jackdewinter/pymarkdown,co_edited,3,5918,42311,98,211937
jackdewinter__pymarkdown-277::pymarkdown/container_markdown_token.py,jackdewinter__pymarkdown-277,jackdewinter/pymarkdown,symbol,4,2607,19156,98,211937
jackdewinter__pymarkdown-277::pymarkdown/list_block_processor.py,jackdewinter__pymarkdown-277,jackdewinter/pymarkdown,co_edited,3,4478,32156,98,211937
jackdewinter__pymarkdown-277::pymarkdown/list_block_processor.py,jackdewinter__pymarkdown-277,jackdewinter/pymarkdown,symbol,4,1167,9001,98,211937
jackdewinter__pymarkdown-277::pymarkdown/plugins/rule_md_027.py,jackdewinter__pymarkdown-277,jackdewinter/pymarkdown,co_edited,3,5674,39066,98,211937
jackdewinter__pymarkdown-277::pymarkdown/plugins/rule_md_027.py,jackdewinter__pymarkdown-277,jackdewinter/pymarkdown,symbol,4,2363,15911,98,211937
jackdewinter__pymarkdown-1136::pymarkdown/block_quotes/block_quote_processor.py,jackdewinter__pymarkdown-1136,jackdewinter/pymarkdown,co_edited,1,377,3113,202,417275
jackdewinter__pymarkdown-1136::pymarkdown/block_quotes/block_quote_processor.py,jackdewinter__pymarkdown-1136,jackdewinter/pymarkdown,symbol,7,1636,11490,202,417275
jackdewinter__pymarkdown-1136::pymarkdown/transform_gfm/transform_to_gfm_list_looseness.py,jackdewinter__pymarkdown-1136,jackdewinter/pymarkdown,co_edited,1,913,6818,202,417275
jackdewinter__pymarkdown-1136::pymarkdown/transform_gfm/transform_to_gfm_list_looseness.py,jackdewinter__pymarkdown-1136,jackdewinter/pymarkdown,symbol,7,2172,15195,202,417275
jackdewinter__pymarkdown-291::pymarkdown/container_block_processor.py,jackdewinter__pymarkdown-291,jackdewinter/pymarkdown,symbol,1,114,829,99,213217
jackdewinter__pymarkdown-1246::pymarkdown/block_quotes/block_quote_count_helper.py,jackdewinter__pymarkdown-1246,jackdewinter/pymarkdown,co_edited,2,2734,21057,203,446206
jackdewinter__pymarkdown-1246::pymarkdown/block_quotes/block_quote_count_helper.py,jackdewinter__pymarkdown-1246,jackdewinter/pymarkdown,symbol,8,6037,43911,203,446206
jackdewinter__pymarkdown-1246::pymarkdown/plugins/rule_md_031.py,jackdewinter__pymarkdown-1246,jackdewinter/pymarkdown,co_edited,2,3043,23538,203,446206
jackdewinter__pymarkdown-1246::pymarkdown/plugins/rule_md_031.py,jackdewinter__pymarkdown-1246,jackdewinter/pymarkdown,symbol,8,6346,46392,203,446206
jackdewinter__pymarkdown-1246::pymarkdown/transform_markdown/transform_containers.py,jackdewinter__pymarkdown-1246,jackdewinter/pymarkdown,co_edited,2,1809,13777,203,446206
jackdewinter__pymarkdown-1246::pymarkdown/transform_markdown/transform_containers.py,jackdewinter__pymarkdown-1246,jackdewinter/pymarkdown,symbol,8,5112,36631,203,446206
jackdewinter__pymarkdown-893::pymarkdown/plugins/rule_md_032.py,jackdewinter__pymarkdown-893,jackdewinter/pymarkdown,symbol,3,1144,7471,197,365796
jackdewinter__pymarkdown-1225::pymarkdown/file_scan_helper.py,jackdewinter__pymarkdown-1225,jackdewinter/pymarkdown,co_edited,1,597,4509,203,439375
jackdewinter__pymarkdown-1225::pymarkdown/file_scan_helper.py,jackdewinter__pymarkdown-1225,jackdewinter/pymarkdown,symbol,12,3737,26929,203,439375
jackdewinter__pymarkdown-1225::pymarkdown/plugins/rule_md_031.py,jackdewinter__pymarkdown-1225,jackdewinter/pymarkdown,co_edited,1,956,7565,203,439375
jackdewinter__pymarkdown-1225::pymarkdown/plugins/rule_md_031.py,jackdewinter__pymarkdown-1225,jackdewinter/pymarkdown,symbol,12,4096,29985,203,439375
jackdewinter__pymarkdown-1215::pymarkdown/container_blocks/container_helper.py,jackdewinter__pymarkdown-1215,jackdewinter/pymarkdown,co_edited,1,1917,14847,202,438164
jackdewinter__pymarkdown-1215::pymarkdown/container_blocks/container_helper.py,jackdewinter__pymarkdown-1215,jackdewinter/pymarkdown,symbol,6,3752,26914,202,438164
jackdewinter__pymarkdown-1215::pymarkdown/transform_markdown/transform_containers.py,jackdewinter__pymarkdown-1215,jackdewinter/pymarkdown,co_edited,1,238,1864,202,438164
jackdewinter__pymarkdown-1215::pymarkdown/transform_markdown/transform_containers.py,jackdewinter__pymarkdown-1215,jackdewinter/pymarkdown,symbol,6,2073,13931,202,438164
jackdewinter__pymarkdown-259::pymarkdown/container_block_processor.py,jackdewinter__pymarkdown-259,jackdewinter/pymarkdown,symbol,3,1050,7449,98,210676
jackdewinter__pymarkdown-1210::pymarkdown/block_quotes/block_quote_non_fenced_helper.py,jackdewinter__pymarkdown-1210,jackdewinter/pymarkdown,co_edited,3,1863,14187,202,436735
jackdewinter__pymarkdown-1210::pymarkdown/block_quotes/block_quote_non_fenced_helper.py,jackdewinter__pymarkdown-1210,jackdewinter/pymarkdown,symbol,8,3278,22739,202,436735
jackdewinter__pymarkdown-1210::pymarkdown/block_quotes/block_quote_processor.py,jackdewinter__pymarkdown-1210,jackdewinter/pymarkdown,co_edited,3,1530,12069,202,436735
jackdewinter__pymarkdown-1210::pymarkdown/block_quotes/block_quote_processor.py,jackdewinter__pymarkdown-1210,jackdewinter/pymarkdown,symbol,9,3933,27895,202,436735
jackdewinter__pymarkdown-1210::pymarkdown/plugins/rule_md_031.py,jackdewinter__pymarkdown-1210,jackdewinter/pymarkdown,co_edited,3,1890,14266,202,436735
jackdewinter__pymarkdown-1210::pymarkdown/plugins/rule_md_031.py,jackdewinter__pymarkdown-1210,jackdewinter/pymarkdown,symbol,8,3305,22818,202,436735
jackdewinter__pymarkdown-1210::pymarkdown/tokens/block_quote_markdown_token.py,jackdewinter__pymarkdown-1210,jackdewinter/pymarkdown,co_edited,3,2271,17507,202,436735
jackdewinter__pymarkdown-1210::pymarkdown/tokens/block_quote_markdown_token.py,jackdewinter__pymarkdown-1210,jackdewinter/pymarkdown,symbol,8,3686,26059,202,436735
jackdewinter__pymarkdown-886::pymarkdown/transform_markdown/transform_list_block.py,jackdewinter__pymarkdown-886,jackdewinter/pymarkdown,co_edited,1,247,2085,197,363302
jackdewinter__pymarkdown-886::pymarkdown/transform_markdown/transform_list_block.py,jackdewinter__pymarkdown-886,jackdewinter/pymarkdown,symbol,2,950,6192,197,363302
jackdewinter__pymarkdown-886::pymarkdown/transform_markdown/transform_new_list_item.py,jackdewinter__pymarkdown-886,jackdewinter/pymarkdown,co_edited,1,860,7117,197,363302
jackdewinter__pymarkdown-886::pymarkdown/transform_markdown/transform_new_list_item.py,jackdewinter__pymarkdown-886,jackdewinter/pymarkdown,symbol,3,1810,13309,197,363302
jackdewinter__pymarkdown-1218::pymarkdown/plugins/utils/leading_space_index_tracker.py,jackdewinter__pymarkdown-1218,jackdewinter/pymarkdown,symbol,1,799,5255,203,439355
jackdewinter__pymarkdown-1195::pymarkdown/transform_markdown/transform_containers.py,jackdewinter__pymarkdown-1195,jackdewinter/pymarkdown,symbol,4,2446,17521,202,433113
jackdewinter__pymarkdown-1248::pymarkdown/plugins/rule_md_031.py,jackdewinter__pymarkdown-1248,jackdewinter/pymarkdown,co_edited,1,1989,15430,203,446345
jackdewinter__pymarkdown-1248::pymarkdown/plugins/rule_md_031.py,jackdewinter__pymarkdown-1248,jackdewinter/pymarkdown,symbol,4,3276,24246,203,446345
jackdewinter__pymarkdown-1248::pymarkdown/transform_markdown/transform_containers.py,jackdewinter__pymarkdown-1248,jackdewinter/pymarkdown,co_edited,1,764,5747,203,446345
jackdewinter__pymarkdown-1248::pymarkdown/transform_markdown/transform_containers.py,jackdewinter__pymarkdown-1248,jackdewinter/pymarkdown,symbol,4,2051,14563,203,446345
jackdewinter__pymarkdown-271::pymarkdown/block_quote_processor.py,jackdewinter__pymarkdown-271,jackdewinter/pymarkdown,co_edited,1,3472,24247,98,211233
jackdewinter__pymarkdown-271::pymarkdown/block_quote_processor.py,jackdewinter__pymarkdown-271,jackdewinter/pymarkdown,symbol,1,45,223,98,211233
jackdewinter__pymarkdown-271::pymarkdown/container_block_processor.py,jackdewinter__pymarkdown-271,jackdewinter/pymarkdown,co_edited,1,1658,11621,98,211233
jackdewinter__pymarkdown-271::pymarkdown/container_block_processor.py,jackdewinter__pymarkdown-271,jackdewinter/pymarkdown,symbol,2,1703,11844,98,211233
jlowin__fastmcp-690::src/fastmcp/cli/cli.py,jlowin__fastmcp-690,jlowin/fastmcp,co_edited,1,179,1250,78,93152
jlowin__fastmcp-690::src/fastmcp/cli/cli.py,jlowin__fastmcp-690,jlowin/fastmcp,symbol,3,1745,13253,78,93152
jlowin__fastmcp-690::src/fastmcp/cli/run.py,jlowin__fastmcp-690,jlowin/fastmcp,co_edited,1,428,2739,78,93152
jlowin__fastmcp-690::src/fastmcp/cli/run.py,jlowin__fastmcp-690,jlowin/fastmcp,symbol,3,1994,14742,78,93152
jlowin__fastmcp-279::src/fastmcp/server/openapi.py,jlowin__fastmcp-279,jlowin/fastmcp,symbol,1,212,1523,56,58597
jlowin__fastmcp-317::src/fastmcp/prompts/prompt.py,jlowin__fastmcp-317,jlowin/fastmcp,co_edited,2,405,2919,59,63119
jlowin__fastmcp-317::src/fastmcp/prompts/prompt.py,jlowin__fastmcp-317,jlowin/fastmcp,symbol,2,405,2919,59,63119
jlowin__fastmcp-317::src/fastmcp/resources/template.py,jlowin__fastmcp-317,jlowin/fastmcp,co_edited,2,419,2987,59,63119
jlowin__fastmcp-317::src/fastmcp/resources/template.py,jlowin__fastmcp-317,jlowin/fastmcp,symbol,2,419,2987,59,63119
jlowin__fastmcp-317::src/fastmcp/tools/tool.py,jlowin__fastmcp-317,jlowin/fastmcp,co_edited,2,430,3044,59,63119
jlowin__fastmcp-317::src/fastmcp/tools/tool.py,jlowin__fastmcp-317,jlowin/fastmcp,symbol,2,430,3044,59,63119
jlowin__fastmcp-1578::src/fastmcp/tools/tool_transform.py,jlowin__fastmcp-1578,jlowin/fastmcp,symbol,1,213,1626,157,237061
jlowin__fastmcp-1604::src/fastmcp/client/client.py,jlowin__fastmcp-1604,jlowin/fastmcp,co_edited,5,4505,33837,153,236212
jlowin__fastmcp-1604::src/fastmcp/client/client.py,jlowin__fastmcp-1604,jlowin/fastmcp,symbol,8,4599,34388,153,236212
jlowin__fastmcp-1604::src/fastmcp/client/transports.py,jlowin__fastmcp-1604,jlowin/fastmcp,co_edited,5,4349,32556,153,236212
jlowin__fastmcp-1604::src/fastmcp/client/transports.py,jlowin__fastmcp-1604,jlowin/fastmcp,symbol,8,4443,33107,153,236212
jlowin__fastmcp-1604::src/fastmcp/mcp_config.py,jlowin__fastmcp-1604,jlowin/fastmcp,co_edited,5,5083,38121,153,236212
jlowin__fastmcp-1604::src/fastmcp/mcp_config.py,jlowin__fastmcp-1604,jlowin/fastmcp,symbol,8,5177,38672,153,236212
jlowin__fastmcp-1604::src/fastmcp/server/proxy.py,jlowin__fastmcp-1604,jlowin/fastmcp,co_edited,5,4731,35364,153,236212
jlowin__fastmcp-1604::src/fastmcp/server/proxy.py,jlowin__fastmcp-1604,jlowin/fastmcp,symbol,8,4825,35915,153,236212
jlowin__fastmcp-1604::src/fastmcp/server/server.py,jlowin__fastmcp-1604,jlowin/fastmcp,co_edited,5,3020,22310,153,236212
jlowin__fastmcp-1604::src/fastmcp/server/server.py,jlowin__fastmcp-1604,jlowin/fastmcp,symbol,8,3114,22861,153,236212
jlowin__fastmcp-1604::src/fastmcp/utilities/mcp_config.py,jlowin__fastmcp-1604,jlowin/fastmcp,co_edited,5,5372,40167,153,236212
jlowin__fastmcp-1604::src/fastmcp/utilities/mcp_config.py,jlowin__fastmcp-1604,jlowin/fastmcp,symbol,8,5466,40718,153,236212
jlowin__fastmcp-1293::src/fastmcp/cli/cli.py,jlowin__fastmcp-1293,jlowin/fastmcp,symbol,1,317,2259,128,194019
jlowin__fastmcp-299::src/fastmcp/server/openapi.py,jlowin__fastmcp-299,jlowin/fastmcp,co_edited,3,1187,8787,57,60317
jlowin__fastmcp-299::src/fastmcp/server/openapi.py,jlowin__fastmcp-299,jlowin/fastmcp,symbol,3,1187,8787,57,60317
jlowin__fastmcp-299::src/fastmcp/server/server.py,jlowin__fastmcp-299,jlowin/fastmcp,co_edited,3,931,6760,57,60317
jlowin__fastmcp-299::src/fastmcp/server/server.py,jlowin__fastmcp-299,jlowin/fastmcp,symbol,3,931,6760,57,60317
jlowin__fastmcp-299::src/fastmcp/tools/tool.py,jlowin__fastmcp-299,jlowin/fastmcp,co_edited,3,1670,12267,57,60317
jlowin__fastmcp-299::src/fastmcp/tools/tool.py,jlowin__fastmcp-299,jlowin/fastmcp,symbol,3,1670,12267,57,60317
jlowin__fastmcp-299::src/fastmcp/tools/tool_manager.py,jlowin__fastmcp-299,jlowin/fastmcp,co_edited,3,1747,12827,57,60317
jlowin__fastmcp-299::src/fastmcp/tools/tool_manager.py,jlowin__fastmcp-299,jlowin/fastmcp,symbol,3,1747,12827,57,60317
jlowin__fastmcp-455::src/fastmcp/client/client.py,jlowin__fastmcp-455,jlowin/fastmcp,co_edited,3,588,4144,65,69947
jlowin__fastmcp-455::src/fastmcp/client/client.py,jlowin__fastmcp-455,jlowin/fastmcp,symbol,2,555,4007,65,69947
jlowin__fastmcp-455::src/fastmcp/client/transports.py,jlowin__fastmcp-455,jlowin/fastmcp,co_edited,3,520,3656,65,69947
jlowin__fastmcp-455::src/fastmcp/client/transports.py,jlowin__fastmcp-455,jlowin/fastmcp,symbol,2,487,3519,65,69947
jlowin__fastmcp-455::src/fastmcp/exceptions.py,jlowin__fastmcp-455,jlowin/fastmcp,co_edited,3,1003,7313,65,69947
jlowin__fastmcp-455::src/fastmcp/exceptions.py,jlowin__fastmcp-455,jlowin/fastmcp,symbol,3,1003,7313,65,69947
jlowin__fastmcp-455::src/fastmcp/utilities/exceptions.py,jlowin__fastmcp-455,jlowin/fastmcp,co_edited,3,997,7237,65,69947
jlowin__fastmcp-455::src/fastmcp/utilities/exceptions.py,jlowin__fastmcp-455,jlowin/fastmcp,symbol,2,964,7100,65,69947
jlowin__fastmcp-309::src/fastmcp/server/server.py,jlowin__fastmcp-309,jlowin/fastmcp,symbol,6,1261,9042,58,63294
jlowin__fastmcp-754::src/fastmcp/client/transports.py,jlowin__fastmcp-754,jlowin/fastmcp,co_edited,1,79,516,78,95969
jlowin__fastmcp-754::src/fastmcp/client/transports.py,jlowin__fastmcp-754,jlowin/fastmcp,symbol,6,1881,14316,78,95969
jlowin__fastmcp-754::src/fastmcp/utilities/mcp_config.py,jlowin__fastmcp-754,jlowin/fastmcp,co_edited,1,899,6718,78,95969
jlowin__fastmcp-754::src/fastmcp/utilities/mcp_config.py,jlowin__fastmcp-754,jlowin/fastmcp,symbol,6,2701,20518,78,95969
joke2k__faker-790::faker/providers/address/en_CA/__init__.py,joke2k__faker-790,joke2k/faker,co_edited,3,1114,11513,318,887455
joke2k__faker-790::faker/providers/address/en_CA/__init__.py,joke2k__faker-790,joke2k/faker,symbol,4,1224,12270,318,887455
joke2k__faker-790::faker/providers/address/en_US/__init__.py,joke2k__faker-790,joke2k/faker,co_edited,3,1071,11036,318,887455
joke2k__faker-790::faker/providers/address/en_US/__init__.py,joke2k__faker-790,joke2k/faker,symbol,4,1181,11793,318,887455
joke2k__faker-790::faker/providers/address/ja_JP/__init__.py,joke2k__faker-790,joke2k/faker,co_edited,3,1087,7996,318,887455
joke2k__faker-790::faker/providers/address/ja_JP/__init__.py,joke2k__faker-790,joke2k/faker,symbol,4,1197,8753,318,887455
joke2k__faker-790::faker/providers/address/ko_KR/__init__.py,joke2k__faker-790,joke2k/faker,co_edited,3,1054,9289,318,887455
joke2k__faker-790::faker/providers/address/ko_KR/__init__.py,joke2k__faker-790,joke2k/faker,symbol,4,1164,10046,318,887455
joke2k__faker-1520::faker/providers/python/__init__.py,joke2k__faker-1520,joke2k/faker,symbol,1,480,5417,510,1459813
joke2k__faker-2018::faker/providers/currency/ru_RU/__init__.py,joke2k__faker-2018,joke2k/faker,symbol,1,426,4281,645,2531354
joke2k__faker-1869::faker/providers/address/fr_FR/__init__.py,joke2k__faker-1869,joke2k/faker,symbol,1,722,6247,628,2456780
joke2k__faker-808::faker/providers/lorem/__init__.py,joke2k__faker-808,joke2k/faker,symbol,1,263,2007,323,902230
joke2k__faker-2093::faker/providers/person/uk_UA/__init__.py,joke2k__faker-2093,joke2k/faker,symbol,1,330,2343,661,2565642
joke2k__faker-1193::faker/providers/person/__init__.py,joke2k__faker-1193,joke2k/faker,co_edited,1,290,8614,443,1265349
joke2k__faker-1193::faker/providers/person/__init__.py,joke2k__faker-1193,joke2k/faker,symbol,1,471,5357,443,1265349
joke2k__faker-1193::faker/providers/person/ru_RU/__init__.py,joke2k__faker-1193,joke2k/faker,co_edited,1,98,615,443,1265349
joke2k__faker-1193::faker/providers/person/ru_RU/__init__.py,joke2k__faker-1193,joke2k/faker,symbol,2,569,5972,443,1265349
joke2k__faker-1991::faker/proxy.py,joke2k__faker-1991,joke2k/faker,symbol,1,191,1440,641,2506064
joke2k__faker-1043::faker/providers/bank/en_GB/__init__.py,joke2k__faker-1043,joke2k/faker,symbol,1,41,284,409,1188063
joke2k__faker-2155::faker/providers/date_time/__init__.py,joke2k__faker-2155,joke2k/faker,co_edited,1,54,355,677,2703929
joke2k__faker-2155::faker/providers/date_time/__init__.py,joke2k__faker-2155,joke2k/faker,symbol,2,790,6754,677,2703929
joke2k__faker-2155::faker/typing.py,joke2k__faker-2155,joke2k/faker,co_edited,1,2594,18878,677,2703929
joke2k__faker-2155::faker/typing.py,joke2k__faker-2155,joke2k/faker,symbol,2,3330,25277,677,2703929
joke2k__faker-2099::faker/providers/date_time/__init__.py,joke2k__faker-2099,joke2k/faker,symbol,1,54,352,662,2584626
joke2k__faker-2091::faker/providers/address/en_IN/__init__.py,joke2k__faker-2091,joke2k/faker,symbol,3,845,7269,662,2584626
joke2k__faker-1461::faker/providers/python/__init__.py,joke2k__faker-1461,joke2k/faker,symbol,1,480,5417,506,1438153
joke2k__faker-1937::faker/providers/geo/__init__.py,joke2k__faker-1937,joke2k/faker,co_edited,1,63,621,634,2492306
joke2k__faker-1937::faker/providers/geo/__init__.py,joke2k__faker-1937,joke2k/faker,symbol,2,798,7011,634,2492306
joke2k__faker-1937::faker/providers/ssn/fi_FI/__init__.py,joke2k__faker-1937,joke2k/faker,co_edited,1,1036,26729,634,2492306
joke2k__faker-1937::faker/providers/ssn/fi_FI/__init__.py,joke2k__faker-1937,joke2k/faker,symbol,1,735,6390,634,2492306
joke2k__faker-1979::faker/providers/internet/__init__.py,joke2k__faker-1979,joke2k/faker,symbol,1,735,6390,639,2499410
joke2k__faker-2173::faker/providers/date_time/__init__.py,joke2k__faker-2173,joke2k/faker,co_edited,1,74,607,694,2727725
joke2k__faker-2173::setup.py,joke2k__faker-2173,joke2k/faker,co_edited,1,2598,18631,694,2727725
joke2k__faker-2173::setup.py,joke2k__faker-2173,joke2k/faker,symbol,1,2598,18631,694,2727725
joke2k__faker-1164::faker/providers/misc/__init__.py,joke2k__faker-1164,joke2k/faker,symbol,1,471,5357,432,1258542
joke2k__faker-2096::faker/providers/python/__init__.py,joke2k__faker-2096,joke2k/faker,symbol,1,736,6394,662,2584604
kedro-org__kedro-4406::kedro/__init__.py,kedro-org__kedro-4406,kedro-org/kedro,co_edited,1,454,3601,74,128788
kedro-org__kedro-4406::kedro/__init__.py,kedro-org__kedro-4406,kedro-org/kedro,symbol,1,454,3601,74,128788
kedro-org__kedro-4406::kedro/ipython/__init__.py,kedro-org__kedro-4406,kedro-org/kedro,co_edited,1,31,228,74,128788
kedro-org__kedro-4406::kedro/ipython/__init__.py,kedro-org__kedro-4406,kedro-org/kedro,symbol,1,31,228,74,128788
kedro-org__kedro-4178::features/steps/cli_steps.py,kedro-org__kedro-4178,kedro-org/kedro,co_edited,1,231,1948,67,115682
kedro-org__kedro-4178::features/steps/cli_steps.py,kedro-org__kedro-4178,kedro-org/kedro,symbol,1,231,1948,67,115682
kedro-org__kedro-4178::kedro/templates/project/hooks/utils.py,kedro-org__kedro-4178,kedro-org/kedro,co_edited,1,757,5830,67,115682
kedro-org__kedro-4178::kedro/templates/project/hooks/utils.py,kedro-org__kedro-4178,kedro-org/kedro,symbol,1,757,5830,67,115682
kedro-org__kedro-4030::kedro/config/omegaconf_config.py,kedro-org__kedro-4030,kedro-org/kedro,symbol,1,52,361,67,112621
kedro-org__kedro-4321::kedro/io/lambda_dataset.py,kedro-org__kedro-4321,kedro-org/kedro,symbol,1,31,228,74,125767
kedro-org__kedro-3680::kedro/framework/cli/__init__.py,kedro-org__kedro-3680,kedro-org/kedro,co_edited,1,198,1476,67,108599
kedro-org__kedro-3680::kedro/framework/cli/__init__.py,kedro-org__kedro-3680,kedro-org/kedro,symbol,4,726,5440,67,108599
kedro-org__kedro-3680::kedro/framework/cli/cli.py,kedro-org__kedro-3680,kedro-org/kedro,co_edited,1,7,55,67,108599
kedro-org__kedro-3680::kedro/framework/cli/cli.py,kedro-org__kedro-3680,kedro-org/kedro,symbol,4,535,4019,67,108599
kedro-org__kedro-3604::kedro/ipython/__init__.py,kedro-org__kedro-3604,kedro-org/kedro,co_edited,2,85,695,67,107506
kedro-org__kedro-3604::kedro/ipython/__init__.py,kedro-org__kedro-3604,kedro-org/kedro,symbol,4,508,4262,67,107506
kedro-org__kedro-3604::kedro/logging.py,kedro-org__kedro-3604,kedro-org/kedro,co_edited,2,344,2626,67,107506
kedro-org__kedro-3604::kedro/logging.py,kedro-org__kedro-3604,kedro-org/kedro,symbol,4,767,6193,67,107506
kedro-org__kedro-3604::kedro/utils.py,kedro-org__kedro-3604,kedro-org/kedro,co_edited,2,377,2957,67,107506
kedro-org__kedro-3604::kedro/utils.py,kedro-org__kedro-3604,kedro-org/kedro,symbol,4,800,6524,67,107506
kedro-org__kedro-3731::kedro/framework/cli/micropkg.py,kedro-org__kedro-3731,kedro-org/kedro,co_edited,1,359,2895,67,109980
kedro-org__kedro-3731::kedro/framework/cli/micropkg.py,kedro-org__kedro-3731,kedro-org/kedro,symbol,2,516,4213,67,109980
kedro-org__kedro-3731::kedro/framework/cli/pipeline.py,kedro-org__kedro-3731,kedro-org/kedro,co_edited,1,1014,8040,67,109980
kedro-org__kedro-3731::kedro/framework/cli/pipeline.py,kedro-org__kedro-3731,kedro-org/kedro,symbol,2,1171,9358,67,109980
kedro-org__kedro-3944::kedro/io/core.py,kedro-org__kedro-3944,kedro-org/kedro,co_edited,1,786,5892,68,111546
kedro-org__kedro-3944::kedro/io/core.py,kedro-org__kedro-3944,kedro-org/kedro,symbol,1,786,5892,68,111546
kedro-org__kedro-3944::kedro/io/data_catalog.py,kedro-org__kedro-3944,kedro-org/kedro,co_edited,1,766,6067,68,111546
kedro-org__kedro-3944::kedro/io/data_catalog.py,kedro-org__kedro-3944,kedro-org/kedro,symbol,1,766,6067,68,111546
kedro-org__kedro-4570::kedro/pipeline/pipeline.py,kedro-org__kedro-4570,kedro-org/kedro,symbol,1,689,5537,74,130524
kedro-org__kedro-3947::kedro/framework/cli/utils.py,kedro-org__kedro-3947,kedro-org/kedro,symbol,1,31,228,68,111492
kedro-org__kedro-3838::docs/source/conf.py,kedro-org__kedro-3838,kedro-org/kedro,co_edited,3,886,7363,68,111126
kedro-org__kedro-3838::docs/source/conf.py,kedro-org__kedro-3838,kedro-org/kedro,symbol,2,826,6849,68,111126
kedro-org__kedro-3838::kedro/framework/project/__init__.py,kedro-org__kedro-3838,kedro-org/kedro,co_edited,3,995,7995,68,111126
kedro-org__kedro-3838::kedro/framework/project/__init__.py,kedro-org__kedro-3838,kedro-org/kedro,symbol,1,413,3337,68,111126
kedro-org__kedro-3838::kedro/ipython/__init__.py,kedro-org__kedro-3838,kedro-org/kedro,co_edited,3,995,8170,68,111126
kedro-org__kedro-3838::kedro/ipython/__init__.py,kedro-org__kedro-3838,kedro-org/kedro,symbol,1,413,3512,68,111126
kedro-org__kedro-3838::kedro/logging.py,kedro-org__kedro-3838,kedro-org/kedro,co_edited,3,1348,10993,68,111126
kedro-org__kedro-3838::kedro/logging.py,kedro-org__kedro-3838,kedro-org/kedro,symbol,2,826,6849,68,111126
keras-team__keras-19903::keras/api/_tf_keras/keras/ops/__init__.py,keras-team__keras-19903,keras-team/keras,co_edited,6,2783,21277,561,1076030
keras-team__keras-19903::keras/api/_tf_keras/keras/ops/__init__.py,keras-team__keras-19903,keras-team/keras,symbol,13,3618,27594,561,1076030
keras-team__keras-19903::keras/api/ops/__init__.py,keras-team__keras-19903,keras-team/keras,co_edited,6,2783,21277,561,1076030
keras-team__keras-19903::keras/api/ops/__init__.py,keras-team__keras-19903,keras-team/keras,symbol,13,3618,27594,561,1076030
keras-team__keras-19903::keras/src/backend/jax/core.py,keras-team__keras-19903,keras-team/keras,co_edited,6,2655,20559,561,1076030
keras-team__keras-19903::keras/src/backend/jax/core.py,keras-team__keras-19903,keras-team/keras,symbol,12,3256,24859,561,1076030
keras-team__keras-19903::keras/src/backend/numpy/core.py,keras-team__keras-19903,keras-team/keras,co_edited,6,2710,21156,561,1076030
keras-team__keras-19903::keras/src/backend/numpy/core.py,keras-team__keras-19903,keras-team/keras,symbol,12,3311,25456,561,1076030
keras-team__keras-19903::keras/src/backend/tensorflow/core.py,keras-team__keras-19903,keras-team/keras,co_edited,6,2574,20059,561,1076030
keras-team__keras-19903::keras/src/backend/tensorflow/core.py,keras-team__keras-19903,keras-team/keras,symbol,12,3175,24359,561,1076030
keras-team__keras-19903::keras/src/backend/torch/core.py,keras-team__keras-19903,keras-team/keras,co_edited,6,2473,19185,561,1076030
keras-team__keras-19903::keras/src/backend/torch/core.py,keras-team__keras-19903,keras-team/keras,symbol,12,3074,23485,561,1076030
keras-team__keras-19903::keras/src/ops/core.py,keras-team__keras-19903,keras-team/keras,co_edited,6,2124,16251,561,1076030
keras-team__keras-19903::keras/src/ops/core.py,keras-team__keras-19903,keras-team/keras,symbol,12,2725,20551,561,1076030
keras-team__keras-21072::keras/src/backend/common/variables.py,keras-team__keras-21072,keras-team/keras,co_edited,2,941,6840,637,1283885
keras-team__keras-21072::keras/src/backend/common/variables.py,keras-team__keras-21072,keras-team/keras,symbol,1,688,5036,637,1283885
keras-team__keras-21072::keras/src/backend/tensorflow/core.py,keras-team__keras-21072,keras-team/keras,co_edited,2,904,6582,637,1283885
keras-team__keras-21072::keras/src/backend/tensorflow/core.py,keras-team__keras-21072,keras-team/keras,symbol,1,651,4778,637,1283885
keras-team__keras-21072::keras/src/metrics/metric.py,keras-team__keras-21072,keras-team/keras,co_edited,2,1339,9814,637,1283885
keras-team__keras-21072::keras/src/metrics/metric.py,keras-team__keras-21072,keras-team/keras,symbol,2,1339,9814,637,1283885
keras-team__keras-20125::keras/src/ops/core.py,keras-team__keras-20125,keras-team/keras,symbol,2,682,4945,563,1088759
keras-team__keras-19284::keras/dtype_policies/dtype_policy.py,keras-team__keras-19284,keras-team/keras,co_edited,1,281,2628,428,967013
keras-team__keras-19284::keras/dtype_policies/dtype_policy.py,keras-team__keras-19284,keras-team/keras,symbol,1,281,2628,428,967013
keras-team__keras-19284::keras/layers/attention/attention.py,keras-team__keras-19284,keras-team/keras,co_edited,1,284,2198,428,967013
keras-team__keras-19883::keras/src/backend/torch/numpy.py,keras-team__keras-19883,keras-team/keras,co_edited,1,6243,49041,560,1072270
keras-team__keras-19883::keras/src/backend/torch/numpy.py,keras-team__keras-19883,keras-team/keras,symbol,1,6243,49041,560,1072270
keras-team__keras-19883::keras/src/ops/numpy.py,keras-team__keras-19883,keras-team/keras,co_edited,1,1632,12815,560,1072270
keras-team__keras-19883::keras/src/ops/numpy.py,keras-team__keras-19883,keras-team/keras,symbol,1,1632,12815,560,1072270
keras-team__keras-19685::keras/src/layers/layer.py,keras-team__keras-19685,keras-team/keras,co_edited,5,622,5049,560,1057864
keras-team__keras-19685::keras/src/layers/layer.py,keras-team__keras-19685,keras-team/keras,symbol,12,8463,66267,560,1057864
keras-team__keras-19685::keras/src/layers/merging/base_merge.py,keras-team__keras-19685,keras-team/keras,co_edited,5,2027,16016,560,1057864
keras-team__keras-19685::keras/src/layers/merging/base_merge.py,keras-team__keras-19685,keras-team/keras,symbol,12,9868,77234,560,1057864
keras-team__keras-19685::keras/src/layers/merging/concatenate.py,keras-team__keras-19685,keras-team/keras,co_edited,5,2095,16473,560,1057864
keras-team__keras-19685::keras/src/layers/merging/concatenate.py,keras-team__keras-19685,keras-team/keras,symbol,12,9936,77691,560,1057864
keras-team__keras-19685::keras/src/layers/merging/maximum.py,keras-team__keras-19685,keras-team/keras,co_edited,5,2197,17337,560,1057864
keras-team__keras-19685::keras/src/layers/merging/maximum.py,keras-team__keras-19685,keras-team/keras,symbol,12,10038,78555,560,1057864
keras-team__keras-19685::keras/src/layers/merging/minimum.py,keras-team__keras-19685,keras-team/keras,co_edited,5,2197,17337,560,1057864
keras-team__keras-19685::keras/src/layers/merging/minimum.py,keras-team__keras-19685,keras-team/keras,symbol,12,10038,78555,560,1057864
keras-team__keras-19685::keras/src/layers/merging/multiply.py,keras-team__keras-19685,keras-team/keras,co_edited,5,2197,17338,560,1057864
keras-team__keras-19685::keras/src/layers/merging/multiply.py,keras-team__keras-19685,keras-team/keras,symbol,12,10038,78556,560,1057864
keras-team__keras-20122::keras/src/backend/tensorflow/linalg.py,keras-team__keras-20122,keras-team/keras,co_edited,1,80,496,563,1088710
keras-team__keras-20122::keras/src/backend/tensorflow/linalg.py,keras-team__keras-20122,keras-team/keras,symbol,1,80,496,563,1088710
keras-team__keras-20122::keras/src/backend/torch/linalg.py,keras-team__keras-20122,keras-team/keras,co_edited,1,232,1903,563,1088710
keras-team__keras-20122::keras/src/backend/torch/linalg.py,keras-team__keras-20122,keras-team/keras,symbol,1,232,1903,563,1088710
keras-team__keras-20765::keras/src/layers/rnn/time_distributed.py,keras-team__keras-20765,keras-team/keras,symbol,6,597,4228,628,1234017
keras-team__keras-20609::keras/src/backend/tensorflow/trainer.py,keras-team__keras-20609,keras-team/keras,co_edited,2,1356,11948,590,1173465
keras-team__keras-20609::keras/src/backend/tensorflow/trainer.py,keras-team__keras-20609,keras-team/keras,symbol,10,10080,78876,590,1173465
keras-team__keras-20609::keras/src/losses/loss.py,keras-team__keras-20609,keras-team/keras,co_edited,2,2102,17141,590,1173465
keras-team__keras-20609::keras/src/losses/loss.py,keras-team__keras-20609,keras-team/keras,symbol,10,10826,84069,590,1173465
keras-team__keras-20609::keras/src/trainers/trainer.py,keras-team__keras-20609,keras-team/keras,co_edited,2,1192,8669,590,1173465
keras-team__keras-20609::keras/src/trainers/trainer.py,keras-team__keras-20609,keras-team/keras,symbol,10,9916,75597,590,1173465
keras-team__keras-20064::keras/src/backend/tensorflow/core.py,keras-team__keras-20064,keras-team/keras,symbol,2,285,2572,563,1088798
Kozea__WeasyPrint-2454::weasyprint/formatting_structure/build.py,Kozea__WeasyPrint-2454,kozea/weasyprint,co_edited,1,932,8367,66,264121
Kozea__WeasyPrint-2454::weasyprint/formatting_structure/build.py,Kozea__WeasyPrint-2454,kozea/weasyprint,symbol,5,3998,34060,66,264121
Kozea__WeasyPrint-2454::weasyprint/layout/flex.py,Kozea__WeasyPrint-2454,kozea/weasyprint,co_edited,1,1490,11778,66,264121
Kozea__WeasyPrint-2454::weasyprint/layout/flex.py,Kozea__WeasyPrint-2454,kozea/weasyprint,symbol,5,4556,37471,66,264121
kozea__weasyprint-2087::weasyprint/layout/preferred.py,kozea__weasyprint-2087,kozea/weasyprint,co_edited,1,1138,9849,60,228905
kozea__weasyprint-2087::weasyprint/layout/preferred.py,kozea__weasyprint-2087,kozea/weasyprint,symbol,1,1138,9849,60,228905
kozea__weasyprint-2087::weasyprint/layout/table.py,kozea__weasyprint-2087,kozea/weasyprint,co_edited,1,781,6623,60,228905
kozea__weasyprint-2087::weasyprint/layout/table.py,kozea__weasyprint-2087,kozea/weasyprint,symbol,1,781,6623,60,228905
kozea__weasyprint-2405::weasyprint/css/validation/descriptors.py,kozea__weasyprint-2405,kozea/weasyprint,co_edited,1,374,3833,66,262718
kozea__weasyprint-2405::weasyprint/css/validation/descriptors.py,kozea__weasyprint-2405,kozea/weasyprint,symbol,2,1156,9690,66,262718
kozea__weasyprint-2405::weasyprint/text/fonts.py,kozea__weasyprint-2405,kozea/weasyprint,co_edited,1,347,2425,66,262718
kozea__weasyprint-2405::weasyprint/text/fonts.py,kozea__weasyprint-2405,kozea/weasyprint,symbol,2,1129,8282,66,262718
kozea__weasyprint-2143::weasyprint/anchors.py,kozea__weasyprint-2143,kozea/weasyprint,co_edited,4,1902,15638,61,253434
kozea__weasyprint-2143::weasyprint/anchors.py,kozea__weasyprint-2143,kozea/weasyprint,symbol,4,1902,15638,61,253434
kozea__weasyprint-2143::weasyprint/document.py,kozea__weasyprint-2143,kozea/weasyprint,co_edited,4,1634,13232,61,253434
kozea__weasyprint-2143::weasyprint/document.py,kozea__weasyprint-2143,kozea/weasyprint,symbol,4,1634,13232,61,253434
kozea__weasyprint-2143::weasyprint/formatting_structure/boxes.py,kozea__weasyprint-2143,kozea/weasyprint,co_edited,4,1254,11284,61,253434
kozea__weasyprint-2143::weasyprint/formatting_structure/boxes.py,kozea__weasyprint-2143,kozea/weasyprint,symbol,4,1254,11284,61,253434
kozea__weasyprint-2143::weasyprint/pdf/__init__.py,kozea__weasyprint-2143,kozea/weasyprint,co_edited,4,1750,14546,61,253434
kozea__weasyprint-2143::weasyprint/pdf/__init__.py,kozea__weasyprint-2143,kozea/weasyprint,symbol,4,1750,14546,61,253434
kozea__weasyprint-2143::weasyprint/pdf/anchors.py,kozea__weasyprint-2143,kozea/weasyprint,co_edited,4,1668,13692,61,253434
kozea__weasyprint-2143::weasyprint/pdf/anchors.py,kozea__weasyprint-2143,kozea/weasyprint,symbol,4,1668,13692,61,253434
kozea__weasyprint-2233::weasyprint/layout/flex.py,kozea__weasyprint-2233,kozea/weasyprint,symbol,1,1091,9441,65,258947
kozea__weasyprint-2041::weasyprint/urls.py,kozea__weasyprint-2041,kozea/weasyprint,symbol,1,23,162,60,227816
kozea__weasyprint-2425::weasyprint/formatting_structure/boxes.py,kozea__weasyprint-2425,kozea/weasyprint,co_edited,3,2914,24393,66,262943
kozea__weasyprint-2425::weasyprint/formatting_structure/boxes.py,kozea__weasyprint-2425,kozea/weasyprint,symbol,3,2914,24393,66,262943
kozea__weasyprint-2425::weasyprint/formatting_structure/build.py,kozea__weasyprint-2425,kozea/weasyprint,co_edited,3,2232,18507,66,262943
kozea__weasyprint-2425::weasyprint/formatting_structure/build.py,kozea__weasyprint-2425,kozea/weasyprint,symbol,3,2232,18507,66,262943
kozea__weasyprint-2425::weasyprint/layout/absolute.py,kozea__weasyprint-2425,kozea/weasyprint,co_edited,3,3385,27200,66,262943
kozea__weasyprint-2425::weasyprint/layout/absolute.py,kozea__weasyprint-2425,kozea/weasyprint,symbol,3,3385,27200,66,262943
kozea__weasyprint-2425::weasyprint/layout/block.py,kozea__weasyprint-2425,kozea/weasyprint,co_edited,3,2656,20998,66,262943
kozea__weasyprint-2425::weasyprint/layout/block.py,kozea__weasyprint-2425,kozea/weasyprint,symbol,3,2656,20998,66,262943
kozea__weasyprint-2326::weasyprint/layout/preferred.py,kozea__weasyprint-2326,kozea/weasyprint,symbol,1,537,5191,66,262631
Kozea__WeasyPrint-2437::weasyprint/layout/block.py,Kozea__WeasyPrint-2437,kozea/weasyprint,symbol,1,816,5981,66,263692
kozea__weasyprint-2252::weasyprint/css/__init__.py,kozea__weasyprint-2252,kozea/weasyprint,co_edited,1,922,8021,65,261629
kozea__weasyprint-2252::weasyprint/css/__init__.py,kozea__weasyprint-2252,kozea/weasyprint,symbol,1,922,8021,65,261629
kozea__weasyprint-2252::weasyprint/layout/page.py,kozea__weasyprint-2252,kozea/weasyprint,co_edited,1,1123,9850,65,261629
kozea__weasyprint-2252::weasyprint/layout/page.py,kozea__weasyprint-2252,kozea/weasyprint,symbol,1,1123,9850,65,261629
linkml__linkml-1623::linkml/generators/jsonschemagen.py,linkml__linkml-1623,linkml/linkml,co_edited,1,981,8018,110,184001
linkml__linkml-1623::linkml/generators/jsonschemagen.py,linkml__linkml-1623,linkml/linkml,symbol,1,981,8018,110,184001
linkml__linkml-1623::linkml/utils/generator.py,linkml__linkml-1623,linkml/linkml,co_edited,1,613,4908,110,184001
linkml__linkml-1623::linkml/utils/generator.py,linkml__linkml-1623,linkml/linkml,symbol,1,613,4908,110,184001
linkml__linkml-275::linkml/generators/jsonschemagen.py,linkml__linkml-275,linkml/linkml,symbol,1,602,5817,34,69013
linkml__linkml-1343::linkml/utils/ifabsent_functions.py,linkml__linkml-1343,linkml/linkml,symbol,1,1074,9315,89,159525
linkml__linkml-995::linkml/linter/cli.py,linkml__linkml-995,linkml/linkml,symbol,2,515,4258,85,147713
linkml__linkml-283::linkml/generators/jsonldcontextgen.py,linkml__linkml-283,linkml/linkml,co_edited,4,1962,20165,34,69370
linkml__linkml-283::linkml/generators/jsonldcontextgen.py,linkml__linkml-283,linkml/linkml,symbol,3,1082,10712,34,69370
linkml__linkml-283::linkml/generators/owlgen.py,linkml__linkml-283,linkml/linkml,co_edited,4,1825,18242,34,69370
linkml__linkml-283::linkml/generators/owlgen.py,linkml__linkml-283,linkml/linkml,symbol,2,729,6884,34,69370
linkml__linkml-283::linkml/generators/prefixmapgen.py,linkml__linkml-283,linkml/linkml,co_edited,4,2051,21003,34,69370
linkml__linkml-283::linkml/generators/prefixmapgen.py,linkml__linkml-283,linkml/linkml,symbol,2,955,9645,34,69370
linkml__linkml-283::linkml/generators/pythongen.py,linkml__linkml-283,linkml/linkml,co_edited,4,1298,12617,34,69370
linkml__linkml-283::linkml/generators/pythongen.py,linkml__linkml-283,linkml/linkml,symbol,3,1082,10712,34,69370
linkml__linkml-283::linkml/utils/generator.py,linkml__linkml-283,linkml/linkml,co_edited,4,1576,16253,34,69370
linkml__linkml-283::linkml/utils/generator.py,linkml__linkml-283,linkml/linkml,symbol,2,480,4895,34,69370
linkml__linkml-992::linkml/linter/cli.py,linkml__linkml-992,linkml/linkml,co_edited,1,59,388,85,148008
linkml__linkml-992::linkml/linter/cli.py,linkml__linkml-992,linkml/linkml,symbol,2,87,511,85,148008
linkml__linkml-992::linkml/linter/formatters/terminal_formatter.py,linkml__linkml-992,linkml/linkml,co_edited,1,135,852,85,148008
linkml__linkml-992::linkml/linter/formatters/terminal_formatter.py,linkml__linkml-992,linkml/linkml,symbol,2,163,975,85,148008
linkml__linkml-1276::linkml/generators/jsonschemagen.py,linkml__linkml-1276,linkml/linkml,co_edited,1,304,2273,89,156293
linkml__linkml-1276::linkml/generators/jsonschemagen.py,linkml__linkml-1276,linkml/linkml,symbol,1,304,2273,89,156293
linkml__linkml-1276::linkml/workspaces/example_runner.py,linkml__linkml-1276,linkml/linkml,co_edited,1,485,3981,89,156293
linkml__linkml-1276::linkml/workspaces/example_runner.py,linkml__linkml-1276,linkml/linkml,symbol,1,485,3981,89,156293
marcosschroh__dataclasses-avroschema-198::dataclasses_avroschema/fields.py,marcosschroh__dataclasses-avroschema-198,marcosschroh/dataclasses-avroschema,co_edited,1,208,1683,12,14086
marcosschroh__dataclasses-avroschema-198::dataclasses_avroschema/fields.py,marcosschroh__dataclasses-avroschema-198,marcosschroh/dataclasses-avroschema,symbol,3,474,3469,12,14086
marcosschroh__dataclasses-avroschema-198::dataclasses_avroschema/schema_generator.py,marcosschroh__dataclasses-avroschema-198,marcosschroh/dataclasses-avroschema,co_edited,1,1091,7513,12,14086
marcosschroh__dataclasses-avroschema-198::dataclasses_avroschema/schema_generator.py,marcosschroh__dataclasses-avroschema-198,marcosschroh/dataclasses-avroschema,symbol,3,1357,9299,12,14086
marcosschroh__dataclasses-avroschema-236::dataclasses_avroschema/model_generator/generator.py,marcosschroh__dataclasses-avroschema-236,marcosschroh/dataclasses-avroschema,symbol,1,86,485,16,20784
marcosschroh__dataclasses-avroschema-835::dataclasses_avroschema/model_generator/lang/python/base.py,marcosschroh__dataclasses-avroschema-835,marcosschroh/dataclasses-avroschema,co_edited,1,235,1878,41,37394
marcosschroh__dataclasses-avroschema-835::dataclasses_avroschema/model_generator/lang/python/base.py,marcosschroh__dataclasses-avroschema-835,marcosschroh/dataclasses-avroschema,symbol,2,337,2553,41,37394
marcosschroh__dataclasses-avroschema-835::dataclasses_avroschema/utils.py,marcosschroh__dataclasses-avroschema-835,marcosschroh/dataclasses-avroschema,co_edited,1,767,6275,41,37394
marcosschroh__dataclasses-avroschema-835::dataclasses_avroschema/utils.py,marcosschroh__dataclasses-avroschema-835,marcosschroh/dataclasses-avroschema,symbol,2,869,6950,41,37394
marcosschroh__dataclasses-avroschema-777::dataclasses_avroschema/main.py,marcosschroh__dataclasses-avroschema-777,marcosschroh/dataclasses-avroschema,symbol,1,196,1557,40,34698
marcosschroh__dataclasses-avroschema-243::dataclasses_avroschema/fields.py,marcosschroh__dataclasses-avroschema-243,marcosschroh/dataclasses-avroschema,co_edited,3,539,3980,16,20841
marcosschroh__dataclasses-avroschema-243::dataclasses_avroschema/fields.py,marcosschroh__dataclasses-avroschema-243,marcosschroh/dataclasses-avroschema,symbol,2,388,3065,16,20841
marcosschroh__dataclasses-avroschema-243::dataclasses_avroschema/schema_definition.py,marcosschroh__dataclasses-avroschema-243,marcosschroh/dataclasses-avroschema,co_edited,3,1438,10363,16,20841
marcosschroh__dataclasses-avroschema-243::dataclasses_avroschema/schema_definition.py,marcosschroh__dataclasses-avroschema-243,marcosschroh/dataclasses-avroschema,symbol,3,1438,10363,16,20841
marcosschroh__dataclasses-avroschema-243::dataclasses_avroschema/schema_generator.py,marcosschroh__dataclasses-avroschema-243,marcosschroh/dataclasses-avroschema,co_edited,3,1354,9329,16,20841
marcosschroh__dataclasses-avroschema-243::dataclasses_avroschema/schema_generator.py,marcosschroh__dataclasses-avroschema-243,marcosschroh/dataclasses-avroschema,symbol,2,1203,8414,16,20841
marcosschroh__dataclasses-avroschema-243::dataclasses_avroschema/serialization.py,marcosschroh__dataclasses-avroschema-243,marcosschroh/dataclasses-avroschema,co_edited,3,1436,10162,16,20841
marcosschroh__dataclasses-avroschema-243::dataclasses_avroschema/serialization.py,marcosschroh__dataclasses-avroschema-243,marcosschroh/dataclasses-avroschema,symbol,2,1285,9247,16,20841
marcosschroh__dataclasses-avroschema-403::dataclasses_avroschema/model_generator/generator.py,marcosschroh__dataclasses-avroschema-403,marcosschroh/dataclasses-avroschema,symbol,1,79,624,22,24547
marcosschroh__dataclasses-avroschema-172::dataclasses_avroschema/fields.py,marcosschroh__dataclasses-avroschema-172,marcosschroh/dataclasses-avroschema,co_edited,1,121,821,11,12662
marcosschroh__dataclasses-avroschema-172::dataclasses_avroschema/fields.py,marcosschroh__dataclasses-avroschema-172,marcosschroh/dataclasses-avroschema,symbol,1,121,821,11,12662
marcosschroh__dataclasses-avroschema-172::dataclasses_avroschema/utils.py,marcosschroh__dataclasses-avroschema-172,marcosschroh/dataclasses-avroschema,co_edited,1,963,6576,11,12662
marcosschroh__dataclasses-avroschema-172::dataclasses_avroschema/utils.py,marcosschroh__dataclasses-avroschema-172,marcosschroh/dataclasses-avroschema,symbol,1,963,6576,11,12662
Materials-Consortia__optimade-python-tools-2250::optimade/client/client.py,Materials-Consortia__optimade-python-tools-2250,materials-consortia/optimade-python-tools,symbol,1,134,1053,78,133465
Materials-Consortia__optimade-python-tools-1844::optimade/models/responses.py,Materials-Consortia__optimade-python-tools-1844,materials-consortia/optimade-python-tools,symbol,2,605,4466,78,124487
Materials-Consortia__optimade-python-tools-670::optimade/validator/validator.py,Materials-Consortia__optimade-python-tools-670,materials-consortia/optimade-python-tools,symbol,1,402,2939,70,89722
Materials-Consortia__optimade-python-tools-484::optimade/models/jsonapi.py,Materials-Consortia__optimade-python-tools-484,materials-consortia/optimade-python-tools,co_edited,1,106,769,70,78009
Materials-Consortia__optimade-python-tools-484::optimade/models/links.py,Materials-Consortia__optimade-python-tools-484,materials-consortia/optimade-python-tools,co_edited,1,329,2381,70,78009
Materials-Consortia__optimade-python-tools-484::optimade/models/links.py,Materials-Consortia__optimade-python-tools-484,materials-consortia/optimade-python-tools,symbol,1,329,2381,70,78009
Materials-Consortia__optimade-python-tools-813::optimade/filterparser/lark_parser.py,Materials-Consortia__optimade-python-tools-813,materials-consortia/optimade-python-tools,symbol,3,80,503,72,97272
Materials-Consortia__optimade-python-tools-796::optimade/filtertransformers/elasticsearch.py,Materials-Consortia__optimade-python-tools-796,materials-consortia/optimade-python-tools,co_edited,2,1877,14667,72,96965
Materials-Consortia__optimade-python-tools-796::optimade/filtertransformers/elasticsearch.py,Materials-Consortia__optimade-python-tools-796,materials-consortia/optimade-python-tools,symbol,2,1877,14667,72,96965
Materials-Consortia__optimade-python-tools-796::optimade/filtertransformers/mongo.py,Materials-Consortia__optimade-python-tools-796,materials-consortia/optimade-python-tools,co_edited,2,1775,13753,72,96965
Materials-Consortia__optimade-python-tools-796::optimade/filtertransformers/mongo.py,Materials-Consortia__optimade-python-tools-796,materials-consortia/optimade-python-tools,symbol,2,1775,13753,72,96965
Materials-Consortia__optimade-python-tools-796::optimade/validator/validator.py,Materials-Consortia__optimade-python-tools-796,materials-consortia/optimade-python-tools,co_edited,2,900,7116,72,96965
Materials-Consortia__optimade-python-tools-796::optimade/validator/validator.py,Materials-Consortia__optimade-python-tools-796,materials-consortia/optimade-python-tools,symbol,2,900,7116,72,96965
matplotlib__matplotlib-26466::lib/matplotlib/text.py,matplotlib__matplotlib-26466,matplotlib/matplotlib,symbol,1,2975,24256,760,1694070
matplotlib__matplotlib-26472::lib/matplotlib/backend_bases.py,matplotlib__matplotlib-26472,matplotlib/matplotlib,co_edited,1,4315,34599,760,1694156
matplotlib__matplotlib-26472::lib/matplotlib/backend_bases.py,matplotlib__matplotlib-26472,matplotlib/matplotlib,symbol,1,4315,34599,760,1694156
matplotlib__matplotlib-26472::lib/matplotlib/pyplot.py,matplotlib__matplotlib-26472,matplotlib/matplotlib,co_edited,1,3472,27349,760,1694156
matplotlib__matplotlib-26472::lib/matplotlib/pyplot.py,matplotlib__matplotlib-26472,matplotlib/matplotlib,symbol,1,3472,27349,760,1694156
matplotlib__matplotlib-30223::lib/matplotlib/projections/polar.py,matplotlib__matplotlib-30223,matplotlib/matplotlib,co_edited,1,596,4914,759,1865313
matplotlib__matplotlib-30223::lib/matplotlib/projections/polar.py,matplotlib__matplotlib-30223,matplotlib/matplotlib,symbol,1,596,4914,759,1865313
matplotlib__matplotlib-30223::lib/matplotlib/spines.py,matplotlib__matplotlib-30223,matplotlib/matplotlib,co_edited,1,1519,12893,759,1865313
matplotlib__matplotlib-30223::lib/matplotlib/spines.py,matplotlib__matplotlib-30223,matplotlib/matplotlib,symbol,1,1519,12893,759,1865313
matrix-org__synapse-12358::synapse/types.py,matrix-org__synapse-12358,matrix-org/synapse,co_edited,1,732,5626,500,1370485
matrix-org__synapse-12358::synapse/types.py,matrix-org__synapse-12358,matrix-org/synapse,symbol,2,917,7107,500,1370485
matrix-org__synapse-12358::synapse/util/async_helpers.py,matrix-org__synapse-12358,matrix-org/synapse,co_edited,1,903,6935,500,1370485
matrix-org__synapse-12358::synapse/util/async_helpers.py,matrix-org__synapse-12358,matrix-org/synapse,symbol,1,185,1481,500,1370485
matrix-org__synapse-6098::synapse/config/server.py,matrix-org__synapse-6098,matrix-org/synapse,co_edited,3,1137,8370,394,843932
matrix-org__synapse-6098::synapse/config/server.py,matrix-org__synapse-6098,matrix-org/synapse,symbol,7,3979,29289,394,843932
matrix-org__synapse-6098::synapse/metrics/background_process_metrics.py,matrix-org__synapse-6098,matrix-org/synapse,co_edited,3,1779,13853,394,843932
matrix-org__synapse-6098::synapse/metrics/background_process_metrics.py,matrix-org__synapse-6098,matrix-org/synapse,symbol,7,4621,34772,394,843932
matrix-org__synapse-6098::synapse/storage/background_updates.py,matrix-org__synapse-6098,matrix-org/synapse,co_edited,3,1560,12207,394,843932
matrix-org__synapse-6098::synapse/storage/background_updates.py,matrix-org__synapse-6098,matrix-org/synapse,symbol,7,4402,33126,394,843932
matrix-org__synapse-6098::synapse/storage/client_ips.py,matrix-org__synapse-6098,matrix-org/synapse,co_edited,3,1491,11530,394,843932
matrix-org__synapse-6098::synapse/storage/client_ips.py,matrix-org__synapse-6098,matrix-org/synapse,symbol,7,4333,32449,394,843932
matrix-org__synapse-5415::synapse/api/auth.py,matrix-org__synapse-5415,matrix-org/synapse,co_edited,2,304,2383,374,785449
matrix-org__synapse-5415::synapse/api/auth.py,matrix-org__synapse-5415,matrix-org/synapse,symbol,2,304,2383,374,785449
matrix-org__synapse-5415::synapse/rest/client/v2_alpha/account_validity.py,matrix-org__synapse-5415,matrix-org/synapse,co_edited,2,1068,8395,374,785449
matrix-org__synapse-5415::synapse/rest/client/v2_alpha/account_validity.py,matrix-org__synapse-5415,matrix-org/synapse,symbol,2,1068,8395,374,785449
matrix-org__synapse-5415::synapse/storage/keys.py,matrix-org__synapse-5415,matrix-org/synapse,co_edited,2,946,7366,374,785449
matrix-org__synapse-5415::synapse/storage/keys.py,matrix-org__synapse-5415,matrix-org/synapse,symbol,2,946,7366,374,785449
matrix-org__synapse-5328::synapse/crypto/keyring.py,matrix-org__synapse-5328,matrix-org/synapse,co_edited,3,1939,14588,373,775201
matrix-org__synapse-5328::synapse/crypto/keyring.py,matrix-org__synapse-5328,matrix-org/synapse,symbol,6,3459,25625,373,775201
matrix-org__synapse-5328::synapse/federation/federation_base.py,matrix-org__synapse-5328,matrix-org/synapse,co_edited,3,2361,17421,373,775201
matrix-org__synapse-5328::synapse/federation/federation_base.py,matrix-org__synapse-5328,matrix-org/synapse,symbol,6,3881,28458,373,775201
matrix-org__synapse-5328::synapse/federation/transport/server.py,matrix-org__synapse-5328,matrix-org/synapse,co_edited,3,1257,9485,373,775201
matrix-org__synapse-5328::synapse/federation/transport/server.py,matrix-org__synapse-5328,matrix-org/synapse,symbol,6,2777,20522,373,775201
matrix-org__synapse-5328::synapse/rest/client/v1/voip.py,matrix-org__synapse-5328,matrix-org/synapse,co_edited,3,2660,19889,373,775201
matrix-org__synapse-5328::synapse/rest/client/v1/voip.py,matrix-org__synapse-5328,matrix-org/synapse,symbol,6,4180,30926,373,775201
matrix-org__synapse-5307::synapse/config/registration.py,matrix-org__synapse-5307,matrix-org/synapse,co_edited,2,2477,18791,374,775349
matrix-org__synapse-5307::synapse/config/registration.py,matrix-org__synapse-5307,matrix-org/synapse,symbol,2,2477,18791,374,775349
matrix-org__synapse-5307::synapse/crypto/keyring.py,matrix-org__synapse-5307,matrix-org/synapse,co_edited,2,1905,14983,374,775349
matrix-org__synapse-5307::synapse/crypto/keyring.py,matrix-org__synapse-5307,matrix-org/synapse,symbol,1,1672,12931,374,775349
matrix-org__synapse-5307::synapse/storage/_base.py,matrix-org__synapse-5307,matrix-org/synapse,co_edited,2,1038,7912,374,775349
matrix-org__synapse-5307::synapse/storage/_base.py,matrix-org__synapse-5307,matrix-org/synapse,symbol,1,805,5860,374,775349
matrix-org__synapse-5257::synapse/crypto/keyring.py,matrix-org__synapse-5257,matrix-org/synapse,co_edited,1,287,2052,373,772055
matrix-org__synapse-5257::synapse/crypto/keyring.py,matrix-org__synapse-5257,matrix-org/synapse,symbol,2,770,5554,373,772055
matrix-org__synapse-5257::synapse/http/servlet.py,matrix-org__synapse-5257,matrix-org/synapse,co_edited,1,767,5598,373,772055
matrix-org__synapse-5257::synapse/http/servlet.py,matrix-org__synapse-5257,matrix-org/synapse,symbol,2,1250,9100,373,772055
matrix-org__synapse-5256::synapse/crypto/keyring.py,matrix-org__synapse-5256,matrix-org/synapse,co_edited,2,377,2716,373,772062
matrix-org__synapse-5256::synapse/crypto/keyring.py,matrix-org__synapse-5256,matrix-org/synapse,symbol,4,925,6713,373,772062
matrix-org__synapse-5256::synapse/http/servlet.py,matrix-org__synapse-5256,matrix-org/synapse,co_edited,2,857,6255,373,772062
matrix-org__synapse-5256::synapse/http/servlet.py,matrix-org__synapse-5256,matrix-org/synapse,symbol,4,1405,10252,373,772062
matrix-org__synapse-5256::synapse/rest/client/v1/logout.py,matrix-org__synapse-5256,matrix-org/synapse,co_edited,2,1054,7657,373,772062
matrix-org__synapse-5256::synapse/rest/client/v1/logout.py,matrix-org__synapse-5256,matrix-org/synapse,symbol,4,1602,11654,373,772062
matrix-org__synapse-6711::synapse/rest/client/v2_alpha/auth.py,matrix-org__synapse-6711,matrix-org/synapse,co_edited,1,117,815,418,898968
matrix-org__synapse-6711::synapse/rest/client/v2_alpha/auth.py,matrix-org__synapse-6711,matrix-org/synapse,symbol,3,845,6236,418,898968
matrix-org__synapse-6711::synapse/storage/purge_events.py,matrix-org__synapse-6711,matrix-org/synapse,co_edited,1,248,1884,418,898968
matrix-org__synapse-6711::synapse/storage/purge_events.py,matrix-org__synapse-6711,matrix-org/synapse,symbol,2,728,5421,418,898968
matrix-org__synapse-4772::synapse/rest/client/v1/admin.py,matrix-org__synapse-4772,matrix-org/synapse,symbol,6,1099,7740,356,729715
matrix-org__synapse-6107::synapse/handlers/auth.py,matrix-org__synapse-6107,matrix-org/synapse,co_edited,2,940,7177,394,843342
matrix-org__synapse-6107::synapse/handlers/auth.py,matrix-org__synapse-6107,matrix-org/synapse,symbol,8,2183,16557,394,843342
matrix-org__synapse-6107::synapse/handlers/ui_auth/checkers.py,matrix-org__synapse-6107,matrix-org/synapse,co_edited,2,1708,13347,394,843342
matrix-org__synapse-6107::synapse/handlers/ui_auth/checkers.py,matrix-org__synapse-6107,matrix-org/synapse,symbol,8,2951,22727,394,843342
matrix-org__synapse-6107::synapse/rest/client/v2_alpha/register.py,matrix-org__synapse-6107,matrix-org/synapse,co_edited,2,1200,9430,394,843342
matrix-org__synapse-6107::synapse/rest/client/v2_alpha/register.py,matrix-org__synapse-6107,matrix-org/synapse,symbol,8,2443,18810,394,843342
mikedh__trimesh-609::trimesh/geometry.py,mikedh__trimesh-609,mikedh/trimesh,co_edited,2,2157,14431,131,324681
mikedh__trimesh-609::trimesh/geometry.py,mikedh__trimesh-609,mikedh/trimesh,symbol,3,2300,15589,131,324681
mikedh__trimesh-609::trimesh/util.py,mikedh__trimesh-609,mikedh/trimesh,co_edited,2,480,4128,131,324681
mikedh__trimesh-609::trimesh/util.py,mikedh__trimesh-609,mikedh/trimesh,symbol,3,623,5286,131,324681
mikedh__trimesh-609::trimesh/version.py,mikedh__trimesh-609,mikedh/trimesh,co_edited,2,2635,18537,131,324681
mikedh__trimesh-609::trimesh/version.py,mikedh__trimesh-609,mikedh/trimesh,symbol,3,2778,19695,131,324681
mikedh__trimesh-2265::trimesh/boolean.py,mikedh__trimesh-2265,mikedh/trimesh,co_edited,2,2912,21945,132,407454
mikedh__trimesh-2265::trimesh/boolean.py,mikedh__trimesh-2265,mikedh/trimesh,symbol,4,6188,44543,132,407454
mikedh__trimesh-2265::trimesh/creation.py,mikedh__trimesh-2265,mikedh/trimesh,co_edited,2,1707,11598,132,407454
mikedh__trimesh-2265::trimesh/creation.py,mikedh__trimesh-2265,mikedh/trimesh,symbol,4,4983,34196,132,407454
mikedh__trimesh-2265::trimesh/scene/scene.py,mikedh__trimesh-2265,mikedh/trimesh,co_edited,2,1683,13519,132,407454
mikedh__trimesh-2265::trimesh/scene/scene.py,mikedh__trimesh-2265,mikedh/trimesh,symbol,4,4959,36117,132,407454
mikedh__trimesh-2201::trimesh/base.py,mikedh__trimesh-2201,mikedh/trimesh,co_edited,2,2540,18460,131,403548
mikedh__trimesh-2201::trimesh/base.py,mikedh__trimesh-2201,mikedh/trimesh,symbol,3,2601,18838,131,403548
mikedh__trimesh-2201::trimesh/creation.py,mikedh__trimesh-2201,mikedh/trimesh,co_edited,2,4230,28701,131,403548
mikedh__trimesh-2201::trimesh/creation.py,mikedh__trimesh-2201,mikedh/trimesh,symbol,3,4291,29079,131,403548
mikedh__trimesh-2201::trimesh/primitives.py,mikedh__trimesh-2201,mikedh/trimesh,co_edited,2,4626,33129,131,403548
mikedh__trimesh-2201::trimesh/primitives.py,mikedh__trimesh-2201,mikedh/trimesh,symbol,3,4687,33507,131,403548
mikedh__trimesh-2133::trimesh/exchange/obj.py,mikedh__trimesh-2133,mikedh/trimesh,co_edited,3,1376,10311,132,402861
mikedh__trimesh-2133::trimesh/exchange/obj.py,mikedh__trimesh-2133,mikedh/trimesh,symbol,4,3840,26923,132,402861
mikedh__trimesh-2133::trimesh/exchange/off.py,mikedh__trimesh-2133,mikedh/trimesh,co_edited,3,2256,17540,132,402861
mikedh__trimesh-2133::trimesh/exchange/off.py,mikedh__trimesh-2133,mikedh/trimesh,symbol,4,4720,34152,132,402861
mikedh__trimesh-2133::trimesh/exchange/ply.py,mikedh__trimesh-2133,mikedh/trimesh,co_edited,3,1371,10967,132,402861
mikedh__trimesh-2133::trimesh/exchange/ply.py,mikedh__trimesh-2133,mikedh/trimesh,symbol,4,3835,27579,132,402861
mikedh__trimesh-2133::trimesh/exchange/stl.py,mikedh__trimesh-2133,mikedh/trimesh,co_edited,3,2050,15902,132,402861
mikedh__trimesh-2133::trimesh/exchange/stl.py,mikedh__trimesh-2133,mikedh/trimesh,symbol,4,4514,32514,132,402861
mikedh__trimesh-1331::trimesh/exchange/gltf.py,mikedh__trimesh-1331,mikedh/trimesh,co_edited,2,550,3428,132,358392
mikedh__trimesh-1331::trimesh/exchange/gltf.py,mikedh__trimesh-1331,mikedh/trimesh,symbol,2,550,3428,132,358392
mikedh__trimesh-1331::trimesh/version.py,mikedh__trimesh-1331,mikedh/trimesh,co_edited,2,2412,17217,132,358392
mikedh__trimesh-1331::trimesh/version.py,mikedh__trimesh-1331,mikedh/trimesh,symbol,2,2412,17217,132,358392
mikedh__trimesh-1331::trimesh/visual/material.py,mikedh__trimesh-1331,mikedh/trimesh,co_edited,2,1864,13811,132,358392
mikedh__trimesh-1331::trimesh/visual/material.py,mikedh__trimesh-1331,mikedh/trimesh,symbol,2,1864,13811,132,358392
mikedh__trimesh-706::trimesh/remesh.py,mikedh__trimesh-706,mikedh/trimesh,co_edited,1,1,11,131,330829
mikedh__trimesh-706::trimesh/remesh.py,mikedh__trimesh-706,mikedh/trimesh,symbol,1,1,11,131,330829
mikedh__trimesh-706::trimesh/version.py,mikedh__trimesh-706,mikedh/trimesh,co_edited,1,177,1252,131,330829
mikedh__trimesh-706::trimesh/version.py,mikedh__trimesh-706,mikedh/trimesh,symbol,1,177,1252,131,330829
mikedh__trimesh-2354::trimesh/bounds.py,mikedh__trimesh-2354,mikedh/trimesh,co_edited,8,6170,46944,134,415435
mikedh__trimesh-2354::trimesh/bounds.py,mikedh__trimesh-2354,mikedh/trimesh,symbol,9,4921,36272,134,415435
mikedh__trimesh-2354::trimesh/creation.py,mikedh__trimesh-2354,mikedh/trimesh,co_edited,8,5261,39728,134,415435
mikedh__trimesh-2354::trimesh/creation.py,mikedh__trimesh-2354,mikedh/trimesh,symbol,10,5502,41433,134,415435
mikedh__trimesh-2354::trimesh/exchange/threemf.py,mikedh__trimesh-2354,mikedh/trimesh,co_edited,8,6247,48248,134,415435
mikedh__trimesh-2354::trimesh/exchange/threemf.py,mikedh__trimesh-2354,mikedh/trimesh,symbol,9,4998,37576,134,415435
mikedh__trimesh-2354::trimesh/path/arc.py,mikedh__trimesh-2354,mikedh/trimesh,co_edited,8,6499,49929,134,415435
mikedh__trimesh-2354::trimesh/path/arc.py,mikedh__trimesh-2354,mikedh/trimesh,symbol,9,5250,39257,134,415435
mikedh__trimesh-2354::trimesh/path/curve.py,mikedh__trimesh-2354,mikedh/trimesh,co_edited,8,6621,51098,134,415435
mikedh__trimesh-2354::trimesh/path/curve.py,mikedh__trimesh-2354,mikedh/trimesh,symbol,9,5372,40426,134,415435
mikedh__trimesh-2354::trimesh/path/exchange/misc.py,mikedh__trimesh-2354,mikedh/trimesh,co_edited,8,6537,50615,134,415435
mikedh__trimesh-2354::trimesh/path/exchange/misc.py,mikedh__trimesh-2354,mikedh/trimesh,symbol,9,5288,39943,134,415435
mikedh__trimesh-2354::trimesh/rendering.py,mikedh__trimesh-2354,mikedh/trimesh,co_edited,8,6338,49099,134,415435
mikedh__trimesh-2354::trimesh/rendering.py,mikedh__trimesh-2354,mikedh/trimesh,symbol,9,5089,38427,134,415435
mikedh__trimesh-2354::trimesh/triangles.py,mikedh__trimesh-2354,mikedh/trimesh,co_edited,8,6031,45805,134,415435
mikedh__trimesh-2354::trimesh/triangles.py,mikedh__trimesh-2354,mikedh/trimesh,symbol,9,4782,35133,134,415435
mikedh__trimesh-2354::trimesh/util.py,mikedh__trimesh-2354,mikedh/trimesh,co_edited,8,4304,35374,134,415435
mikedh__trimesh-2354::trimesh/util.py,mikedh__trimesh-2354,mikedh/trimesh,symbol,9,3055,24702,134,415435
mikedh__trimesh-851::trimesh/exchange/dae.py,mikedh__trimesh-851,mikedh/trimesh,co_edited,4,1721,11440,132,341521
mikedh__trimesh-851::trimesh/exchange/dae.py,mikedh__trimesh-851,mikedh/trimesh,symbol,3,1286,8348,132,341521
mikedh__trimesh-851::trimesh/version.py,mikedh__trimesh-851,mikedh/trimesh,co_edited,4,2127,14302,132,341521
mikedh__trimesh-851::trimesh/version.py,mikedh__trimesh-851,mikedh/trimesh,symbol,3,1692,11210,132,341521
mikedh__trimesh-851::trimesh/visual/color.py,mikedh__trimesh-851,mikedh/trimesh,co_edited,4,1250,8622,132,341521
mikedh__trimesh-851::trimesh/visual/color.py,mikedh__trimesh-851,mikedh/trimesh,symbol,3,815,5530,132,341521
mikedh__trimesh-851::trimesh/visual/material.py,mikedh__trimesh-851,mikedh/trimesh,co_edited,4,1721,11667,132,341521
mikedh__trimesh-851::trimesh/visual/material.py,mikedh__trimesh-851,mikedh/trimesh,symbol,3,1286,8575,132,341521
mikedh__trimesh-851::trimesh/voxel/ops.py,mikedh__trimesh-851,mikedh/trimesh,co_edited,4,1693,11221,132,341521
mikedh__trimesh-851::trimesh/voxel/ops.py,mikedh__trimesh-851,mikedh/trimesh,symbol,4,1693,11221,132,341521
mikedh__trimesh-2136::trimesh/exchange/ply.py,mikedh__trimesh-2136,mikedh/trimesh,co_edited,1,2464,16612,132,402987
mikedh__trimesh-2136::trimesh/exchange/ply.py,mikedh__trimesh-2136,mikedh/trimesh,symbol,1,2464,16612,132,402987
mikedh__trimesh-2136::trimesh/util.py,mikedh__trimesh-2136,mikedh/trimesh,co_edited,1,988,7295,132,402987
mikedh__trimesh-2136::trimesh/util.py,mikedh__trimesh-2136,mikedh/trimesh,symbol,1,988,7295,132,402987
mikedh__trimesh-1444::trimesh/path/exchange/load.py,mikedh__trimesh-1444,mikedh/trimesh,co_edited,4,3431,23443,133,362114
mikedh__trimesh-1444::trimesh/path/exchange/load.py,mikedh__trimesh-1444,mikedh/trimesh,symbol,4,3431,23443,133,362114
mikedh__trimesh-1444::trimesh/path/exchange/misc.py,mikedh__trimesh-1444,mikedh/trimesh,co_edited,4,3300,22666,133,362114
mikedh__trimesh-1444::trimesh/path/exchange/misc.py,mikedh__trimesh-1444,mikedh/trimesh,symbol,4,3300,22666,133,362114
mikedh__trimesh-1444::trimesh/path/polygons.py,mikedh__trimesh-1444,mikedh/trimesh,co_edited,4,2726,18299,133,362114
mikedh__trimesh-1444::trimesh/path/polygons.py,mikedh__trimesh-1444,mikedh/trimesh,symbol,4,2726,18299,133,362114
mikedh__trimesh-1444::trimesh/util.py,mikedh__trimesh-1444,mikedh/trimesh,co_edited,4,1089,7747,133,362114
mikedh__trimesh-1444::trimesh/util.py,mikedh__trimesh-1444,mikedh/trimesh,symbol,4,1089,7747,133,362114
mikedh__trimesh-1444::trimesh/version.py,mikedh__trimesh-1444,mikedh/trimesh,co_edited,4,3514,24037,133,362114
mikedh__trimesh-1444::trimesh/version.py,mikedh__trimesh-1444,mikedh/trimesh,symbol,4,3514,24037,133,362114
mikedh__trimesh-1449::trimesh/exchange/obj.py,mikedh__trimesh-1449,mikedh/trimesh,co_edited,1,1,11,133,362171
mikedh__trimesh-1449::trimesh/exchange/obj.py,mikedh__trimesh-1449,mikedh/trimesh,symbol,1,1,11,133,362171
mikedh__trimesh-1449::trimesh/version.py,mikedh__trimesh-1449,mikedh/trimesh,co_edited,1,905,7314,133,362171
mikedh__trimesh-1449::trimesh/version.py,mikedh__trimesh-1449,mikedh/trimesh,symbol,1,905,7314,133,362171
mikedh__trimesh-2360::trimesh/exchange/gltf.py,mikedh__trimesh-2360,mikedh/trimesh,co_edited,2,2583,17249,134,415685
mikedh__trimesh-2360::trimesh/exchange/gltf.py,mikedh__trimesh-2360,mikedh/trimesh,symbol,4,5112,34483,134,415685
mikedh__trimesh-2360::trimesh/path/path.py,mikedh__trimesh-2360,mikedh/trimesh,co_edited,2,3269,24190,134,415685
mikedh__trimesh-2360::trimesh/path/path.py,mikedh__trimesh-2360,mikedh/trimesh,symbol,4,5798,41424,134,415685
mikedh__trimesh-2360::trimesh/visual/color.py,mikedh__trimesh-2360,mikedh/trimesh,co_edited,2,3636,25801,134,415685
mikedh__trimesh-2360::trimesh/visual/color.py,mikedh__trimesh-2360,mikedh/trimesh,symbol,4,6165,43035,134,415685
mikedh__trimesh-2411::trimesh/exchange/obj.py,mikedh__trimesh-2411,mikedh/trimesh,co_edited,3,1890,13560,134,419094
mikedh__trimesh-2411::trimesh/exchange/obj.py,mikedh__trimesh-2411,mikedh/trimesh,symbol,4,5064,35216,134,419094
mikedh__trimesh-2411::trimesh/ray/ray_pyembree.py,mikedh__trimesh-2411,mikedh/trimesh,co_edited,3,2536,19195,134,419094
mikedh__trimesh-2411::trimesh/ray/ray_pyembree.py,mikedh__trimesh-2411,mikedh/trimesh,symbol,4,5710,40851,134,419094
mikedh__trimesh-2411::trimesh/visual/color.py,mikedh__trimesh-2411,mikedh/trimesh,co_edited,3,1784,13939,134,419094
mikedh__trimesh-2411::trimesh/visual/color.py,mikedh__trimesh-2411,mikedh/trimesh,symbol,4,4958,35595,134,419094
mikedh__trimesh-2411::trimesh/voxel/ops.py,mikedh__trimesh-2411,mikedh/trimesh,co_edited,3,2460,18565,134,419094
mikedh__trimesh-2411::trimesh/voxel/ops.py,mikedh__trimesh-2411,mikedh/trimesh,symbol,4,5634,40221,134,419094
mikedh__trimesh-1287::trimesh/bounds.py,mikedh__trimesh-1287,mikedh/trimesh,co_edited,4,1747,12074,132,357262
mikedh__trimesh-1287::trimesh/bounds.py,mikedh__trimesh-1287,mikedh/trimesh,symbol,5,2240,15635,132,357262
mikedh__trimesh-1287::trimesh/caching.py,mikedh__trimesh-1287,mikedh/trimesh,co_edited,4,1509,11460,132,357262
mikedh__trimesh-1287::trimesh/caching.py,mikedh__trimesh-1287,mikedh/trimesh,symbol,5,2002,15021,132,357262
mikedh__trimesh-1287::trimesh/exchange/ply.py,mikedh__trimesh-1287,mikedh/trimesh,co_edited,4,1286,9185,132,357262
mikedh__trimesh-1287::trimesh/exchange/ply.py,mikedh__trimesh-1287,mikedh/trimesh,symbol,5,1779,12746,132,357262
mikedh__trimesh-1287::trimesh/path/exchange/load.py,mikedh__trimesh-1287,mikedh/trimesh,co_edited,4,2143,15439,132,357262
mikedh__trimesh-1287::trimesh/path/exchange/load.py,mikedh__trimesh-1287,mikedh/trimesh,symbol,5,2636,19000,132,357262
mikedh__trimesh-1287::trimesh/version.py,mikedh__trimesh-1287,mikedh/trimesh,co_edited,4,2227,16038,132,357262
mikedh__trimesh-1287::trimesh/version.py,mikedh__trimesh-1287,mikedh/trimesh,symbol,5,2720,19599,132,357262
mikedh__trimesh-2406::trimesh/exchange/obj.py,mikedh__trimesh-2406,mikedh/trimesh,co_edited,2,1922,13739,134,419051
mikedh__trimesh-2406::trimesh/exchange/obj.py,mikedh__trimesh-2406,mikedh/trimesh,symbol,3,4369,30475,134,419051
mikedh__trimesh-2406::trimesh/path/exchange/svg_io.py,mikedh__trimesh-2406,mikedh/trimesh,co_edited,2,2120,15906,134,419051
mikedh__trimesh-2406::trimesh/path/exchange/svg_io.py,mikedh__trimesh-2406,mikedh/trimesh,symbol,3,4567,32642,134,419051
mikedh__trimesh-2406::trimesh/visual/material.py,mikedh__trimesh-2406,mikedh/trimesh,co_edited,2,1800,14209,134,419051
mikedh__trimesh-2406::trimesh/visual/material.py,mikedh__trimesh-2406,mikedh/trimesh,symbol,3,4247,30945,134,419051
mikedh__trimesh-650::trimesh/exchange/load.py,mikedh__trimesh-650,mikedh/trimesh,co_edited,3,2258,15379,131,327157
mikedh__trimesh-650::trimesh/exchange/load.py,mikedh__trimesh-650,mikedh/trimesh,symbol,4,2947,19797,131,327157
mikedh__trimesh-650::trimesh/exchange/obj.py,mikedh__trimesh-650,mikedh/trimesh,co_edited,3,2100,13374,131,327157
mikedh__trimesh-650::trimesh/exchange/obj.py,mikedh__trimesh-650,mikedh/trimesh,symbol,4,2789,17792,131,327157
mikedh__trimesh-650::trimesh/path/path.py,mikedh__trimesh-650,mikedh/trimesh,co_edited,3,1375,10368,131,327157
mikedh__trimesh-650::trimesh/path/path.py,mikedh__trimesh-650,mikedh/trimesh,symbol,4,2064,14786,131,327157
mikedh__trimesh-650::trimesh/version.py,mikedh__trimesh-650,mikedh/trimesh,co_edited,3,2865,19544,131,327157
mikedh__trimesh-650::trimesh/version.py,mikedh__trimesh-650,mikedh/trimesh,symbol,4,3554,23962,131,327157
mikedh__trimesh-2152::trimesh/base.py,mikedh__trimesh-2152,mikedh/trimesh,co_edited,7,4067,28118,132,402981
mikedh__trimesh-2152::trimesh/base.py,mikedh__trimesh-2152,mikedh/trimesh,symbol,6,2593,19026,132,402981
mikedh__trimesh-2152::trimesh/boolean.py,mikedh__trimesh-2152,mikedh/trimesh,co_edited,7,7082,49014,132,402981
mikedh__trimesh-2152::trimesh/boolean.py,mikedh__trimesh-2152,mikedh/trimesh,symbol,6,2593,19026,132,402981
mikedh__trimesh-2152::trimesh/caching.py,mikedh__trimesh-2152,mikedh/trimesh,co_edited,7,6522,45331,132,402981
mikedh__trimesh-2152::trimesh/caching.py,mikedh__trimesh-2152,mikedh/trimesh,symbol,5,1892,14463,132,402981
mikedh__trimesh-2152::trimesh/exchange/ply.py,mikedh__trimesh-2152,mikedh/trimesh,co_edited,7,6231,42576,132,402981
mikedh__trimesh-2152::trimesh/exchange/ply.py,mikedh__trimesh-2152,mikedh/trimesh,symbol,5,1601,11708,132,402981
mikedh__trimesh-2152::trimesh/interfaces/blender.py,mikedh__trimesh-2152,mikedh/trimesh,co_edited,7,7144,49217,132,402981
mikedh__trimesh-2152::trimesh/interfaces/blender.py,mikedh__trimesh-2152,mikedh/trimesh,symbol,5,2514,18349,132,402981
mikedh__trimesh-2152::trimesh/parent.py,mikedh__trimesh-2152,mikedh/trimesh,co_edited,7,6924,48143,132,402981
mikedh__trimesh-2152::trimesh/parent.py,mikedh__trimesh-2152,mikedh/trimesh,symbol,5,2294,17275,132,402981
mikedh__trimesh-2152::trimesh/path/path.py,mikedh__trimesh-2152,mikedh/trimesh,co_edited,7,5736,40523,132,402981
mikedh__trimesh-2152::trimesh/path/path.py,mikedh__trimesh-2152,mikedh/trimesh,symbol,6,2593,19026,132,402981
mikedh__trimesh-2152::trimesh/visual/gloss.py,mikedh__trimesh-2152,mikedh/trimesh,co_edited,7,6855,46336,132,402981
mikedh__trimesh-2152::trimesh/visual/gloss.py,mikedh__trimesh-2152,mikedh/trimesh,symbol,5,2225,15468,132,402981
mikedh__trimesh-2142::trimesh/__init__.py,mikedh__trimesh-2142,mikedh/trimesh,co_edited,2,2074,15728,132,402959
mikedh__trimesh-2142::trimesh/__init__.py,mikedh__trimesh-2142,mikedh/trimesh,symbol,7,5030,36198,132,402959
mikedh__trimesh-2142::trimesh/exchange/gltf.py,mikedh__trimesh-2142,mikedh/trimesh,co_edited,2,114,549,132,402959
mikedh__trimesh-2142::trimesh/exchange/gltf.py,mikedh__trimesh-2142,mikedh/trimesh,symbol,7,3070,21019,132,402959
mikedh__trimesh-2142::trimesh/voxel/__init__.py,mikedh__trimesh-2142,mikedh/trimesh,co_edited,2,2182,16243,132,402959
mikedh__trimesh-2142::trimesh/voxel/__init__.py,mikedh__trimesh-2142,mikedh/trimesh,symbol,7,5138,36713,132,402959
missionpinball__mpf-1104::mpf/core/service_controller.py,missionpinball__mpf-1104,missionpinball/mpf,co_edited,1,615,4960,240,381056
missionpinball__mpf-1104::mpf/core/service_controller.py,missionpinball__mpf-1104,missionpinball/mpf,symbol,4,2236,17457,240,381056
missionpinball__mpf-1104::mpf/devices/light.py,missionpinball__mpf-1104,missionpinball/mpf,co_edited,1,112,845,240,381056
missionpinball__mpf-1104::mpf/devices/light.py,missionpinball__mpf-1104,missionpinball/mpf,symbol,4,1733,13342,240,381056
missionpinball__mpf-1137::mpf/core/config_spec.py,missionpinball__mpf-1137,missionpinball/mpf,symbol,10,1759,13509,240,385382
missionpinball__mpf-1287::mpf/config_players/coil_player.py,missionpinball__mpf-1287,missionpinball/mpf,symbol,1,155,1183,255,401508
missionpinball__mpf-1236::mpf/devices/drop_target.py,missionpinball__mpf-1236,missionpinball/mpf,symbol,1,155,1183,247,388414
missionpinball__mpf-1169::mpf/assets/show.py,missionpinball__mpf-1169,missionpinball/mpf,co_edited,1,227,1978,244,395447
missionpinball__mpf-1169::mpf/assets/show.py,missionpinball__mpf-1169,missionpinball/mpf,symbol,1,227,1978,244,395447
missionpinball__mpf-1169::mpf/config_players/show_player.py,missionpinball__mpf-1169,missionpinball/mpf,co_edited,1,698,5533,244,395447
missionpinball__mpf-1169::mpf/config_players/show_player.py,missionpinball__mpf-1169,missionpinball/mpf,symbol,1,698,5533,244,395447
missionpinball__mpf-1289::mpf/platforms/snux.py,missionpinball__mpf-1289,missionpinball/mpf,symbol,3,820,5879,255,401523
missionpinball__mpf-1074::mpf/core/placeholder_manager.py,missionpinball__mpf-1074,missionpinball/mpf,co_edited,1,99,778,236,378618
missionpinball__mpf-1074::mpf/core/placeholder_manager.py,missionpinball__mpf-1074,missionpinball/mpf,symbol,2,139,1017,236,378618
missionpinball__mpf-1074::mpf/devices/segment_display.py,missionpinball__mpf-1074,missionpinball/mpf,co_edited,1,759,5458,236,378618
missionpinball__mpf-1074::mpf/devices/segment_display.py,missionpinball__mpf-1074,missionpinball/mpf,symbol,2,799,5697,236,378618
missionpinball__mpf-1424::mpf/config_players/show_player.py,missionpinball__mpf-1424,missionpinball/mpf,co_edited,1,215,1803,267,450571
missionpinball__mpf-1424::mpf/config_players/show_player.py,missionpinball__mpf-1424,missionpinball/mpf,symbol,3,1002,7891,267,450571
missionpinball__mpf-1424::mpf/core/config_processor.py,missionpinball__mpf-1424,missionpinball/mpf,co_edited,1,208,1717,267,450571
missionpinball__mpf-1424::mpf/core/config_processor.py,missionpinball__mpf-1424,missionpinball/mpf,symbol,3,995,7805,267,450571
missionpinball__mpf-1244::mpf/modes/attract/code/attract.py,missionpinball__mpf-1244,missionpinball/mpf,co_edited,1,743,6043,247,390610
missionpinball__mpf-1244::mpf/modes/attract/code/attract.py,missionpinball__mpf-1244,missionpinball/mpf,symbol,2,1346,10732,247,390610
missionpinball__mpf-1244::mpf/modes/game/code/game.py,missionpinball__mpf-1244,missionpinball/mpf,co_edited,1,129,1162,247,390610
missionpinball__mpf-1244::mpf/modes/game/code/game.py,missionpinball__mpf-1244,missionpinball/mpf,symbol,2,732,5851,247,390610
mne-tools__mne-python-12324::mne/_fiff/meas_info.py,mne-tools__mne-python-12324,mne-tools/mne-python,co_edited,1,1739,14305,513,1831715
mne-tools__mne-python-12324::mne/_fiff/meas_info.py,mne-tools__mne-python-12324,mne-tools/mne-python,symbol,1,1739,14305,513,1831715
mne-tools__mne-python-12324::mne/annotations.py,mne-tools__mne-python-12324,mne-tools/mne-python,co_edited,1,3750,32427,513,1831715
mne-tools__mne-python-12507::mne/filter.py,mne-tools__mne-python-12507,mne-tools/mne-python,co_edited,2,5953,54297,516,1837770
mne-tools__mne-python-12507::mne/filter.py,mne-tools__mne-python-12507,mne-tools/mne-python,symbol,2,925,6814,516,1837770
mne-tools__mne-python-12507::mne/fixes.py,mne-tools__mne-python-12507,mne-tools/mne-python,co_edited,2,8075,72960,516,1837770
mne-tools__mne-python-12507::mne/fixes.py,mne-tools__mne-python-12507,mne-tools/mne-python,symbol,2,3047,25477,516,1837770
mne-tools__mne-python-12507::mne/utils/docs.py,mne-tools__mne-python-12507,mne-tools/mne-python,co_edited,2,3904,31819,516,1837770
mne-tools__mne-python-12507::mne/utils/docs.py,mne-tools__mne-python-12507,mne-tools/mne-python,symbol,3,3938,32055,516,1837770
mne-tools__mne-python-12080::mne/_fiff/tag.py,mne-tools__mne-python-12080,mne-tools/mne-python,co_edited,1,455,4509,508,1809993
mne-tools__mne-python-12080::mne/_fiff/tag.py,mne-tools__mne-python-12080,mne-tools/mne-python,symbol,1,455,4509,508,1809993
mne-tools__mne-python-12080::mne/_fiff/write.py,mne-tools__mne-python-12080,mne-tools/mne-python,co_edited,1,547,5177,508,1809993
mne-tools__mne-python-12080::mne/_fiff/write.py,mne-tools__mne-python-12080,mne-tools/mne-python,symbol,1,547,5177,508,1809993
mne-tools__mne-python-11939::mne/preprocessing/maxfilter.py,mne-tools__mne-python-11939,mne-tools/mne-python,symbol,1,207,1212,507,1804587
mne-tools__mne-python-12605::mne/_fiff/pick.py,mne-tools__mne-python-12605,mne-tools/mne-python,co_edited,2,6949,57758,518,1853213
mne-tools__mne-python-12605::mne/_fiff/pick.py,mne-tools__mne-python-12605,mne-tools/mne-python,symbol,2,6949,57758,518,1853213
mne-tools__mne-python-12605::mne/viz/topomap.py,mne-tools__mne-python-12605,mne-tools/mne-python,co_edited,2,4241,35959,518,1853213
mne-tools__mne-python-12605::mne/viz/topomap.py,mne-tools__mne-python-12605,mne-tools/mne-python,symbol,1,2825,24367,518,1853213
mne-tools__mne-python-12605::mne/viz/utils.py,mne-tools__mne-python-12605,mne-tools/mne-python,co_edited,2,5540,44983,518,1853213
mne-tools__mne-python-12605::mne/viz/utils.py,mne-tools__mne-python-12605,mne-tools/mne-python,symbol,1,4124,33391,518,1853213
mne-tools__mne-python-12033::mne/channels/channels.py,mne-tools__mne-python-12033,mne-tools/mne-python,co_edited,1,264,2361,508,1814642
mne-tools__mne-python-12033::mne/channels/channels.py,mne-tools__mne-python-12033,mne-tools/mne-python,symbol,1,264,2361,508,1814642
mne-tools__mne-python-12033::mne/channels/interpolation.py,mne-tools__mne-python-12033,mne-tools/mne-python,co_edited,1,2133,17916,508,1814642
mne-tools__mne-python-12033::mne/channels/interpolation.py,mne-tools__mne-python-12033,mne-tools/mne-python,symbol,1,2133,17916,508,1814642
mne-tools__mne-python-12661::mne/decoding/ssd.py,mne-tools__mne-python-12661,mne-tools/mne-python,co_edited,1,2039,19227,518,1852199
mne-tools__mne-python-12661::mne/decoding/ssd.py,mne-tools__mne-python-12661,mne-tools/mne-python,symbol,1,2039,19227,518,1852199
mne-tools__mne-python-12661::mne/io/edf/edf.py,mne-tools__mne-python-12661,mne-tools/mne-python,co_edited,1,398,3348,518,1852199
mne-tools__mne-python-12537::mne/io/base.py,mne-tools__mne-python-12537,mne-tools/mne-python,co_edited,3,6210,50756,516,1855275
mne-tools__mne-python-12537::mne/io/base.py,mne-tools__mne-python-12537,mne-tools/mne-python,symbol,7,14526,116800,516,1855275
mne-tools__mne-python-12537::mne/time_frequency/psd.py,mne-tools__mne-python-12537,mne-tools/mne-python,co_edited,3,9122,73635,516,1855275
mne-tools__mne-python-12537::mne/time_frequency/psd.py,mne-tools__mne-python-12537,mne-tools/mne-python,symbol,6,14289,114562,516,1855275
mne-tools__mne-python-12537::mne/time_frequency/spectrum.py,mne-tools__mne-python-12537,mne-tools/mne-python,co_edited,3,7775,63903,516,1855275
mne-tools__mne-python-12537::mne/time_frequency/spectrum.py,mne-tools__mne-python-12537,mne-tools/mne-python,symbol,6,12942,104830,516,1855275
mne-tools__mne-python-12537::mne/time_frequency/tfr.py,mne-tools__mne-python-12537,mne-tools/mne-python,co_edited,3,4970,39325,516,1855275
mne-tools__mne-python-12537::mne/time_frequency/tfr.py,mne-tools__mne-python-12537,mne-tools/mne-python,symbol,6,10137,80252,516,1855275
mne-tools__mne-python-11178::mne/time_frequency/spectrum.py,mne-tools__mne-python-11178,mne-tools/mne-python,symbol,1,2562,23389,475,1731394
mne-tools__mne-python-12027::mne/channels/channels.py,mne-tools__mne-python-12027,mne-tools/mne-python,co_edited,1,264,2361,508,1814642
mne-tools__mne-python-12027::mne/channels/channels.py,mne-tools__mne-python-12027,mne-tools/mne-python,symbol,1,264,2361,508,1814642
mne-tools__mne-python-12027::mne/channels/interpolation.py,mne-tools__mne-python-12027,mne-tools/mne-python,co_edited,1,2133,17916,508,1814642
mne-tools__mne-python-12027::mne/channels/interpolation.py,mne-tools__mne-python-12027,mne-tools/mne-python,symbol,1,2133,17916,508,1814642
mwaskom__seaborn-3069::seaborn/_core/plot.py,mwaskom__seaborn-3069,mwaskom/seaborn,symbol,3,994,6923,111,270696
mwaskom__seaborn-3217::seaborn/_core/plot.py,mwaskom__seaborn-3217,mwaskom/seaborn,co_edited,1,250,2123,113,275072
mwaskom__seaborn-3217::seaborn/_core/plot.py,mwaskom__seaborn-3217,mwaskom/seaborn,symbol,1,250,2123,113,275072
mwaskom__seaborn-3217::seaborn/_marks/bar.py,mwaskom__seaborn-3217,mwaskom/seaborn,co_edited,1,1672,13595,113,275072
mwaskom__seaborn-3217::seaborn/_marks/bar.py,mwaskom__seaborn-3217,mwaskom/seaborn,symbol,1,1672,13595,113,275072
mwaskom__seaborn-2979::seaborn/_core/plot.py,mwaskom__seaborn-2979,mwaskom/seaborn,co_edited,1,270,2351,109,268880
mwaskom__seaborn-2979::seaborn/_core/plot.py,mwaskom__seaborn-2979,mwaskom/seaborn,symbol,1,270,2351,109,268880
mwaskom__seaborn-2979::seaborn/_core/subplots.py,mwaskom__seaborn-2979,mwaskom/seaborn,co_edited,1,1580,12871,109,268880
mwaskom__seaborn-2979::seaborn/_core/subplots.py,mwaskom__seaborn-2979,mwaskom/seaborn,symbol,1,1580,12871,109,268880
mwaskom__seaborn-2813::seaborn/_statistics.py,mwaskom__seaborn-2813,mwaskom/seaborn,co_edited,2,3479,28958,110,271788
mwaskom__seaborn-2813::seaborn/axisgrid.py,mwaskom__seaborn-2813,mwaskom/seaborn,co_edited,2,1654,13763,110,271788
mwaskom__seaborn-2813::seaborn/axisgrid.py,mwaskom__seaborn-2813,mwaskom/seaborn,symbol,1,545,4279,110,271788
mwaskom__seaborn-2813::seaborn/regression.py,mwaskom__seaborn-2813,mwaskom/seaborn,co_edited,2,2915,23753,110,271788
mwaskom__seaborn-2813::seaborn/regression.py,mwaskom__seaborn-2813,mwaskom/seaborn,symbol,1,545,4279,110,271788
mwaskom__seaborn-3216::seaborn/_compat.py,mwaskom__seaborn-3216,mwaskom/seaborn,co_edited,1,1667,13533,113,274938
mwaskom__seaborn-3216::seaborn/_compat.py,mwaskom__seaborn-3216,mwaskom/seaborn,symbol,1,1667,13533,113,274938
mwaskom__seaborn-3216::seaborn/_core/plot.py,mwaskom__seaborn-3216,mwaskom/seaborn,co_edited,1,164,1331,113,274938
mwaskom__seaborn-3216::seaborn/_core/plot.py,mwaskom__seaborn-3216,mwaskom/seaborn,symbol,1,164,1331,113,274938
mwaskom__seaborn-3187::seaborn/_core/scales.py,mwaskom__seaborn-3187,mwaskom/seaborn,co_edited,1,872,6640,112,273641
mwaskom__seaborn-3187::seaborn/_core/scales.py,mwaskom__seaborn-3187,mwaskom/seaborn,symbol,1,872,6640,112,273641
mwaskom__seaborn-3187::seaborn/utils.py,mwaskom__seaborn-3187,mwaskom/seaborn,co_edited,1,980,6768,112,273641
mwaskom__seaborn-3187::seaborn/utils.py,mwaskom__seaborn-3187,mwaskom/seaborn,symbol,1,980,6768,112,273641
mwaskom__seaborn-2996::seaborn/_compat.py,mwaskom__seaborn-2996,mwaskom/seaborn,co_edited,1,1661,13458,108,271685
mwaskom__seaborn-2996::seaborn/_compat.py,mwaskom__seaborn-2996,mwaskom/seaborn,symbol,1,1661,13458,108,271685
mwaskom__seaborn-2996::seaborn/_core/plot.py,mwaskom__seaborn-2996,mwaskom/seaborn,co_edited,1,164,1335,108,271685
mwaskom__seaborn-2996::seaborn/_core/plot.py,mwaskom__seaborn-2996,mwaskom/seaborn,symbol,1,164,1335,108,271685
mwaskom__seaborn-3202::seaborn/_core/plot.py,mwaskom__seaborn-3202,mwaskom/seaborn,co_edited,1,988,6876,112,273791
mwaskom__seaborn-3202::seaborn/_core/plot.py,mwaskom__seaborn-3202,mwaskom/seaborn,symbol,1,988,6876,112,273791
mwaskom__seaborn-3202::seaborn/_core/scales.py,mwaskom__seaborn-3202,mwaskom/seaborn,co_edited,1,1670,13616,112,273791
mwaskom__seaborn-3202::seaborn/_core/scales.py,mwaskom__seaborn-3202,mwaskom/seaborn,symbol,1,1670,13616,112,273791
mwaskom__seaborn-3394::seaborn/_core/plot.py,mwaskom__seaborn-3394,mwaskom/seaborn,co_edited,2,1940,14699,113,279742
mwaskom__seaborn-3394::seaborn/_core/plot.py,mwaskom__seaborn-3394,mwaskom/seaborn,symbol,2,1940,14699,113,279742
mwaskom__seaborn-3394::seaborn/_core/rules.py,mwaskom__seaborn-3394,mwaskom/seaborn,co_edited,2,3547,27747,113,279742
mwaskom__seaborn-3394::seaborn/_core/rules.py,mwaskom__seaborn-3394,mwaskom/seaborn,symbol,2,3547,27747,113,279742
mwaskom__seaborn-3394::seaborn/_oldcore.py,mwaskom__seaborn-3394,mwaskom/seaborn,co_edited,2,1937,15362,113,279742
mwaskom__seaborn-3394::seaborn/_oldcore.py,mwaskom__seaborn-3394,mwaskom/seaborn,symbol,2,1937,15362,113,279742
mwaskom__seaborn-2457::seaborn/relational.py,mwaskom__seaborn-2457,mwaskom/seaborn,co_edited,1,728,5434,82,218893
mwaskom__seaborn-2457::seaborn/relational.py,mwaskom__seaborn-2457,mwaskom/seaborn,symbol,1,728,5434,82,218893
mwaskom__seaborn-2457::seaborn/utils.py,mwaskom__seaborn-2457,mwaskom/seaborn,co_edited,1,1078,8389,82,218893
mwaskom__seaborn-2457::seaborn/utils.py,mwaskom__seaborn-2457,mwaskom/seaborn,symbol,1,1078,8389,82,218893
narwhals-dev__narwhals-1040::narwhals/_arrow/series.py,narwhals-dev__narwhals-1040,narwhals-dev/narwhals,co_edited,3,5649,42941,121,299682
narwhals-dev__narwhals-1040::narwhals/_arrow/series.py,narwhals-dev__narwhals-1040,narwhals-dev/narwhals,symbol,5,2175,18962,121,299682
narwhals-dev__narwhals-1040::narwhals/_pandas_like/series.py,narwhals-dev__narwhals-1040,narwhals-dev/narwhals,co_edited,3,5815,43678,121,299682
narwhals-dev__narwhals-1040::narwhals/_pandas_like/series.py,narwhals-dev__narwhals-1040,narwhals-dev/narwhals,symbol,5,2341,19699,121,299682
narwhals-dev__narwhals-1040::narwhals/_polars/series.py,narwhals-dev__narwhals-1040,narwhals-dev/narwhals,co_edited,3,6537,50486,121,299682
narwhals-dev__narwhals-1040::narwhals/_polars/series.py,narwhals-dev__narwhals-1040,narwhals-dev/narwhals,symbol,5,3063,26507,121,299682
narwhals-dev__narwhals-1040::narwhals/series.py,narwhals-dev__narwhals-1040,narwhals-dev/narwhals,co_edited,3,2594,22405,121,299682
narwhals-dev__narwhals-1040::narwhals/series.py,narwhals-dev__narwhals-1040,narwhals-dev/narwhals,symbol,6,3391,29191,121,299682
narwhals-dev__narwhals-199::narwhals/_pandas_like/expr.py,narwhals-dev__narwhals-199,narwhals-dev/narwhals,co_edited,1,2123,19131,31,84968
narwhals-dev__narwhals-199::narwhals/_pandas_like/expr.py,narwhals-dev__narwhals-199,narwhals-dev/narwhals,symbol,6,3035,26633,31,84968
narwhals-dev__narwhals-199::narwhals/expression.py,narwhals-dev__narwhals-199,narwhals-dev/narwhals,co_edited,1,347,2712,31,84968
narwhals-dev__narwhals-199::narwhals/expression.py,narwhals-dev__narwhals-199,narwhals-dev/narwhals,symbol,6,1259,10214,31,84968
narwhals-dev__narwhals-944::narwhals/_dask/group_by.py,narwhals-dev__narwhals-944,narwhals-dev/narwhals,co_edited,3,8093,65003,116,235977
narwhals-dev__narwhals-944::narwhals/_dask/group_by.py,narwhals-dev__narwhals-944,narwhals-dev/narwhals,symbol,3,1295,10778,116,235977
narwhals-dev__narwhals-944::narwhals/_pandas_like/group_by.py,narwhals-dev__narwhals-944,narwhals-dev/narwhals,co_edited,3,7993,64064,116,235977
narwhals-dev__narwhals-944::narwhals/_pandas_like/group_by.py,narwhals-dev__narwhals-944,narwhals-dev/narwhals,symbol,3,1195,9839,116,235977
narwhals-dev__narwhals-944::narwhals/expr.py,narwhals-dev__narwhals-944,narwhals-dev/narwhals,co_edited,3,3993,28914,116,235977
narwhals-dev__narwhals-944::narwhals/expr.py,narwhals-dev__narwhals-944,narwhals-dev/narwhals,symbol,4,1451,12073,116,235977
narwhals-dev__narwhals-944::narwhals/series.py,narwhals-dev__narwhals-944,narwhals-dev/narwhals,co_edited,3,4668,40913,116,235977
narwhals-dev__narwhals-944::narwhals/series.py,narwhals-dev__narwhals-944,narwhals-dev/narwhals,symbol,4,1451,12073,116,235977
narwhals-dev__narwhals-1679::narwhals/_arrow/dataframe.py,narwhals-dev__narwhals-1679,narwhals-dev/narwhals,co_edited,1,1473,10646,109,393239
narwhals-dev__narwhals-1679::narwhals/_arrow/dataframe.py,narwhals-dev__narwhals-1679,narwhals-dev/narwhals,symbol,3,3972,31005,109,393239
narwhals-dev__narwhals-1679::narwhals/_dask/expr.py,narwhals-dev__narwhals-1679,narwhals-dev/narwhals,co_edited,1,754,5923,109,393239
narwhals-dev__narwhals-1679::narwhals/_dask/expr.py,narwhals-dev__narwhals-1679,narwhals-dev/narwhals,symbol,3,3253,26282,109,393239
narwhals-dev__narwhals-1303::narwhals/_pandas_like/dataframe.py,narwhals-dev__narwhals-1303,narwhals-dev/narwhals,co_edited,3,2491,20464,121,287165
narwhals-dev__narwhals-1303::narwhals/_pandas_like/dataframe.py,narwhals-dev__narwhals-1303,narwhals-dev/narwhals,symbol,6,3889,31287,121,287165
narwhals-dev__narwhals-1303::narwhals/_pandas_like/series.py,narwhals-dev__narwhals-1303,narwhals-dev/narwhals,co_edited,3,2323,18101,121,287165
narwhals-dev__narwhals-1303::narwhals/_pandas_like/series.py,narwhals-dev__narwhals-1303,narwhals-dev/narwhals,symbol,6,3721,28924,121,287165
narwhals-dev__narwhals-1303::narwhals/_pandas_like/utils.py,narwhals-dev__narwhals-1303,narwhals-dev/narwhals,co_edited,3,2716,21968,121,287165
narwhals-dev__narwhals-1303::narwhals/_pandas_like/utils.py,narwhals-dev__narwhals-1303,narwhals-dev/narwhals,symbol,6,4114,32791,121,287165
narwhals-dev__narwhals-1303::narwhals/translate.py,narwhals-dev__narwhals-1303,narwhals-dev/narwhals,co_edited,3,2409,20833,121,287165
narwhals-dev__narwhals-1303::narwhals/translate.py,narwhals-dev__narwhals-1303,narwhals-dev/narwhals,symbol,6,3807,31656,121,287165
narwhals-dev__narwhals-1613::narwhals/_arrow/group_by.py,narwhals-dev__narwhals-1613,narwhals-dev/narwhals,co_edited,1,312,2686,109,385735
narwhals-dev__narwhals-1613::narwhals/_arrow/group_by.py,narwhals-dev__narwhals-1613,narwhals-dev/narwhals,symbol,1,312,2686,109,385735
narwhals-dev__narwhals-1613::narwhals/_pandas_like/group_by.py,narwhals-dev__narwhals-1613,narwhals-dev/narwhals,co_edited,1,204,1652,109,385735
narwhals-dev__narwhals-1613::narwhals/_pandas_like/group_by.py,narwhals-dev__narwhals-1613,narwhals-dev/narwhals,symbol,1,204,1652,109,385735
narwhals-dev__narwhals-1475::narwhals/functions.py,narwhals-dev__narwhals-1475,narwhals-dev/narwhals,co_edited,1,3463,29100,102,350872
narwhals-dev__narwhals-1475::narwhals/functions.py,narwhals-dev__narwhals-1475,narwhals-dev/narwhals,symbol,5,6763,54473,102,350872
narwhals-dev__narwhals-1475::narwhals/stable/v1/__init__.py,narwhals-dev__narwhals-1475,narwhals-dev/narwhals,co_edited,1,921,7737,102,350872
narwhals-dev__narwhals-1475::narwhals/stable/v1/__init__.py,narwhals-dev__narwhals-1475,narwhals-dev/narwhals,symbol,6,7684,62210,102,350872
narwhals-dev__narwhals-917::narwhals/_arrow/group_by.py,narwhals-dev__narwhals-917,narwhals-dev/narwhals,co_edited,2,350,2974,105,228698
narwhals-dev__narwhals-917::narwhals/_arrow/group_by.py,narwhals-dev__narwhals-917,narwhals-dev/narwhals,symbol,2,350,2974,105,228698
narwhals-dev__narwhals-917::narwhals/_dask/group_by.py,narwhals-dev__narwhals-917,narwhals-dev/narwhals,co_edited,2,368,3089,105,228698
narwhals-dev__narwhals-917::narwhals/_dask/group_by.py,narwhals-dev__narwhals-917,narwhals-dev/narwhals,symbol,2,368,3089,105,228698
narwhals-dev__narwhals-917::narwhals/_pandas_like/group_by.py,narwhals-dev__narwhals-917,narwhals-dev/narwhals,co_edited,2,284,2359,105,228698
narwhals-dev__narwhals-917::narwhals/_pandas_like/group_by.py,narwhals-dev__narwhals-917,narwhals-dev/narwhals,symbol,2,284,2359,105,228698
narwhals-dev__narwhals-978::narwhals/_arrow/dataframe.py,narwhals-dev__narwhals-978,narwhals-dev/narwhals,co_edited,3,6217,55135,116,239289
narwhals-dev__narwhals-978::narwhals/_arrow/dataframe.py,narwhals-dev__narwhals-978,narwhals-dev/narwhals,symbol,7,11028,90506,116,239289
narwhals-dev__narwhals-978::narwhals/_arrow/utils.py,narwhals-dev__narwhals-978,narwhals-dev/narwhals,co_edited,3,6537,57546,116,239289
narwhals-dev__narwhals-978::narwhals/_arrow/utils.py,narwhals-dev__narwhals-978,narwhals-dev/narwhals,symbol,7,11348,92917,116,239289
narwhals-dev__narwhals-978::narwhals/dataframe.py,narwhals-dev__narwhals-978,narwhals-dev/narwhals,co_edited,3,2788,22190,116,239289
narwhals-dev__narwhals-978::narwhals/dataframe.py,narwhals-dev__narwhals-978,narwhals-dev/narwhals,symbol,7,7599,57561,116,239289
narwhals-dev__narwhals-978::narwhals/stable/v1.py,narwhals-dev__narwhals-978,narwhals-dev/narwhals,co_edited,3,4897,44733,116,239289
narwhals-dev__narwhals-978::narwhals/stable/v1.py,narwhals-dev__narwhals-978,narwhals-dev/narwhals,symbol,7,9708,80104,116,239289
narwhals-dev__narwhals-595::narwhals/_pandas_like/dataframe.py,narwhals-dev__narwhals-595,narwhals-dev/narwhals,symbol,3,1883,16322,54,169326
narwhals-dev__narwhals-828::narwhals/_expression_parsing.py,narwhals-dev__narwhals-828,narwhals-dev/narwhals,symbol,3,628,4521,63,201811
narwhals-dev__narwhals-1268::narwhals/_pandas_like/dataframe.py,narwhals-dev__narwhals-1268,narwhals-dev/narwhals,co_edited,1,994,9054,121,287265
narwhals-dev__narwhals-1268::narwhals/_pandas_like/dataframe.py,narwhals-dev__narwhals-1268,narwhals-dev/narwhals,symbol,1,994,9054,121,287265
narwhals-dev__narwhals-1268::narwhals/_pandas_like/series.py,narwhals-dev__narwhals-1268,narwhals-dev/narwhals,co_edited,1,819,6649,121,287265
narwhals-dev__narwhals-1268::narwhals/_pandas_like/series.py,narwhals-dev__narwhals-1268,narwhals-dev/narwhals,symbol,1,819,6649,121,287265
narwhals-dev__narwhals-1159::narwhals/_pandas_like/dataframe.py,narwhals-dev__narwhals-1159,narwhals-dev/narwhals,co_edited,3,5240,39655,118,267549
narwhals-dev__narwhals-1159::narwhals/_pandas_like/dataframe.py,narwhals-dev__narwhals-1159,narwhals-dev/narwhals,symbol,3,1402,12407,118,267549
narwhals-dev__narwhals-1159::narwhals/_pandas_like/series.py,narwhals-dev__narwhals-1159,narwhals-dev/narwhals,co_edited,3,5069,37440,118,267549
narwhals-dev__narwhals-1159::narwhals/_pandas_like/series.py,narwhals-dev__narwhals-1159,narwhals-dev/narwhals,symbol,3,1231,10192,118,267549
narwhals-dev__narwhals-1159::narwhals/_polars/series.py,narwhals-dev__narwhals-1159,narwhals-dev/narwhals,co_edited,3,5716,43527,118,267549
narwhals-dev__narwhals-1159::narwhals/_polars/series.py,narwhals-dev__narwhals-1159,narwhals-dev/narwhals,symbol,3,1878,16279,118,267549
narwhals-dev__narwhals-1159::narwhals/series.py,narwhals-dev__narwhals-1159,narwhals-dev/narwhals,co_edited,3,2026,17366,118,267549
narwhals-dev__narwhals-1159::narwhals/series.py,narwhals-dev__narwhals-1159,narwhals-dev/narwhals,symbol,4,2179,18748,118,267549
narwhals-dev__narwhals-1026::narwhals/_arrow/dataframe.py,narwhals-dev__narwhals-1026,narwhals-dev/narwhals,co_edited,2,968,8258,115,242027
narwhals-dev__narwhals-1026::narwhals/_arrow/dataframe.py,narwhals-dev__narwhals-1026,narwhals-dev/narwhals,symbol,3,1436,12283,115,242027
narwhals-dev__narwhals-1026::narwhals/_pandas_like/dataframe.py,narwhals-dev__narwhals-1026,narwhals-dev/narwhals,co_edited,2,864,7321,115,242027
narwhals-dev__narwhals-1026::narwhals/_pandas_like/dataframe.py,narwhals-dev__narwhals-1026,narwhals-dev/narwhals,symbol,3,1332,11346,115,242027
narwhals-dev__narwhals-1026::narwhals/_polars/dataframe.py,narwhals-dev__narwhals-1026,narwhals-dev/narwhals,co_edited,2,1332,10909,115,242027
narwhals-dev__narwhals-1026::narwhals/_polars/dataframe.py,narwhals-dev__narwhals-1026,narwhals-dev/narwhals,symbol,3,1800,14934,115,242027
narwhals-dev__narwhals-941::narwhals/_arrow/dataframe.py,narwhals-dev__narwhals-941,narwhals-dev/narwhals,co_edited,3,6551,57811,116,235739
narwhals-dev__narwhals-941::narwhals/_arrow/dataframe.py,narwhals-dev__narwhals-941,narwhals-dev/narwhals,symbol,5,11016,91214,116,235739
narwhals-dev__narwhals-941::narwhals/_pandas_like/dataframe.py,narwhals-dev__narwhals-941,narwhals-dev/narwhals,co_edited,3,6434,56718,116,235739
narwhals-dev__narwhals-941::narwhals/_pandas_like/dataframe.py,narwhals-dev__narwhals-941,narwhals-dev/narwhals,symbol,5,10899,90121,116,235739
narwhals-dev__narwhals-941::narwhals/dataframe.py,narwhals-dev__narwhals-941,narwhals-dev/narwhals,co_edited,3,3166,25246,116,235739
narwhals-dev__narwhals-941::narwhals/dataframe.py,narwhals-dev__narwhals-941,narwhals-dev/narwhals,symbol,5,7631,58649,116,235739
narwhals-dev__narwhals-941::narwhals/stable/v1.py,narwhals-dev__narwhals-941,narwhals-dev/narwhals,co_edited,3,5203,47233,116,235739
narwhals-dev__narwhals-941::narwhals/stable/v1.py,narwhals-dev__narwhals-941,narwhals-dev/narwhals,symbol,5,9668,80636,116,235739
networkx__networkx-5354::networkx/convert_matrix.py,networkx__networkx-5354,networkx/networkx,co_edited,1,1179,8913,346,845813
networkx__networkx-5354::networkx/convert_matrix.py,networkx__networkx-5354,networkx/networkx,symbol,1,1179,8913,346,845813
networkx__networkx-5354::networkx/drawing/layout.py,networkx__networkx-5354,networkx/networkx,co_edited,1,1641,14292,346,845813
networkx__networkx-7473::networkx/algorithms/dominance.py,networkx__networkx-7473,networkx/networkx,co_edited,1,1054,8351,370,979833
networkx__networkx-7473::networkx/algorithms/dominance.py,networkx__networkx-7473,networkx/networkx,symbol,1,1054,8351,370,979833
networkx__networkx-7473::networkx/generators/classic.py,networkx__networkx-7473,networkx/networkx,co_edited,1,135,940,370,979833
networkx__networkx-6798::networkx/algorithms/planarity.py,networkx__networkx-6798,networkx/networkx,co_edited,2,2889,24085,363,949804
networkx__networkx-6798::networkx/algorithms/planarity.py,networkx__networkx-6798,networkx/networkx,symbol,1,1133,9289,363,949804
networkx__networkx-6798::networkx/algorithms/similarity.py,networkx__networkx-6798,networkx/networkx,co_edited,2,2360,18829,363,949804
networkx__networkx-6798::networkx/algorithms/similarity.py,networkx__networkx-6798,networkx/networkx,symbol,2,2360,18829,363,949804
networkx__networkx-6798::networkx/algorithms/tree/mst.py,networkx__networkx-6798,networkx/networkx,co_edited,2,2983,24336,363,949804
networkx__networkx-6798::networkx/algorithms/tree/mst.py,networkx__networkx-6798,networkx/networkx,symbol,1,1227,9540,363,949804
networkx__networkx-7928::networkx/algorithms/centrality/betweenness.py,networkx__networkx-7928,networkx/networkx,co_edited,3,3286,27869,376,1002680
networkx__networkx-7928::networkx/algorithms/centrality/betweenness.py,networkx__networkx-7928,networkx/networkx,symbol,1,1230,10747,376,1002680
networkx__networkx-7928::networkx/algorithms/cycles.py,networkx__networkx-7928,networkx/networkx,co_edited,3,2492,20965,376,1002680
networkx__networkx-7928::networkx/algorithms/cycles.py,networkx__networkx-7928,networkx/networkx,symbol,1,436,3843,376,1002680
networkx__networkx-7928::networkx/drawing/layout.py,networkx__networkx-7928,networkx/networkx,co_edited,3,1844,16040,376,1002680
networkx__networkx-7928::networkx/drawing/layout.py,networkx__networkx-7928,networkx/networkx,symbol,2,1666,14590,376,1002680
networkx__networkx-7928::networkx/readwrite/json_graph/cytoscape.py,networkx__networkx-7928,networkx/networkx,co_edited,3,3544,30262,376,1002680
networkx__networkx-7928::networkx/readwrite/json_graph/cytoscape.py,networkx__networkx-7928,networkx/networkx,symbol,2,1666,14590,376,1002680
networkx__networkx-2713::networkx/algorithms/community/quality.py,networkx__networkx-2713,networkx/networkx,co_edited,1,732,5347,287,624076
networkx__networkx-2713::networkx/algorithms/community/quality.py,networkx__networkx-2713,networkx/networkx,symbol,1,732,5347,287,624076
networkx__networkx-2713::networkx/algorithms/simple_paths.py,networkx__networkx-2713,networkx/networkx,co_edited,1,320,2385,287,624076
networkx__networkx-2713::networkx/algorithms/simple_paths.py,networkx__networkx-2713,networkx/networkx,symbol,1,320,2385,287,624076
nilearn__nilearn-3823::nilearn/_utils/data_gen.py,nilearn__nilearn-3823,nilearn/nilearn,co_edited,2,508,3897,149,479255
nilearn__nilearn-3823::nilearn/interfaces/bids/_utils.py,nilearn__nilearn-3823,nilearn/nilearn,co_edited,2,1714,12624,149,479255
nilearn__nilearn-3823::nilearn/interfaces/bids/_utils.py,nilearn__nilearn-3823,nilearn/nilearn,symbol,1,1418,10151,149,479255
nilearn__nilearn-3823::nilearn/interfaces/fmriprep/load_confounds_utils.py,nilearn__nilearn-3823,nilearn/nilearn,co_edited,2,1630,11575,149,479255
nilearn__nilearn-3823::nilearn/interfaces/fmriprep/load_confounds_utils.py,nilearn__nilearn-3823,nilearn/nilearn,symbol,1,1418,10151,149,479255
nilearn__nilearn-4809::nilearn/_utils/docs.py,nilearn__nilearn-4809,nilearn/nilearn,co_edited,4,2621,18959,163,574833
nilearn__nilearn-4809::nilearn/_utils/docs.py,nilearn__nilearn-4809,nilearn/nilearn,symbol,7,4966,36934,163,574833
nilearn__nilearn-4809::nilearn/_utils/param_validation.py,nilearn__nilearn-4809,nilearn/nilearn,co_edited,4,3556,26875,163,574833
nilearn__nilearn-4809::nilearn/_utils/param_validation.py,nilearn__nilearn-4809,nilearn/nilearn,symbol,6,4603,34153,163,574833
nilearn__nilearn-4809::nilearn/maskers/nifti_labels_masker.py,nilearn__nilearn-4809,nilearn/nilearn,co_edited,4,2955,22872,163,574833
nilearn__nilearn-4809::nilearn/maskers/nifti_labels_masker.py,nilearn__nilearn-4809,nilearn/nilearn,symbol,6,4002,30150,163,574833
nilearn__nilearn-4809::nilearn/maskers/surface_labels_masker.py,nilearn__nilearn-4809,nilearn/nilearn,co_edited,4,3299,25412,163,574833
nilearn__nilearn-4809::nilearn/maskers/surface_labels_masker.py,nilearn__nilearn-4809,nilearn/nilearn,symbol,6,4346,32690,163,574833
nilearn__nilearn-4809::nilearn/regions/signal_extraction.py,nilearn__nilearn-4809,nilearn/nilearn,co_edited,4,3245,24506,163,574833
nilearn__nilearn-4809::nilearn/regions/signal_extraction.py,nilearn__nilearn-4809,nilearn/nilearn,symbol,6,4292,31784,163,574833
nilearn__nilearn-4929::nilearn/datasets/atlas.py,nilearn__nilearn-4929,nilearn/nilearn,symbol,9,4840,37598,158,552598
nilearn__nilearn-4256::nilearn/maskers/multi_nifti_labels_masker.py,nilearn__nilearn-4256,nilearn/nilearn,co_edited,7,5561,42471,156,503596
nilearn__nilearn-4256::nilearn/maskers/multi_nifti_labels_masker.py,nilearn__nilearn-4256,nilearn/nilearn,symbol,4,6172,47276,156,503596
nilearn__nilearn-4256::nilearn/maskers/multi_nifti_maps_masker.py,nilearn__nilearn-4256,nilearn/nilearn,co_edited,7,5566,42473,156,503596
nilearn__nilearn-4256::nilearn/maskers/multi_nifti_maps_masker.py,nilearn__nilearn-4256,nilearn/nilearn,symbol,4,6172,47276,156,503596
nilearn__nilearn-4256::nilearn/maskers/multi_nifti_masker.py,nilearn__nilearn-4256,nilearn/nilearn,co_edited,7,5335,40754,156,503596
nilearn__nilearn-4256::nilearn/maskers/multi_nifti_masker.py,nilearn__nilearn-4256,nilearn/nilearn,symbol,4,6172,47276,156,503596
nilearn__nilearn-4256::nilearn/maskers/nifti_labels_masker.py,nilearn__nilearn-4256,nilearn/nilearn,co_edited,7,5033,38620,156,503596
nilearn__nilearn-4256::nilearn/maskers/nifti_labels_masker.py,nilearn__nilearn-4256,nilearn/nilearn,symbol,4,6172,47276,156,503596
nilearn__nilearn-4256::nilearn/maskers/nifti_maps_masker.py,nilearn__nilearn-4256,nilearn/nilearn,co_edited,7,5141,39273,156,503596
nilearn__nilearn-4256::nilearn/maskers/nifti_maps_masker.py,nilearn__nilearn-4256,nilearn/nilearn,symbol,4,6172,47276,156,503596
nilearn__nilearn-4256::nilearn/maskers/nifti_masker.py,nilearn__nilearn-4256,nilearn/nilearn,co_edited,7,5192,39652,156,503596
nilearn__nilearn-4256::nilearn/maskers/nifti_masker.py,nilearn__nilearn-4256,nilearn/nilearn,symbol,4,6172,47276,156,503596
nilearn__nilearn-4256::nilearn/maskers/nifti_spheres_masker.py,nilearn__nilearn-4256,nilearn/nilearn,co_edited,7,5028,38386,156,503596
nilearn__nilearn-4256::nilearn/maskers/nifti_spheres_masker.py,nilearn__nilearn-4256,nilearn/nilearn,symbol,4,6172,47276,156,503596
nilearn__nilearn-4256::nilearn/plotting/displays/_slicers.py,nilearn__nilearn-4256,nilearn/nilearn,co_edited,7,3632,26812,156,503596
nilearn__nilearn-4256::nilearn/plotting/displays/_slicers.py,nilearn__nilearn-4256,nilearn/nilearn,symbol,3,4020,30025,156,503596
nilearn__nilearn-5059::nilearn/_utils/class_inspect.py,nilearn__nilearn-5059,nilearn/nilearn,symbol,1,79,527,161,562418
nilearn__nilearn-4967::nilearn/_utils/glm.py,nilearn__nilearn-4967,nilearn/nilearn,co_edited,3,3367,25349,158,550948
nilearn__nilearn-4967::nilearn/_utils/glm.py,nilearn__nilearn-4967,nilearn/nilearn,symbol,3,3367,25349,158,550948
nilearn__nilearn-4967::nilearn/glm/first_level/first_level.py,nilearn__nilearn-4967,nilearn/nilearn,co_edited,3,1045,7322,158,550948
nilearn__nilearn-4967::nilearn/glm/first_level/first_level.py,nilearn__nilearn-4967,nilearn/nilearn,symbol,3,1045,7322,158,550948
nilearn__nilearn-4967::nilearn/regions/hierarchical_kmeans_clustering.py,nilearn__nilearn-4967,nilearn/nilearn,co_edited,3,3104,23409,158,550948
nilearn__nilearn-4967::nilearn/regions/hierarchical_kmeans_clustering.py,nilearn__nilearn-4967,nilearn/nilearn,symbol,3,3104,23409,158,550948
nilearn__nilearn-4967::nilearn/regions/parcellations.py,nilearn__nilearn-4967,nilearn/nilearn,co_edited,3,2867,21749,158,550948
nilearn__nilearn-4967::nilearn/regions/parcellations.py,nilearn__nilearn-4967,nilearn/nilearn,symbol,3,2867,21749,158,550948
nilearn__nilearn-4939::nilearn/regions/hierarchical_kmeans_clustering.py,nilearn__nilearn-4939,nilearn/nilearn,co_edited,1,594,4194,158,550948
nilearn__nilearn-4939::nilearn/regions/hierarchical_kmeans_clustering.py,nilearn__nilearn-4939,nilearn/nilearn,symbol,1,594,4194,158,550948
nilearn__nilearn-4939::nilearn/regions/parcellations.py,nilearn__nilearn-4939,nilearn/nilearn,co_edited,1,357,2534,158,550948
nilearn__nilearn-4939::nilearn/regions/parcellations.py,nilearn__nilearn-4939,nilearn/nilearn,symbol,1,357,2534,158,550948
nilearn__nilearn-3819::nilearn/_utils/data_gen.py,nilearn__nilearn-3819,nilearn/nilearn,co_edited,3,2223,17554,149,479243
nilearn__nilearn-3819::nilearn/_utils/data_gen.py,nilearn__nilearn-3819,nilearn/nilearn,symbol,1,1715,13657,149,479243
nilearn__nilearn-3819::nilearn/glm/first_level/first_level.py,nilearn__nilearn-3819,nilearn/nilearn,co_edited,3,1926,14048,149,479243
nilearn__nilearn-3819::nilearn/glm/first_level/first_level.py,nilearn__nilearn-3819,nilearn/nilearn,symbol,1,1418,10151,149,479243
nilearn__nilearn-3819::nilearn/interfaces/bids/_utils.py,nilearn__nilearn-3819,nilearn/nilearn,co_edited,3,3429,26281,149,479243
nilearn__nilearn-3819::nilearn/interfaces/bids/_utils.py,nilearn__nilearn-3819,nilearn/nilearn,symbol,2,3133,23808,149,479243
nilearn__nilearn-3819::nilearn/interfaces/fmriprep/load_confounds_utils.py,nilearn__nilearn-3819,nilearn/nilearn,co_edited,3,3345,25232,149,479243
nilearn__nilearn-3819::nilearn/interfaces/fmriprep/load_confounds_utils.py,nilearn__nilearn-3819,nilearn/nilearn,symbol,2,3133,23808,149,479243
nilearn__nilearn-3098::nilearn/datasets/atlas.py,nilearn__nilearn-3098,nilearn/nilearn,symbol,1,933,6830,152,447467
nilearn__nilearn-4258::nilearn/reporting/glm_reporter.py,nilearn__nilearn-4258,nilearn/nilearn,symbol,1,2140,15441,156,503096
nilearn__nilearn-4701::nilearn/datasets/_utils.py,nilearn__nilearn-4701,nilearn/nilearn,co_edited,1,423,3727,159,532792
nilearn__nilearn-4701::nilearn/mass_univariate/_utils.py,nilearn__nilearn-4701,nilearn/nilearn,co_edited,1,907,6149,159,532792
nilearn__nilearn-4701::nilearn/mass_univariate/_utils.py,nilearn__nilearn-4701,nilearn/nilearn,symbol,1,907,6149,159,532792
nilearn__nilearn-4802::nilearn/glm/first_level/first_level.py,nilearn__nilearn-4802,nilearn/nilearn,co_edited,1,306,2450,154,539814
nilearn__nilearn-4802::nilearn/glm/first_level/first_level.py,nilearn__nilearn-4802,nilearn/nilearn,symbol,7,5224,38088,154,539814
nilearn__nilearn-4802::nilearn/interfaces/bids/query.py,nilearn__nilearn-4802,nilearn/nilearn,co_edited,1,2403,18548,154,539814
nilearn__nilearn-4802::nilearn/interfaces/bids/query.py,nilearn__nilearn-4802,nilearn/nilearn,symbol,7,7321,54186,154,539814
nilearn__nilearn-3971::maint_tools/citation_cff_maint.py,nilearn__nilearn-3971,nilearn/nilearn,co_edited,2,436,3141,149,487188
nilearn__nilearn-3971::maint_tools/citation_cff_maint.py,nilearn__nilearn-3971,nilearn/nilearn,symbol,2,436,3141,149,487188
nilearn__nilearn-3971::nilearn/maskers/multi_nifti_labels_masker.py,nilearn__nilearn-3971,nilearn/nilearn,co_edited,2,416,2851,149,487188
nilearn__nilearn-3971::nilearn/maskers/multi_nifti_labels_masker.py,nilearn__nilearn-3971,nilearn/nilearn,symbol,2,416,2851,149,487188
nilearn__nilearn-3971::nilearn/maskers/multi_nifti_maps_masker.py,nilearn__nilearn-3971,nilearn/nilearn,co_edited,2,422,2856,149,487188
nilearn__nilearn-3971::nilearn/maskers/multi_nifti_maps_masker.py,nilearn__nilearn-3971,nilearn/nilearn,symbol,2,422,2856,149,487188
nipy__nipype-2030::nipype/interfaces/spm/model.py,nipy__nipype-2030,nipy/nipype,symbol,2,2685,20287,375,1111709
nipy__nipype-2669::nipype/pipeline/engine/base.py,nipy__nipype-2669,nipy/nipype,co_edited,2,2946,24185,395,1213555
nipy__nipype-2669::nipype/pipeline/engine/base.py,nipy__nipype-2669,nipy/nipype,symbol,1,1674,13815,395,1213555
nipy__nipype-2669::nipype/pipeline/engine/nodes.py,nipy__nipype-2669,nipy/nipype,co_edited,2,1778,14457,395,1213555
nipy__nipype-2669::nipype/pipeline/engine/nodes.py,nipy__nipype-2669,nipy/nipype,symbol,2,1778,14457,395,1213555
nipy__nipype-2669::nipype/pipeline/engine/utils.py,nipy__nipype-2669,nipy/nipype,co_edited,2,1376,11012,395,1213555
nipy__nipype-2669::nipype/pipeline/engine/utils.py,nipy__nipype-2669,nipy/nipype,symbol,1,104,642,395,1213555
nipy__nipype-3663::nipype/interfaces/mrtrix3/utils.py,nipy__nipype-3663,nipy/nipype,symbol,1,138,990,316,1023579
nipy__nipype-2502::nipype/interfaces/afni/preprocess.py,nipy__nipype-2502,nipy/nipype,co_edited,1,1303,9119,382,1195300
nipy__nipype-2502::nipype/interfaces/afni/preprocess.py,nipy__nipype-2502,nipy/nipype,symbol,2,1606,11309,382,1195300
nipy__nipype-2502::nipype/interfaces/base/core.py,nipy__nipype-2502,nipy/nipype,co_edited,1,3594,35163,382,1195300
nipy__nipype-2502::nipype/interfaces/base/core.py,nipy__nipype-2502,nipy/nipype,symbol,2,3897,37353,382,1195300
nipy__nipype-3658::nipype/interfaces/mrtrix3/utils.py,nipy__nipype-3658,nipy/nipype,symbol,1,601,4332,316,1023630
nipy__nipype-1937::nipype/interfaces/utility/base.py,nipy__nipype-1937,nipy/nipype,symbol,1,2132,15811,355,1060654
nipy__nipype-2750::nipype/interfaces/fsl/epi.py,nipy__nipype-2750,nipy/nipype,symbol,2,1649,11700,396,1222506
nipy__nipype-2749::nipype/interfaces/ants/segmentation.py,nipy__nipype-2749,nipy/nipype,co_edited,2,4169,33935,395,1216125
nipy__nipype-2749::nipype/interfaces/ants/segmentation.py,nipy__nipype-2749,nipy/nipype,symbol,7,7600,57936,395,1216125
nipy__nipype-2749::nipype/interfaces/fsl/dti.py,nipy__nipype-2749,nipy/nipype,co_edited,2,4336,37335,395,1216125
nipy__nipype-2749::nipype/interfaces/fsl/dti.py,nipy__nipype-2749,nipy/nipype,symbol,7,7767,61336,395,1216125
nipy__nipype-2749::nipype/interfaces/fsl/utils.py,nipy__nipype-2749,nipy/nipype,co_edited,2,3095,28698,395,1216125
nipy__nipype-2749::nipype/interfaces/fsl/utils.py,nipy__nipype-2749,nipy/nipype,symbol,7,6526,52699,395,1216125
nipy__nipype-2595::nipype/utils/config.py,nipy__nipype-2595,nipy/nipype,symbol,2,160,1229,391,1206137
nipy__nipype-2757::nipype/info.py,nipy__nipype-2757,nipy/nipype,co_edited,1,216,2068,395,1216231
nipy__nipype-2757::nipype/info.py,nipy__nipype-2757,nipy/nipype,symbol,2,1578,11626,395,1216231
nipy__nipype-2757::nipype/interfaces/meshfix.py,nipy__nipype-2757,nipy/nipype,co_edited,1,184,1704,395,1216231
nipy__nipype-2757::nipype/interfaces/meshfix.py,nipy__nipype-2757,nipy/nipype,symbol,2,1546,11262,395,1216231
nltk__nltk-2888::nltk/grammar.py,nltk__nltk-2888,nltk/nltk,co_edited,3,733,6470,296,1059551
nltk__nltk-2888::nltk/grammar.py,nltk__nltk-2888,nltk/nltk,symbol,2,296,2016,296,1059551
nltk__nltk-2888::nltk/parse/generate.py,nltk__nltk-2888,nltk/nltk,co_edited,3,2352,19023,296,1059551
nltk__nltk-2888::nltk/parse/generate.py,nltk__nltk-2888,nltk/nltk,symbol,2,1915,14569,296,1059551
nltk__nltk-2888::nltk/parse/util.py,nltk__nltk-2888,nltk/nltk,co_edited,3,2207,17570,296,1059551
nltk__nltk-2888::nltk/parse/util.py,nltk__nltk-2888,nltk/nltk,symbol,3,2003,15173,296,1059551
nltk__nltk-2888::nltk/parse/viterbi.py,nltk__nltk-2888,nltk/nltk,co_edited,3,2028,15818,296,1059551
nltk__nltk-2888::nltk/parse/viterbi.py,nltk__nltk-2888,nltk/nltk,symbol,3,2003,15173,296,1059551
nltk__nltk-3156::nltk/tokenize/simple.py,nltk__nltk-3156,nltk/nltk,symbol,1,83,524,296,1082724
nltk__nltk-2514::nltk/stem/porter.py,nltk__nltk-2514,nltk/nltk,symbol,1,27,181,287,1049013
nltk__nltk-2564::nltk/lm/__init__.py,nltk__nltk-2564,nltk/nltk,co_edited,1,845,6166,287,1049523
nltk__nltk-2564::nltk/lm/__init__.py,nltk__nltk-2564,nltk/nltk,symbol,1,845,6166,287,1049523
nltk__nltk-2564::nltk/util.py,nltk__nltk-2564,nltk/nltk,co_edited,1,239,2012,287,1049523
nltk__nltk-2768::nltk/translate/ribes_score.py,nltk__nltk-2768,nltk/nltk,symbol,1,1033,8164,289,1054794
numba__numba-6681::numba/core/byteflow.py,numba__numba-6681,numba/numba,co_edited,1,934,6689,328,1115048
numba__numba-6681::numba/core/byteflow.py,numba__numba-6681,numba/numba,symbol,2,1690,11499,328,1115048
numba__numba-6681::numba/core/controlflow.py,numba__numba-6681,numba/numba,co_edited,1,1460,10408,328,1115048
numba__numba-6681::numba/core/controlflow.py,numba__numba-6681,numba/numba,symbol,2,2216,15218,328,1115048
numba__numba-5557::numba/core/types/function_type.py,numba__numba-5557,numba/numba,symbol,1,170,982,451,1041901
numba__numba-6654::numba/core/typing/npydecl.py,numba__numba-6654,numba/numba,co_edited,1,669,5385,328,1110116
numba__numba-6654::numba/core/typing/npydecl.py,numba__numba-6654,numba/numba,symbol,2,1425,10195,328,1110116
numba__numba-6654::numba/np/numpy_support.py,numba__numba-6654,numba/numba,co_edited,1,1257,9538,328,1110116
numba__numba-6654::numba/np/numpy_support.py,numba__numba-6654,numba/numba,symbol,2,2013,14348,328,1110116
numba__numba-6028::numba/cpython/tupleobj.py,numba__numba-6028,numba/numba,symbol,1,527,3774,316,1038056
numba__numba-6635::numba/core/untyped_passes.py,numba__numba-6635,numba/numba,symbol,1,434,2837,326,1104328
numba__numba-5627::numba/core/ssa.py,numba__numba-5627,numba/numba,co_edited,1,608,3700,364,1037505
numba__numba-5627::numba/core/ssa.py,numba__numba-5627,numba/numba,symbol,1,608,3700,364,1037505
numba__numba-5627::numba/typed/typedlist.py,numba__numba-5627,numba/numba,co_edited,1,450,3363,364,1037505
numba__numba-5627::numba/typed/typedlist.py,numba__numba-5627,numba/numba,symbol,1,450,3363,364,1037505
numba__numba-6582::numba/core/cgutils.py,numba__numba-6582,numba/numba,co_edited,1,1309,9483,325,1096204
numba__numba-6582::numba/core/cgutils.py,numba__numba-6582,numba/numba,symbol,1,1309,9483,325,1096204
numba__numba-6582::numba/typed/dictobject.py,numba__numba-6582,numba/numba,co_edited,1,1138,8692,325,1096204
numba__numba-6582::numba/typed/dictobject.py,numba__numba-6582,numba/numba,symbol,1,1138,8692,325,1096204
numba__numba-5624::numba/core/analysis.py,numba__numba-5624,numba/numba,co_edited,1,608,3700,364,1037505
numba__numba-5624::numba/core/analysis.py,numba__numba-5624,numba/numba,symbol,1,608,3700,364,1037505
numba__numba-5624::numba/typed/typedlist.py,numba__numba-5624,numba/numba,co_edited,1,595,4905,364,1037505
numba__numba-5624::numba/typed/typedlist.py,numba__numba-5624,numba/numba,symbol,1,595,4905,364,1037505
numba__numba-6265::numba/core/ir_utils.py,numba__numba-6265,numba/numba,symbol,4,2550,19829,319,1048369
numba__numba-5213::numba/cpython/unicode.py,numba__numba-5213,numba/numba,symbol,1,761,11811,360,1010254
numba__numba-3883::numba/analysis.py,numba__numba-3883,numba/numba,symbol,4,1587,10603,327,881224
numba__numba-5356::numba/core/codegen.py,numba__numba-5356,numba/numba,co_edited,4,4748,33310,360,1017103
numba__numba-5356::numba/core/codegen.py,numba__numba-5356,numba/numba,symbol,3,3474,23268,360,1017103
numba__numba-5356::numba/core/ir.py,numba__numba-5356,numba/numba,co_edited,4,4072,29277,360,1017103
numba__numba-5356::numba/core/ir.py,numba__numba-5356,numba/numba,symbol,2,1924,12723,360,1017103
numba__numba-5356::numba/core/lowering.py,numba__numba-5356,numba/numba,co_edited,4,4348,29780,360,1017103
numba__numba-5356::numba/core/lowering.py,numba__numba-5356,numba/numba,symbol,3,3474,23268,360,1017103
numba__numba-5356::numba/typed/listobject.py,numba__numba-5356,numba/numba,co_edited,4,4175,29786,360,1017103
numba__numba-5356::numba/typed/listobject.py,numba__numba-5356,numba/numba,symbol,2,2027,13232,360,1017103
numba__numba-5356::numba/typed/typedlist.py,numba__numba-5356,numba/numba,co_edited,4,5145,37135,360,1017103
numba__numba-5356::numba/typed/typedlist.py,numba__numba-5356,numba/numba,symbol,2,2997,20581,360,1017103
numba__numba-5527::numba/core/typeinfer.py,numba__numba-5527,numba/numba,symbol,3,1371,8429,423,1043797
numba__numba-6622::numba/core/byteflow.py,numba__numba-6622,numba/numba,co_edited,3,2675,22120,328,1110116
numba__numba-6622::numba/core/byteflow.py,numba__numba-6622,numba/numba,symbol,13,6913,50452,328,1110116
numba__numba-6622::numba/core/dataflow.py,numba__numba-6622,numba/numba,co_edited,3,3268,25941,328,1110116
numba__numba-6622::numba/core/dataflow.py,numba__numba-6622,numba/numba,symbol,13,7506,54273,328,1110116
numba__numba-6622::numba/core/interpreter.py,numba__numba-6622,numba/numba,co_edited,3,2373,17354,328,1110116
numba__numba-6622::numba/core/interpreter.py,numba__numba-6622,numba/numba,symbol,13,6611,45686,328,1110116
numba__numba-6622::numba/cpython/unsafe/tuple.py,numba__numba-6622,numba/numba,co_edited,3,4068,32001,328,1110116
numba__numba-6622::numba/cpython/unsafe/tuple.py,numba__numba-6622,numba/numba,symbol,13,8306,60333,328,1110116
numba__numba-5478::numba/core/lowering.py,numba__numba-5478,numba/numba,co_edited,4,3924,28119,422,1043187
numba__numba-5478::numba/core/lowering.py,numba__numba-5478,numba/numba,symbol,6,5118,36949,422,1043187
numba__numba-5478::numba/core/typeinfer.py,numba__numba-5478,numba/numba,co_edited,4,3648,25909,422,1043187
numba__numba-5478::numba/core/typeinfer.py,numba__numba-5478,numba/numba,symbol,6,4842,34739,422,1043187
numba__numba-5478::numba/core/types/misc.py,numba__numba-5478,numba/numba,co_edited,4,4777,35899,422,1043187
numba__numba-5478::numba/core/types/misc.py,numba__numba-5478,numba/numba,symbol,6,5971,44729,422,1043187
numba__numba-5478::numba/core/typing/builtins.py,numba__numba-5478,numba/numba,co_edited,4,4209,31942,422,1043187
numba__numba-5478::numba/core/typing/builtins.py,numba__numba-5478,numba/numba,symbol,6,5403,40772,422,1043187
numba__numba-5478::numba/core/typing/context.py,numba__numba-5478,numba/numba,co_edited,4,4586,33979,422,1043187
numba__numba-5478::numba/core/typing/context.py,numba__numba-5478,numba/numba,symbol,6,5780,42809,422,1043187
NVIDIA__hpc-container-maker-427::hpccm/building_blocks/slurm_pmi2.py,NVIDIA__hpc-container-maker-427,nvidia/hpc-container-maker,co_edited,1,68,818,108,165926
NVIDIA__hpc-container-maker-427::hpccm/building_blocks/slurm_pmi2.py,NVIDIA__hpc-container-maker-427,nvidia/hpc-container-maker,symbol,1,68,818,108,165926
NVIDIA__hpc-container-maker-427::recipes/osu_benchmarks/common.py,NVIDIA__hpc-container-maker-427,nvidia/hpc-container-maker,co_edited,1,152,1348,108,165926
NVIDIA__hpc-container-maker-427::recipes/osu_benchmarks/common.py,NVIDIA__hpc-container-maker-427,nvidia/hpc-container-maker,symbol,1,152,1348,108,165926
NVIDIA__hpc-container-maker-486::hpccm/config.py,NVIDIA__hpc-container-maker-486,nvidia/hpc-container-maker,co_edited,1,195,1981,108,166826
NVIDIA__hpc-container-maker-486::hpccm/config.py,NVIDIA__hpc-container-maker-486,nvidia/hpc-container-maker,symbol,3,275,2596,108,166826
NVIDIA__hpc-container-maker-486::hpccm/primitives/baseimage.py,NVIDIA__hpc-container-maker-486,nvidia/hpc-container-maker,co_edited,1,270,2232,108,166826
NVIDIA__hpc-container-maker-486::hpccm/primitives/baseimage.py,NVIDIA__hpc-container-maker-486,nvidia/hpc-container-maker,symbol,3,350,2847,108,166826
NVIDIA__hpc-container-maker-312::hpccm/building_blocks/conda.py,NVIDIA__hpc-container-maker-312,nvidia/hpc-container-maker,co_edited,1,361,3385,103,153197
NVIDIA__hpc-container-maker-312::hpccm/building_blocks/conda.py,NVIDIA__hpc-container-maker-312,nvidia/hpc-container-maker,symbol,1,361,3385,103,153197
NVIDIA__hpc-container-maker-312::hpccm/building_blocks/llvm.py,NVIDIA__hpc-container-maker-312,nvidia/hpc-container-maker,co_edited,1,230,1935,103,153197
NVIDIA__hpc-container-maker-312::hpccm/building_blocks/llvm.py,NVIDIA__hpc-container-maker-312,nvidia/hpc-container-maker,symbol,1,230,1935,103,153197
NVIDIA__hpc-container-maker-445::hpccm/building_blocks/cmake.py,NVIDIA__hpc-container-maker-445,nvidia/hpc-container-maker,symbol,3,350,2865,108,166306
oasis-open__cti-python-stix2-145::docs/conf.py,oasis-open__cti-python-stix2-145,oasis-open/cti-python-stix2,co_edited,3,875,7437,26,53706
oasis-open__cti-python-stix2-145::docs/conf.py,oasis-open__cti-python-stix2-145,oasis-open/cti-python-stix2,symbol,3,749,6498,26,53706
oasis-open__cti-python-stix2-145::stix2/base.py,oasis-open__cti-python-stix2-145,oasis-open/cti-python-stix2,co_edited,3,730,6175,26,53706
oasis-open__cti-python-stix2-145::stix2/base.py,oasis-open__cti-python-stix2-145,oasis-open/cti-python-stix2,symbol,4,868,7320,26,53706
oasis-open__cti-python-stix2-145::stix2/datastore/filesystem.py,oasis-open__cti-python-stix2-145,oasis-open/cti-python-stix2,co_edited,3,659,5256,26,53706
oasis-open__cti-python-stix2-145::stix2/datastore/filesystem.py,oasis-open__cti-python-stix2-145,oasis-open/cti-python-stix2,symbol,3,533,4317,26,53706
oasis-open__cti-python-stix2-145::stix2/datastore/taxii.py,oasis-open__cti-python-stix2-145,oasis-open/cti-python-stix2,co_edited,3,718,5909,26,53706
oasis-open__cti-python-stix2-145::stix2/datastore/taxii.py,oasis-open__cti-python-stix2-145,oasis-open/cti-python-stix2,symbol,3,592,4970,26,53706
oasis-open__cti-python-stix2-444::setup.py,oasis-open__cti-python-stix2-444,oasis-open/cti-python-stix2,co_edited,2,1042,7470,45,117835
oasis-open__cti-python-stix2-444::setup.py,oasis-open__cti-python-stix2-444,oasis-open/cti-python-stix2,symbol,2,1042,7470,45,117835
oasis-open__cti-python-stix2-444::stix2/datastore/__init__.py,oasis-open__cti-python-stix2-444,oasis-open/cti-python-stix2,co_edited,2,393,3077,45,117835
oasis-open__cti-python-stix2-444::stix2/datastore/__init__.py,oasis-open__cti-python-stix2-444,oasis-open/cti-python-stix2,symbol,1,327,2543,45,117835
oasis-open__cti-python-stix2-444::stix2/utils.py,oasis-open__cti-python-stix2-444,oasis-open/cti-python-stix2,co_edited,2,781,5461,45,117835
oasis-open__cti-python-stix2-444::stix2/utils.py,oasis-open__cti-python-stix2-444,oasis-open/cti-python-stix2,symbol,1,715,4927,45,117835
oasis-open__cti-python-stix2-74::stix2/core.py,oasis-open__cti-python-stix2-74,oasis-open/cti-python-stix2,co_edited,1,391,2981,25,44278
oasis-open__cti-python-stix2-74::stix2/core.py,oasis-open__cti-python-stix2-74,oasis-open/cti-python-stix2,symbol,1,391,2981,25,44278
oasis-open__cti-python-stix2-74::stix2/properties.py,oasis-open__cti-python-stix2-74,oasis-open/cti-python-stix2,co_edited,1,101,732,25,44278
oasis-open__cti-python-stix2-74::stix2/properties.py,oasis-open__cti-python-stix2-74,oasis-open/cti-python-stix2,symbol,1,101,732,25,44278
oasis-open__cti-python-stix2-470::stix2/v21/sro.py,oasis-open__cti-python-stix2-470,oasis-open/cti-python-stix2,symbol,1,723,5686,56,134228
oasis-open__cti-python-stix2-534::stix2/equivalence/pattern/transform/comparison.py,oasis-open__cti-python-stix2-534,oasis-open/cti-python-stix2,co_edited,1,704,5306,61,155978
oasis-open__cti-python-stix2-534::stix2/equivalence/pattern/transform/comparison.py,oasis-open__cti-python-stix2-534,oasis-open/cti-python-stix2,symbol,1,704,5306,61,155978
oasis-open__cti-python-stix2-534::stix2/patterns.py,oasis-open__cti-python-stix2-534,oasis-open/cti-python-stix2,co_edited,1,390,2538,61,155978
oasis-open__cti-python-stix2-534::stix2/patterns.py,oasis-open__cti-python-stix2-534,oasis-open/cti-python-stix2,symbol,1,390,2538,61,155978
oasis-open__cti-python-stix2-436::stix2/pattern_visitor.py,oasis-open__cti-python-stix2-436,oasis-open/cti-python-stix2,symbol,1,701,5289,44,117385
oasis-open__cti-python-stix2-237::stix2/properties.py,oasis-open__cti-python-stix2-237,oasis-open/cti-python-stix2,co_edited,2,1679,14878,38,90026
oasis-open__cti-python-stix2-237::stix2/properties.py,oasis-open__cti-python-stix2-237,oasis-open/cti-python-stix2,symbol,3,2020,17718,38,90026
oasis-open__cti-python-stix2-237::stix2/v20/observables.py,oasis-open__cti-python-stix2-237,oasis-open/cti-python-stix2,co_edited,2,1435,11297,38,90026
oasis-open__cti-python-stix2-237::stix2/v20/observables.py,oasis-open__cti-python-stix2-237,oasis-open/cti-python-stix2,symbol,3,1776,14137,38,90026
oasis-open__cti-python-stix2-237::stix2/v21/observables.py,oasis-open__cti-python-stix2-237,oasis-open/cti-python-stix2,co_edited,2,1380,12647,38,90026
oasis-open__cti-python-stix2-237::stix2/v21/observables.py,oasis-open__cti-python-stix2-237,oasis-open/cti-python-stix2,symbol,3,1721,15487,38,90026
oasis-open__cti-python-stix2-605::stix2/v21/common.py,oasis-open__cti-python-stix2-605,oasis-open/cti-python-stix2,symbol,1,585,4558,61,156050
oasis-open__cti-python-stix2-489::stix2/equivalence/pattern/transform/observation.py,oasis-open__cti-python-stix2-489,oasis-open/cti-python-stix2,symbol,1,706,5313,58,136438
oasis-open__cti-python-stix2-343::stix2/datastore/filesystem.py,oasis-open__cti-python-stix2-343,oasis-open/cti-python-stix2,symbol,2,469,3584,41,109047
oasis-open__cti-python-stix2-369::stix2/v21/sdo.py,oasis-open__cti-python-stix2-369,oasis-open/cti-python-stix2,symbol,1,674,5326,41,108895
oasis-open__cti-python-stix2-133::stix2/markings/granular_markings.py,oasis-open__cti-python-stix2-133,oasis-open/cti-python-stix2,co_edited,2,461,3496,26,53543
oasis-open__cti-python-stix2-133::stix2/markings/granular_markings.py,oasis-open__cti-python-stix2-133,oasis-open/cti-python-stix2,symbol,2,461,3496,26,53543
oasis-open__cti-python-stix2-133::stix2/markings/object_markings.py,oasis-open__cti-python-stix2-133,oasis-open/cti-python-stix2,co_edited,2,600,4602,26,53543
oasis-open__cti-python-stix2-133::stix2/markings/object_markings.py,oasis-open__cti-python-stix2-133,oasis-open/cti-python-stix2,symbol,2,600,4602,26,53543
oasis-open__cti-python-stix2-133::stix2/utils.py,oasis-open__cti-python-stix2-133,oasis-open/cti-python-stix2,co_edited,2,403,2780,26,53543
oasis-open__cti-python-stix2-133::stix2/utils.py,oasis-open__cti-python-stix2-133,oasis-open/cti-python-stix2,symbol,2,403,2780,26,53543
oasis-open__cti-python-stix2-393::stix2/patterns.py,oasis-open__cti-python-stix2-393,oasis-open/cti-python-stix2,co_edited,1,713,5638,43,114611
oasis-open__cti-python-stix2-393::stix2/patterns.py,oasis-open__cti-python-stix2-393,oasis-open/cti-python-stix2,symbol,1,713,5638,43,114611
oasis-open__cti-python-stix2-393::stix2/properties.py,oasis-open__cti-python-stix2-393,oasis-open/cti-python-stix2,co_edited,1,697,5215,43,114611
oasis-open__cti-python-stix2-354::stix2/custom.py,oasis-open__cti-python-stix2-354,oasis-open/cti-python-stix2,co_edited,1,999,8951,41,108527
oasis-open__cti-python-stix2-354::stix2/custom.py,oasis-open__cti-python-stix2-354,oasis-open/cti-python-stix2,symbol,1,999,8951,41,108527
oasis-open__cti-python-stix2-354::stix2/v21/observables.py,oasis-open__cti-python-stix2-354,oasis-open/cti-python-stix2,co_edited,1,135,1219,41,108527
oasis-open__cti-python-stix2-354::stix2/v21/observables.py,oasis-open__cti-python-stix2-354,oasis-open/cti-python-stix2,symbol,1,135,1219,41,108527
oasis-open__cti-python-stix2-10::stix2/common.py,oasis-open__cti-python-stix2-10,oasis-open/cti-python-stix2,co_edited,1,193,1250,12,7554
oasis-open__cti-python-stix2-10::stix2/common.py,oasis-open__cti-python-stix2-10,oasis-open/cti-python-stix2,symbol,1,250,1771,12,7554
oasis-open__cti-python-stix2-10::stix2/sdo.py,oasis-open__cti-python-stix2-10,oasis-open/cti-python-stix2,co_edited,1,17,155,12,7554
oasis-open__cti-python-stix2-10::stix2/sdo.py,oasis-open__cti-python-stix2-10,oasis-open/cti-python-stix2,symbol,1,250,1771,12,7554
openai__openai-agents-python-1633::src/agents/realtime/model.py,openai__openai-agents-python-1633,openai/openai-agents-python,co_edited,1,783,6177,199,188327
openai__openai-agents-python-1633::src/agents/realtime/model.py,openai__openai-agents-python-1633,openai/openai-agents-python,symbol,3,1076,7831,199,188327
openai__openai-agents-python-1633::src/agents/realtime/openai_realtime.py,openai__openai-agents-python-1633,openai/openai-agents-python,co_edited,1,163,1343,199,188327
openai__openai-agents-python-1633::src/agents/realtime/openai_realtime.py,openai__openai-agents-python-1633,openai/openai-agents-python,symbol,3,456,2997,199,188327
openai__openai-agents-python-999::src/agents/models/chatcmpl_stream_handler.py,openai__openai-agents-python-999,openai/openai-agents-python,symbol,1,5,68,175,162439
openai__openai-agents-python-737::src/agents/extensions/visualization.py,openai__openai-agents-python-737,openai/openai-agents-python,symbol,1,252,2347,148,122375
openai__openai-agents-python-920::src/agents/model_settings.py,openai__openai-agents-python-920,openai/openai-agents-python,co_edited,1,445,3063,153,128366
openai__openai-agents-python-920::src/agents/model_settings.py,openai__openai-agents-python-920,openai/openai-agents-python,symbol,1,445,3063,153,128366
openai__openai-agents-python-920::src/agents/models/openai_responses.py,openai__openai-agents-python-920,openai/openai-agents-python,co_edited,1,115,853,153,128366
openai__openai-agents-python-920::src/agents/models/openai_responses.py,openai__openai-agents-python-920,openai/openai-agents-python,symbol,1,115,853,153,128366
openai__openai-agents-python-1619::examples/basic/lifecycle_example.py,openai__openai-agents-python-1619,openai/openai-agents-python,co_edited,1,1508,11396,199,188327
openai__openai-agents-python-1619::examples/basic/lifecycle_example.py,openai__openai-agents-python-1619,openai/openai-agents-python,symbol,7,2752,20744,199,188327
openai__openai-agents-python-1619::src/agents/run.py,openai__openai-agents-python-1619,openai/openai-agents-python,co_edited,1,121,1023,199,188327
openai__openai-agents-python-1619::src/agents/run.py,openai__openai-agents-python-1619,openai/openai-agents-python,symbol,7,1365,10371,199,188327
openai__openai-agents-python-357::src/agents/model_settings.py,openai__openai-agents-python-357,openai/openai-agents-python,co_edited,2,1373,9652,126,103378
openai__openai-agents-python-357::src/agents/model_settings.py,openai__openai-agents-python-357,openai/openai-agents-python,symbol,2,1373,9652,126,103378
openai__openai-agents-python-357::src/agents/models/openai_chatcompletions.py,openai__openai-agents-python-357,openai/openai-agents-python,co_edited,2,446,3061,126,103378
openai__openai-agents-python-357::src/agents/models/openai_chatcompletions.py,openai__openai-agents-python-357,openai/openai-agents-python,symbol,2,446,3061,126,103378
openai__openai-agents-python-357::src/agents/models/openai_responses.py,openai__openai-agents-python-357,openai/openai-agents-python,co_edited,2,1039,7485,126,103378
openai__openai-agents-python-357::src/agents/models/openai_responses.py,openai__openai-agents-python-357,openai/openai-agents-python,symbol,2,1039,7485,126,103378
openai__openai-agents-python-1043::src/agents/_run_impl.py,openai__openai-agents-python-1043,openai/openai-agents-python,co_edited,1,29,221,157,134894
openai__openai-agents-python-1043::src/agents/_run_impl.py,openai__openai-agents-python-1043,openai/openai-agents-python,symbol,2,55,418,157,134894
openai__openai-agents-python-1043::src/agents/tool_context.py,openai__openai-agents-python-1043,openai/openai-agents-python,co_edited,1,1177,8379,157,134894
openai__openai-agents-python-1043::src/agents/tool_context.py,openai__openai-agents-python-1043,openai/openai-agents-python,symbol,2,1203,8576,157,134894
openai__openai-agents-python-998::src/agents/agent.py,openai__openai-agents-python-998,openai/openai-agents-python,symbol,5,599,4345,176,165553
openai__openai-agents-python-1601::src/agents/model_settings.py,openai__openai-agents-python-1601,openai/openai-agents-python,co_edited,2,948,6964,194,184425
openai__openai-agents-python-1601::src/agents/model_settings.py,openai__openai-agents-python-1601,openai/openai-agents-python,symbol,8,4215,32561,194,184425
openai__openai-agents-python-1601::src/agents/models/openai_responses.py,openai__openai-agents-python-1601,openai/openai-agents-python,co_edited,2,656,5052,194,184425
openai__openai-agents-python-1601::src/agents/models/openai_responses.py,openai__openai-agents-python-1601,openai/openai-agents-python,symbol,8,3923,30649,194,184425
openai__openai-agents-python-1601::src/agents/tool.py,openai__openai-agents-python-1601,openai/openai-agents-python,co_edited,2,656,4748,194,184425
openai__openai-agents-python-1601::src/agents/tool.py,openai__openai-agents-python-1601,openai/openai-agents-python,symbol,8,3923,30345,194,184425
openai__openai-agents-python-1193::src/agents/agent.py,openai__openai-agents-python-1193,openai/openai-agents-python,symbol,7,2760,21499,175,164934
pandas-dev__pandas-61183::pandas/core/missing.py,pandas-dev__pandas-61183,pandas-dev/pandas,co_edited,1,2901,23310,379,1897052
pandas-dev__pandas-61183::pandas/core/resample.py,pandas-dev__pandas-61183,pandas-dev/pandas,co_edited,1,1099,8520,379,1897052
pandas-dev__pandas-61183::pandas/core/resample.py,pandas-dev__pandas-61183,pandas-dev/pandas,symbol,1,1099,8520,379,1897052
pandas-dev__pandas-61146::pandas/io/excel/_base.py,pandas-dev__pandas-61146,pandas-dev/pandas,co_edited,1,1383,10332,379,1896851
pandas-dev__pandas-61146::pandas/io/excel/_base.py,pandas-dev__pandas-61146,pandas-dev/pandas,symbol,1,1383,10332,379,1896851
pandas-dev__pandas-61146::pandas/io/json/_json.py,pandas-dev__pandas-61146,pandas-dev/pandas,co_edited,1,1860,15874,379,1896851
pandas-dev__pandas-61017::pandas/core/frame.py,pandas-dev__pandas-61017,pandas-dev/pandas,co_edited,1,13000,104695,378,1894051
pandas-dev__pandas-61017::pandas/core/frame.py,pandas-dev__pandas-61017,pandas-dev/pandas,symbol,1,13000,104695,378,1894051
pandas-dev__pandas-61017::pandas/core/generic.py,pandas-dev__pandas-61017,pandas-dev/pandas,co_edited,1,13867,112567,378,1894051
pandas-dev__pandas-61017::pandas/core/generic.py,pandas-dev__pandas-61017,pandas-dev/pandas,symbol,1,13867,112567,378,1894051
pandas-dev__pandas-60000::pandas/core/groupby/ops.py,pandas-dev__pandas-60000,pandas-dev/pandas,co_edited,1,578,4701,378,1872108
pandas-dev__pandas-60000::pandas/core/reshape/encoding.py,pandas-dev__pandas-60000,pandas-dev/pandas,co_edited,1,1262,9424,378,1872108
pandas-dev__pandas-60000::pandas/core/reshape/encoding.py,pandas-dev__pandas-60000,pandas-dev/pandas,symbol,1,1262,9424,378,1872108
pandas-dev__pandas-61158::pandas/core/generic.py,pandas-dev__pandas-61158,pandas-dev/pandas,co_edited,2,2425,17386,379,1897051
pandas-dev__pandas-61158::pandas/core/generic.py,pandas-dev__pandas-61158,pandas-dev/pandas,symbol,2,2425,17386,379,1897051
pandas-dev__pandas-61158::pandas/core/methods/describe.py,pandas-dev__pandas-61158,pandas-dev/pandas,co_edited,2,15053,119700,379,1897051
pandas-dev__pandas-61158::pandas/core/methods/describe.py,pandas-dev__pandas-61158,pandas-dev/pandas,symbol,1,2056,15021,379,1897051
pandas-dev__pandas-61158::pandas/io/formats/format.py,pandas-dev__pandas-61158,pandas-dev/pandas,co_edited,2,13366,107044,379,1897051
pandas-dev__pandas-61158::pandas/io/formats/format.py,pandas-dev__pandas-61158,pandas-dev/pandas,symbol,1,369,2365,379,1897051
patroni__patroni-3370::patroni/ha.py,patroni__patroni-3370,patroni/patroni,co_edited,1,428,4657,77,324033
patroni__patroni-3370::patroni/ha.py,patroni__patroni-3370,patroni/patroni,symbol,6,4833,48472,77,324033
patroni__patroni-3370::patroni/postgresql/sync.py,patroni__patroni-3370,patroni/patroni,co_edited,1,2442,25832,77,324033
patroni__patroni-3370::patroni/postgresql/sync.py,patroni__patroni-3370,patroni/patroni,symbol,6,6847,69647,77,324033
patroni__patroni-3072::patroni/dcs/__init__.py,patroni__patroni-3072,patroni/patroni,symbol,1,99,923,73,296239
patroni__patroni-3338::patroni/dcs/etcd3.py,patroni__patroni-3338,patroni/patroni,symbol,1,914,9060,77,321975
patroni__patroni-3373::patroni/dcs/etcd.py,patroni__patroni-3373,patroni/patroni,co_edited,1,987,9606,77,324033
patroni__patroni-3373::patroni/dcs/etcd.py,patroni__patroni-3373,patroni/patroni,symbol,3,2523,24234,77,324033
patroni__patroni-3373::patroni/dcs/etcd3.py,patroni__patroni-3373,patroni/patroni,co_edited,1,914,9060,77,324033
patroni__patroni-3373::patroni/dcs/etcd3.py,patroni__patroni-3373,patroni/patroni,symbol,3,2450,23688,77,324033
patroni__patroni-3094::patroni/ha.py,patroni__patroni-3094,patroni/patroni,co_edited,1,1346,14739,73,296766
patroni__patroni-3094::patroni/ha.py,patroni__patroni-3094,patroni/patroni,symbol,4,3319,34077,73,296766
patroni__patroni-3094::patroni/postgresql/config.py,patroni__patroni-3094,patroni/patroni,co_edited,1,2097,21916,73,296766
patroni__patroni-3094::patroni/postgresql/config.py,patroni__patroni-3094,patroni/patroni,symbol,4,4070,41254,73,296766
patroni__patroni-2998::patroni/postgresql/config.py,patroni__patroni-2998,patroni/patroni,symbol,2,1567,15098,68,286794
patroni__patroni-3045::patroni/postgresql/bootstrap.py,patroni__patroni-3045,patroni/patroni,symbol,1,1369,13511,73,296158
patroni__patroni-3426::patroni/dcs/etcd3.py,patroni__patroni-3426,patroni/patroni,symbol,1,1282,12566,77,326122
patroni__patroni-3112::patroni/ha.py,patroni__patroni-3112,patroni/patroni,co_edited,1,350,3765,73,298292
patroni__patroni-3112::patroni/ha.py,patroni__patroni-3112,patroni/patroni,symbol,4,2072,20253,73,298292
patroni__patroni-3112::patroni/postgresql/sync.py,patroni__patroni-3112,patroni/patroni,co_edited,1,2211,23146,73,298292
patroni__patroni-3112::patroni/postgresql/sync.py,patroni__patroni-3112,patroni/patroni,symbol,4,3933,39634,73,298292
patroni__patroni-3198::patroni/ha.py,patroni__patroni-3198,patroni/patroni,symbol,2,1468,14208,75,315924
patroni__patroni-3207::patroni/postgresql/config.py,patroni__patroni-3207,patroni/patroni,symbol,1,1387,13673,76,316074
patroni__patroni-3148::features/steps/slots.py,patroni__patroni-3148,patroni/patroni,co_edited,3,4183,41107,75,313559
patroni__patroni-3148::features/steps/slots.py,patroni__patroni-3148,patroni/patroni,symbol,3,2915,28538,75,313559
patroni__patroni-3148::patroni/dcs/__init__.py,patroni__patroni-3148,patroni/patroni,co_edited,3,2205,22457,75,313559
patroni__patroni-3148::patroni/dcs/__init__.py,patroni__patroni-3148,patroni/patroni,symbol,3,937,9888,75,313559
patroni__patroni-3148::patroni/postgresql/__init__.py,patroni__patroni-3148,patroni/patroni,co_edited,3,2922,28855,75,313559
patroni__patroni-3148::patroni/postgresql/__init__.py,patroni__patroni-3148,patroni/patroni,symbol,4,3021,29778,75,313559
patroni__patroni-3148::patroni/postgresql/slots.py,patroni__patroni-3148,patroni/patroni,co_edited,3,3557,34622,75,313559
patroni__patroni-3148::patroni/postgresql/slots.py,patroni__patroni-3148,patroni/patroni,symbol,3,2289,22053,75,313559
patroni__patroni-3026::patroni/dcs/consul.py,patroni__patroni-3026,patroni/patroni,co_edited,2,2197,21375,68,292151
patroni__patroni-3026::patroni/dcs/consul.py,patroni__patroni-3026,patroni/patroni,symbol,2,2197,21375,68,292151
patroni__patroni-3026::patroni/dcs/etcd3.py,patroni__patroni-3026,patroni/patroni,co_edited,2,1924,18564,68,292151
patroni__patroni-3026::patroni/dcs/etcd3.py,patroni__patroni-3026,patroni/patroni,symbol,2,1924,18564,68,292151
patroni__patroni-3026::patroni/utils.py,patroni__patroni-3026,patroni/patroni,co_edited,2,1695,16417,68,292151
patroni__patroni-3026::patroni/utils.py,patroni__patroni-3026,patroni/patroni,symbol,2,1695,16417,68,292151
patroni__patroni-3119::patroni/config_generator.py,patroni__patroni-3119,patroni/patroni,co_edited,1,120,1202,73,298619
patroni__patroni-3119::patroni/config_generator.py,patroni__patroni-3119,patroni/patroni,symbol,2,1332,12956,73,298619
patroni__patroni-3119::patroni/psycopg.py,patroni__patroni-3119,patroni/patroni,co_edited,1,518,5088,73,298619
patroni__patroni-3119::patroni/psycopg.py,patroni__patroni-3119,patroni/patroni,symbol,2,1730,16842,73,298619
pdm-project__pdm-2819::src/pdm/environments/base.py,pdm-project__pdm-2819,pdm-project/pdm,co_edited,1,764,6609,123,154908
pdm-project__pdm-2819::src/pdm/environments/base.py,pdm-project__pdm-2819,pdm-project/pdm,symbol,1,764,6609,123,154908
pdm-project__pdm-2819::src/pdm/project/core.py,pdm-project__pdm-2819,pdm-project/pdm,co_edited,1,304,2467,123,154908
pdm-project__pdm-2819::src/pdm/project/core.py,pdm-project__pdm-2819,pdm-project/pdm,symbol,1,304,2467,123,154908
pdm-project__pdm-1712::src/pdm/models/repositories.py,pdm-project__pdm-1712,pdm-project/pdm,co_edited,2,842,6856,106,127363
pdm-project__pdm-1712::src/pdm/models/repositories.py,pdm-project__pdm-1712,pdm-project/pdm,symbol,8,3088,24225,106,127363
pdm-project__pdm-1712::src/pdm/models/requirements.py,pdm-project__pdm-1712,pdm-project/pdm,co_edited,2,825,6451,106,127363
pdm-project__pdm-1712::src/pdm/models/requirements.py,pdm-project__pdm-1712,pdm-project/pdm,symbol,8,3071,23820,106,127363
pdm-project__pdm-1712::src/pdm/resolver/providers.py,pdm-project__pdm-1712,pdm-project/pdm,co_edited,2,1043,8259,106,127363
pdm-project__pdm-1712::src/pdm/resolver/providers.py,pdm-project__pdm-1712,pdm-project/pdm,symbol,8,3289,25628,106,127363
pdm-project__pdm-2554::src/pdm/cli/commands/add.py,pdm-project__pdm-2554,pdm-project/pdm,co_edited,7,2364,19133,121,151129
pdm-project__pdm-2554::src/pdm/cli/commands/add.py,pdm-project__pdm-2554,pdm-project/pdm,symbol,12,4269,34349,121,151129
pdm-project__pdm-2554::src/pdm/cli/commands/update.py,pdm-project__pdm-2554,pdm-project/pdm,co_edited,7,2351,19108,121,151129
pdm-project__pdm-2554::src/pdm/cli/commands/update.py,pdm-project__pdm-2554,pdm-project/pdm,symbol,12,4256,34324,121,151129
pdm-project__pdm-2554::src/pdm/cli/options.py,pdm-project__pdm-2554,pdm-project/pdm,co_edited,7,2113,17594,121,151129
pdm-project__pdm-2554::src/pdm/cli/options.py,pdm-project__pdm-2554,pdm-project/pdm,symbol,12,4018,32810,121,151129
pdm-project__pdm-2554::src/pdm/formats/pipfile.py,pdm-project__pdm-2554,pdm-project/pdm,co_edited,7,2474,19953,121,151129
pdm-project__pdm-2554::src/pdm/formats/pipfile.py,pdm-project__pdm-2554,pdm-project/pdm,symbol,12,4379,35169,121,151129
pdm-project__pdm-2554::src/pdm/models/requirements.py,pdm-project__pdm-2554,pdm-project/pdm,co_edited,7,2044,16286,121,151129
pdm-project__pdm-2554::src/pdm/models/requirements.py,pdm-project__pdm-2554,pdm-project/pdm,symbol,12,3949,31502,121,151129
pdm-project__pdm-2554::src/pdm/project/core.py,pdm-project__pdm-2554,pdm-project/pdm,co_edited,7,1883,14854,121,151129
pdm-project__pdm-2554::src/pdm/project/core.py,pdm-project__pdm-2554,pdm-project/pdm,symbol,12,3788,30070,121,151129
pdm-project__pdm-2554::src/pdm/project/project_file.py,pdm-project__pdm-2554,pdm-project/pdm,co_edited,7,2463,19896,121,151129
pdm-project__pdm-2554::src/pdm/project/project_file.py,pdm-project__pdm-2554,pdm-project/pdm,symbol,12,4368,35112,121,151129
pdm-project__pdm-2554::src/pdm/resolver/providers.py,pdm-project__pdm-2554,pdm-project/pdm,co_edited,7,2165,17096,121,151129
pdm-project__pdm-2554::src/pdm/resolver/providers.py,pdm-project__pdm-2554,pdm-project/pdm,symbol,12,4070,32312,121,151129
pdm-project__pdm-2781::src/pdm/project/core.py,pdm-project__pdm-2781,pdm-project/pdm,symbol,4,1092,8691,123,155212
pdm-project__pdm-2688::src/pdm/builders/__init__.py,pdm-project__pdm-2688,pdm-project/pdm,co_edited,8,1365,10226,122,151273
pdm-project__pdm-2688::src/pdm/builders/__init__.py,pdm-project__pdm-2688,pdm-project/pdm,symbol,10,2360,18772,122,151273
pdm-project__pdm-2688::src/pdm/builders/base.py,pdm-project__pdm-2688,pdm-project/pdm,co_edited,8,1054,7656,122,151273
pdm-project__pdm-2688::src/pdm/builders/base.py,pdm-project__pdm-2688,pdm-project/pdm,symbol,10,2049,16202,122,151273
pdm-project__pdm-2688::src/pdm/builders/editable.py,pdm-project__pdm-2688,pdm-project/pdm,co_edited,8,1328,9907,122,151273
pdm-project__pdm-2688::src/pdm/builders/editable.py,pdm-project__pdm-2688,pdm-project/pdm,symbol,10,2323,18453,122,151273
pdm-project__pdm-2688::src/pdm/builders/sdist.py,pdm-project__pdm-2688,pdm-project/pdm,co_edited,8,1352,10140,122,151273
pdm-project__pdm-2688::src/pdm/builders/sdist.py,pdm-project__pdm-2688,pdm-project/pdm,symbol,10,2347,18686,122,151273
pdm-project__pdm-2688::src/pdm/builders/wheel.py,pdm-project__pdm-2688,pdm-project/pdm,co_edited,8,1345,10057,122,151273
pdm-project__pdm-2688::src/pdm/builders/wheel.py,pdm-project__pdm-2688,pdm-project/pdm,symbol,10,2340,18603,122,151273
pdm-project__pdm-2688::src/pdm/cli/commands/build.py,pdm-project__pdm-2688,pdm-project/pdm,co_edited,8,1254,9419,122,151273
pdm-project__pdm-2688::src/pdm/cli/commands/build.py,pdm-project__pdm-2688,pdm-project/pdm,symbol,10,2249,17965,122,151273
pdm-project__pdm-2688::src/pdm/cli/commands/lock.py,pdm-project__pdm-2688,pdm-project/pdm,co_edited,8,1296,9778,122,151273
pdm-project__pdm-2688::src/pdm/cli/commands/lock.py,pdm-project__pdm-2688,pdm-project/pdm,symbol,11,2369,18830,122,151273
pdm-project__pdm-2688::src/pdm/cli/options.py,pdm-project__pdm-2688,pdm-project/pdm,co_edited,8,921,7190,122,151273
pdm-project__pdm-2688::src/pdm/cli/options.py,pdm-project__pdm-2688,pdm-project/pdm,symbol,10,1916,15736,122,151273
pdm-project__pdm-2688::src/pdm/core.py,pdm-project__pdm-2688,pdm-project/pdm,co_edited,8,1077,7899,122,151273
pdm-project__pdm-2688::src/pdm/core.py,pdm-project__pdm-2688,pdm-project/pdm,symbol,10,2072,16445,122,151273
pdm-project__pdm-2687::src/pdm/builders/base.py,pdm-project__pdm-2687,pdm-project/pdm,co_edited,6,2587,21545,122,151041
pdm-project__pdm-2687::src/pdm/builders/base.py,pdm-project__pdm-2687,pdm-project/pdm,symbol,11,4197,34447,122,151041
pdm-project__pdm-2687::src/pdm/core.py,pdm-project__pdm-2687,pdm-project/pdm,co_edited,6,2622,21900,122,151041
pdm-project__pdm-2687::src/pdm/core.py,pdm-project__pdm-2687,pdm-project/pdm,symbol,11,4232,34802,122,151041
pdm-project__pdm-2687::src/pdm/installers/synchronizers.py,pdm-project__pdm-2687,pdm-project/pdm,co_edited,6,2444,20235,122,151041
pdm-project__pdm-2687::src/pdm/installers/synchronizers.py,pdm-project__pdm-2687,pdm-project/pdm,symbol,11,4054,33137,122,151041
pdm-project__pdm-2687::src/pdm/models/caches.py,pdm-project__pdm-2687,pdm-project/pdm,co_edited,6,2527,20893,122,151041
pdm-project__pdm-2687::src/pdm/models/caches.py,pdm-project__pdm-2687,pdm-project/pdm,symbol,12,4520,37088,122,151041
pdm-project__pdm-2687::src/pdm/models/candidates.py,pdm-project__pdm-2687,pdm-project/pdm,co_edited,6,2198,18120,122,151041
pdm-project__pdm-2687::src/pdm/models/candidates.py,pdm-project__pdm-2687,pdm-project/pdm,symbol,11,3808,31022,122,151041
pdm-project__pdm-2687::src/pdm/project/config.py,pdm-project__pdm-2687,pdm-project/pdm,co_edited,6,2463,20278,122,151041
pdm-project__pdm-2687::src/pdm/project/config.py,pdm-project__pdm-2687,pdm-project/pdm,symbol,11,4073,33180,122,151041
pdm-project__pdm-2687::src/pdm/termui.py,pdm-project__pdm-2687,pdm-project/pdm,co_edited,6,2619,22145,122,151041
pdm-project__pdm-2687::src/pdm/termui.py,pdm-project__pdm-2687,pdm-project/pdm,symbol,11,4229,35047,122,151041
pdm-project__pdm-3393::src/pdm/project/core.py,pdm-project__pdm-3393,pdm-project/pdm,symbol,2,162,1245,131,172836
pdm-project__pdm-1421::src/pdm/cli/actions.py,pdm-project__pdm-1421,pdm-project/pdm,co_edited,1,116,883,102,113707
pdm-project__pdm-1421::src/pdm/cli/actions.py,pdm-project__pdm-1421,pdm-project/pdm,symbol,5,1419,10371,102,113707
pdm-project__pdm-1421::src/pdm/cli/commands/init.py,pdm-project__pdm-1421,pdm-project/pdm,co_edited,1,914,7223,102,113707
pdm-project__pdm-1421::src/pdm/cli/commands/init.py,pdm-project__pdm-1421,pdm-project/pdm,symbol,5,2217,16711,102,113707
pdm-project__pdm-3315::src/pdm/cli/commands/run.py,pdm-project__pdm-3315,pdm-project/pdm,co_edited,1,484,4166,131,171803
pdm-project__pdm-3315::src/pdm/cli/commands/run.py,pdm-project__pdm-3315,pdm-project/pdm,symbol,4,2155,18084,131,171803
pdm-project__pdm-3315::src/pdm/project/config.py,pdm-project__pdm-3315,pdm-project/pdm,co_edited,1,532,4659,131,171803
pdm-project__pdm-3315::src/pdm/project/config.py,pdm-project__pdm-3315,pdm-project/pdm,symbol,4,2203,18577,131,171803
pdm-project__pdm-3374::src/pdm/_types.py,pdm-project__pdm-3374,pdm-project/pdm,co_edited,4,1799,15418,131,172627
pdm-project__pdm-3374::src/pdm/_types.py,pdm-project__pdm-3374,pdm-project/pdm,symbol,3,803,6686,131,172627
pdm-project__pdm-3374::src/pdm/cli/commands/publish/__init__.py,pdm-project__pdm-3374,pdm-project/pdm,co_edited,4,1712,14658,131,172627
pdm-project__pdm-3374::src/pdm/cli/commands/publish/__init__.py,pdm-project__pdm-3374,pdm-project/pdm,symbol,3,716,5926,131,172627
pdm-project__pdm-3374::src/pdm/models/auth.py,pdm-project__pdm-3374,pdm-project/pdm,co_edited,4,1806,15448,131,172627
pdm-project__pdm-3374::src/pdm/models/auth.py,pdm-project__pdm-3374,pdm-project/pdm,symbol,3,810,6716,131,172627
pdm-project__pdm-3374::src/pdm/project/config.py,pdm-project__pdm-3374,pdm-project/pdm,co_edited,4,1427,12111,131,172627
pdm-project__pdm-3374::src/pdm/project/config.py,pdm-project__pdm-3374,pdm-project/pdm,symbol,3,431,3379,131,172627
pdm-project__pdm-3374::src/pdm/project/core.py,pdm-project__pdm-3374,pdm-project/pdm,co_edited,4,920,7569,131,172627
pdm-project__pdm-3374::src/pdm/project/core.py,pdm-project__pdm-3374,pdm-project/pdm,symbol,4,920,7569,131,172627
pdm-project__pdm-3435::src/pdm/cli/commands/use.py,pdm-project__pdm-3435,pdm-project/pdm,co_edited,3,1707,14738,132,173815
pdm-project__pdm-3435::src/pdm/cli/commands/use.py,pdm-project__pdm-3435,pdm-project/pdm,symbol,3,1707,14738,132,173815
pdm-project__pdm-3435::src/pdm/cli/commands/venv/backends.py,pdm-project__pdm-3435,pdm-project/pdm,co_edited,3,1701,14867,132,173815
pdm-project__pdm-3435::src/pdm/cli/commands/venv/backends.py,pdm-project__pdm-3435,pdm-project/pdm,symbol,3,1701,14867,132,173815
pdm-project__pdm-3435::src/pdm/project/config.py,pdm-project__pdm-3435,pdm-project/pdm,co_edited,3,1434,12401,132,173815
pdm-project__pdm-3435::src/pdm/project/config.py,pdm-project__pdm-3435,pdm-project/pdm,symbol,3,1434,12401,132,173815
pdm-project__pdm-3435::src/pdm/project/core.py,pdm-project__pdm-3435,pdm-project/pdm,co_edited,3,927,7767,132,173815
pdm-project__pdm-3435::src/pdm/project/core.py,pdm-project__pdm-3435,pdm-project/pdm,symbol,3,927,7767,132,173815
pdm-project__pdm-3109::src/pdm/models/auth.py,pdm-project__pdm-3109,pdm-project/pdm,co_edited,1,463,4021,125,163113
pdm-project__pdm-3109::src/pdm/models/auth.py,pdm-project__pdm-3109,pdm-project/pdm,symbol,2,463,4021,125,163113
pdm-project__pdm-3109::src/pdm/project/config.py,pdm-project__pdm-3109,pdm-project/pdm,co_edited,1,97,767,125,163113
pdm-project__pdm-3109::src/pdm/project/config.py,pdm-project__pdm-3109,pdm-project/pdm,symbol,2,97,767,125,163113
pdm-project__pdm-3377::src/pdm/formats/poetry.py,pdm-project__pdm-3377,pdm-project/pdm,co_edited,2,1221,10386,131,172848
pdm-project__pdm-3377::src/pdm/formats/poetry.py,pdm-project__pdm-3377,pdm-project/pdm,symbol,5,1864,14661,131,172848
pdm-project__pdm-3377::src/pdm/models/candidates.py,pdm-project__pdm-3377,pdm-project/pdm,co_edited,2,778,6590,131,172848
pdm-project__pdm-3377::src/pdm/models/candidates.py,pdm-project__pdm-3377,pdm-project/pdm,symbol,5,1421,10865,131,172848
pdm-project__pdm-3377::src/pdm/models/requirements.py,pdm-project__pdm-3377,pdm-project/pdm,co_edited,2,941,7946,131,172848
pdm-project__pdm-3377::src/pdm/models/requirements.py,pdm-project__pdm-3377,pdm-project/pdm,symbol,5,1584,12221,131,172848
pdm-project__pdm-1187::pdm/models/repositories.py,pdm-project__pdm-1187,pdm-project/pdm,symbol,2,1029,8188,95,105907
pdm-project__pdm-2909::src/pdm/cli/commands/add.py,pdm-project__pdm-2909,pdm-project/pdm,co_edited,1,227,1869,123,155977
pdm-project__pdm-2909::src/pdm/cli/commands/add.py,pdm-project__pdm-2909,pdm-project/pdm,symbol,6,2426,20054,123,155977
pdm-project__pdm-2909::src/pdm/formats/requirements.py,pdm-project__pdm-2909,pdm-project/pdm,co_edited,1,189,1466,123,155977
pdm-project__pdm-2909::src/pdm/formats/requirements.py,pdm-project__pdm-2909,pdm-project/pdm,symbol,6,2388,19651,123,155977
pdm-project__pdm-3237::src/pdm/cli/commands/build.py,pdm-project__pdm-3237,pdm-project/pdm,symbol,5,1693,13936,131,170372
pdm-project__pdm-1518::src/pdm/cli/actions.py,pdm-project__pdm-1518,pdm-project/pdm,co_edited,1,77,462,104,118857
pdm-project__pdm-1518::src/pdm/cli/actions.py,pdm-project__pdm-1518,pdm-project/pdm,symbol,3,822,5913,104,118857
pdm-project__pdm-1518::src/pdm/models/python.py,pdm-project__pdm-1518,pdm-project/pdm,co_edited,1,880,7009,104,118857
pdm-project__pdm-1518::src/pdm/models/python.py,pdm-project__pdm-1518,pdm-project/pdm,symbol,3,1625,12460,104,118857
pdm-project__pdm-2905::src/pdm/formats/poetry.py,pdm-project__pdm-2905,pdm-project/pdm,co_edited,1,507,4281,123,155861
pdm-project__pdm-2905::src/pdm/formats/poetry.py,pdm-project__pdm-2905,pdm-project/pdm,symbol,4,784,6331,123,155861
pdm-project__pdm-2905::src/pdm/models/requirements.py,pdm-project__pdm-2905,pdm-project/pdm,co_edited,1,238,1989,123,155861
pdm-project__pdm-2905::src/pdm/models/requirements.py,pdm-project__pdm-2905,pdm-project/pdm,symbol,4,515,4039,123,155861
PennyLaneAI__pennylane-3381::pennylane/tape/tape.py,PennyLaneAI__pennylane-3381,pennylaneai/pennylane,co_edited,1,261,2554,304,991167
PennyLaneAI__pennylane-3381::pennylane/tape/tape.py,PennyLaneAI__pennylane-3381,pennylaneai/pennylane,symbol,5,2207,19008,304,991167
PennyLaneAI__pennylane-3381::pennylane/transforms/insert_ops.py,PennyLaneAI__pennylane-3381,pennylaneai/pennylane,co_edited,1,415,3791,304,991167
PennyLaneAI__pennylane-3381::pennylane/transforms/insert_ops.py,PennyLaneAI__pennylane-3381,pennylaneai/pennylane,symbol,4,1946,16454,304,991167
PennyLaneAI__pennylane-4736::pennylane/qnode.py,PennyLaneAI__pennylane-4736,pennylaneai/pennylane,co_edited,1,387,2859,388,1273149
PennyLaneAI__pennylane-4736::pennylane/qnode.py,PennyLaneAI__pennylane-4736,pennylaneai/pennylane,symbol,1,387,2859,388,1273149
PennyLaneAI__pennylane-4736::pennylane/transforms/core/transform_dispatcher.py,PennyLaneAI__pennylane-4736,pennylaneai/pennylane,co_edited,1,1071,9873,388,1273149
PennyLaneAI__pennylane-4736::pennylane/transforms/core/transform_dispatcher.py,PennyLaneAI__pennylane-4736,pennylaneai/pennylane,symbol,1,1071,9873,388,1273149
PennyLaneAI__pennylane-5538::pennylane/ops/functions/equal.py,PennyLaneAI__pennylane-5538,pennylaneai/pennylane,symbol,3,3864,33316,415,1388009
PennyLaneAI__pennylane-6398::pennylane/math/matrix_manipulation.py,PennyLaneAI__pennylane-6398,pennylaneai/pennylane,symbol,2,934,7499,460,1558986
PennyLaneAI__pennylane-2964::pennylane/ops/identity.py,PennyLaneAI__pennylane-2964,pennylaneai/pennylane,co_edited,1,2348,18926,272,858062
PennyLaneAI__pennylane-2964::pennylane/ops/identity.py,PennyLaneAI__pennylane-2964,pennylaneai/pennylane,symbol,2,4970,40919,272,858062
PennyLaneAI__pennylane-2964::pennylane/ops/qubit/non_parametric_ops.py,PennyLaneAI__pennylane-2964,pennylaneai/pennylane,co_edited,1,155,1060,272,858062
PennyLaneAI__pennylane-2964::pennylane/ops/qubit/non_parametric_ops.py,PennyLaneAI__pennylane-2964,pennylaneai/pennylane,symbol,2,2777,23053,272,858062
PennyLaneAI__pennylane-5582::pennylane/devices/null_qubit.py,PennyLaneAI__pennylane-5582,pennylaneai/pennylane,symbol,2,921,7871,420,1403500
PennyLaneAI__pennylane-4663::pennylane/data/data_manager/foldermap.py,PennyLaneAI__pennylane-4663,pennylaneai/pennylane,symbol,1,135,1099,384,1256158
PennyLaneAI__pennylane-1329::pennylane/ops/qubit.py,PennyLaneAI__pennylane-1329,pennylaneai/pennylane,symbol,2,1969,15586,166,407907
PennyLaneAI__pennylane-3477::pennylane/ops/qubit/matrix_ops.py,PennyLaneAI__pennylane-3477,pennylaneai/pennylane,co_edited,1,101,1112,315,1038715
PennyLaneAI__pennylane-3477::pennylane/ops/qubit/matrix_ops.py,PennyLaneAI__pennylane-3477,pennylaneai/pennylane,symbol,6,5664,55816,315,1038715
PennyLaneAI__pennylane-3477::pennylane/transforms/decompositions/single_qubit_unitary.py,PennyLaneAI__pennylane-3477,pennylaneai/pennylane,co_edited,1,536,5002,315,1038715
PennyLaneAI__pennylane-3477::pennylane/transforms/decompositions/single_qubit_unitary.py,PennyLaneAI__pennylane-3477,pennylaneai/pennylane,symbol,6,6099,59706,315,1038715
PennyLaneAI__pennylane-5846::pennylane/qaoa/layers.py,PennyLaneAI__pennylane-5846,pennylaneai/pennylane,symbol,6,4682,40442,433,1469253
PennyLaneAI__pennylane-963::pennylane/ops/qubit.py,PennyLaneAI__pennylane-963,pennylaneai/pennylane,symbol,2,2174,17249,168,365877
PennyLaneAI__pennylane-2603::pennylane/operation.py,PennyLaneAI__pennylane-2603,pennylaneai/pennylane,co_edited,1,643,6118,254,782918
PennyLaneAI__pennylane-2603::pennylane/operation.py,PennyLaneAI__pennylane-2603,pennylaneai/pennylane,symbol,1,643,6118,254,782918
PennyLaneAI__pennylane-2603::pennylane/ops/qubit/hamiltonian.py,PennyLaneAI__pennylane-2603,pennylaneai/pennylane,co_edited,1,2544,21341,254,782918
PennyLaneAI__pennylane-2603::pennylane/ops/qubit/hamiltonian.py,PennyLaneAI__pennylane-2603,pennylaneai/pennylane,symbol,1,2544,21341,254,782918
PennyLaneAI__pennylane-5448::pennylane/math/single_dispatch.py,PennyLaneAI__pennylane-5448,pennylaneai/pennylane,co_edited,1,632,8613,412,1381484
PennyLaneAI__pennylane-5448::pennylane/math/single_dispatch.py,PennyLaneAI__pennylane-5448,pennylaneai/pennylane,symbol,4,5333,49421,412,1381484
PennyLaneAI__pennylane-5448::pennylane/ops/op_math/decompositions/two_qubit_unitary.py,PennyLaneAI__pennylane-5448,pennylaneai/pennylane,co_edited,1,819,6940,412,1381484
PennyLaneAI__pennylane-5448::pennylane/ops/op_math/decompositions/two_qubit_unitary.py,PennyLaneAI__pennylane-5448,pennylaneai/pennylane,symbol,4,5520,47748,412,1381484
PennyLaneAI__pennylane-1405::pennylane/grouping/group_observables.py,PennyLaneAI__pennylane-1405,pennylaneai/pennylane,symbol,5,1704,16423,165,425764
pre-commit__pre-commit-2746::pre_commit/commands/migrate_config.py,pre-commit__pre-commit-2746,pre-commit/pre-commit,co_edited,1,247,1817,64,46401
pre-commit__pre-commit-2746::pre_commit/commands/migrate_config.py,pre-commit__pre-commit-2746,pre-commit/pre-commit,symbol,2,307,2187,64,46401
pre-commit__pre-commit-2746::pre_commit/repository.py,pre-commit__pre-commit-2746,pre-commit/pre-commit,co_edited,1,66,437,64,46401
pre-commit__pre-commit-2746::pre_commit/repository.py,pre-commit__pre-commit-2746,pre-commit/pre-commit,symbol,2,126,807,64,46401
pre-commit__pre-commit-1359::pre_commit/error_handler.py,pre-commit__pre-commit-1359,pre-commit/pre-commit,symbol,1,32,208,57,39016
pre-commit__pre-commit-1299::pre_commit/commands/install_uninstall.py,pre-commit__pre-commit-1299,pre-commit/pre-commit,symbol,1,196,1790,56,37868
pre-commit__pre-commit-1497::pre_commit/git.py,pre-commit__pre-commit-1497,pre-commit/pre-commit,symbol,1,273,1941,56,39627
pre-commit__pre-commit-713::pre_commit/commands/autoupdate.py,pre-commit__pre-commit-713,pre-commit/pre-commit,co_edited,1,275,1990,50,26133
pre-commit__pre-commit-713::pre_commit/commands/autoupdate.py,pre-commit__pre-commit-713,pre-commit/pre-commit,symbol,1,275,1990,50,26133
pre-commit__pre-commit-713::pre_commit/main.py,pre-commit__pre-commit-713,pre-commit/pre-commit,co_edited,1,151,1146,50,26133
pre-commit__pre-commit-713::pre_commit/main.py,pre-commit__pre-commit-713,pre-commit/pre-commit,symbol,1,151,1146,50,26133
pre-commit__pre-commit-566::pre_commit/commands/install_uninstall.py,pre-commit__pre-commit-566,pre-commit/pre-commit,co_edited,2,510,3699,45,24241
pre-commit__pre-commit-566::pre_commit/commands/install_uninstall.py,pre-commit__pre-commit-566,pre-commit/pre-commit,symbol,2,495,3328,45,24241
pre-commit__pre-commit-566::pre_commit/commands/run.py,pre-commit__pre-commit-566,pre-commit/pre-commit,co_edited,2,343,2598,45,24241
pre-commit__pre-commit-566::pre_commit/commands/run.py,pre-commit__pre-commit-566,pre-commit/pre-commit,symbol,2,328,2227,45,24241
pre-commit__pre-commit-566::pre_commit/main.py,pre-commit__pre-commit-566,pre-commit/pre-commit,co_edited,2,373,2689,45,24241
pre-commit__pre-commit-566::pre_commit/main.py,pre-commit__pre-commit-566,pre-commit/pre-commit,symbol,3,598,4122,45,24241
pre-commit__pre-commit-2686::pre_commit/commands/migrate_config.py,pre-commit__pre-commit-2686,pre-commit/pre-commit,symbol,3,361,2762,64,45972
pre-commit__pre-commit-718::pre_commit/commands/install_uninstall.py,pre-commit__pre-commit-718,pre-commit/pre-commit,symbol,2,214,1403,50,26232
pre-commit__pre-commit-1259::pre_commit/git.py,pre-commit__pre-commit-1259,pre-commit/pre-commit,symbol,1,237,1586,57,33600
projectmesa__mesa-2755::mesa/discrete_space/cell.py,projectmesa__mesa-2755,projectmesa/mesa,co_edited,2,170,1210,84,99583
projectmesa__mesa-2755::mesa/discrete_space/cell.py,projectmesa__mesa-2755,projectmesa/mesa,symbol,3,315,2203,84,99583
projectmesa__mesa-2755::mesa/discrete_space/discrete_space.py,projectmesa__mesa-2755,projectmesa/mesa,co_edited,2,269,1824,84,99583
projectmesa__mesa-2755::mesa/discrete_space/discrete_space.py,projectmesa__mesa-2755,projectmesa/mesa,symbol,3,414,2817,84,99583
projectmesa__mesa-2755::mesa/discrete_space/network.py,projectmesa__mesa-2755,projectmesa/mesa,co_edited,2,325,2262,84,99583
projectmesa__mesa-2755::mesa/discrete_space/network.py,projectmesa__mesa-2755,projectmesa/mesa,symbol,3,470,3255,84,99583
projectmesa__mesa-2418::mesa/experimental/cell_space/discrete_space.py,projectmesa__mesa-2418,projectmesa/mesa,co_edited,1,1637,13507,88,89701
projectmesa__mesa-2418::mesa/experimental/cell_space/discrete_space.py,projectmesa__mesa-2418,projectmesa/mesa,symbol,4,2439,19516,88,89701
projectmesa__mesa-2418::mesa/space.py,projectmesa__mesa-2418,projectmesa/mesa,co_edited,1,142,1084,88,89701
projectmesa__mesa-2418::mesa/space.py,projectmesa__mesa-2418,projectmesa/mesa,symbol,4,944,7093,88,89701
projectmesa__mesa-1001::mesa/space.py,projectmesa__mesa-1001,projectmesa/mesa,symbol,2,49,240,100,57694
projectmesa__mesa-2394::mesa/agent.py,projectmesa__mesa-2394,projectmesa/mesa,co_edited,1,278,2060,97,89755
projectmesa__mesa-2394::mesa/agent.py,projectmesa__mesa-2394,projectmesa/mesa,symbol,1,278,2060,97,89755
projectmesa__mesa-2394::mesa/model.py,projectmesa__mesa-2394,projectmesa/mesa,co_edited,1,639,4994,97,89755
projectmesa__mesa-1702::mesa/datacollection.py,projectmesa__mesa-1702,projectmesa/mesa,co_edited,1,85,555,24,34093
projectmesa__mesa-1702::mesa/datacollection.py,projectmesa__mesa-1702,projectmesa/mesa,symbol,2,150,1008,24,34093
projectmesa__mesa-1702::mesa/model.py,projectmesa__mesa-1702,projectmesa/mesa,co_edited,1,254,2059,24,34093
projectmesa__mesa-1702::mesa/model.py,projectmesa__mesa-1702,projectmesa/mesa,symbol,2,319,2512,24,34093
projectmesa__mesa-2351::mesa/agent.py,projectmesa__mesa-2351,projectmesa/mesa,symbol,1,234,1787,79,83572
projectmesa__mesa-2632::docs/conf.py,projectmesa__mesa-2632,projectmesa/mesa,co_edited,1,298,2485,83,92132
projectmesa__mesa-2632::docs/conf.py,projectmesa__mesa-2632,projectmesa/mesa,symbol,1,298,2485,83,92132
projectmesa__mesa-2632::mesa/experimental/cell_space/grid.py,projectmesa__mesa-2632,projectmesa/mesa,co_edited,1,369,2975,83,92132
psf__black-4657::src/black/lines.py,psf__black-4657,psf/black,symbol,2,2049,14726,59,1491460
psf__black-3451::src/black/linegen.py,psf__black-3451,psf/black,symbol,1,227,1651,51,1466847
psf__black-3745::src/black/files.py,psf__black-3745,psf/black,co_edited,1,911,6478,53,1477725
psf__black-3745::src/black/files.py,psf__black-3745,psf/black,symbol,3,2005,14361,53,1477725
psf__black-3745::src/black/nodes.py,psf__black-3745,psf/black,co_edited,1,401,3055,53,1477725
psf__black-3745::src/black/nodes.py,psf__black-3745,psf/black,symbol,3,1495,10938,53,1477725
psf__black-4684::src/black/linegen.py,psf__black-4684,psf/black,symbol,3,2138,16414,59,1491460
psf__black-1800::src/black/__init__.py,psf__black-1800,psf/black,symbol,1,981,6895,28,1444041
psf__black-2991::src/black/linegen.py,psf__black-2991,psf/black,symbol,4,2110,14861,52,1460522
psf__black-4176::src/black/cache.py,psf__black-4176,psf/black,co_edited,1,245,1833,56,1489670
psf__black-4176::src/black/cache.py,psf__black-4176,psf/black,symbol,3,1964,14618,56,1489670
psf__black-4176::src/black/mode.py,psf__black-4176,psf/black,co_edited,1,143,1016,56,1489670
psf__black-4176::src/black/mode.py,psf__black-4176,psf/black,symbol,3,1862,13801,56,1489670
psf__black-4222::src/black/__init__.py,psf__black-4222,psf/black,co_edited,1,423,3270,59,1491494
psf__black-4222::src/black/__init__.py,psf__black-4222,psf/black,symbol,2,545,4325,59,1491494
psf__black-4222::src/black/files.py,psf__black-4222,psf/black,co_edited,1,1594,11717,59,1491494
psf__black-4222::src/black/files.py,psf__black-4222,psf/black,symbol,2,1716,12772,59,1491494
psf__black-4161::src/black/__init__.py,psf__black-4161,psf/black,co_edited,1,411,3129,56,1489799
psf__black-4161::src/black/__init__.py,psf__black-4161,psf/black,symbol,2,518,3927,56,1489799
psf__black-4161::src/black/files.py,psf__black-4161,psf/black,co_edited,1,1545,11319,56,1489799
psf__black-4161::src/black/files.py,psf__black-4161,psf/black,symbol,2,1652,12117,56,1489799
psf__black-4676::src/blib2to3/pgen2/tokenize.py,psf__black-4676,psf/black,symbol,1,92,713,59,1491865
psf__black-2758::src/black/parsing.py,psf__black-2758,psf/black,co_edited,2,437,3030,54,1462877
psf__black-2758::src/black/parsing.py,psf__black-2758,psf/black,symbol,3,624,4312,54,1462877
psf__black-2758::src/blib2to3/pgen2/grammar.py,psf__black-2758,psf/black,co_edited,2,480,3684,54,1462877
psf__black-2758::src/blib2to3/pgen2/grammar.py,psf__black-2758,psf/black,symbol,3,667,4966,54,1462877
psf__black-2758::src/blib2to3/pygram.py,psf__black-2758,psf/black,co_edited,2,493,3890,54,1462877
psf__black-2758::src/blib2to3/pygram.py,psf__black-2758,psf/black,symbol,3,680,5172,54,1462877
psf__black-4720::src/black/__init__.py,psf__black-4720,psf/black,co_edited,2,2154,17733,59,1491646
psf__black-4720::src/black/__init__.py,psf__black-4720,psf/black,symbol,6,4499,34512,59,1491646
psf__black-4720::src/black/linegen.py,psf__black-4720,psf/black,co_edited,2,1881,13869,59,1491646
psf__black-4720::src/black/linegen.py,psf__black-4720,psf/black,symbol,6,4226,30648,59,1491646
psf__black-4720::src/black/mode.py,psf__black-4720,psf/black,co_edited,2,3461,27258,59,1491646
psf__black-4720::src/black/mode.py,psf__black-4720,psf/black,symbol,6,5806,44037,59,1491646
psf__black-4670::src/black/ranges.py,psf__black-4670,psf/black,symbol,4,2345,16779,59,1491646
pvlib__pvlib-python-2140::pvlib/spectrum/__init__.py,pvlib__pvlib-python-2140,pvlib/pvlib-python,co_edited,2,889,9709,87,358034
pvlib__pvlib-python-2140::pvlib/spectrum/__init__.py,pvlib__pvlib-python-2140,pvlib/pvlib-python,symbol,1,178,1701,87,358034
pvlib__pvlib-python-2140::pvlib/spectrum/irradiance.py,pvlib__pvlib-python-2140,pvlib/pvlib-python,co_edited,2,729,8153,87,358034
pvlib__pvlib-python-2140::pvlib/spectrum/mismatch.py,pvlib__pvlib-python-2140,pvlib/pvlib-python,co_edited,2,196,1846,87,358034
pvlib__pvlib-python-2140::pvlib/spectrum/mismatch.py,pvlib__pvlib-python-2140,pvlib/pvlib-python,symbol,1,178,1701,87,358034
pvlib__pvlib-python-2039::pvlib/spectrum/__init__.py,pvlib__pvlib-python-2039,pvlib/pvlib-python,co_edited,1,887,8806,79,341620
pvlib__pvlib-python-2039::pvlib/spectrum/__init__.py,pvlib__pvlib-python-2039,pvlib/pvlib-python,symbol,3,1235,11784,79,341620
pvlib__pvlib-python-2039::pvlib/spectrum/mismatch.py,pvlib__pvlib-python-2039,pvlib/pvlib-python,co_edited,1,12,98,79,341620
pvlib__pvlib-python-2039::pvlib/spectrum/mismatch.py,pvlib__pvlib-python-2039,pvlib/pvlib-python,symbol,3,360,3076,79,341620
pvlib__pvlib-python-2190::pvlib/solarposition.py,pvlib__pvlib-python-2190,pvlib/pvlib-python,co_edited,1,1367,15802,88,361847
pvlib__pvlib-python-2190::pvlib/solarposition.py,pvlib__pvlib-python-2190,pvlib/pvlib-python,symbol,1,1367,15802,88,361847
pvlib__pvlib-python-2190::pvlib/spa.py,pvlib__pvlib-python-2190,pvlib/pvlib-python,co_edited,1,1497,12860,88,361847
pvlib__pvlib-python-2190::pvlib/spa.py,pvlib__pvlib-python-2190,pvlib/pvlib-python,symbol,1,1497,12860,88,361847
pvlib__pvlib-python-2088::pvlib/spectrum/__init__.py,pvlib__pvlib-python-2088,pvlib/pvlib-python,co_edited,1,992,9913,79,342862
pvlib__pvlib-python-2088::pvlib/spectrum/__init__.py,pvlib__pvlib-python-2088,pvlib/pvlib-python,symbol,1,992,9913,79,342862
pvlib__pvlib-python-2088::pvlib/spectrum/mismatch.py,pvlib__pvlib-python-2088,pvlib/pvlib-python,co_edited,1,13,105,79,342862
pvlib__pvlib-python-2341::pvlib/location.py,pvlib__pvlib-python-2341,pvlib/pvlib-python,co_edited,1,560,3398,89,366365
pvlib__pvlib-python-2341::pvlib/location.py,pvlib__pvlib-python-2341,pvlib/pvlib-python,symbol,1,560,3398,89,366365
pvlib__pvlib-python-2341::pvlib/tools.py,pvlib__pvlib-python-2341,pvlib/pvlib-python,co_edited,1,456,3378,89,366365
pvlib__pvlib-python-2341::pvlib/tools.py,pvlib__pvlib-python-2341,pvlib/pvlib-python,symbol,1,456,3378,89,366365
pydata__xarray-10141::xarray/backends/api.py,pydata__xarray-10141,pydata/xarray,symbol,1,746,5179,143,841430
pydata__xarray-4094::xarray/core/dataarray.py,pydata__xarray-4094,pydata/xarray,symbol,1,1595,13402,95,361476
pydata__xarray-5126::xarray/core/formatting.py,pydata__xarray-5126,pydata/xarray,co_edited,2,451,3549,101,427981
pydata__xarray-5126::xarray/core/formatting.py,pydata__xarray-5126,pydata/xarray,symbol,2,451,3549,101,427981
pydata__xarray-5126::xarray/core/formatting_html.py,pydata__xarray-5126,pydata/xarray,co_edited,2,854,6834,101,427981
pydata__xarray-5126::xarray/core/formatting_html.py,pydata__xarray-5126,pydata/xarray,symbol,2,854,6834,101,427981
pydata__xarray-5126::xarray/core/options.py,pydata__xarray-5126,pydata/xarray,co_edited,2,979,7669,101,427981
pydata__xarray-5126::xarray/core/options.py,pydata__xarray-5126,pydata/xarray,symbol,2,979,7669,101,427981
pydata__xarray-4758::xarray/coding/cftime_offsets.py,pydata__xarray-4758,pydata/xarray,co_edited,1,526,4534,100,393597
pydata__xarray-4758::xarray/coding/cftime_offsets.py,pydata__xarray-4758,pydata/xarray,symbol,1,526,4534,100,393597
pydata__xarray-4758::xarray/coding/times.py,pydata__xarray-4758,pydata/xarray,co_edited,1,990,8314,100,393597
pydata__xarray-4758::xarray/coding/times.py,pydata__xarray-4758,pydata/xarray,symbol,1,990,8314,100,393597
pydata__xarray-3637::xarray/core/concat.py,pydata__xarray-3637,pydata/xarray,co_edited,1,2368,18498,96,349478
pydata__xarray-3637::xarray/core/variable.py,pydata__xarray-3637,pydata/xarray,co_edited,1,439,3485,96,349478
pydata__xarray-3305::xarray/core/dataset.py,pydata__xarray-3305,pydata/xarray,co_edited,1,2246,17540,93,327332
pydata__xarray-3305::xarray/core/dataset.py,pydata__xarray-3305,pydata/xarray,symbol,2,2388,18698,93,327332
pydata__xarray-3305::xarray/core/variable.py,pydata__xarray-3305,pydata/xarray,co_edited,1,5085,40252,93,327332
pydata__xarray-3305::xarray/core/variable.py,pydata__xarray-3305,pydata/xarray,symbol,2,5227,41410,93,327332
pydata__xarray-6744::xarray/core/rolling.py,pydata__xarray-6744,pydata/xarray,symbol,3,13975,121669,109,567831
pydata__xarray-3338::xarray/core/groupby.py,pydata__xarray-3338,pydata/xarray,symbol,1,1468,12392,93,334105
pydata__xarray-4184::xarray/core/dataset.py,pydata__xarray-4184,pydata/xarray,co_edited,1,145,941,95,361413
pydata__xarray-4184::xarray/core/dataset.py,pydata__xarray-4184,pydata/xarray,symbol,2,193,1199,95,361413
pydata__xarray-4184::xarray/core/indexes.py,pydata__xarray-4184,pydata/xarray,co_edited,1,6372,52599,95,361413
pydata__xarray-4184::xarray/core/indexes.py,pydata__xarray-4184,pydata/xarray,symbol,2,6420,52857,95,361413
pydata__xarray-4683::doc/conf.py,pydata__xarray-4683,pydata/xarray,co_edited,3,5145,42016,98,386545
pydata__xarray-4683::doc/conf.py,pydata__xarray-4683,pydata/xarray,symbol,4,6823,56128,98,386545
pydata__xarray-4683::xarray/core/common.py,pydata__xarray-4683,pydata/xarray,co_edited,3,3807,30448,98,386545
pydata__xarray-4683::xarray/core/common.py,pydata__xarray-4683,pydata/xarray,symbol,3,5056,41048,98,386545
pydata__xarray-4683::xarray/core/duck_array_ops.py,pydata__xarray-4683,pydata/xarray,co_edited,3,4941,40300,98,386545
pydata__xarray-4683::xarray/core/duck_array_ops.py,pydata__xarray-4683,pydata/xarray,symbol,3,6190,50900,98,386545
pydata__xarray-4683::xarray/core/variable.py,pydata__xarray-4683,pydata/xarray,co_edited,3,2829,23820,98,386545
pydata__xarray-4683::xarray/core/variable.py,pydata__xarray-4683,pydata/xarray,symbol,3,4078,34420,98,386545
pydata__xarray-7003::xarray/core/indexes.py,pydata__xarray-7003,pydata/xarray,symbol,1,3089,24507,110,570831
pydata__xarray-3159::xarray/core/dataarray.py,pydata__xarray-3159,pydata/xarray,co_edited,1,667,4528,93,324541
pydata__xarray-3159::xarray/core/dataarray.py,pydata__xarray-3159,pydata/xarray,symbol,3,3089,23169,93,324541
pydata__xarray-3159::xarray/core/utils.py,pydata__xarray-3159,pydata/xarray,co_edited,1,2957,23407,93,324541
pydata__xarray-3159::xarray/core/utils.py,pydata__xarray-3159,pydata/xarray,symbol,3,5379,42048,93,324541
pydata__xarray-3979::xarray/core/common.py,pydata__xarray-3979,pydata/xarray,symbol,1,795,5352,94,353017
pydata__xarray-6938::xarray/core/dataset.py,pydata__xarray-6938,pydata/xarray,co_edited,1,3083,24424,110,570577
pydata__xarray-6938::xarray/core/dataset.py,pydata__xarray-6938,pydata/xarray,symbol,1,3083,24424,110,570577
pydata__xarray-6938::xarray/core/variable.py,pydata__xarray-6938,pydata/xarray,co_edited,1,8882,76316,110,570577
pydata__xarray-6938::xarray/core/variable.py,pydata__xarray-6938,pydata/xarray,symbol,1,8882,76316,110,570577
pylint-dev__pylint-4398::pylint/lint/pylinter.py,pylint-dev__pylint-4398,pylint-dev/pylint,co_edited,1,470,3399,115,266777
pylint-dev__pylint-4398::pylint/lint/pylinter.py,pylint-dev__pylint-4398,pylint-dev/pylint,symbol,4,1009,7689,115,266777
pylint-dev__pylint-4398::pylint/lint/run.py,pylint-dev__pylint-4398,pylint-dev/pylint,co_edited,1,1183,9178,115,266777
pylint-dev__pylint-4398::pylint/lint/run.py,pylint-dev__pylint-4398,pylint-dev/pylint,symbol,4,1722,13468,115,266777
pylint-dev__pylint-4516::pylint/lint/expand_modules.py,pylint-dev__pylint-4516,pylint-dev/pylint,co_edited,1,1261,9775,116,273557
pylint-dev__pylint-4516::pylint/lint/expand_modules.py,pylint-dev__pylint-4516,pylint-dev/pylint,symbol,2,1372,10674,116,273557
pylint-dev__pylint-4516::pylint/lint/pylinter.py,pylint-dev__pylint-4516,pylint-dev/pylint,co_edited,1,137,1026,116,273557
pylint-dev__pylint-4516::pylint/lint/pylinter.py,pylint-dev__pylint-4516,pylint-dev/pylint,symbol,2,248,1925,116,273557
pylint-dev__pylint-8124::pylint/checkers/imports.py,pylint-dev__pylint-8124,pylint-dev/pylint,symbol,3,1790,14276,200,385484
pylint-dev__pylint-6517::pylint/config/argument.py,pylint-dev__pylint-6517,pylint-dev/pylint,symbol,1,131,903,178,340141
pylint-dev__pylint-10246::pylint/checkers/refactoring/implicit_booleaness_checker.py,pylint-dev__pylint-10246,pylint-dev/pylint,symbol,3,2629,19959,195,386977
pylint-dev__pylint-6358::pylint/checkers/similar.py,pylint-dev__pylint-6358,pylint-dev/pylint,symbol,4,2251,17279,171,332196
pylint-dev__pylint-8819::pylint/config/config_initialization.py,pylint-dev__pylint-8819,pylint-dev/pylint,symbol,1,25,184,189,370139
pylint-dev__pylint-6386::pylint/config/argument.py,pylint-dev__pylint-6386,pylint-dev/pylint,co_edited,3,1571,11867,173,334231
pylint-dev__pylint-6386::pylint/config/argument.py,pylint-dev__pylint-6386,pylint-dev/pylint,symbol,2,1002,7945,173,334231
pylint-dev__pylint-6386::pylint/config/arguments_manager.py,pylint-dev__pylint-6386,pylint-dev/pylint,co_edited,3,1287,8824,173,334231
pylint-dev__pylint-6386::pylint/config/arguments_manager.py,pylint-dev__pylint-6386,pylint-dev/pylint,symbol,2,718,4902,173,334231
pylint-dev__pylint-6386::pylint/config/utils.py,pylint-dev__pylint-6386,pylint-dev/pylint,co_edited,3,1791,12925,173,334231
pylint-dev__pylint-6386::pylint/config/utils.py,pylint-dev__pylint-6386,pylint-dev/pylint,symbol,2,1222,9003,173,334231
pylint-dev__pylint-6386::pylint/lint/base_options.py,pylint-dev__pylint-6386,pylint-dev/pylint,co_edited,3,1471,10925,173,334231
pylint-dev__pylint-6386::pylint/lint/base_options.py,pylint-dev__pylint-6386,pylint-dev/pylint,symbol,3,1471,10925,173,334231
pylint-dev__pylint-5839::pylint/checkers/__init__.py,pylint-dev__pylint-5839,pylint-dev/pylint,co_edited,3,196,1634,145,326419
pylint-dev__pylint-5839::pylint/checkers/__init__.py,pylint-dev__pylint-5839,pylint-dev/pylint,symbol,3,200,1733,145,326419
pylint-dev__pylint-5839::pylint/checkers/unsupported_version.py,pylint-dev__pylint-5839,pylint-dev/pylint,co_edited,3,259,2201,145,326419
pylint-dev__pylint-5839::pylint/checkers/unsupported_version.py,pylint-dev__pylint-5839,pylint-dev/pylint,symbol,3,200,1733,145,326419
pylint-dev__pylint-5839::pylint/constants.py,pylint-dev__pylint-5839,pylint-dev/pylint,co_edited,3,274,2356,145,326419
pylint-dev__pylint-5839::pylint/constants.py,pylint-dev__pylint-5839,pylint-dev/pylint,symbol,2,126,1144,145,326419
pylint-dev__pylint-5839::script/get_unused_message_id_category.py,pylint-dev__pylint-5839,pylint-dev/pylint,co_edited,3,315,2644,145,326419
pylint-dev__pylint-5839::script/get_unused_message_id_category.py,pylint-dev__pylint-5839,pylint-dev/pylint,symbol,2,167,1432,145,326419
pylint-dev__pylint-9990::pylint/checkers/variables.py,pylint-dev__pylint-9990,pylint-dev/pylint,symbol,1,2341,17592,193,383727
pylint-dev__pylint-9599::pylint/checkers/stdlib.py,pylint-dev__pylint-9599,pylint-dev/pylint,symbol,1,248,2066,192,378174
pypsa__pypsa-1195::pypsa/optimization/optimize.py,pypsa__pypsa-1195,pypsa/pypsa,co_edited,1,2020,18201,55,182896
pypsa__pypsa-1195::pypsa/optimization/optimize.py,pypsa__pypsa-1195,pypsa/pypsa,symbol,6,5048,39957,55,182896
pypsa__pypsa-1195::pypsa/statistics/expressions.py,pypsa__pypsa-1195,pypsa/pypsa,co_edited,1,791,6451,55,182896
pypsa__pypsa-1195::pypsa/statistics/expressions.py,pypsa__pypsa-1195,pypsa/pypsa,symbol,6,3819,28207,55,182896
pypsa__pypsa-1012::pypsa/optimization/optimize.py,pypsa__pypsa-1012,pypsa/pypsa,symbol,1,417,3040,24,104469
pypsa__pypsa-924::pypsa/components.py,pypsa__pypsa-924,pypsa/pypsa,symbol,4,2414,17905,24,99837
pypsa__pypsa-1091::pypsa/descriptors.py,pypsa__pypsa-1091,pypsa/pypsa,co_edited,5,5479,45003,40,135629
pypsa__pypsa-1091::pypsa/descriptors.py,pypsa__pypsa-1091,pypsa/pypsa,symbol,6,5481,45017,40,135629
pypsa__pypsa-1091::pypsa/networks.py,pypsa__pypsa-1091,pypsa/pypsa,co_edited,5,4154,35161,40,135629
pypsa__pypsa-1091::pypsa/networks.py,pypsa__pypsa-1091,pypsa/pypsa,symbol,6,4156,35175,40,135629
pypsa__pypsa-1091::pypsa/optimization/constraints.py,pypsa__pypsa-1091,pypsa/pypsa,co_edited,5,4911,38893,40,135629
pypsa__pypsa-1091::pypsa/optimization/constraints.py,pypsa__pypsa-1091,pypsa/pypsa,symbol,6,4913,38907,40,135629
pypsa__pypsa-1091::pypsa/optimization/optimize.py,pypsa__pypsa-1091,pypsa/pypsa,co_edited,5,5172,41959,40,135629
pypsa__pypsa-1091::pypsa/optimization/optimize.py,pypsa__pypsa-1091,pypsa/pypsa,symbol,6,5174,41973,40,135629
pypsa__pypsa-1091::pypsa/pf.py,pypsa__pypsa-1091,pypsa/pypsa,co_edited,5,4408,34163,40,135629
pypsa__pypsa-1091::pypsa/pf.py,pypsa__pypsa-1091,pypsa/pypsa,symbol,6,4410,34177,40,135629
pypsa__pypsa-1091::pypsa/utils.py,pypsa__pypsa-1091,pypsa/pypsa,co_edited,5,5666,46571,40,135629
pypsa__pypsa-1091::pypsa/utils.py,pypsa__pypsa-1091,pypsa/pypsa,symbol,6,5668,46585,40,135629
PyPSA__PyPSA-1310::pypsa/components/descriptors.py,PyPSA__PyPSA-1310,pypsa/pypsa,co_edited,6,4322,34379,81,239649
PyPSA__PyPSA-1310::pypsa/components/descriptors.py,PyPSA__PyPSA-1310,pypsa/pypsa,symbol,13,11401,85476,81,239649
PyPSA__PyPSA-1310::pypsa/optimization/abstract.py,PyPSA__PyPSA-1310,pypsa/pypsa,co_edited,6,3783,29852,81,239649
PyPSA__PyPSA-1310::pypsa/optimization/abstract.py,PyPSA__PyPSA-1310,pypsa/pypsa,symbol,13,10862,80949,81,239649
PyPSA__PyPSA-1310::pypsa/optimization/common.py,PyPSA__PyPSA-1310,pypsa/pypsa,co_edited,6,4454,35399,81,239649
PyPSA__PyPSA-1310::pypsa/optimization/common.py,PyPSA__PyPSA-1310,pypsa/pypsa,symbol,13,11533,86496,81,239649
PyPSA__PyPSA-1310::pypsa/optimization/constraints.py,PyPSA__PyPSA-1310,pypsa/pypsa,co_edited,6,2880,22208,81,239649
PyPSA__PyPSA-1310::pypsa/optimization/constraints.py,PyPSA__PyPSA-1310,pypsa/pypsa,symbol,13,9959,73305,81,239649
PyPSA__PyPSA-1310::pypsa/optimization/global_constraints.py,PyPSA__PyPSA-1310,pypsa/pypsa,co_edited,6,3851,30998,81,239649
PyPSA__PyPSA-1310::pypsa/optimization/global_constraints.py,PyPSA__PyPSA-1310,pypsa/pypsa,symbol,13,10930,82095,81,239649
PyPSA__PyPSA-1310::pypsa/optimization/optimize.py,PyPSA__PyPSA-1310,pypsa/pypsa,co_edited,6,3615,28329,81,239649
PyPSA__PyPSA-1310::pypsa/optimization/optimize.py,PyPSA__PyPSA-1310,pypsa/pypsa,symbol,13,10694,79426,81,239649
PyPSA__PyPSA-1310::pypsa/optimization/variables.py,PyPSA__PyPSA-1310,pypsa/pypsa,co_edited,6,4299,34439,81,239649
PyPSA__PyPSA-1310::pypsa/optimization/variables.py,PyPSA__PyPSA-1310,pypsa/pypsa,symbol,13,11378,85536,81,239649
pypsa__pypsa-891::pypsa/clustering/spatial.py,pypsa__pypsa-891,pypsa/pypsa,symbol,1,1654,11712,24,98698
PyPSA__PyPSA-1265::pypsa/networks.py,PyPSA__PyPSA-1265,pypsa/pypsa,co_edited,1,927,7572,88,236604
PyPSA__PyPSA-1265::pypsa/networks.py,PyPSA__PyPSA-1265,pypsa/pypsa,symbol,1,927,7572,88,236604
PyPSA__PyPSA-1265::pypsa/optimization/abstract.py,PyPSA__PyPSA-1265,pypsa/pypsa,co_edited,1,1726,12527,88,236604
PyPSA__PyPSA-1265::pypsa/optimization/abstract.py,PyPSA__PyPSA-1265,pypsa/pypsa,symbol,1,1726,12527,88,236604
pytest-dev__pytest-8952::src/_pytest/pytester.py,pytest-dev__pytest-8952,pytest-dev/pytest,co_edited,1,66,498,79,227544
pytest-dev__pytest-8952::src/_pytest/pytester.py,pytest-dev__pytest-8952,pytest-dev/pytest,symbol,1,66,498,79,227544
pytest-dev__pytest-8952::src/_pytest/pytester_assertions.py,pytest-dev__pytest-8952,pytest-dev/pytest,co_edited,1,1960,15703,79,227544
pytest-dev__pytest-8952::src/_pytest/pytester_assertions.py,pytest-dev__pytest-8952,pytest-dev/pytest,symbol,1,1960,15703,79,227544
pytest-dev__pytest-5254::src/_pytest/fixtures.py,pytest-dev__pytest-5254,pytest-dev/pytest,co_edited,1,399,2836,73,172718
pytest-dev__pytest-5254::src/_pytest/fixtures.py,pytest-dev__pytest-5254,pytest-dev/pytest,symbol,1,399,2836,73,172718
pytest-dev__pytest-5254::src/_pytest/mark/structures.py,pytest-dev__pytest-5254,pytest-dev/pytest,co_edited,1,1334,10808,73,172718
pytest-dev__pytest-5254::src/_pytest/mark/structures.py,pytest-dev__pytest-5254,pytest-dev/pytest,symbol,1,1334,10808,73,172718
pytest-dev__pytest-5281::src/_pytest/capture.py,pytest-dev__pytest-5281,pytest-dev/pytest,co_edited,1,1077,8384,73,171975
pytest-dev__pytest-5281::src/_pytest/capture.py,pytest-dev__pytest-5281,pytest-dev/pytest,symbol,1,1077,8384,73,171975
pytest-dev__pytest-5281::src/_pytest/terminal.py,pytest-dev__pytest-5281,pytest-dev/pytest,co_edited,1,844,6135,73,171975
pytest-dev__pytest-5281::src/_pytest/terminal.py,pytest-dev__pytest-5281,pytest-dev/pytest,symbol,1,844,6135,73,171975
pytest-dev__pytest-9956::src/_pytest/python.py,pytest-dev__pytest-9956,pytest-dev/pytest,co_edited,2,303,1901,81,233755
pytest-dev__pytest-9956::src/_pytest/python.py,pytest-dev__pytest-9956,pytest-dev/pytest,symbol,1,138,729,81,233755
pytest-dev__pytest-9956::src/_pytest/warning_types.py,pytest-dev__pytest-9956,pytest-dev/pytest,co_edited,2,1972,16347,81,233755
pytest-dev__pytest-9956::src/_pytest/warning_types.py,pytest-dev__pytest-9956,pytest-dev/pytest,symbol,1,1807,15175,81,233755
pytest-dev__pytest-9956::src/pytest/__init__.py,pytest-dev__pytest-9956,pytest-dev/pytest,co_edited,2,1945,15904,81,233755
pytest-dev__pytest-9956::src/pytest/__init__.py,pytest-dev__pytest-9956,pytest-dev/pytest,symbol,2,1945,15904,81,233755
pytest-dev__pytest-8399::src/_pytest/python.py,pytest-dev__pytest-8399,pytest-dev/pytest,co_edited,1,406,2982,78,222366
pytest-dev__pytest-8399::src/_pytest/python.py,pytest-dev__pytest-8399,pytest-dev/pytest,symbol,1,406,2982,78,222366
pytest-dev__pytest-8399::src/_pytest/unittest.py,pytest-dev__pytest-8399,pytest-dev/pytest,co_edited,1,1701,13994,78,222366
pytest-dev__pytest-8399::src/_pytest/unittest.py,pytest-dev__pytest-8399,pytest-dev/pytest,symbol,1,1701,13994,78,222366
pytest-dev__pytest-5980::src/_pytest/config/__init__.py,pytest-dev__pytest-5980,pytest-dev/pytest,co_edited,2,1137,7866,74,175119
pytest-dev__pytest-5980::src/_pytest/config/__init__.py,pytest-dev__pytest-5980,pytest-dev/pytest,symbol,1,483,3377,74,175119
pytest-dev__pytest-5980::src/_pytest/hookspec.py,pytest-dev__pytest-5980,pytest-dev/pytest,co_edited,2,1635,12213,74,175119
pytest-dev__pytest-5980::src/_pytest/hookspec.py,pytest-dev__pytest-5980,pytest-dev/pytest,symbol,1,483,3377,74,175119
pytest-dev__pytest-5980::src/_pytest/reports.py,pytest-dev__pytest-5980,pytest-dev/pytest,co_edited,2,1806,13325,74,175119
python-cmd2__cmd2-699::cmd2/cmd2.py,python-cmd2__cmd2-699,python-cmd2/cmd2,co_edited,2,384,3389,43,98007
python-cmd2__cmd2-699::cmd2/cmd2.py,python-cmd2__cmd2-699,python-cmd2/cmd2,symbol,3,1123,9277,43,98007
python-cmd2__cmd2-699::cmd2/history.py,python-cmd2__cmd2-699,python-cmd2/cmd2,co_edited,2,4300,38648,43,98007
python-cmd2__cmd2-699::cmd2/history.py,python-cmd2__cmd2-699,python-cmd2/cmd2,symbol,3,5039,44536,43,98007
python-cmd2__cmd2-699::examples/cmd_as_argument.py,python-cmd2__cmd2-699,python-cmd2/cmd2,co_edited,2,4454,40145,43,98007
python-cmd2__cmd2-699::examples/cmd_as_argument.py,python-cmd2__cmd2-699,python-cmd2/cmd2,symbol,3,5193,46033,43,98007
python-cmd2__cmd2-817::cmd2/cmd2.py,python-cmd2__cmd2-817,python-cmd2/cmd2,symbol,1,251,2139,53,100076
python-cmd2__cmd2-782::cmd2/cmd2.py,python-cmd2__cmd2-782,python-cmd2/cmd2,symbol,1,732,5731,48,97815
python-cmd2__cmd2-752::cmd2/cmd2.py,python-cmd2__cmd2-752,python-cmd2/cmd2,co_edited,1,740,5869,47,96806
python-cmd2__cmd2-752::cmd2/cmd2.py,python-cmd2__cmd2-752,python-cmd2/cmd2,symbol,2,1017,8383,47,96806
python-cmd2__cmd2-752::cmd2/parsing.py,python-cmd2__cmd2-752,python-cmd2/cmd2,co_edited,1,4284,39373,47,96806
python-cmd2__cmd2-752::cmd2/parsing.py,python-cmd2__cmd2-752,python-cmd2/cmd2,symbol,2,4561,41887,47,96806
python-cmd2__cmd2-1045::cmd2/cmd2.py,python-cmd2__cmd2-1045,python-cmd2/cmd2,symbol,1,1106,9561,82,134887
python-cmd2__cmd2-1067::cmd2/cmd2.py,python-cmd2__cmd2-1067,python-cmd2/cmd2,co_edited,1,91,552,83,134930
python-cmd2__cmd2-1067::cmd2/cmd2.py,python-cmd2__cmd2-1067,python-cmd2/cmd2,symbol,1,91,552,83,134930
python-cmd2__cmd2-1067::cmd2/exceptions.py,python-cmd2__cmd2-1067,python-cmd2/cmd2,co_edited,1,5153,45728,83,134930
python-cmd2__cmd2-1067::cmd2/exceptions.py,python-cmd2__cmd2-1067,python-cmd2/cmd2,symbol,1,5153,45728,83,134930
python-cmd2__cmd2-744::cmd2/cmd2.py,python-cmd2__cmd2-744,python-cmd2/cmd2,symbol,1,277,2514,47,96619
python-cmd2__cmd2-595::cmd2/cmd2.py,python-cmd2__cmd2-595,python-cmd2/cmd2,co_edited,2,286,2514,43,95176
python-cmd2__cmd2-595::examples/colors.py,python-cmd2__cmd2-595,python-cmd2/cmd2,co_edited,2,4045,36362,43,95176
python-cmd2__cmd2-595::examples/colors.py,python-cmd2__cmd2-595,python-cmd2/cmd2,symbol,1,3901,35083,43,95176
python-cmd2__cmd2-595::examples/plumbum_colors.py,python-cmd2__cmd2-595,python-cmd2/cmd2,co_edited,2,4043,36318,43,95176
python-cmd2__cmd2-595::examples/plumbum_colors.py,python-cmd2__cmd2-595,python-cmd2/cmd2,symbol,1,3901,35083,43,95176
python-cmd2__cmd2-784::cmd2/argparse_completer.py,python-cmd2__cmd2-784,python-cmd2/cmd2,co_edited,1,4307,39507,48,97876
python-cmd2__cmd2-784::cmd2/argparse_completer.py,python-cmd2__cmd2-784,python-cmd2/cmd2,symbol,2,1059,9206,48,97876
python-cmd2__cmd2-784::cmd2/cmd2.py,python-cmd2__cmd2-784,python-cmd2/cmd2,co_edited,1,604,5616,48,97876
python-cmd2__cmd2-784::cmd2/cmd2.py,python-cmd2__cmd2-784,python-cmd2/cmd2,symbol,3,1663,14822,48,97876
python-control__python-control-1012::control/statesp.py,python-control__python-control-1012,python-control/python-control,co_edited,1,1909,16822,71,309232
python-control__python-control-1012::control/statesp.py,python-control__python-control-1012,python-control/python-control,symbol,3,5457,49809,71,309232
python-control__python-control-1012::control/xferfcn.py,python-control__python-control-1012,python-control/python-control,co_edited,1,2420,21494,71,309232
python-control__python-control-1012::control/xferfcn.py,python-control__python-control-1012,python-control/python-control,symbol,3,5968,54481,71,309232
python-control__python-control-1096::control/freqplot.py,python-control__python-control-1096,python-control/python-control,co_edited,1,479,4517,79,341903
python-control__python-control-1096::control/freqplot.py,python-control__python-control-1096,python-control/python-control,symbol,1,394,3118,79,341903
python-control__python-control-1096::control/rlocus.py,python-control__python-control-1096,python-control/python-control,co_edited,1,2836,28175,79,341903
python-control__python-control-1096::control/rlocus.py,python-control__python-control-1096,python-control/python-control,symbol,2,3230,31293,79,341903
python-control__python-control-416::control/frdata.py,python-control__python-control-416,python-control/python-control,co_edited,2,3060,26540,52,167320
python-control__python-control-416::control/frdata.py,python-control__python-control-416,python-control/python-control,symbol,3,3555,29912,52,167320
python-control__python-control-416::control/statesp.py,python-control__python-control-416,python-control/python-control,co_edited,2,2132,18452,52,167320
python-control__python-control-416::control/statesp.py,python-control__python-control-416,python-control/python-control,symbol,3,2627,21824,52,167320
python-control__python-control-416::control/xferfcn.py,python-control__python-control-416,python-control/python-control,co_edited,2,2070,18324,52,167320
python-control__python-control-416::control/xferfcn.py,python-control__python-control-416,python-control/python-control,symbol,3,2565,21696,52,167320
python-control__python-control-1064::control/frdata.py,python-control__python-control-1064,python-control/python-control,co_edited,1,1918,16921,78,330428
python-control__python-control-1064::control/frdata.py,python-control__python-control-1064,python-control/python-control,symbol,1,1918,16921,78,330428
python-control__python-control-1064::control/xferfcn.py,python-control__python-control-1064,python-control/python-control,co_edited,1,822,7326,78,330428
python-control__python-control-1064::control/xferfcn.py,python-control__python-control-1064,python-control/python-control,symbol,1,822,7326,78,330428
python-control__python-control-1017::control/nlsys.py,python-control__python-control-1017,python-control/python-control,symbol,1,907,7991,72,311802
python-control__python-control-1145::control/ctrlplot.py,python-control__python-control-1145,python-control/python-control,co_edited,3,4128,39592,80,347173
python-control__python-control-1145::control/ctrlplot.py,python-control__python-control-1145,python-control/python-control,symbol,4,4701,43973,80,347173
python-control__python-control-1145::control/descfcn.py,python-control__python-control-1145,python-control/python-control,co_edited,3,4087,38983,80,347173
python-control__python-control-1145::control/descfcn.py,python-control__python-control-1145,python-control/python-control,symbol,3,3885,36864,80,347173
python-control__python-control-1145::control/freqplot.py,python-control__python-control-1145,python-control/python-control,co_edited,3,2009,17442,80,347173
python-control__python-control-1145::control/freqplot.py,python-control__python-control-1145,python-control/python-control,symbol,3,1807,15323,80,347173
python-control__python-control-1145::control/nichols.py,python-control__python-control-1145,python-control/python-control,co_edited,3,4485,42259,80,347173
python-control__python-control-1145::control/nichols.py,python-control__python-control-1145,python-control/python-control,symbol,3,4283,40140,80,347173
python-control__python-control-1092::control/__init__.py,python-control__python-control-1092,python-control/python-control,co_edited,2,3040,26499,78,337031
python-control__python-control-1092::control/__init__.py,python-control__python-control-1092,python-control/python-control,symbol,6,10557,97348,78,337031
python-control__python-control-1092::control/lti.py,python-control__python-control-1092,python-control/python-control,co_edited,2,2536,22351,78,337031
python-control__python-control-1092::control/lti.py,python-control__python-control-1092,python-control/python-control,symbol,6,10053,93200,78,337031
python-control__python-control-1092::control/statesp.py,python-control__python-control-1092,python-control/python-control,co_edited,2,748,5882,78,337031
python-control__python-control-1092::control/statesp.py,python-control__python-control-1092,python-control/python-control,symbol,6,8265,76731,78,337031
python-control__python-control-1104::control/freqplot.py,python-control__python-control-1104,python-control/python-control,symbol,2,4577,40802,79,343713
python-control__python-control-869::control/xferfcn.py,python-control__python-control-869,python-control/python-control,symbol,3,1421,11464,61,268154
python-control__python-control-1065::control/pzmap.py,python-control__python-control-1065,python-control/python-control,co_edited,1,480,4517,78,330428
python-control__python-control-1065::control/rlocus.py,python-control__python-control-1065,python-control/python-control,co_edited,1,636,5880,78,330428
python-control__python-control-1065::control/rlocus.py,python-control__python-control-1065,python-control/python-control,symbol,1,636,5880,78,330428
python-control__python-control-1099::control/statefbk.py,python-control__python-control-1099,python-control/python-control,symbol,3,3205,29014,79,341941
python-telegram-bot__python-telegram-bot-4288::telegram/__init__.py,python-telegram-bot__python-telegram-bot-4288,python-telegram-bot/python-telegram-bot,co_edited,1,65,558,230,653272
python-telegram-bot__python-telegram-bot-4288::telegram/__init__.py,python-telegram-bot__python-telegram-bot-4288,python-telegram-bot/python-telegram-bot,symbol,2,3055,29376,230,653272
python-telegram-bot__python-telegram-bot-4288::telegram/_version.py,python-telegram-bot__python-telegram-bot-4288,python-telegram-bot/python-telegram-bot,co_edited,1,504,3862,230,653272
python-telegram-bot__python-telegram-bot-4288::telegram/_version.py,python-telegram-bot__python-telegram-bot-4288,python-telegram-bot/python-telegram-bot,symbol,2,3494,32680,230,653272
python-telegram-bot__python-telegram-bot-4323::telegram/_messageentity.py,python-telegram-bot__python-telegram-bot-4323,python-telegram-bot/python-telegram-bot,symbol,1,678,6120,228,651836
python-telegram-bot__python-telegram-bot-4353::telegram/ext/_handlers/callbackqueryhandler.py,python-telegram-bot__python-telegram-bot-4353,python-telegram-bot/python-telegram-bot,symbol,2,946,8797,231,667584
python-telegram-bot__python-telegram-bot-4120::telegram/ext/_applicationbuilder.py,python-telegram-bot__python-telegram-bot-4120,python-telegram-bot/python-telegram-bot,co_edited,1,294,2758,220,616502
python-telegram-bot__python-telegram-bot-4120::telegram/ext/_applicationbuilder.py,python-telegram-bot__python-telegram-bot-4120,python-telegram-bot/python-telegram-bot,symbol,4,998,8986,220,616502
python-telegram-bot__python-telegram-bot-4120::telegram/request/_httpxrequest.py,python-telegram-bot__python-telegram-bot-4120,python-telegram-bot/python-telegram-bot,co_edited,1,1366,12174,220,616502
python-telegram-bot__python-telegram-bot-4120::telegram/request/_httpxrequest.py,python-telegram-bot__python-telegram-bot-4120,python-telegram-bot/python-telegram-bot,symbol,4,2070,18402,220,616502
python-telegram-bot__python-telegram-bot-4654::telegram/_chatmember.py,python-telegram-bot__python-telegram-bot-4654,python-telegram-bot/python-telegram-bot,symbol,4,3883,35782,240,697876
python-telegram-bot__python-telegram-bot-4626::telegram/ext/_baseupdateprocessor.py,python-telegram-bot__python-telegram-bot-4626,python-telegram-bot/python-telegram-bot,symbol,3,665,5084,239,696437
python-telegram-bot__python-telegram-bot-4151::telegram/_bot.py,python-telegram-bot__python-telegram-bot-4151,python-telegram-bot/python-telegram-bot,co_edited,5,13374,114206,223,619549
python-telegram-bot__python-telegram-bot-4151::telegram/_bot.py,python-telegram-bot__python-telegram-bot-4151,python-telegram-bot/python-telegram-bot,symbol,7,13818,118240,223,619549
python-telegram-bot__python-telegram-bot-4151::telegram/_chat.py,python-telegram-bot__python-telegram-bot-4151,python-telegram-bot/python-telegram-bot,co_edited,5,18800,163463,223,619549
python-telegram-bot__python-telegram-bot-4151::telegram/_chat.py,python-telegram-bot__python-telegram-bot-4151,python-telegram-bot/python-telegram-bot,symbol,7,19244,167497,223,619549
python-telegram-bot__python-telegram-bot-4151::telegram/_message.py,python-telegram-bot__python-telegram-bot-4151,python-telegram-bot/python-telegram-bot,co_edited,5,17881,153825,223,619549
python-telegram-bot__python-telegram-bot-4151::telegram/_message.py,python-telegram-bot__python-telegram-bot-4151,python-telegram-bot/python-telegram-bot,symbol,7,18325,157859,223,619549
python-telegram-bot__python-telegram-bot-4151::telegram/_passport/passportfile.py,python-telegram-bot__python-telegram-bot-4151,python-telegram-bot/python-telegram-bot,co_edited,5,22209,192007,223,619549
python-telegram-bot__python-telegram-bot-4151::telegram/_passport/passportfile.py,python-telegram-bot__python-telegram-bot-4151,python-telegram-bot/python-telegram-bot,symbol,7,22653,196041,223,619549
python-telegram-bot__python-telegram-bot-4151::telegram/ext/_extbot.py,python-telegram-bot__python-telegram-bot-4151,python-telegram-bot/python-telegram-bot,co_edited,5,18297,158327,223,619549
python-telegram-bot__python-telegram-bot-4151::telegram/ext/_extbot.py,python-telegram-bot__python-telegram-bot-4151,python-telegram-bot/python-telegram-bot,symbol,7,18741,162361,223,619549
python-telegram-bot__python-telegram-bot-4151::telegram/ext/_updater.py,python-telegram-bot__python-telegram-bot-4151,python-telegram-bot/python-telegram-bot,co_edited,5,21519,186027,223,619549
python-telegram-bot__python-telegram-bot-4151::telegram/ext/_updater.py,python-telegram-bot__python-telegram-bot-4151,python-telegram-bot/python-telegram-bot,symbol,7,21963,190061,223,619549
python-telegram-bot__python-telegram-bot-4632::telegram/_bot.py,python-telegram-bot__python-telegram-bot-4632,python-telegram-bot/python-telegram-bot,co_edited,3,6196,53869,240,696735
python-telegram-bot__python-telegram-bot-4632::telegram/_bot.py,python-telegram-bot__python-telegram-bot-4632,python-telegram-bot/python-telegram-bot,symbol,3,1635,14370,240,696735
python-telegram-bot__python-telegram-bot-4632::telegram/_utils/types.py,python-telegram-bot__python-telegram-bot-4632,python-telegram-bot/python-telegram-bot,co_edited,3,16327,143351,240,696735
python-telegram-bot__python-telegram-bot-4632::telegram/_utils/types.py,python-telegram-bot__python-telegram-bot-4632,python-telegram-bot/python-telegram-bot,symbol,3,11766,103852,240,696735
python-telegram-bot__python-telegram-bot-4632::telegram/ext/_applicationbuilder.py,python-telegram-bot__python-telegram-bot-4632,python-telegram-bot/python-telegram-bot,co_edited,3,15026,131794,240,696735
python-telegram-bot__python-telegram-bot-4632::telegram/ext/_applicationbuilder.py,python-telegram-bot__python-telegram-bot-4632,python-telegram-bot/python-telegram-bot,symbol,3,10465,92295,240,696735
python-telegram-bot__python-telegram-bot-4632::telegram/ext/_extbot.py,python-telegram-bot__python-telegram-bot-4632,python-telegram-bot/python-telegram-bot,co_edited,3,11711,103709,240,696735
python-telegram-bot__python-telegram-bot-4632::telegram/ext/_extbot.py,python-telegram-bot__python-telegram-bot-4632,python-telegram-bot/python-telegram-bot,symbol,4,11859,104742,240,696735
python-telegram-bot__python-telegram-bot-4290::telegram/ext/_handlers/chatmemberhandler.py,python-telegram-bot__python-telegram-bot-4290,python-telegram-bot/python-telegram-bot,symbol,7,1548,13509,230,652981
python-telegram-bot__python-telegram-bot-4365::telegram/_message.py,python-telegram-bot__python-telegram-bot-4365,python-telegram-bot/python-telegram-bot,symbol,2,3154,30153,231,667506
python-telegram-bot__python-telegram-bot-4161::telegram/ext/_application.py,python-telegram-bot__python-telegram-bot-4161,python-telegram-bot/python-telegram-bot,co_edited,2,1115,9198,223,619016
python-telegram-bot__python-telegram-bot-4161::telegram/ext/_application.py,python-telegram-bot__python-telegram-bot-4161,python-telegram-bot/python-telegram-bot,symbol,2,1115,9198,223,619016
python-telegram-bot__python-telegram-bot-4161::telegram/ext/_updater.py,python-telegram-bot__python-telegram-bot-4161,python-telegram-bot/python-telegram-bot,co_edited,2,2050,18007,223,619016
python-telegram-bot__python-telegram-bot-4161::telegram/ext/_updater.py,python-telegram-bot__python-telegram-bot-4161,python-telegram-bot/python-telegram-bot,symbol,2,2050,18007,223,619016
python-telegram-bot__python-telegram-bot-4161::telegram/ext/_utils/webhookhandler.py,python-telegram-bot__python-telegram-bot-4161,python-telegram-bot/python-telegram-bot,co_edited,2,2729,23913,223,619016
python-telegram-bot__python-telegram-bot-4161::telegram/ext/_utils/webhookhandler.py,python-telegram-bot__python-telegram-bot-4161,python-telegram-bot/python-telegram-bot,symbol,2,2729,23913,223,619016
python__mypy-18966::mypy/checker.py,python__mypy-18966,python/mypy,co_edited,4,14482,122737,236,1159804
python__mypy-18966::mypy/checker.py,python__mypy-18966,python/mypy,symbol,3,13201,111641,236,1159804
python__mypy-18966::mypy/nodes.py,python__mypy-18966,python/mypy,co_edited,4,19185,173087,236,1159804
python__mypy-18966::mypy/nodes.py,python__mypy-18966,python/mypy,symbol,3,17904,161991,236,1159804
python__mypy-18966::mypy/semanal.py,python__mypy-18966,python/mypy,co_edited,4,15679,136510,236,1159804
python__mypy-18966::mypy/semanal.py,python__mypy-18966,python/mypy,symbol,3,14398,125414,236,1159804
python__mypy-18966::mypy/suggestions.py,python__mypy-18966,python/mypy,co_edited,4,22441,197461,236,1159804
python__mypy-18966::mypy/suggestions.py,python__mypy-18966,python/mypy,symbol,3,21160,186365,236,1159804
python__mypy-18966::mypy/typeops.py,python__mypy-18966,python/mypy,co_edited,4,22221,195137,236,1159804
python__mypy-18966::mypy/typeops.py,python__mypy-18966,python/mypy,symbol,4,22221,195137,236,1159804
python__mypy-19767::mypy/checker.py,python__mypy-19767,python/mypy,co_edited,1,1402,11409,242,1201414
python__mypy-19767::mypy/checker.py,python__mypy-19767,python/mypy,symbol,5,16299,134482,242,1201414
python__mypy-19767::mypy/errors.py,python__mypy-19767,python/mypy,co_edited,1,9224,85039,242,1201414
python__mypy-19767::mypy/errors.py,python__mypy-19767,python/mypy,symbol,5,24121,208112,242,1201414
python__mypy-19097::mypy/stubgen.py,python__mypy-19097,python/mypy,symbol,1,4307,33163,234,1155553
python__mypy-19216::mypy/checker.py,python__mypy-19216,python/mypy,symbol,1,3827,32041,235,1157342
python__mypy-19592::mypy/checkexpr.py,python__mypy-19592,python/mypy,symbol,2,7204,60229,241,1179557
python__mypy-19249::mypy/checkexpr.py,python__mypy-19249,python/mypy,symbol,3,9430,76285,236,1159239
python__mypy-19190::mypy/constraints.py,python__mypy-19190,python/mypy,symbol,1,3824,32010,235,1156858
python__mypy-19615::mypy/checker.py,python__mypy-19615,python/mypy,co_edited,6,21466,181731,241,1180210
python__mypy-19615::mypy/checker.py,python__mypy-19615,python/mypy,symbol,7,21467,181738,241,1180210
python__mypy-19615::mypy/checkmember.py,python__mypy-19615,python/mypy,co_edited,6,29046,252133,241,1180210
python__mypy-19615::mypy/checkmember.py,python__mypy-19615,python/mypy,symbol,7,29047,252140,241,1180210
python__mypy-19615::mypy/fixup.py,python__mypy-19615,python/mypy,co_edited,6,30176,262621,241,1180210
python__mypy-19615::mypy/fixup.py,python__mypy-19615,python/mypy,symbol,7,30177,262628,241,1180210
python__mypy-19615::mypy/messages.py,python__mypy-19615,python/mypy,co_edited,6,27208,237651,241,1180210
python__mypy-19615::mypy/messages.py,python__mypy-19615,python/mypy,symbol,7,27209,237658,241,1180210
python__mypy-19615::mypy/nodes.py,python__mypy-19615,python/mypy,co_edited,6,26216,232259,241,1180210
python__mypy-19615::mypy/nodes.py,python__mypy-19615,python/mypy,symbol,7,26217,232266,241,1180210
python__mypy-19615::mypy/semanal.py,python__mypy-19615,python/mypy,co_edited,6,22769,196219,241,1180210
python__mypy-19615::mypy/semanal.py,python__mypy-19615,python/mypy,symbol,7,22770,196226,241,1180210
python__mypy-19615::mypy/types.py,python__mypy-19615,python/mypy,co_edited,6,26821,234448,241,1180210
python__mypy-19615::mypy/types.py,python__mypy-19615,python/mypy,symbol,7,26822,234455,241,1180210
python__mypy-19705::mypy/semanal.py,python__mypy-19705,python/mypy,co_edited,1,2713,24524,242,1198467
python__mypy-19705::mypy/semanal.py,python__mypy-19705,python/mypy,symbol,2,6975,59911,242,1198467
python__mypy-19705::mypy/typeanal.py,python__mypy-19705,python/mypy,co_edited,1,7868,70160,242,1198467
python__mypy-19705::mypy/typeanal.py,python__mypy-19705,python/mypy,symbol,2,12130,105547,242,1198467
python__mypy-19577::mypy/checker.py,python__mypy-19577,python/mypy,symbol,4,10862,88798,241,1179141
python__mypy-19573::mypy/semanal.py,python__mypy-19573,python/mypy,symbol,3,8837,71396,241,1178443
python__mypy-19290::mypy/checkexpr.py,python__mypy-19290,python/mypy,co_edited,1,3368,28158,236,1159587
python__mypy-19290::mypy/checkexpr.py,python__mypy-19290,python/mypy,symbol,3,11517,93347,236,1159587
python__mypy-19290::mypy/messages.py,python__mypy-19290,python/mypy,co_edited,1,6679,59726,236,1159587
python__mypy-19290::mypy/messages.py,python__mypy-19290,python/mypy,symbol,3,14828,124915,236,1159587
python__mypy-19718::mypy/checkexpr.py,python__mypy-19718,python/mypy,co_edited,2,2320,19626,242,1198119
python__mypy-19718::mypy/checkexpr.py,python__mypy-19718,python/mypy,symbol,4,7886,66123,242,1198119
python__mypy-19718::mypy/main.py,python__mypy-19718,python/mypy,co_edited,2,7417,66467,242,1198119
python__mypy-19718::mypy/main.py,python__mypy-19718,python/mypy,symbol,4,12983,112964,242,1198119
python__mypy-19718::mypy/options.py,python__mypy-19718,python/mypy,co_edited,2,8485,74723,242,1198119
python__mypy-19718::mypy/options.py,python__mypy-19718,python/mypy,symbol,4,14051,121220,242,1198119
pytorch__ignite-1320::ignite/contrib/metrics/regression/manhattan_distance.py,pytorch__ignite-1320,pytorch/ignite,symbol,3,620,4686,136,175308
pytorch__ignite-2027::ignite/metrics/loss.py,pytorch__ignite-2027,pytorch/ignite,symbol,1,581,4631,148,224018
pytorch__ignite-873::ignite/contrib/metrics/precision_recall_curve.py,pytorch__ignite-873,pytorch/ignite,co_edited,1,464,4414,115,124099
pytorch__ignite-873::ignite/contrib/metrics/precision_recall_curve.py,pytorch__ignite-873,pytorch/ignite,symbol,1,464,4414,115,124099
pytorch__ignite-873::ignite/handlers/checkpoint.py,pytorch__ignite-873,pytorch/ignite,co_edited,1,41,370,115,124099
pytorch__ignite-919::ignite/engine/engine.py,pytorch__ignite-919,pytorch/ignite,symbol,1,350,2519,119,127347
pytorch__ignite-385::ignite/metrics/metrics_lambda.py,pytorch__ignite-385,pytorch/ignite,symbol,4,552,4243,62,39129
pytorch__ignite-976::ignite/metrics/frequency.py,pytorch__ignite-976,pytorch/ignite,symbol,2,693,5063,122,133505
pytorch__ignite-1155::ignite/handlers/checkpoint.py,pytorch__ignite-1155,pytorch/ignite,symbol,2,1190,9644,134,163795
pytorch__ignite-1333::ignite/engine/engine.py,pytorch__ignite-1333,pytorch/ignite,co_edited,1,407,3042,136,175576
pytorch__ignite-1333::ignite/engine/engine.py,pytorch__ignite-1333,pytorch/ignite,symbol,1,407,3042,136,175576
pytorch__ignite-1333::ignite/engine/events.py,pytorch__ignite-1333,pytorch/ignite,co_edited,1,830,7000,136,175576
pytorch__ignite-1333::ignite/engine/events.py,pytorch__ignite-1333,pytorch/ignite,symbol,1,830,7000,136,175576
pytorch__torchtune-1778::torchtune/models/phi3/_tokenizer.py,pytorch__torchtune-1778,pytorch/torchtune,symbol,1,623,5040,191,353463
pytorch__torchtune-1477::torchtune/models/llama3/_tokenizer.py,pytorch__torchtune-1477,pytorch/torchtune,symbol,1,110,748,170,280891
pytorch__torchtune-2139::recipes/knowledge_distillation_distributed.py,pytorch__torchtune-2139,pytorch/torchtune,co_edited,9,5169,44122,212,448561
pytorch__torchtune-2139::recipes/knowledge_distillation_distributed.py,pytorch__torchtune-2139,pytorch/torchtune,symbol,9,4172,35326,212,448561
pytorch__torchtune-2139::recipes/knowledge_distillation_single_device.py,pytorch__torchtune-2139,pytorch/torchtune,co_edited,9,5344,45404,212,448561
pytorch__torchtune-2139::recipes/knowledge_distillation_single_device.py,pytorch__torchtune-2139,pytorch/torchtune,symbol,9,4347,36608,212,448561
pytorch__torchtune-2139::recipes/lora_dpo_distributed.py,pytorch__torchtune-2139,pytorch/torchtune,co_edited,9,5358,45447,212,448561
pytorch__torchtune-2139::recipes/lora_dpo_distributed.py,pytorch__torchtune-2139,pytorch/torchtune,symbol,9,4361,36651,212,448561
pytorch__torchtune-2139::recipes/lora_finetune_distributed.py,pytorch__torchtune-2139,pytorch/torchtune,co_edited,9,5220,44293,212,448561
pytorch__torchtune-2139::recipes/lora_finetune_distributed.py,pytorch__torchtune-2139,pytorch/torchtune,symbol,9,4223,35497,212,448561
pytorch__torchtune-2139::recipes/lora_finetune_single_device.py,pytorch__torchtune-2139,pytorch/torchtune,co_edited,9,5353,45386,212,448561
pytorch__torchtune-2139::recipes/lora_finetune_single_device.py,pytorch__torchtune-2139,pytorch/torchtune,symbol,10,5161,43441,212,448561
pytorch__torchtune-2139::recipes/qat_lora_finetune_distributed.py,pytorch__torchtune-2139,pytorch/torchtune,co_edited,9,5186,43894,212,448561
pytorch__torchtune-2139::recipes/qat_lora_finetune_distributed.py,pytorch__torchtune-2139,pytorch/torchtune,symbol,9,4189,35098,212,448561
pytorch__torchtune-2139::torchtune/modules/peft/__init__.py,pytorch__torchtune-2139,pytorch/torchtune,co_edited,9,6122,51999,212,448561
pytorch__torchtune-2139::torchtune/modules/peft/__init__.py,pytorch__torchtune-2139,pytorch/torchtune,symbol,10,5161,43441,212,448561
pytorch__torchtune-2139::torchtune/modules/peft/_utils.py,pytorch__torchtune-2139,pytorch/torchtune,co_edited,9,5834,49390,212,448561
pytorch__torchtune-2139::torchtune/modules/peft/_utils.py,pytorch__torchtune-2139,pytorch/torchtune,symbol,10,5161,43441,212,448561
pytorch__torchtune-2139::torchtune/modules/peft/dora.py,pytorch__torchtune-2139,pytorch/torchtune,co_edited,9,5982,50622,212,448561
pytorch__torchtune-2139::torchtune/modules/peft/dora.py,pytorch__torchtune-2139,pytorch/torchtune,symbol,9,4985,41826,212,448561
pytorch__torchtune-2139::torchtune/modules/peft/lora.py,pytorch__torchtune-2139,pytorch/torchtune,co_edited,9,5854,49576,212,448561
pytorch__torchtune-2139::torchtune/modules/peft/lora.py,pytorch__torchtune-2139,pytorch/torchtune,symbol,9,4857,40780,212,448561
pytorch__torchtune-1806::torchtune/models/gemma/_tokenizer.py,pytorch__torchtune-1806,pytorch/torchtune,co_edited,3,873,7363,191,353242
pytorch__torchtune-1806::torchtune/models/gemma/_tokenizer.py,pytorch__torchtune-1806,pytorch/torchtune,symbol,6,1904,15775,191,353242
pytorch__torchtune-1806::torchtune/models/mistral/_tokenizer.py,pytorch__torchtune-1806,pytorch/torchtune,co_edited,3,843,7038,191,353242
pytorch__torchtune-1806::torchtune/models/mistral/_tokenizer.py,pytorch__torchtune-1806,pytorch/torchtune,symbol,6,1874,15450,191,353242
pytorch__torchtune-1806::torchtune/models/phi3/_tokenizer.py,pytorch__torchtune-1806,pytorch/torchtune,co_edited,3,766,6362,191,353242
pytorch__torchtune-1806::torchtune/models/phi3/_tokenizer.py,pytorch__torchtune-1806,pytorch/torchtune,symbol,6,1797,14774,191,353242
pytorch__torchtune-1806::torchtune/models/qwen2/_tokenizer.py,pytorch__torchtune-1806,pytorch/torchtune,co_edited,3,626,4998,191,353242
pytorch__torchtune-1806::torchtune/models/qwen2/_tokenizer.py,pytorch__torchtune-1806,pytorch/torchtune,symbol,6,1657,13410,191,353242
pytorch__torchtune-2342::torchtune/models/qwen2/_tokenizer.py,pytorch__torchtune-2342,pytorch/torchtune,co_edited,1,242,2303,229,483571
pytorch__torchtune-2342::torchtune/models/qwen2/_tokenizer.py,pytorch__torchtune-2342,pytorch/torchtune,symbol,1,242,2303,229,483571
pytorch__torchtune-2342::torchtune/models/qwen2_5/_tokenizer.py,pytorch__torchtune-2342,pytorch/torchtune,co_edited,1,431,3752,229,483571
pytorch__torchtune-2342::torchtune/models/qwen2_5/_tokenizer.py,pytorch__torchtune-2342,pytorch/torchtune,symbol,1,431,3752,229,483571
pytorch__torchtune-2560::torchtune/modules/loss/ce_chunked_output_loss.py,pytorch__torchtune-2560,pytorch/torchtune,co_edited,2,1104,10379,246,527084
pytorch__torchtune-2560::torchtune/modules/loss/ce_chunked_output_loss.py,pytorch__torchtune-2560,pytorch/torchtune,symbol,2,1104,10379,246,527084
pytorch__torchtune-2560::torchtune/modules/loss/kd_losses.py,pytorch__torchtune-2560,pytorch/torchtune,co_edited,2,760,7044,246,527084
pytorch__torchtune-2560::torchtune/modules/loss/kd_losses.py,pytorch__torchtune-2560,pytorch/torchtune,symbol,2,760,7044,246,527084
pytorch__torchtune-2560::torchtune/modules/transformer.py,pytorch__torchtune-2560,pytorch/torchtune,co_edited,2,510,4883,246,527084
pytorch__torchtune-2560::torchtune/modules/transformer.py,pytorch__torchtune-2560,pytorch/torchtune,symbol,2,510,4883,246,527084
pytorch__torchtune-293::torchtune/models/llama2.py,pytorch__torchtune-293,pytorch/torchtune,co_edited,1,212,1919,54,45339
pytorch__torchtune-293::torchtune/models/llama2.py,pytorch__torchtune-293,pytorch/torchtune,symbol,1,212,1919,54,45339
pytorch__torchtune-293::torchtune/models/lora_llama2.py,pytorch__torchtune-293,pytorch/torchtune,co_edited,1,131,1044,54,45339
pytorch__torchtune-293::torchtune/models/lora_llama2.py,pytorch__torchtune-293,pytorch/torchtune,symbol,1,131,1044,54,45339
pyvista__pyvista-6170::pyvista/core/_vtk_core.py,pyvista__pyvista-6170,pyvista/pyvista,co_edited,1,688,3631,159,816782
pyvista__pyvista-6170::pyvista/core/_vtk_core.py,pyvista__pyvista-6170,pyvista/pyvista,symbol,1,688,3631,159,816782
pyvista__pyvista-6170::pyvista/core/utilities/image_sources.py,pyvista__pyvista-6170,pyvista/pyvista,co_edited,1,459,5842,159,816782
pyvista__pyvista-6170::pyvista/core/utilities/image_sources.py,pyvista__pyvista-6170,pyvista/pyvista,symbol,1,459,5842,159,816782
pyvista__pyvista-7040::pyvista/core/filters/image_data.py,pyvista__pyvista-7040,pyvista/pyvista,co_edited,2,12773,94076,162,969345
pyvista__pyvista-7040::pyvista/core/filters/image_data.py,pyvista__pyvista-7040,pyvista/pyvista,symbol,1,198,1000,162,969345
pyvista__pyvista-7040::pyvista/core/filters/poly_data.py,pyvista__pyvista-7040,pyvista/pyvista,co_edited,2,11014,83238,162,969345
pyvista__pyvista-7040::pyvista/core/filters/poly_data.py,pyvista__pyvista-7040,pyvista/pyvista,symbol,1,198,1000,162,969345
pyvista__pyvista-7040::pyvista/examples/downloads.py,pyvista__pyvista-7040,pyvista/pyvista,co_edited,2,7391,64088,162,969345
pyvista__pyvista-7040::pyvista/examples/downloads.py,pyvista__pyvista-7040,pyvista/pyvista,symbol,1,198,1000,162,969345
pyvista__pyvista-1374::pyvista/core/filters/data_set.py,pyvista__pyvista-1374,pyvista/pyvista,symbol,2,1881,15739,70,271099
pyvista__pyvista-7455::pyvista/core/dataobject.py,pyvista__pyvista-7455,pyvista/pyvista,symbol,2,1222,9742,168,1041347
pyvista__pyvista-5192::pyvista/plotting/_property.py,pyvista__pyvista-5192,pyvista/pyvista,co_edited,2,10142,78671,152,715020
pyvista__pyvista-5192::pyvista/plotting/_property.py,pyvista__pyvista-5192,pyvista/pyvista,symbol,5,10788,82835,152,715020
pyvista__pyvista-5192::pyvista/plotting/plotter.py,pyvista__pyvista-5192,pyvista/pyvista,co_edited,2,4384,31160,152,715020
pyvista__pyvista-5192::pyvista/plotting/plotter.py,pyvista__pyvista-5192,pyvista/pyvista,symbol,5,5030,35324,152,715020
pyvista__pyvista-5192::pyvista/plotting/themes.py,pyvista__pyvista-5192,pyvista/pyvista,co_edited,2,8168,64537,152,715020
pyvista__pyvista-5192::pyvista/plotting/themes.py,pyvista__pyvista-5192,pyvista/pyvista,symbol,5,8814,68701,152,715020
pyvista__pyvista-4311::pyvista/core/datasetattributes.py,pyvista__pyvista-4311,pyvista/pyvista,co_edited,2,956,7904,116,638157
pyvista__pyvista-4311::pyvista/core/datasetattributes.py,pyvista__pyvista-4311,pyvista/pyvista,symbol,4,4287,32765,116,638157
pyvista__pyvista-4311::pyvista/core/filters/rectilinear_grid.py,pyvista__pyvista-4311,pyvista/pyvista,co_edited,2,2113,16898,116,638157
pyvista__pyvista-4311::pyvista/core/filters/rectilinear_grid.py,pyvista__pyvista-4311,pyvista/pyvista,symbol,4,5444,41759,116,638157
pyvista__pyvista-4311::pyvista/core/grid.py,pyvista__pyvista-4311,pyvista/pyvista,co_edited,2,1377,11016,116,638157
pyvista__pyvista-4311::pyvista/core/grid.py,pyvista__pyvista-4311,pyvista/pyvista,symbol,4,4708,35877,116,638157
pyvista__pyvista-6528::pyvista/core/utilities/points.py,pyvista__pyvista-6528,pyvista/pyvista,symbol,2,3467,27898,161,879299
pyvista__pyvista-5246::pyvista/core/dataset.py,pyvista__pyvista-5246,pyvista/pyvista,symbol,3,2184,16801,152,719242
pyvista__pyvista-4782::pyvista/core/filters/composite.py,pyvista__pyvista-4782,pyvista/pyvista,co_edited,1,5870,46987,145,653764
pyvista__pyvista-4782::pyvista/core/filters/composite.py,pyvista__pyvista-4782,pyvista/pyvista,symbol,2,6278,50009,145,653764
pyvista__pyvista-4782::pyvista/core/filters/data_set.py,pyvista__pyvista-4782,pyvista/pyvista,co_edited,1,202,1339,145,653764
pyvista__pyvista-4782::pyvista/core/filters/data_set.py,pyvista__pyvista-4782,pyvista/pyvista,symbol,2,610,4361,145,653764
pyvista__pyvista-6060::pyvista/core/filters/data_set.py,pyvista__pyvista-6060,pyvista/pyvista,symbol,1,3423,24982,159,801433
pyvista__pyvista-3710::pyvista/demos/demos.py,pyvista__pyvista-3710,pyvista/pyvista,co_edited,1,1617,12840,92,571257
pyvista__pyvista-3710::pyvista/demos/demos.py,pyvista__pyvista-3710,pyvista/pyvista,symbol,1,1617,12840,92,571257
pyvista__pyvista-3710::pyvista/utilities/geometric_objects.py,pyvista__pyvista-3710,pyvista/pyvista,co_edited,1,571,4424,92,571257
pyvista__pyvista-7258::pyvista/core/dataobject.py,pyvista__pyvista-7258,pyvista/pyvista,symbol,6,4692,36612,165,1008992
pyvista__pyvista-6517::pyvista/core/utilities/points.py,pyvista__pyvista-6517,pyvista/pyvista,symbol,4,12632,105532,161,879861
pyvista__pyvista-6127::pyvista/core/pointset.py,pyvista__pyvista-6127,pyvista/pyvista,symbol,2,3530,25527,159,809002
RDFLib__rdflib-2474::rdflib/plugins/sparql/aggregates.py,RDFLib__rdflib-2474,rdflib/rdflib,symbol,2,2662,23477,145,471687
RDFLib__rdflib-1386::rdflib/namespace/_RDF.py,RDFLib__rdflib-1386,rdflib/rdflib,co_edited,1,785,5672,133,336188
RDFLib__rdflib-1386::rdflib/namespace/__init__.py,RDFLib__rdflib-1386,rdflib/rdflib,co_edited,1,50,606,133,336188
RDFLib__rdflib-1386::rdflib/namespace/__init__.py,RDFLib__rdflib-1386,rdflib/rdflib,symbol,1,50,606,133,336188
RDFLib__rdflib-1012::rdflib/plugins/parsers/notation3.py,RDFLib__rdflib-1012,rdflib/rdflib,co_edited,1,95,776,98,211862
RDFLib__rdflib-1012::rdflib/plugins/parsers/notation3.py,RDFLib__rdflib-1012,rdflib/rdflib,symbol,1,95,776,98,211862
RDFLib__rdflib-1012::setup.py,RDFLib__rdflib-1012,rdflib/rdflib,co_edited,1,1951,15388,98,211862
RDFLib__rdflib-1012::setup.py,RDFLib__rdflib-1012,rdflib/rdflib,symbol,1,1951,15388,98,211862
reflex-dev__reflex-4266::reflex/config.py,reflex-dev__reflex-4266,reflex-dev/reflex,co_edited,1,1568,11343,237,349383
reflex-dev__reflex-4266::reflex/config.py,reflex-dev__reflex-4266,reflex-dev/reflex,symbol,1,1568,11343,237,349383
reflex-dev__reflex-4266::reflex/utils/prerequisites.py,reflex-dev__reflex-4266,reflex-dev/reflex,co_edited,1,658,4482,237,349383
reflex-dev__reflex-4266::reflex/utils/prerequisites.py,reflex-dev__reflex-4266,reflex-dev/reflex,symbol,1,658,4482,237,349383
reflex-dev__reflex-3006::reflex/app.py,reflex-dev__reflex-3006,reflex-dev/reflex,co_edited,5,3881,26176,273,291746
reflex-dev__reflex-3006::reflex/app.py,reflex-dev__reflex-3006,reflex-dev/reflex,symbol,7,4652,30682,273,291746
reflex-dev__reflex-3006::reflex/components/component.py,reflex-dev__reflex-3006,reflex-dev/reflex,co_edited,5,3220,22225,273,291746
reflex-dev__reflex-3006::reflex/components/component.py,reflex-dev__reflex-3006,reflex-dev/reflex,symbol,7,3991,26731,273,291746
reflex-dev__reflex-3006::reflex/reflex.py,reflex-dev__reflex-3006,reflex-dev/reflex,co_edited,5,4565,30943,273,291746
reflex-dev__reflex-3006::reflex/reflex.py,reflex-dev__reflex-3006,reflex-dev/reflex,symbol,8,5938,39467,273,291746
reflex-dev__reflex-3006::reflex/utils/export.py,reflex-dev__reflex-3006,reflex-dev/reflex,co_edited,5,5093,34426,273,291746
reflex-dev__reflex-3006::reflex/utils/export.py,reflex-dev__reflex-3006,reflex-dev/reflex,symbol,8,5938,39467,273,291746
reflex-dev__reflex-3006::reflex/utils/imports.py,reflex-dev__reflex-3006,reflex-dev/reflex,co_edited,5,5089,34530,273,291746
reflex-dev__reflex-3006::reflex/utils/imports.py,reflex-dev__reflex-3006,reflex-dev/reflex,symbol,7,5860,39036,273,291746
reflex-dev__reflex-3006::reflex/utils/prerequisites.py,reflex-dev__reflex-3006,reflex-dev/reflex,co_edited,5,3987,26505,273,291746
reflex-dev__reflex-3006::reflex/utils/prerequisites.py,reflex-dev__reflex-3006,reflex-dev/reflex,symbol,7,4758,31011,273,291746
reflex-dev__reflex-4129::reflex/state.py,reflex-dev__reflex-4129,reflex-dev/reflex,co_edited,1,668,4195,232,333242
reflex-dev__reflex-4129::reflex/state.py,reflex-dev__reflex-4129,reflex-dev/reflex,symbol,2,1043,6649,232,333242
reflex-dev__reflex-4129::reflex/utils/types.py,reflex-dev__reflex-4129,reflex-dev/reflex,co_edited,1,3777,26535,232,333242
reflex-dev__reflex-4129::reflex/utils/types.py,reflex-dev__reflex-4129,reflex-dev/reflex,symbol,2,4152,28989,232,333242
reflex-dev__reflex-2985::reflex/app.py,reflex-dev__reflex-2985,reflex-dev/reflex,symbol,2,1991,12916,273,291615
reflex-dev__reflex-2439::reflex/components/component.py,reflex-dev__reflex-2439,reflex-dev/reflex,co_edited,4,3029,20576,258,242579
reflex-dev__reflex-2439::reflex/components/component.py,reflex-dev__reflex-2439,reflex-dev/reflex,symbol,6,3460,23037,258,242579
reflex-dev__reflex-2439::reflex/components/core/match.py,reflex-dev__reflex-2439,reflex-dev/reflex,co_edited,4,4505,30015,258,242579
reflex-dev__reflex-2439::reflex/components/core/match.py,reflex-dev__reflex-2439,reflex-dev/reflex,symbol,6,4936,32476,258,242579
reflex-dev__reflex-2439::reflex/components/radix/primitives/accordion.py,reflex-dev__reflex-2439,reflex-dev/reflex,co_edited,4,4161,27996,258,242579
reflex-dev__reflex-2439::reflex/components/radix/primitives/accordion.py,reflex-dev__reflex-2439,reflex-dev/reflex,symbol,6,4592,30457,258,242579
reflex-dev__reflex-2439::reflex/style.py,reflex-dev__reflex-2439,reflex-dev/reflex,co_edited,4,4529,30164,258,242579
reflex-dev__reflex-2439::reflex/style.py,reflex-dev__reflex-2439,reflex-dev/reflex,symbol,6,4960,32625,258,242579
reflex-dev__reflex-2439::reflex/vars.py,reflex-dev__reflex-2439,reflex-dev/reflex,co_edited,4,2840,18677,258,242579
reflex-dev__reflex-2439::reflex/vars.py,reflex-dev__reflex-2439,reflex-dev/reflex,symbol,6,3271,21138,258,242579
reflex-dev__reflex-4958::reflex/istate/data.py,reflex-dev__reflex-4958,reflex-dev/reflex,co_edited,1,590,3770,246,400695
reflex-dev__reflex-4958::reflex/istate/data.py,reflex-dev__reflex-4958,reflex-dev/reflex,symbol,6,1853,11309,246,400695
reflex-dev__reflex-4958::reflex/utils/exec.py,reflex-dev__reflex-4958,reflex-dev/reflex,co_edited,1,125,931,246,400695
reflex-dev__reflex-4958::reflex/utils/exec.py,reflex-dev__reflex-4958,reflex-dev/reflex,symbol,7,1978,12240,246,400695
reflex-dev__reflex-4720::reflex/app.py,reflex-dev__reflex-4720,reflex-dev/reflex,co_edited,1,1981,13955,242,384877
reflex-dev__reflex-4720::reflex/app.py,reflex-dev__reflex-4720,reflex-dev/reflex,symbol,5,3894,25922,242,384877
reflex-dev__reflex-4720::reflex/utils/prerequisites.py,reflex-dev__reflex-4720,reflex-dev/reflex,co_edited,1,1725,12029,242,384877
reflex-dev__reflex-4720::reflex/utils/prerequisites.py,reflex-dev__reflex-4720,reflex-dev/reflex,symbol,6,5619,37951,242,384877
reflex-dev__reflex-3160::reflex/components/tags/iter_tag.py,reflex-dev__reflex-3160,reflex-dev/reflex,symbol,1,2098,14465,279,298685
reflex-dev__reflex-4427::reflex/state.py,reflex-dev__reflex-4427,reflex-dev/reflex,symbol,2,1029,6727,241,368263
reflex-dev__reflex-3580::reflex/state.py,reflex-dev__reflex-3580,reflex-dev/reflex,symbol,1,544,3437,298,331808
reflex-dev__reflex-4205::reflex/config.py,reflex-dev__reflex-4205,reflex-dev/reflex,symbol,6,1569,9683,237,347773
reflex-dev__reflex-2936::reflex/components/radix/themes/layout/list.py,reflex-dev__reflex-2936,reflex-dev/reflex,symbol,6,2529,15670,272,286815
reflex-dev__reflex-2617::reflex/vars.py,reflex-dev__reflex-2617,reflex-dev/reflex,symbol,1,414,2725,268,264721
reflex-dev__reflex-3179::reflex/components/component.py,reflex-dev__reflex-3179,reflex-dev/reflex,symbol,1,503,3286,288,301969
reflex-dev__reflex-3842::reflex/state.py,reflex-dev__reflex-3842,reflex-dev/reflex,symbol,1,2633,18439,234,335540
reframe-hpc__reframe-3070::reframe/frontend/cli.py,reframe-hpc__reframe-3070,reframe-hpc/reframe,symbol,1,390,2380,144,247318
reframe-hpc__reframe-3262::reframe/frontend/cli.py,reframe-hpc__reframe-3262,reframe-hpc/reframe,co_edited,1,753,5099,147,260484
reframe-hpc__reframe-3262::reframe/frontend/cli.py,reframe-hpc__reframe-3262,reframe-hpc/reframe,symbol,1,753,5099,147,260484
reframe-hpc__reframe-3262::reframe/frontend/executors/__init__.py,reframe-hpc__reframe-3262,reframe-hpc/reframe,co_edited,1,1707,13528,147,260484
reframe-hpc__reframe-3262::reframe/frontend/executors/__init__.py,reframe-hpc__reframe-3262,reframe-hpc/reframe,symbol,1,1707,13528,147,260484
reframe-hpc__reframe-3328::reframe/frontend/cli.py,reframe-hpc__reframe-3328,reframe-hpc/reframe,symbol,2,1149,7520,150,266493
reframe-hpc__reframe-3173::reframe/core/pipeline.py,reframe-hpc__reframe-3173,reframe-hpc/reframe,co_edited,2,2214,16944,146,251215
reframe-hpc__reframe-3173::reframe/core/pipeline.py,reframe-hpc__reframe-3173,reframe-hpc/reframe,symbol,4,1596,10482,146,251215
reframe-hpc__reframe-3173::reframe/core/schedulers/__init__.py,reframe-hpc__reframe-3173,reframe-hpc/reframe,co_edited,2,4188,33747,146,251215
reframe-hpc__reframe-3173::reframe/core/schedulers/__init__.py,reframe-hpc__reframe-3173,reframe-hpc/reframe,symbol,3,902,5682,146,251215
reframe-hpc__reframe-3173::reframe/frontend/cli.py,reframe-hpc__reframe-3173,reframe-hpc/reframe,co_edited,2,3362,26403,146,251215
reframe-hpc__reframe-3173::reframe/frontend/cli.py,reframe-hpc__reframe-3173,reframe-hpc/reframe,symbol,4,1596,10482,146,251215
reframe-hpc__reframe-2656::reframe/core/launchers/mpi.py,reframe-hpc__reframe-2656,reframe-hpc/reframe,symbol,5,3126,22310,131,233068
reframe-hpc__reframe-2533::reframe/frontend/filters.py,reframe-hpc__reframe-2533,reframe-hpc/reframe,co_edited,2,581,4472,128,229713
reframe-hpc__reframe-2533::reframe/frontend/filters.py,reframe-hpc__reframe-2533,reframe-hpc/reframe,symbol,2,581,4472,128,229713
reframe-hpc__reframe-2533::reframe/frontend/runreport.py,reframe-hpc__reframe-2533,reframe-hpc/reframe,co_edited,2,458,3392,128,229713
reframe-hpc__reframe-2533::reframe/frontend/runreport.py,reframe-hpc__reframe-2533,reframe-hpc/reframe,symbol,2,458,3392,128,229713
reframe-hpc__reframe-2533::reframe/frontend/statistics.py,reframe-hpc__reframe-2533,reframe-hpc/reframe,co_edited,2,353,2314,128,229713
reframe-hpc__reframe-2533::reframe/frontend/statistics.py,reframe-hpc__reframe-2533,reframe-hpc/reframe,symbol,2,353,2314,128,229713
reframe-hpc__reframe-3313::reframe/frontend/cli.py,reframe-hpc__reframe-3313,reframe-hpc/reframe,co_edited,1,814,5938,148,265761
reframe-hpc__reframe-3313::reframe/frontend/cli.py,reframe-hpc__reframe-3313,reframe-hpc/reframe,symbol,2,1308,9099,148,265761
reframe-hpc__reframe-3313::reframe/frontend/reporting/__init__.py,reframe-hpc__reframe-3313,reframe-hpc/reframe,co_edited,1,1764,13929,148,265761
reframe-hpc__reframe-3313::reframe/frontend/reporting/__init__.py,reframe-hpc__reframe-3313,reframe-hpc/reframe,symbol,2,2258,17090,148,265761
repobee__repobee-428::src/_repobee/exception.py,repobee__repobee-428,repobee/repobee,co_edited,1,708,4972,33,39842
repobee__repobee-428::src/_repobee/exception.py,repobee__repobee-428,repobee/repobee,symbol,1,708,4972,33,39842
repobee__repobee-428::src/_repobee/ext/gitlab.py,repobee__repobee-428,repobee/repobee,co_edited,1,106,710,33,39842
repobee__repobee-428::src/_repobee/ext/gitlab.py,repobee__repobee-428,repobee/repobee,symbol,1,106,710,33,39842
repobee__repobee-509::src/repobee_plug/_pluginmeta.py,repobee__repobee-509,repobee/repobee,co_edited,1,81,480,50,57444
repobee__repobee-509::src/repobee_plug/_pluginmeta.py,repobee__repobee-509,repobee/repobee,symbol,1,81,480,50,57444
repobee__repobee-509::src/repobee_plug/cli.py,repobee__repobee-509,repobee/repobee,co_edited,1,232,1745,50,57444
repobee__repobee-509::src/repobee_plug/cli.py,repobee__repobee-509,repobee/repobee,symbol,1,232,1745,50,57444
repobee__repobee-336::src/_repobee/ext/gitlab.py,repobee__repobee-336,repobee/repobee,symbol,1,106,709,25,34271
repobee__repobee-348::src/_repobee/cli.py,repobee__repobee-348,repobee/repobee,co_edited,1,456,3255,25,34464
repobee__repobee-348::src/_repobee/cli.py,repobee__repobee-348,repobee/repobee,symbol,2,562,3964,25,34464
repobee__repobee-348::src/_repobee/ext/gitlab.py,repobee__repobee-348,repobee/repobee,co_edited,1,1161,8127,25,34464
repobee__repobee-348::src/_repobee/ext/gitlab.py,repobee__repobee-348,repobee/repobee,symbol,2,1267,8836,25,34464
repobee__repobee-316::src/_repobee/cli.py,repobee__repobee-316,repobee/repobee,co_edited,3,1479,10857,24,32888
repobee__repobee-316::src/_repobee/cli.py,repobee__repobee-316,repobee/repobee,symbol,4,1616,11774,24,32888
repobee__repobee-316::src/_repobee/command.py,repobee__repobee-316,repobee/repobee,co_edited,3,1891,13371,24,32888
repobee__repobee-316::src/_repobee/command.py,repobee__repobee-316,repobee/repobee,symbol,4,2028,14288,24,32888
repobee__repobee-316::src/_repobee/ext/github.py,repobee__repobee-316,repobee/repobee,co_edited,3,1872,13431,24,32888
repobee__repobee-316::src/_repobee/ext/github.py,repobee__repobee-316,repobee/repobee,symbol,4,2009,14348,24,32888
repobee__repobee-316::src/_repobee/formatters.py,repobee__repobee-316,repobee/repobee,co_edited,3,2423,17604,24,32888
repobee__repobee-316::src/_repobee/formatters.py,repobee__repobee-316,repobee/repobee,symbol,4,2560,18521,24,32888
repobee__repobee-363::src/_repobee/cli.py,repobee__repobee-363,repobee/repobee,co_edited,1,97,719,25,35976
repobee__repobee-363::src/_repobee/cli.py,repobee__repobee-363,repobee/repobee,symbol,2,839,6177,25,35976
repobee__repobee-363::src/_repobee/main.py,repobee__repobee-363,repobee/repobee,co_edited,1,1157,8124,25,35976
repobee__repobee-363::src/_repobee/main.py,repobee__repobee-363,repobee/repobee,symbol,3,1996,14301,25,35976
repobee__repobee-186::repobee/command.py,repobee__repobee-186,repobee/repobee,co_edited,1,722,5191,20,27727
repobee__repobee-186::repobee/command.py,repobee__repobee-186,repobee/repobee,symbol,4,942,6645,20,27727
repobee__repobee-186::repobee/github_api.py,repobee__repobee-186,repobee/repobee,co_edited,1,598,4323,20,27727
repobee__repobee-186::repobee/github_api.py,repobee__repobee-186,repobee/repobee,symbol,4,818,5777,20,27727
repobee__repobee-202::repobee/cli.py,repobee__repobee-202,repobee/repobee,co_edited,2,852,6082,21,28485
repobee__repobee-202::repobee/cli.py,repobee__repobee-202,repobee/repobee,symbol,2,852,6082,21,28485
repobee__repobee-202::repobee/exception.py,repobee__repobee-202,repobee/repobee,co_edited,2,1632,11444,21,28485
repobee__repobee-202::repobee/exception.py,repobee__repobee-202,repobee/repobee,symbol,1,736,5318,21,28485
repobee__repobee-202::repobee/github_api.py,repobee__repobee-202,repobee/repobee,co_edited,2,1012,6890,21,28485
repobee__repobee-202::repobee/github_api.py,repobee__repobee-202,repobee/repobee,symbol,1,116,764,21,28485
repobee__repobee-174::repobee/__version.py,repobee__repobee-174,repobee/repobee,co_edited,4,1841,13225,20,28764
repobee__repobee-174::repobee/command.py,repobee__repobee-174,repobee/repobee,co_edited,4,1181,8423,20,28764
repobee__repobee-174::repobee/command.py,repobee__repobee-174,repobee/repobee,symbol,1,1,11,20,28764
repobee__repobee-174::repobee/git.py,repobee__repobee-174,repobee/repobee,co_edited,4,1528,11000,20,28764
repobee__repobee-174::repobee/git.py,repobee__repobee-174,repobee/repobee,symbol,1,1,11,20,28764
repobee__repobee-174::repobee/github_api.py,repobee__repobee-174,repobee/repobee,co_edited,4,1139,8185,20,28764
repobee__repobee-174::repobee/github_api.py,repobee__repobee-174,repobee/repobee,symbol,1,1,11,20,28764
repobee__repobee-174::repobee/util.py,repobee__repobee-174,repobee/repobee,co_edited,4,1679,12111,20,28764
repobee__repobee-174::repobee/util.py,repobee__repobee-174,repobee/repobee,symbol,1,1,11,20,28764
repobee__repobee-330::setup.py,repobee__repobee-330,repobee/repobee,co_edited,2,1793,13045,24,33507
repobee__repobee-330::setup.py,repobee__repobee-330,repobee/repobee,symbol,4,2079,14899,24,33507
repobee__repobee-330::src/_repobee/cli.py,repobee__repobee-330,repobee/repobee,co_edited,2,723,5533,24,33507
repobee__repobee-330::src/_repobee/cli.py,repobee__repobee-330,repobee/repobee,symbol,3,942,6863,24,33507
repobee__repobee-330::src/_repobee/command.py,repobee__repobee-330,repobee/repobee,co_edited,2,1204,8560,24,33507
repobee__repobee-330::src/_repobee/command.py,repobee__repobee-330,repobee/repobee,symbol,3,1423,9890,24,33507
repobee__repobee-281::repobee/cli.py,repobee__repobee-281,repobee/repobee,co_edited,1,681,4947,22,34413
repobee__repobee-281::repobee/cli.py,repobee__repobee-281,repobee/repobee,symbol,1,681,4947,22,34413
repobee__repobee-281::repobee/ext/github.py,repobee__repobee-281,repobee/repobee,co_edited,1,951,6638,22,34413
repobee__repobee-281::repobee/ext/github.py,repobee__repobee-281,repobee/repobee,symbol,1,951,6638,22,34413
repobee__repobee-457::src/_repobee/config.py,repobee__repobee-457,repobee/repobee,co_edited,1,42,239,46,52126
repobee__repobee-457::src/_repobee/config.py,repobee__repobee-457,repobee/repobee,symbol,1,42,239,46,52126
repobee__repobee-457::src/_repobee/constants.py,repobee__repobee-457,repobee/repobee,co_edited,1,181,1142,46,52126
repobee__repobee-457::src/_repobee/constants.py,repobee__repobee-457,repobee/repobee,symbol,1,181,1142,46,52126
scikit-learn__scikit-learn-12443::sklearn/preprocessing/_encoders.py,scikit-learn__scikit-learn-12443,scikit-learn/scikit-learn,symbol,1,973,8213,542,1355760
scikit-learn__scikit-learn-11596::sklearn/__init__.py,scikit-learn__scikit-learn-11596,scikit-learn/scikit-learn,symbol,2,678,5017,505,1265286
scikit-learn__scikit-learn-10306::sklearn/cluster/affinity_propagation_.py,scikit-learn__scikit-learn-10306,scikit-learn/scikit-learn,co_edited,8,6997,62667,496,1264762
scikit-learn__scikit-learn-10306::sklearn/cluster/affinity_propagation_.py,scikit-learn__scikit-learn-10306,scikit-learn/scikit-learn,symbol,6,3549,31644,496,1264762
scikit-learn__scikit-learn-10306::sklearn/cluster/birch.py,scikit-learn__scikit-learn-10306,scikit-learn/scikit-learn,co_edited,8,6753,60563,496,1264762
scikit-learn__scikit-learn-10306::sklearn/cluster/birch.py,scikit-learn__scikit-learn-10306,scikit-learn/scikit-learn,symbol,5,2911,26361,496,1264762
scikit-learn__scikit-learn-10306::sklearn/cross_decomposition/pls_.py,scikit-learn__scikit-learn-10306,scikit-learn/scikit-learn,co_edited,8,6512,57848,496,1264762
scikit-learn__scikit-learn-10306::sklearn/cross_decomposition/pls_.py,scikit-learn__scikit-learn-10306,scikit-learn/scikit-learn,symbol,6,3549,31644,496,1264762
scikit-learn__scikit-learn-10306::sklearn/decomposition/fastica_.py,scikit-learn__scikit-learn-10306,scikit-learn/scikit-learn,co_edited,8,6799,61146,496,1264762
scikit-learn__scikit-learn-10306::sklearn/decomposition/fastica_.py,scikit-learn__scikit-learn-10306,scikit-learn/scikit-learn,symbol,6,3549,31644,496,1264762
scikit-learn__scikit-learn-10306::sklearn/gaussian_process/gpc.py,scikit-learn__scikit-learn-10306,scikit-learn/scikit-learn,co_edited,8,6652,58814,496,1264762
scikit-learn__scikit-learn-10306::sklearn/gaussian_process/gpc.py,scikit-learn__scikit-learn-10306,scikit-learn/scikit-learn,symbol,5,2810,24612,496,1264762
scikit-learn__scikit-learn-10306::sklearn/gaussian_process/gpr.py,scikit-learn__scikit-learn-10306,scikit-learn/scikit-learn,co_edited,8,6920,61497,496,1264762
scikit-learn__scikit-learn-10306::sklearn/gaussian_process/gpr.py,scikit-learn__scikit-learn-10306,scikit-learn/scikit-learn,symbol,5,3078,27295,496,1264762
scikit-learn__scikit-learn-10306::sklearn/linear_model/logistic.py,scikit-learn__scikit-learn-10306,scikit-learn/scikit-learn,co_edited,8,5597,49251,496,1264762
scikit-learn__scikit-learn-10306::sklearn/linear_model/logistic.py,scikit-learn__scikit-learn-10306,scikit-learn/scikit-learn,symbol,6,3549,31644,496,1264762
scikit-learn__scikit-learn-10306::sklearn/linear_model/ransac.py,scikit-learn__scikit-learn-10306,scikit-learn/scikit-learn,co_edited,8,6888,61709,496,1264762
scikit-learn__scikit-learn-10306::sklearn/linear_model/ransac.py,scikit-learn__scikit-learn-10306,scikit-learn/scikit-learn,symbol,6,3549,31644,496,1264762
scikit-learn__scikit-learn-10306::sklearn/linear_model/ridge.py,scikit-learn__scikit-learn-10306,scikit-learn/scikit-learn,co_edited,8,6010,53273,496,1264762
scikit-learn__scikit-learn-10306::sklearn/linear_model/ridge.py,scikit-learn__scikit-learn-10306,scikit-learn/scikit-learn,symbol,5,2168,19071,496,1264762
scikit-learn__scikit-learn-13628::sklearn/calibration.py,scikit-learn__scikit-learn-13628,scikit-learn/scikit-learn,co_edited,2,3286,30381,503,1301716
scikit-learn__scikit-learn-13628::sklearn/calibration.py,scikit-learn__scikit-learn-13628,scikit-learn/scikit-learn,symbol,4,4441,38582,503,1301716
scikit-learn__scikit-learn-13628::sklearn/metrics/classification.py,scikit-learn__scikit-learn-13628,scikit-learn/scikit-learn,co_edited,2,1494,12950,503,1301716
scikit-learn__scikit-learn-13628::sklearn/metrics/classification.py,scikit-learn__scikit-learn-13628,scikit-learn/scikit-learn,symbol,4,2649,21151,503,1301716
scikit-learn__scikit-learn-13628::sklearn/metrics/ranking.py,scikit-learn__scikit-learn-13628,scikit-learn/scikit-learn,co_edited,2,3000,27189,503,1301716
scikit-learn__scikit-learn-13628::sklearn/metrics/ranking.py,scikit-learn__scikit-learn-13628,scikit-learn/scikit-learn,symbol,5,5045,43461,503,1301716
scikit-learn__scikit-learn-19664::sklearn/semi_supervised/_label_propagation.py,scikit-learn__scikit-learn-19664,scikit-learn/scikit-learn,symbol,1,1062,8146,618,1889612
scikit-learn__scikit-learn-9274::sklearn/neural_network/multilayer_perceptron.py,scikit-learn__scikit-learn-9274,scikit-learn/scikit-learn,symbol,1,155,1169,516,1320504
scikit-learn__scikit-learn-15625::sklearn/metrics/_classification.py,scikit-learn__scikit-learn-15625,scikit-learn/scikit-learn,co_edited,1,211,1528,538,1406884
scikit-learn__scikit-learn-15625::sklearn/metrics/_classification.py,scikit-learn__scikit-learn-15625,scikit-learn/scikit-learn,symbol,1,211,1528,538,1406884
scikit-learn__scikit-learn-15625::sklearn/metrics/_plot/confusion_matrix.py,scikit-learn__scikit-learn-15625,scikit-learn/scikit-learn,co_edited,1,2491,23253,538,1406884
scikit-learn__scikit-learn-15625::sklearn/metrics/_plot/confusion_matrix.py,scikit-learn__scikit-learn-15625,scikit-learn/scikit-learn,symbol,1,2491,23253,538,1406884
scikit-learn__scikit-learn-23099::sklearn/gaussian_process/_gpr.py,scikit-learn__scikit-learn-23099,scikit-learn/scikit-learn,symbol,1,912,6086,620,1922350
scipp__plopp-371::src/plopp/backends/common.py,scipp__plopp-371,scipp/plopp,co_edited,2,465,3675,63,60924
scipp__plopp-371::src/plopp/backends/common.py,scipp__plopp-371,scipp/plopp,symbol,5,839,6506,63,60924
scipp__plopp-371::src/plopp/backends/matplotlib/line.py,scipp__plopp-371,scipp/plopp,co_edited,2,318,2484,63,60924
scipp__plopp-371::src/plopp/backends/matplotlib/line.py,scipp__plopp-371,scipp/plopp,symbol,5,692,5315,63,60924
scipp__plopp-371::src/plopp/backends/plotly/line.py,scipp__plopp-371,scipp/plopp,co_edited,2,287,2293,63,60924
scipp__plopp-371::src/plopp/backends/plotly/line.py,scipp__plopp-371,scipp/plopp,symbol,5,661,5124,63,60924
scipp__plopp-435::src/plopp/widgets/slice.py,scipp__plopp-435,scipp/plopp,symbol,1,238,1787,67,66076
scipp__plopp-387::src/plopp/backends/matplotlib/scatter.py,scipp__plopp-387,scipp/plopp,co_edited,1,111,819,65,63428
scipp__plopp-387::src/plopp/backends/matplotlib/scatter.py,scipp__plopp-387,scipp/plopp,symbol,1,111,819,65,63428
scipp__plopp-387::src/plopp/plotting/scatter.py,scipp__plopp-387,scipp/plopp,co_edited,1,137,997,65,63428
scipp__plopp-387::src/plopp/plotting/scatter.py,scipp__plopp-387,scipp/plopp,symbol,1,137,997,65,63428
scipp__plopp-445::src/plopp/graphics/graphicalview.py,scipp__plopp-445,scipp/plopp,symbol,1,112,893,67,67383
scipp__plopp-154::src/plopp/backends/pythreejs/point_cloud.py,scipp__plopp-154,scipp/plopp,co_edited,2,295,2385,54,48523
scipp__plopp-154::src/plopp/backends/pythreejs/point_cloud.py,scipp__plopp-154,scipp/plopp,symbol,2,295,2385,54,48523
scipp__plopp-154::src/plopp/functions/scatter3d.py,scipp__plopp-154,scipp/plopp,co_edited,2,327,2539,54,48523
scipp__plopp-154::src/plopp/functions/scatter3d.py,scipp__plopp-154,scipp/plopp,symbol,2,327,2539,54,48523
scipp__plopp-154::src/plopp/graphics/figscatter3d.py,scipp__plopp-154,scipp/plopp,co_edited,2,250,1924,54,48523
scipp__plopp-154::src/plopp/graphics/figscatter3d.py,scipp__plopp-154,scipp/plopp,symbol,2,250,1924,54,48523
scipp__plopp-99::src/plopp/functions/common.py,scipp__plopp-99,scipp/plopp,co_edited,1,98,790,44,38697
scipp__plopp-99::src/plopp/functions/common.py,scipp__plopp-99,scipp/plopp,symbol,1,98,790,44,38697
scipp__plopp-99::src/plopp/functions/scatter3d.py,scipp__plopp-99,scipp/plopp,co_edited,1,109,933,44,38697
scipp__plopp-99::src/plopp/functions/scatter3d.py,scipp__plopp-99,scipp/plopp,symbol,1,109,933,44,38697
scipp__plopp-373::src/plopp/backends/matplotlib/canvas.py,scipp__plopp-373,scipp/plopp,co_edited,3,603,4530,63,61176
scipp__plopp-373::src/plopp/backends/matplotlib/canvas.py,scipp__plopp-373,scipp/plopp,symbol,3,603,4530,63,61176
scipp__plopp-373::src/plopp/backends/matplotlib/tiled.py,scipp__plopp-373,scipp/plopp,co_edited,3,838,6093,63,61176
scipp__plopp-373::src/plopp/backends/matplotlib/tiled.py,scipp__plopp-373,scipp/plopp,symbol,3,838,6093,63,61176
scipp__plopp-373::src/plopp/graphics/graphicalview.py,scipp__plopp-373,scipp/plopp,co_edited,3,801,5883,63,61176
scipp__plopp-373::src/plopp/graphics/graphicalview.py,scipp__plopp-373,scipp/plopp,symbol,3,801,5883,63,61176
scipp__plopp-373::src/plopp/plotting/plot.py,scipp__plopp-373,scipp/plopp,co_edited,3,923,6774,63,61176
scipp__plopp-373::src/plopp/plotting/plot.py,scipp__plopp-373,scipp/plopp,symbol,3,923,6774,63,61176
scipp__plopp-437::src/plopp/backends/common.py,scipp__plopp-437,scipp/plopp,co_edited,1,107,862,67,67314
scipp__plopp-437::src/plopp/backends/common.py,scipp__plopp-437,scipp/plopp,symbol,2,345,2649,67,67314
scipp__plopp-437::src/plopp/core/limits.py,scipp__plopp-437,scipp/plopp,co_edited,1,114,872,67,67314
scipp__plopp-437::src/plopp/core/limits.py,scipp__plopp-437,scipp/plopp,symbol,2,352,2659,67,67314
scipp__plopp-151::src/plopp/backends/matplotlib/line.py,scipp__plopp-151,scipp/plopp,co_edited,1,261,2021,54,48727
scipp__plopp-151::src/plopp/backends/matplotlib/line.py,scipp__plopp-151,scipp/plopp,symbol,1,261,2021,54,48727
scipp__plopp-151::src/plopp/backends/plotly/line.py,scipp__plopp-151,scipp/plopp,co_edited,1,251,1960,54,48727
scipp__plopp-151::src/plopp/backends/plotly/line.py,scipp__plopp-151,scipp/plopp,symbol,1,251,1960,54,48727
scipp__plopp-249::src/plopp/graphics/imageview.py,scipp__plopp-249,scipp/plopp,symbol,1,238,1762,61,57356
scipp__plopp-35::src/plopp/core/graph.py,scipp__plopp-35,scipp/plopp,co_edited,1,77,538,35,24070
scipp__plopp-35::src/plopp/core/graph.py,scipp__plopp-35,scipp/plopp,symbol,1,77,538,35,24070
scipp__plopp-35::src/plopp/core/model.py,scipp__plopp-35,scipp/plopp,co_edited,1,49,370,35,24070
scipp__plopp-35::src/plopp/core/model.py,scipp__plopp-35,scipp/plopp,symbol,1,49,370,35,24070
scrapy__scrapy-6349::scrapy/core/downloader/handlers/http11.py,scrapy__scrapy-6349,scrapy/scrapy,co_edited,1,338,2704,174,194025
scrapy__scrapy-6349::scrapy/core/downloader/handlers/http11.py,scrapy__scrapy-6349,scrapy/scrapy,symbol,2,810,6549,174,194025
scrapy__scrapy-6349::scrapy/settings/default_settings.py,scrapy__scrapy-6349,scrapy/scrapy,co_edited,1,721,5860,174,194025
scrapy__scrapy-6349::scrapy/settings/default_settings.py,scrapy__scrapy-6349,scrapy/scrapy,symbol,2,1193,9705,174,194025
scrapy__scrapy-2564::scrapy/downloadermiddlewares/httpproxy.py,scrapy__scrapy-2564,scrapy/scrapy,co_edited,1,280,2216,243,125038
scrapy__scrapy-2564::scrapy/downloadermiddlewares/httpproxy.py,scrapy__scrapy-2564,scrapy/scrapy,symbol,2,402,2920,243,125038
scrapy__scrapy-2564::scrapy/settings/default_settings.py,scrapy__scrapy-2564,scrapy/scrapy,co_edited,1,75,568,243,125038
scrapy__scrapy-2564::scrapy/settings/default_settings.py,scrapy__scrapy-2564,scrapy/scrapy,symbol,3,477,3488,243,125038
scrapy__scrapy-5526::scrapy/http/headers.py,scrapy__scrapy-5526,scrapy/scrapy,symbol,1,119,765,175,161205
scrapy__scrapy-3966::scrapy/downloadermiddlewares/robotstxt.py,scrapy__scrapy-3966,scrapy/scrapy,co_edited,1,294,2377,180,136801
scrapy__scrapy-3966::scrapy/downloadermiddlewares/robotstxt.py,scrapy__scrapy-3966,scrapy/scrapy,symbol,1,294,2377,180,136801
scrapy__scrapy-3966::scrapy/settings/default_settings.py,scrapy__scrapy-3966,scrapy/scrapy,co_edited,1,108,895,180,136801
scrapy__scrapy-3966::scrapy/settings/default_settings.py,scrapy__scrapy-3966,scrapy/scrapy,symbol,1,108,895,180,136801
scrapy__scrapy-2923::scrapy/pipelines/files.py,scrapy__scrapy-2923,scrapy/scrapy,co_edited,1,225,1734,246,132696
scrapy__scrapy-2923::scrapy/pipelines/files.py,scrapy__scrapy-2923,scrapy/scrapy,symbol,1,225,1734,246,132696
scrapy__scrapy-2923::scrapy/pipelines/images.py,scrapy__scrapy-2923,scrapy/scrapy,co_edited,1,426,3425,246,132696
scrapy__scrapy-2923::scrapy/pipelines/images.py,scrapy__scrapy-2923,scrapy/scrapy,symbol,1,426,3425,246,132696
scrapy__scrapy-5611::scrapy/http/response/text.py,scrapy__scrapy-5611,scrapy/scrapy,symbol,2,600,4221,175,165272
scrapy__scrapy-6007::scrapy/exporters.py,scrapy__scrapy-6007,scrapy/scrapy,symbol,1,374,2616,175,177458
scrapy__scrapy-5993::scrapy/utils/conf.py,scrapy__scrapy-5993,scrapy/scrapy,symbol,1,96,423,176,176342
scrapy__scrapy-6213::scrapy/settings/default_settings.py,scrapy__scrapy-6213,scrapy/scrapy,co_edited,1,381,3285,173,182398
scrapy__scrapy-6213::scrapy/settings/default_settings.py,scrapy__scrapy-6213,scrapy/scrapy,symbol,1,381,3285,173,182398
scrapy__scrapy-6213::scrapy/utils/request.py,scrapy__scrapy-6213,scrapy/scrapy,co_edited,1,338,2699,173,182398
scrapy__scrapy-6213::scrapy/utils/request.py,scrapy__scrapy-6213,scrapy/scrapy,symbol,1,338,2699,173,182398
scrapy__scrapy-2510::scrapy/utils/reqser.py,scrapy__scrapy-2510,scrapy/scrapy,symbol,4,251,1753,243,124493
scrapy__scrapy-5320::scrapy/utils/response.py,scrapy__scrapy-5320,scrapy/scrapy,symbol,2,575,4044,176,158328
sdv-dev__SDV-2558::sdv/evaluation/multi_table.py,sdv-dev__SDV-2558,sdv-dev/sdv,co_edited,1,169,1303,66,138483
sdv-dev__SDV-2558::sdv/evaluation/multi_table.py,sdv-dev__SDV-2558,sdv-dev/sdv,symbol,1,169,1303,66,138483
sdv-dev__SDV-2558::sdv/evaluation/single_table.py,sdv-dev__SDV-2558,sdv-dev/sdv,co_edited,1,168,1196,66,138483
sdv-dev__SDV-2558::sdv/evaluation/single_table.py,sdv-dev__SDV-2558,sdv-dev/sdv,symbol,1,168,1196,66,138483
sdv-dev__SDV-2523::sdv/logging/logger.py,sdv-dev__SDV-2523,sdv-dev/sdv,co_edited,3,1724,12606,66,137577
sdv-dev__SDV-2523::sdv/logging/logger.py,sdv-dev__SDV-2523,sdv-dev/sdv,symbol,2,416,2749,66,137577
sdv-dev__SDV-2523::sdv/logging/utils.py,sdv-dev__SDV-2523,sdv-dev/sdv,co_edited,3,1751,12792,66,137577
sdv-dev__SDV-2523::sdv/logging/utils.py,sdv-dev__SDV-2523,sdv-dev/sdv,symbol,2,443,2935,66,137577
sdv-dev__SDV-2523::sdv/single_table/base.py,sdv-dev__SDV-2523,sdv-dev/sdv,co_edited,3,518,3451,66,137577
sdv-dev__SDV-2523::sdv/single_table/base.py,sdv-dev__SDV-2523,sdv-dev/sdv,symbol,3,518,3451,66,137577
sdv-dev__SDV-2523::sdv/single_table/utils.py,sdv-dev__SDV-2523,sdv-dev/sdv,co_edited,3,1485,11075,66,137577
sdv-dev__SDV-2523::sdv/single_table/utils.py,sdv-dev__SDV-2523,sdv-dev/sdv,symbol,2,177,1218,66,137577
sdv-dev__SDV-2546::sdv/logging/logger.py,sdv-dev__SDV-2546,sdv-dev/sdv,co_edited,1,94,607,66,138420
sdv-dev__SDV-2546::sdv/logging/logger.py,sdv-dev__SDV-2546,sdv-dev/sdv,symbol,1,94,607,66,138420
sdv-dev__SDV-2546::sdv/logging/utils.py,sdv-dev__SDV-2546,sdv-dev/sdv,co_edited,1,137,942,66,138420
sdv-dev__SDV-2546::sdv/logging/utils.py,sdv-dev__SDV-2546,sdv-dev/sdv,symbol,1,137,942,66,138420
sdv-dev__SDV-2532::sdv/metadata/metadata.py,sdv-dev__SDV-2532,sdv-dev/sdv,symbol,1,1329,10173,66,137428
sdv-dev__SDV-2658::sdv/cag/one_hot_encoding.py,sdv-dev__SDV-2658,sdv-dev/sdv,symbol,4,1151,8548,80,162407
sdv-dev__SDV-2472::sdv/single_table/base.py,sdv-dev__SDV-2472,sdv-dev/sdv,symbol,1,376,2887,66,137062
sdv-dev__SDV-2646::sdv/sequential/par.py,sdv-dev__SDV-2646,sdv-dev/sdv,symbol,1,1493,11384,80,162291
sdv-dev__SDV-2570::sdv/sequential/par.py,sdv-dev__SDV-2570,sdv-dev/sdv,co_edited,1,426,3396,76,155142
sdv-dev__SDV-2570::sdv/sequential/par.py,sdv-dev__SDV-2570,sdv-dev/sdv,symbol,4,2033,15444,76,155142
sdv-dev__SDV-2570::sdv/single_table/ctgan.py,sdv-dev__SDV-2570,sdv-dev/sdv,co_edited,1,628,5035,76,155142
sdv-dev__SDV-2570::sdv/single_table/ctgan.py,sdv-dev__SDV-2570,sdv-dev/sdv,symbol,4,2235,17083,76,155142
sdv-dev__SDV-2656::sdv/single_table/base.py,sdv-dev__SDV-2656,sdv-dev/sdv,symbol,1,1149,8462,80,162869
sdv-dev__SDV-2571::sdv/_utils.py,sdv-dev__SDV-2571,sdv-dev/sdv,co_edited,3,2342,17927,77,155387
sdv-dev__SDV-2571::sdv/_utils.py,sdv-dev__SDV-2571,sdv-dev/sdv,symbol,3,2342,17927,77,155387
sdv-dev__SDV-2571::sdv/multi_table/base.py,sdv-dev__SDV-2571,sdv-dev/sdv,co_edited,3,1955,14896,77,155387
sdv-dev__SDV-2571::sdv/multi_table/base.py,sdv-dev__SDV-2571,sdv-dev/sdv,symbol,3,1955,14896,77,155387
sdv-dev__SDV-2571::sdv/single_table/base.py,sdv-dev__SDV-2571,sdv-dev/sdv,co_edited,3,1347,10422,77,155387
sdv-dev__SDV-2571::sdv/single_table/base.py,sdv-dev__SDV-2571,sdv-dev/sdv,symbol,3,1347,10422,77,155387
sdv-dev__SDV-2571::sdv/version/__init__.py,sdv-dev__SDV-2571,sdv-dev/sdv,co_edited,3,2810,21573,77,155387
sdv-dev__SDV-2571::sdv/version/__init__.py,sdv-dev__SDV-2571,sdv-dev/sdv,symbol,3,2810,21573,77,155387
sissbruecker__linkding-993::bookmarks/api/serializers.py,sissbruecker__linkding-993,sissbruecker/linkding,symbol,4,604,4334,76,52496
sissbruecker__linkding-820::bookmarks/api/routes.py,sissbruecker__linkding-820,sissbruecker/linkding,co_edited,2,331,2420,73,50440
sissbruecker__linkding-820::bookmarks/api/routes.py,sissbruecker__linkding-820,sissbruecker/linkding,symbol,3,870,6262,73,50440
sissbruecker__linkding-820::bookmarks/services/auto_tagging.py,sissbruecker__linkding-820,sissbruecker/linkding,co_edited,2,413,3012,73,50440
sissbruecker__linkding-820::bookmarks/services/auto_tagging.py,sissbruecker__linkding-820,sissbruecker/linkding,symbol,3,952,6854,73,50440
sissbruecker__linkding-820::bookmarks/services/bookmarks.py,sissbruecker__linkding-820,sissbruecker/linkding,co_edited,2,222,1436,73,50440
sissbruecker__linkding-820::bookmarks/services/bookmarks.py,sissbruecker__linkding-820,sissbruecker/linkding,symbol,3,761,5278,73,50440
sissbruecker__linkding-687::bookmarks/services/tasks.py,sissbruecker__linkding-687,sissbruecker/linkding,symbol,1,470,3331,69,44783
sissbruecker__linkding-706::bookmarks/models.py,sissbruecker__linkding-706,sissbruecker/linkding,co_edited,1,372,2397,70,46920
sissbruecker__linkding-706::bookmarks/models.py,sissbruecker__linkding-706,sissbruecker/linkding,symbol,1,372,2397,70,46920
sissbruecker__linkding-706::bookmarks/views/bookmarks.py,sissbruecker__linkding-706,sissbruecker/linkding,co_edited,1,470,3331,70,46920
sissbruecker__linkding-706::bookmarks/views/bookmarks.py,sissbruecker__linkding-706,sissbruecker/linkding,symbol,1,470,3331,70,46920
sissbruecker__linkding-804::bookmarks/services/importer.py,sissbruecker__linkding-804,sissbruecker/linkding,co_edited,4,897,6591,72,50270
sissbruecker__linkding-804::bookmarks/services/importer.py,sissbruecker__linkding-804,sissbruecker/linkding,symbol,6,1362,9906,72,50270
sissbruecker__linkding-804::bookmarks/services/tasks.py,sissbruecker__linkding-804,sissbruecker/linkding,co_edited,4,747,5468,72,50270
sissbruecker__linkding-804::bookmarks/services/tasks.py,sissbruecker__linkding-804,sissbruecker/linkding,symbol,5,965,7108,72,50270
sissbruecker__linkding-804::bookmarks/services/wayback.py,sissbruecker__linkding-804,sissbruecker/linkding,co_edited,4,1102,7948,72,50270
sissbruecker__linkding-804::bookmarks/services/wayback.py,sissbruecker__linkding-804,sissbruecker/linkding,symbol,5,1320,9588,72,50270
sissbruecker__linkding-804::bookmarks/signals.py,sissbruecker__linkding-804,sissbruecker/linkding,co_edited,4,1115,8041,72,50270
sissbruecker__linkding-804::bookmarks/signals.py,sissbruecker__linkding-804,sissbruecker/linkding,symbol,6,1362,9906,72,50270
sissbruecker__linkding-804::bookmarks/views/partials/contexts.py,sissbruecker__linkding-804,sissbruecker/linkding,co_edited,4,715,5016,72,50270
sissbruecker__linkding-804::bookmarks/views/partials/contexts.py,sissbruecker__linkding-804,sissbruecker/linkding,symbol,5,933,6656,72,50270
sissbruecker__linkding-810::bookmarks/feeds.py,sissbruecker__linkding-810,sissbruecker/linkding,symbol,1,536,3823,73,50287
sissbruecker__linkding-835::bookmarks/models.py,sissbruecker__linkding-835,sissbruecker/linkding,co_edited,3,1125,7673,73,50279
sissbruecker__linkding-835::bookmarks/models.py,sissbruecker__linkding-835,sissbruecker/linkding,symbol,2,710,5001,73,50279
sissbruecker__linkding-835::bookmarks/views/bookmarks.py,sissbruecker__linkding-835,sissbruecker/linkding,co_edited,3,1250,8865,73,50279
sissbruecker__linkding-835::bookmarks/views/bookmarks.py,sissbruecker__linkding-835,sissbruecker/linkding,symbol,3,1250,8865,73,50279
sissbruecker__linkding-835::bookmarks/views/contexts.py,sissbruecker__linkding-835,sissbruecker/linkding,co_edited,3,1199,8180,73,50279
sissbruecker__linkding-835::bookmarks/views/contexts.py,sissbruecker__linkding-835,sissbruecker/linkding,symbol,2,784,5508,73,50279
sissbruecker__linkding-835::bookmarks/views/settings.py,sissbruecker__linkding-835,sissbruecker/linkding,co_edited,3,1421,9893,73,50279
sissbruecker__linkding-835::bookmarks/views/settings.py,sissbruecker__linkding-835,sissbruecker/linkding,symbol,2,1006,7221,73,50279
sissbruecker__linkding-688::bookmarks/services/singlefile.py,sissbruecker__linkding-688,sissbruecker/linkding,co_edited,1,303,2426,69,44872
sissbruecker__linkding-688::bookmarks/services/singlefile.py,sissbruecker__linkding-688,sissbruecker/linkding,symbol,1,303,2426,69,44872
sissbruecker__linkding-688::siteroot/settings/base.py,sissbruecker__linkding-688,sissbruecker/linkding,co_edited,1,55,366,69,44872
sissbruecker__linkding-688::siteroot/settings/base.py,sissbruecker__linkding-688,sissbruecker/linkding,symbol,1,55,366,69,44872
sissbruecker__linkding-811::bookmarks/feeds.py,sissbruecker__linkding-811,sissbruecker/linkding,symbol,1,536,3823,73,50374
sissbruecker__linkding-763::bookmarks/api/routes.py,sissbruecker__linkding-763,sissbruecker/linkding,co_edited,1,111,760,72,50083
sissbruecker__linkding-763::bookmarks/api/routes.py,sissbruecker__linkding-763,sissbruecker/linkding,symbol,2,605,4300,72,50083
sissbruecker__linkding-763::bookmarks/api/serializers.py,sissbruecker__linkding-763,sissbruecker/linkding,co_edited,1,152,1012,72,50083
sissbruecker__linkding-763::bookmarks/api/serializers.py,sissbruecker__linkding-763,sissbruecker/linkding,symbol,2,646,4552,72,50083
sissbruecker__linkding-812::bookmarks/models.py,sissbruecker__linkding-812,sissbruecker/linkding,co_edited,1,380,2478,73,50396
sissbruecker__linkding-812::bookmarks/models.py,sissbruecker__linkding-812,sissbruecker/linkding,symbol,1,380,2478,73,50396
sissbruecker__linkding-812::bookmarks/views/bookmarks.py,sissbruecker__linkding-812,sissbruecker/linkding,co_edited,1,536,3823,73,50396
sissbruecker__linkding-812::bookmarks/views/bookmarks.py,sissbruecker__linkding-812,sissbruecker/linkding,symbol,1,536,3823,73,50396
sissbruecker__linkding-863::bookmarks/models.py,sissbruecker__linkding-863,sissbruecker/linkding,co_edited,2,75,650,74,51636
sissbruecker__linkding-863::bookmarks/models.py,sissbruecker__linkding-863,sissbruecker/linkding,symbol,1,7,40,74,51636
sissbruecker__linkding-863::bookmarks/urls.py,sissbruecker__linkding-863,sissbruecker/linkding,co_edited,2,565,4048,74,51636
sissbruecker__linkding-863::bookmarks/urls.py,sissbruecker__linkding-863,sissbruecker/linkding,symbol,2,565,4048,74,51636
sissbruecker__linkding-863::bookmarks/views/__init__.py,sissbruecker__linkding-863,sissbruecker/linkding,co_edited,2,626,4618,74,51636
sissbruecker__linkding-863::bookmarks/views/__init__.py,sissbruecker__linkding-863,sissbruecker/linkding,symbol,1,558,4008,74,51636
sissbruecker__linkding-971::bookmarks/utils.py,sissbruecker__linkding-971,sissbruecker/linkding,co_edited,1,310,2476,75,51889
sissbruecker__linkding-971::bookmarks/utils.py,sissbruecker__linkding-971,sissbruecker/linkding,symbol,1,310,2476,75,51889
sissbruecker__linkding-971::siteroot/settings/base.py,sissbruecker__linkding-971,sissbruecker/linkding,co_edited,1,137,927,75,51889
sissbruecker__linkding-971::siteroot/settings/base.py,sissbruecker__linkding-971,sissbruecker/linkding,symbol,1,137,927,75,51889
spacetelescope__jwst-5318::jwst/cube_build/cube_build_step.py,spacetelescope__jwst-5318,spacetelescope/jwst,co_edited,3,2653,26493,428,822951
spacetelescope__jwst-5318::jwst/cube_build/cube_build_step.py,spacetelescope__jwst-5318,spacetelescope/jwst,symbol,5,4282,37252,428,822951
spacetelescope__jwst-5318::jwst/cube_build/ifu_cube.py,spacetelescope__jwst-5318,spacetelescope/jwst,co_edited,3,795,7246,428,822951
spacetelescope__jwst-5318::jwst/cube_build/ifu_cube.py,spacetelescope__jwst-5318,spacetelescope/jwst,symbol,5,2424,18005,428,822951
spacetelescope__jwst-5318::jwst/tso_photometry/tso_photometry.py,spacetelescope__jwst-5318,spacetelescope/jwst,co_edited,3,2926,29095,428,822951
spacetelescope__jwst-5318::jwst/tso_photometry/tso_photometry.py,spacetelescope__jwst-5318,spacetelescope/jwst,symbol,5,4555,39854,428,822951
spacetelescope__jwst-5318::jwst/tso_photometry/tso_photometry_step.py,spacetelescope__jwst-5318,spacetelescope/jwst,co_edited,3,3022,30100,428,822951
spacetelescope__jwst-5318::jwst/tso_photometry/tso_photometry_step.py,spacetelescope__jwst-5318,spacetelescope/jwst,symbol,5,4651,40859,428,822951
spacetelescope__jwst-8747::jwst/coron/imageregistration.py,spacetelescope__jwst-8747,spacetelescope/jwst,co_edited,1,115,983,382,869503
spacetelescope__jwst-8747::jwst/coron/imageregistration.py,spacetelescope__jwst-8747,spacetelescope/jwst,symbol,1,115,983,382,869503
spacetelescope__jwst-8747::jwst/coron/klip.py,spacetelescope__jwst-8747,spacetelescope/jwst,co_edited,1,248,1744,382,869503
spacetelescope__jwst-8747::jwst/coron/klip.py,spacetelescope__jwst-8747,spacetelescope/jwst,symbol,1,248,1744,382,869503
spacetelescope__jwst-8699::jwst/associations/lib/dms_base.py,spacetelescope__jwst-8699,spacetelescope/jwst,co_edited,1,1047,6156,382,869337
spacetelescope__jwst-8699::jwst/associations/lib/dms_base.py,spacetelescope__jwst-8699,spacetelescope/jwst,symbol,1,1047,6156,382,869337
spacetelescope__jwst-8699::jwst/associations/lib/rules_level3_base.py,spacetelescope__jwst-8699,spacetelescope/jwst,co_edited,1,1180,8437,382,869337
spacetelescope__jwst-8699::jwst/associations/lib/rules_level3_base.py,spacetelescope__jwst-8699,spacetelescope/jwst,symbol,1,1180,8437,382,869337
spacetelescope__jwst-3629::jwst/associations/lib/diff.py,spacetelescope__jwst-3629,spacetelescope/jwst,co_edited,1,857,5187,435,854001
spacetelescope__jwst-3629::jwst/associations/lib/diff.py,spacetelescope__jwst-3629,spacetelescope/jwst,symbol,5,1441,8325,435,854001
spacetelescope__jwst-3629::jwst/associations/lib/rules_level2_base.py,spacetelescope__jwst-3629,spacetelescope/jwst,co_edited,1,324,1896,435,854001
spacetelescope__jwst-3629::jwst/associations/lib/rules_level2_base.py,spacetelescope__jwst-3629,spacetelescope/jwst,symbol,5,908,5034,435,854001
spacetelescope__jwst-8760::jwst/stpipe/core.py,spacetelescope__jwst-8760,spacetelescope/jwst,symbol,1,12,73,383,873334
spacetelescope__jwst-7745::jwst/refpix/irs2_subtract_reference.py,spacetelescope__jwst-7745,spacetelescope/jwst,co_edited,1,83,656,387,821893
spacetelescope__jwst-7745::jwst/refpix/irs2_subtract_reference.py,spacetelescope__jwst-7745,spacetelescope/jwst,symbol,1,83,656,387,821893
spacetelescope__jwst-7745::jwst/refpix/refpix_step.py,spacetelescope__jwst-7745,spacetelescope/jwst,co_edited,1,935,10996,387,821893
spacetelescope__jwst-7745::jwst/refpix/refpix_step.py,spacetelescope__jwst-7745,spacetelescope/jwst,symbol,1,935,10996,387,821893
spacetelescope__jwst-5543::jwst/assign_wcs/util.py,spacetelescope__jwst-5543,spacetelescope/jwst,co_edited,1,1637,13558,432,837836
spacetelescope__jwst-5543::jwst/assign_wcs/util.py,spacetelescope__jwst-5543,spacetelescope/jwst,symbol,1,1637,13558,432,837836
spacetelescope__jwst-5543::jwst/lib/set_telescope_pointing.py,spacetelescope__jwst-5543,spacetelescope/jwst,co_edited,1,1011,8765,432,837836
spacetelescope__jwst-5543::jwst/lib/set_telescope_pointing.py,spacetelescope__jwst-5543,spacetelescope/jwst,symbol,1,1011,8765,432,837836
spdx__tools-python-778::src/spdx_tools/spdx/writer/tagvalue/tagvalue_writer_helper_functions.py,spdx__tools-python-778,spdx/tools-python,symbol,2,40,200,284,114605
spdx__tools-python-467::src/spdx/writer/tagvalue/tagvalue_writer_helper_functions.py,spdx__tools-python-467,spdx/tools-python,symbol,3,77,641,133,59302
spdx__tools-python-481::spdx/parsers/lexers/tagvalue.py,spdx__tools-python-481,spdx/tools-python,co_edited,1,1822,17517,47,109783
spdx__tools-python-481::spdx/parsers/tagvalue.py,spdx__tools-python-481,spdx/tools-python,co_edited,1,253,2171,47,109783
spdx__tools-python-765::src/spdx_tools/spdx/parser/jsonlikedict/license_expression_parser.py,spdx__tools-python-765,spdx/tools-python,symbol,1,14,77,284,114444
spdx__tools-python-814::src/spdx_tools/spdx/parser/jsonlikedict/license_expression_parser.py,spdx__tools-python-814,spdx/tools-python,symbol,2,7,67,284,114791
spdx__tools-python-799::src/spdx_tools/spdx/parser/tagvalue/parser.py,spdx__tools-python-799,spdx/tools-python,symbol,1,134,1290,284,114574
spdx__tools-python-695::src/spdx_tools/spdx/writer/tagvalue/tagvalue_writer.py,spdx__tools-python-695,spdx/tools-python,symbol,7,376,3273,278,112336
spdx__tools-python-757::src/spdx_tools/spdx/writer/tagvalue/package_writer.py,spdx__tools-python-757,spdx/tools-python,symbol,2,253,2331,284,114323
sphinx-doc__sphinx-9261::sphinx/ext/autodoc/__init__.py,sphinx-doc__sphinx-9261,sphinx-doc/sphinx,co_edited,1,853,6489,184,571457
sphinx-doc__sphinx-9261::sphinx/ext/autodoc/__init__.py,sphinx-doc__sphinx-9261,sphinx-doc/sphinx,symbol,1,853,6489,184,571457
sphinx-doc__sphinx-9261::sphinx/util/inspect.py,sphinx-doc__sphinx-9261,sphinx-doc/sphinx,co_edited,1,2753,23212,184,571457
sphinx-doc__sphinx-9261::sphinx/util/inspect.py,sphinx-doc__sphinx-9261,sphinx-doc/sphinx,symbol,1,2753,23212,184,571457
sphinx-doc__sphinx-9591::sphinx/domains/python.py,sphinx-doc__sphinx-9591,sphinx-doc/sphinx,symbol,2,1102,8084,184,576110
sphinx-doc__sphinx-8552::sphinx/ext/napoleon/docstring.py,sphinx-doc__sphinx-8552,sphinx-doc/sphinx,symbol,1,266,2066,189,693623
sphinx-doc__sphinx-12807::sphinx/ext/intersphinx/_load.py,sphinx-doc__sphinx-12807,sphinx-doc/sphinx,symbol,2,1549,13761,205,622283
sphinx-doc__sphinx-8007::sphinx/ext/autodoc/__init__.py,sphinx-doc__sphinx-8007,sphinx-doc/sphinx,co_edited,2,1069,8558,188,684057
sphinx-doc__sphinx-8007::sphinx/ext/autodoc/__init__.py,sphinx-doc__sphinx-8007,sphinx-doc/sphinx,symbol,4,2936,25190,188,684057
sphinx-doc__sphinx-8007::sphinx/util/inspect.py,sphinx-doc__sphinx-8007,sphinx-doc/sphinx,co_edited,2,2481,21369,188,684057
sphinx-doc__sphinx-8007::sphinx/util/inspect.py,sphinx-doc__sphinx-8007,sphinx-doc/sphinx,symbol,4,4348,38001,188,684057
sphinx-doc__sphinx-8007::sphinx/util/typing.py,sphinx-doc__sphinx-8007,sphinx-doc/sphinx,co_edited,2,3092,25609,188,684057
sphinx-doc__sphinx-8007::sphinx/util/typing.py,sphinx-doc__sphinx-8007,sphinx-doc/sphinx,symbol,4,4959,42241,188,684057
sphinx-doc__sphinx-11192::sphinx/builders/html/__init__.py,sphinx-doc__sphinx-11192,sphinx-doc/sphinx,symbol,2,1401,12206,179,565151
sphinx-doc__sphinx-12087::sphinx/ext/intersphinx/_load.py,sphinx-doc__sphinx-12087,sphinx-doc/sphinx,symbol,3,2881,25864,199,614333
sphinx-doc__sphinx-11876::sphinx/builders/linkcheck.py,sphinx-doc__sphinx-11876,sphinx-doc/sphinx,symbol,2,2032,17667,179,577627
sphinx-doc__sphinx-8679::sphinx/domains/std.py,sphinx-doc__sphinx-8679,sphinx-doc/sphinx,symbol,1,627,5406,189,695926
sphinx-doc__sphinx-8362::sphinx/ext/autodoc/__init__.py,sphinx-doc__sphinx-8362,sphinx-doc/sphinx,co_edited,1,833,6339,188,686380
sphinx-doc__sphinx-8362::sphinx/ext/autodoc/__init__.py,sphinx-doc__sphinx-8362,sphinx-doc/sphinx,symbol,2,926,7051,188,686380
sphinx-doc__sphinx-8362::sphinx/util/inspect.py,sphinx-doc__sphinx-8362,sphinx-doc/sphinx,co_edited,1,2301,19675,188,686380
sphinx-doc__sphinx-8362::sphinx/util/inspect.py,sphinx-doc__sphinx-8362,sphinx-doc/sphinx,symbol,1,93,712,188,686380
sphinx-doc__sphinx-13172::sphinx/ext/autosummary/__init__.py,sphinx-doc__sphinx-13172,sphinx-doc/sphinx,symbol,2,3316,25781,213,647082
sphinx-doc__sphinx-9289::sphinx/domains/python.py,sphinx-doc__sphinx-9289,sphinx-doc/sphinx,symbol,2,1216,9371,184,571564
SpikeInterface__spikeinterface-2775::src/spikeinterface/core/sortinganalyzer.py,SpikeInterface__spikeinterface-2775,spikeinterface/spikeinterface,co_edited,3,619,5815,317,677000
SpikeInterface__spikeinterface-2775::src/spikeinterface/core/sortinganalyzer.py,SpikeInterface__spikeinterface-2775,spikeinterface/spikeinterface,symbol,3,619,5815,317,677000
SpikeInterface__spikeinterface-2775::src/spikeinterface/core/template_tools.py,SpikeInterface__spikeinterface-2775,spikeinterface/spikeinterface,co_edited,3,2075,17341,317,677000
SpikeInterface__spikeinterface-2775::src/spikeinterface/core/template_tools.py,SpikeInterface__spikeinterface-2775,spikeinterface/spikeinterface,symbol,3,2075,17341,317,677000
SpikeInterface__spikeinterface-2775::src/spikeinterface/curation/curationsorting.py,SpikeInterface__spikeinterface-2775,spikeinterface/spikeinterface,co_edited,3,2146,17693,317,677000
SpikeInterface__spikeinterface-2775::src/spikeinterface/curation/curationsorting.py,SpikeInterface__spikeinterface-2775,spikeinterface/spikeinterface,symbol,3,2146,17693,317,677000
SpikeInterface__spikeinterface-2775::src/spikeinterface/curation/splitunitsorting.py,SpikeInterface__spikeinterface-2775,spikeinterface/spikeinterface,co_edited,3,2201,18203,317,677000
SpikeInterface__spikeinterface-2775::src/spikeinterface/curation/splitunitsorting.py,SpikeInterface__spikeinterface-2775,spikeinterface/spikeinterface,symbol,3,2201,18203,317,677000
SpikeInterface__spikeinterface-3778::src/spikeinterface/core/unitsaggregationsorting.py,SpikeInterface__spikeinterface-3778,spikeinterface/spikeinterface,co_edited,2,1385,11892,353,839714
SpikeInterface__spikeinterface-3778::src/spikeinterface/core/unitsaggregationsorting.py,SpikeInterface__spikeinterface-3778,spikeinterface/spikeinterface,symbol,3,2544,21220,353,839714
SpikeInterface__spikeinterface-3778::src/spikeinterface/postprocessing/template_metrics.py,SpikeInterface__spikeinterface-3778,spikeinterface/spikeinterface,co_edited,2,465,3789,353,839714
SpikeInterface__spikeinterface-3778::src/spikeinterface/postprocessing/template_metrics.py,SpikeInterface__spikeinterface-3778,spikeinterface/spikeinterface,symbol,3,1624,13117,353,839714
SpikeInterface__spikeinterface-3778::src/spikeinterface/qualitymetrics/quality_metric_calculator.py,SpikeInterface__spikeinterface-3778,spikeinterface/spikeinterface,co_edited,2,1220,10659,353,839714
SpikeInterface__spikeinterface-3778::src/spikeinterface/qualitymetrics/quality_metric_calculator.py,SpikeInterface__spikeinterface-3778,spikeinterface/spikeinterface,symbol,3,2379,19987,353,839714
SpikeInterface__spikeinterface-3737::src/spikeinterface/comparison/basecomparison.py,SpikeInterface__spikeinterface-3737,spikeinterface/spikeinterface,co_edited,1,389,3419,352,832862
SpikeInterface__spikeinterface-3737::src/spikeinterface/comparison/basecomparison.py,SpikeInterface__spikeinterface-3737,spikeinterface/spikeinterface,symbol,2,1263,10142,352,832862
SpikeInterface__spikeinterface-3737::src/spikeinterface/comparison/multicomparisons.py,SpikeInterface__spikeinterface-3737,spikeinterface/spikeinterface,co_edited,1,323,2482,352,832862
SpikeInterface__spikeinterface-3737::src/spikeinterface/comparison/multicomparisons.py,SpikeInterface__spikeinterface-3737,spikeinterface/spikeinterface,symbol,2,1197,9205,352,832862
SpikeInterface__spikeinterface-3180::src/spikeinterface/core/base.py,SpikeInterface__spikeinterface-3180,spikeinterface/spikeinterface,co_edited,3,2910,25314,328,728709
SpikeInterface__spikeinterface-3180::src/spikeinterface/core/base.py,SpikeInterface__spikeinterface-3180,spikeinterface/spikeinterface,symbol,1,136,1107,328,728709
SpikeInterface__spikeinterface-3180::src/spikeinterface/core/generate.py,SpikeInterface__spikeinterface-3180,spikeinterface/spikeinterface,co_edited,3,1920,15512,328,728709
SpikeInterface__spikeinterface-3180::src/spikeinterface/core/generate.py,SpikeInterface__spikeinterface-3180,spikeinterface/spikeinterface,symbol,2,1341,10647,328,728709
SpikeInterface__spikeinterface-3180::src/spikeinterface/core/unitsaggregationsorting.py,SpikeInterface__spikeinterface-3180,spikeinterface/spikeinterface,co_edited,3,3979,33747,328,728709
SpikeInterface__spikeinterface-3180::src/spikeinterface/core/unitsaggregationsorting.py,SpikeInterface__spikeinterface-3180,spikeinterface/spikeinterface,symbol,1,1205,9540,328,728709
SpikeInterface__spikeinterface-3180::src/spikeinterface/generation/drift_tools.py,SpikeInterface__spikeinterface-3180,spikeinterface/spikeinterface,co_edited,3,3536,29989,328,728709
SpikeInterface__spikeinterface-3180::src/spikeinterface/generation/drift_tools.py,SpikeInterface__spikeinterface-3180,spikeinterface/spikeinterface,symbol,2,1341,10647,328,728709
SpikeInterface__spikeinterface-3829::src/spikeinterface/core/channelsaggregationrecording.py,SpikeInterface__spikeinterface-3829,spikeinterface/spikeinterface,symbol,1,1025,7984,353,845660
SpikeInterface__spikeinterface-3670::src/spikeinterface/postprocessing/principal_component.py,SpikeInterface__spikeinterface-3670,spikeinterface/spikeinterface,co_edited,1,1062,9489,347,817903
SpikeInterface__spikeinterface-3670::src/spikeinterface/postprocessing/principal_component.py,SpikeInterface__spikeinterface-3670,spikeinterface/spikeinterface,symbol,2,3493,30134,347,817903
SpikeInterface__spikeinterface-3670::src/spikeinterface/qualitymetrics/pca_metrics.py,SpikeInterface__spikeinterface-3670,spikeinterface/spikeinterface,co_edited,1,694,6195,347,817903
SpikeInterface__spikeinterface-3670::src/spikeinterface/qualitymetrics/pca_metrics.py,SpikeInterface__spikeinterface-3670,spikeinterface/spikeinterface,symbol,2,3125,26840,347,817903
sqlfluff__sqlfluff-1402::src/sqlfluff/core/rules/config_info.py,sqlfluff__sqlfluff-1402,sqlfluff/sqlfluff,co_edited,2,96,616,134,242934
sqlfluff__sqlfluff-1402::src/sqlfluff/core/rules/config_info.py,sqlfluff__sqlfluff-1402,sqlfluff/sqlfluff,symbol,2,698,5439,134,242934
sqlfluff__sqlfluff-1402::src/sqlfluff/rules/L011.py,sqlfluff__sqlfluff-1402,sqlfluff/sqlfluff,co_edited,2,138,991,134,242934
sqlfluff__sqlfluff-1402::src/sqlfluff/rules/L011.py,sqlfluff__sqlfluff-1402,sqlfluff/sqlfluff,symbol,1,634,4987,134,242934
sqlfluff__sqlfluff-1402::src/sqlfluff/rules/L012.py,sqlfluff__sqlfluff-1402,sqlfluff/sqlfluff,co_edited,2,170,1279,134,242934
sqlfluff__sqlfluff-1402::src/sqlfluff/rules/L012.py,sqlfluff__sqlfluff-1402,sqlfluff/sqlfluff,symbol,2,698,5439,134,242934
sqlfluff__sqlfluff-1198::src/sqlfluff/cli/commands.py,sqlfluff__sqlfluff-1198,sqlfluff/sqlfluff,symbol,1,176,1427,131,207021
sqlfluff__sqlfluff-5880::src/sqlfluff/core/templaters/placeholder.py,sqlfluff__sqlfluff-5880,sqlfluff/sqlfluff,co_edited,1,2240,20382,222,672127
sqlfluff__sqlfluff-5880::src/sqlfluff/core/templaters/placeholder.py,sqlfluff__sqlfluff-5880,sqlfluff/sqlfluff,symbol,3,3280,28707,222,672127
sqlfluff__sqlfluff-5880::src/sqlfluff/utils/reflow/reindent.py,sqlfluff__sqlfluff-5880,sqlfluff/sqlfluff,co_edited,1,232,1936,222,672127
sqlfluff__sqlfluff-5880::src/sqlfluff/utils/reflow/reindent.py,sqlfluff__sqlfluff-5880,sqlfluff/sqlfluff,symbol,3,1272,10261,222,672127
sqlfluff__sqlfluff-581::src/sqlfluff/core/rules/base.py,sqlfluff__sqlfluff-581,sqlfluff/sqlfluff,co_edited,1,3330,23086,54,117024
sqlfluff__sqlfluff-581::src/sqlfluff/core/rules/base.py,sqlfluff__sqlfluff-581,sqlfluff/sqlfluff,symbol,1,3330,23086,54,117024
sqlfluff__sqlfluff-581::src/sqlfluff/core/rules/std.py,sqlfluff__sqlfluff-581,sqlfluff/sqlfluff,co_edited,1,610,4813,54,117024
sqlfluff__sqlfluff-581::src/sqlfluff/core/rules/std.py,sqlfluff__sqlfluff-581,sqlfluff/sqlfluff,symbol,1,610,4813,54,117024
sqlfluff__sqlfluff-2540::src/sqlfluff/core/rules/config_info.py,sqlfluff__sqlfluff-2540,sqlfluff/sqlfluff,symbol,6,2493,19403,169,374286
sqlfluff__sqlfluff-982::src/sqlfluff/core/templaters/python.py,sqlfluff__sqlfluff-982,sqlfluff/sqlfluff,symbol,1,406,3242,121,191518
sqlfluff__sqlfluff-4041::src/sqlfluff/core/errors.py,sqlfluff__sqlfluff-4041,sqlfluff/sqlfluff,co_edited,2,1804,14672,195,504105
sqlfluff__sqlfluff-4041::src/sqlfluff/core/errors.py,sqlfluff__sqlfluff-4041,sqlfluff/sqlfluff,symbol,2,1804,14672,195,504105
sqlfluff__sqlfluff-4041::src/sqlfluff/core/linter/linted_file.py,sqlfluff__sqlfluff-4041,sqlfluff/sqlfluff,co_edited,2,1440,11202,195,504105
sqlfluff__sqlfluff-4041::src/sqlfluff/core/linter/linted_file.py,sqlfluff__sqlfluff-4041,sqlfluff/sqlfluff,symbol,2,1440,11202,195,504105
sqlfluff__sqlfluff-4041::src/sqlfluff/core/linter/linter.py,sqlfluff__sqlfluff-4041,sqlfluff/sqlfluff,co_edited,2,784,6142,195,504105
sqlfluff__sqlfluff-4041::src/sqlfluff/core/linter/linter.py,sqlfluff__sqlfluff-4041,sqlfluff/sqlfluff,symbol,2,784,6142,195,504105
sqlfluff__sqlfluff-1133::src/sqlfluff/cli/commands.py,sqlfluff__sqlfluff-1133,sqlfluff/sqlfluff,co_edited,3,1112,8604,130,199530
sqlfluff__sqlfluff-1133::src/sqlfluff/cli/commands.py,sqlfluff__sqlfluff-1133,sqlfluff/sqlfluff,symbol,2,1073,8280,130,199530
sqlfluff__sqlfluff-1133::src/sqlfluff/core/__init__.py,sqlfluff__sqlfluff-1133,sqlfluff/sqlfluff,co_edited,3,1767,13521,130,199530
sqlfluff__sqlfluff-1133::src/sqlfluff/core/__init__.py,sqlfluff__sqlfluff-1133,sqlfluff/sqlfluff,symbol,3,1767,13521,130,199530
sqlfluff__sqlfluff-1133::src/sqlfluff/core/linter/linter.py,sqlfluff__sqlfluff-1133,sqlfluff/sqlfluff,co_edited,3,969,7205,130,199530
sqlfluff__sqlfluff-1133::src/sqlfluff/core/linter/linter.py,sqlfluff__sqlfluff-1133,sqlfluff/sqlfluff,symbol,2,930,6881,130,199530
sqlfluff__sqlfluff-1133::src/sqlfluff/core/linter/runner.py,sqlfluff__sqlfluff-1133,sqlfluff/sqlfluff,co_edited,3,1570,12205,130,199530
sqlfluff__sqlfluff-1133::src/sqlfluff/core/linter/runner.py,sqlfluff__sqlfluff-1133,sqlfluff/sqlfluff,symbol,2,1531,11881,130,199530
sqlfluff__sqlfluff-6123::src/sqlfluff/core/templaters/slicers/tracer.py,sqlfluff__sqlfluff-6123,sqlfluff/sqlfluff,symbol,1,579,5081,228,689963
sqlfluff__sqlfluff-905::src/sqlfluff/core/rules/std/L036.py,sqlfluff__sqlfluff-905,sqlfluff/sqlfluff,symbol,2,1731,13483,121,188934
sqlfluff__sqlfluff-6366::src/sqlfluff/core/templaters/jinja.py,sqlfluff__sqlfluff-6366,sqlfluff/sqlfluff,co_edited,2,563,4023,233,719134
sqlfluff__sqlfluff-6366::src/sqlfluff/core/templaters/jinja.py,sqlfluff__sqlfluff-6366,sqlfluff/sqlfluff,symbol,7,2564,19794,233,719134
sqlfluff__sqlfluff-6366::src/sqlfluff/rules/aliasing/AL05.py,sqlfluff__sqlfluff-6366,sqlfluff/sqlfluff,co_edited,2,1530,12365,233,719134
sqlfluff__sqlfluff-6366::src/sqlfluff/rules/aliasing/AL05.py,sqlfluff__sqlfluff-6366,sqlfluff/sqlfluff,symbol,7,3531,28136,233,719134
sqlfluff__sqlfluff-6366::src/sqlfluff/rules/structure/ST02.py,sqlfluff__sqlfluff-6366,sqlfluff/sqlfluff,co_edited,2,1543,12828,233,719134
sqlfluff__sqlfluff-6366::src/sqlfluff/rules/structure/ST02.py,sqlfluff__sqlfluff-6366,sqlfluff/sqlfluff,symbol,7,3544,28599,233,719134
sqlfluff__sqlfluff-4685::src/sqlfluff/cli/commands.py,sqlfluff__sqlfluff-4685,sqlfluff/sqlfluff,co_edited,1,74,518,209,563605
sqlfluff__sqlfluff-4685::src/sqlfluff/cli/commands.py,sqlfluff__sqlfluff-4685,sqlfluff/sqlfluff,symbol,6,3982,32402,209,563605
sqlfluff__sqlfluff-4685::src/sqlfluff/rules/convention/CV03.py,sqlfluff__sqlfluff-4685,sqlfluff/sqlfluff,co_edited,1,1318,9635,209,563605
sqlfluff__sqlfluff-4685::src/sqlfluff/rules/convention/CV03.py,sqlfluff__sqlfluff-4685,sqlfluff/sqlfluff,symbol,6,5226,41519,209,563605
sqlfluff__sqlfluff-5206::src/sqlfluff/core/parser/segments/base.py,sqlfluff__sqlfluff-5206,sqlfluff/sqlfluff,co_edited,1,1561,13619,218,602722
sqlfluff__sqlfluff-5206::src/sqlfluff/core/parser/segments/base.py,sqlfluff__sqlfluff-5206,sqlfluff/sqlfluff,symbol,1,1561,13619,218,602722
sqlfluff__sqlfluff-5206::src/sqlfluff/core/rules/base.py,sqlfluff__sqlfluff-5206,sqlfluff/sqlfluff,co_edited,1,1788,14614,218,602722
sqlfluff__sqlfluff-5206::src/sqlfluff/core/rules/base.py,sqlfluff__sqlfluff-5206,sqlfluff/sqlfluff,symbol,1,1788,14614,218,602722
sqlfluff__sqlfluff-884::src/sqlfluff/core/dialects/dialect_ansi.py,sqlfluff__sqlfluff-884,sqlfluff/sqlfluff,co_edited,1,458,3313,116,179697
sqlfluff__sqlfluff-884::src/sqlfluff/core/dialects/dialect_ansi.py,sqlfluff__sqlfluff-884,sqlfluff/sqlfluff,symbol,2,608,4301,116,179697
sqlfluff__sqlfluff-884::src/sqlfluff/core/parser/lexer.py,sqlfluff__sqlfluff-884,sqlfluff/sqlfluff,co_edited,1,2536,17026,116,179697
sqlfluff__sqlfluff-884::src/sqlfluff/core/parser/lexer.py,sqlfluff__sqlfluff-884,sqlfluff/sqlfluff,symbol,1,150,988,116,179697
sqlfluff__sqlfluff-4753::src/sqlfluff/rules/layout/LT12.py,sqlfluff__sqlfluff-4753,sqlfluff/sqlfluff,symbol,1,1478,12718,209,571240
stanfordnlp__dspy-1651::dspy/functional/functional.py,stanfordnlp__dspy-1651,stanfordnlp/dspy,symbol,3,788,6835,181,209538
stanfordnlp__dspy-8146::dspy/predict/predict.py,stanfordnlp__dspy-8146,stanfordnlp/dspy,symbol,1,148,1071,149,181261
stanfordnlp__dspy-1556::dspy/predict/predict.py,stanfordnlp__dspy-1556,stanfordnlp/dspy,co_edited,2,605,4974,176,198589
stanfordnlp__dspy-1556::dspy/predict/predict.py,stanfordnlp__dspy-1556,stanfordnlp/dspy,symbol,5,784,6303,176,198589
stanfordnlp__dspy-1556::dspy/primitives/module.py,stanfordnlp__dspy-1556,stanfordnlp/dspy,co_edited,2,666,5859,176,198589
stanfordnlp__dspy-1556::dspy/primitives/module.py,stanfordnlp__dspy-1556,stanfordnlp/dspy,symbol,5,845,7188,176,198589
stanfordnlp__dspy-1556::dspy/signatures/signature.py,stanfordnlp__dspy-1556,stanfordnlp/dspy,co_edited,2,419,3451,176,198589
stanfordnlp__dspy-1556::dspy/signatures/signature.py,stanfordnlp__dspy-1556,stanfordnlp/dspy,symbol,5,598,4780,176,198589
stanfordnlp__dspy-1741::dspy/predict/predict.py,stanfordnlp__dspy-1741,stanfordnlp/dspy,symbol,1,183,1331,186,218751
stanfordnlp__dspy-8605::dspy/clients/cache.py,stanfordnlp__dspy-8605,stanfordnlp/dspy,co_edited,1,221,2016,124,168567
stanfordnlp__dspy-8605::dspy/clients/cache.py,stanfordnlp__dspy-8605,stanfordnlp/dspy,symbol,1,221,2016,124,168567
stanfordnlp__dspy-8605::dspy/predict/predict.py,stanfordnlp__dspy-8605,stanfordnlp/dspy,co_edited,1,265,2097,124,168567
stanfordnlp__dspy-8605::dspy/predict/predict.py,stanfordnlp__dspy-8605,stanfordnlp/dspy,symbol,1,265,2097,124,168567
stanfordnlp__dspy-8607::dspy/clients/base_lm.py,stanfordnlp__dspy-8607,stanfordnlp/dspy,co_edited,3,601,5066,124,168608
stanfordnlp__dspy-8607::dspy/clients/base_lm.py,stanfordnlp__dspy-8607,stanfordnlp/dspy,symbol,3,601,5066,124,168608
stanfordnlp__dspy-8607::dspy/dsp/utils/settings.py,stanfordnlp__dspy-8607,stanfordnlp/dspy,co_edited,3,568,4858,124,168608
stanfordnlp__dspy-8607::dspy/dsp/utils/settings.py,stanfordnlp__dspy-8607,stanfordnlp/dspy,symbol,3,568,4858,124,168608
stanfordnlp__dspy-8607::dspy/predict/predict.py,stanfordnlp__dspy-8607,stanfordnlp/dspy,co_edited,3,533,4231,124,168608
stanfordnlp__dspy-8607::dspy/predict/predict.py,stanfordnlp__dspy-8607,stanfordnlp/dspy,symbol,3,533,4231,124,168608
stanfordnlp__dspy-8607::dspy/utils/dummies.py,stanfordnlp__dspy-8607,stanfordnlp/dspy,co_edited,3,563,4652,124,168608
stanfordnlp__dspy-8607::dspy/utils/dummies.py,stanfordnlp__dspy-8607,stanfordnlp/dspy,symbol,3,563,4652,124,168608
stanfordnlp__dspy-8739::dspy/primitives/module.py,stanfordnlp__dspy-8739,stanfordnlp/dspy,symbol,1,173,1418,130,179173
stanfordnlp__dspy-8718::dspy/clients/__init__.py,stanfordnlp__dspy-8718,stanfordnlp/dspy,symbol,2,295,2371,130,178997
stanfordnlp__dspy-8053::dspy/propose/grounded_proposer.py,stanfordnlp__dspy-8053,stanfordnlp/dspy,symbol,4,232,1768,144,171090
statsmodels__statsmodels-9390::statsmodels/tools/docstring.py,statsmodels__statsmodels-9390,statsmodels/statsmodels,co_edited,4,6712,61118,742,2314882
statsmodels__statsmodels-9390::statsmodels/tools/docstring.py,statsmodels__statsmodels-9390,statsmodels/statsmodels,symbol,8,13580,115249,742,2314882
statsmodels__statsmodels-9390::statsmodels/tsa/ardl/model.py,statsmodels__statsmodels-9390,statsmodels/statsmodels,co_edited,4,4858,42027,742,2314882
statsmodels__statsmodels-9390::statsmodels/tsa/ardl/model.py,statsmodels__statsmodels-9390,statsmodels/statsmodels,symbol,8,11726,96158,742,2314882
statsmodels__statsmodels-9390::statsmodels/tsa/arima_process.py,statsmodels__statsmodels-9390,statsmodels/statsmodels,co_edited,4,6419,57834,742,2314882
statsmodels__statsmodels-9390::statsmodels/tsa/arima_process.py,statsmodels__statsmodels-9390,statsmodels/statsmodels,symbol,9,14303,120142,742,2314882
statsmodels__statsmodels-9390::statsmodels/tsa/stattools.py,statsmodels__statsmodels-9390,statsmodels/statsmodels,co_edited,4,4686,39246,742,2314882
statsmodels__statsmodels-9390::statsmodels/tsa/stattools.py,statsmodels__statsmodels-9390,statsmodels/statsmodels,symbol,9,14303,120142,742,2314882
statsmodels__statsmodels-9390::tools/nbgenerate.py,statsmodels__statsmodels-9390,statsmodels/statsmodels,co_edited,4,7065,63819,742,2314882
statsmodels__statsmodels-9390::tools/nbgenerate.py,statsmodels__statsmodels-9390,statsmodels/statsmodels,symbol,9,14303,120142,742,2314882
statsmodels__statsmodels-9468::statsmodels/tsa/vector_ar/svar_model.py,statsmodels__statsmodels-9468,statsmodels/statsmodels,symbol,2,3353,28446,744,2329884
statsmodels__statsmodels-9407::statsmodels/base/data.py,statsmodels__statsmodels-9407,statsmodels/statsmodels,symbol,2,330,1233,743,2322303
statsmodels__statsmodels-8831::statsmodels/tsa/holtwinters/_smoothers.py,statsmodels__statsmodels-8831,statsmodels/statsmodels,co_edited,2,2585,21910,736,2272620
statsmodels__statsmodels-8831::statsmodels/tsa/holtwinters/_smoothers.py,statsmodels__statsmodels-8831,statsmodels/statsmodels,symbol,2,2585,21910,736,2272620
statsmodels__statsmodels-8831::statsmodels/tsa/holtwinters/model.py,statsmodels__statsmodels-8831,statsmodels/statsmodels,co_edited,2,1178,9343,736,2272620
statsmodels__statsmodels-8831::statsmodels/tsa/holtwinters/model.py,statsmodels__statsmodels-8831,statsmodels/statsmodels,symbol,2,1178,9343,736,2272620
statsmodels__statsmodels-8831::statsmodels/tsa/holtwinters/results.py,statsmodels__statsmodels-8831,statsmodels/statsmodels,co_edited,2,2231,19261,736,2272620
statsmodels__statsmodels-8831::statsmodels/tsa/holtwinters/results.py,statsmodels__statsmodels-8831,statsmodels/statsmodels,symbol,2,2231,19261,736,2272620
statsmodels__statsmodels-8702::statsmodels/regression/linear_model.py,statsmodels__statsmodels-8702,statsmodels/statsmodels,co_edited,1,2352,22272,736,2269972
statsmodels__statsmodels-8702::statsmodels/regression/linear_model.py,statsmodels__statsmodels-8702,statsmodels/statsmodels,symbol,1,2352,22272,736,2269972
statsmodels__statsmodels-8702::statsmodels/stats/proportion.py,statsmodels__statsmodels-8702,statsmodels/statsmodels,co_edited,1,3268,27686,736,2269972
statsmodels__statsmodels-8333::statsmodels/stats/nonparametric.py,statsmodels__statsmodels-8333,statsmodels/statsmodels,co_edited,2,4439,41902,735,2252119
statsmodels__statsmodels-8333::statsmodels/stats/nonparametric.py,statsmodels__statsmodels-8333,statsmodels/statsmodels,symbol,2,4439,41902,735,2252119
statsmodels__statsmodels-8333::statsmodels/stats/proportion.py,statsmodels__statsmodels-8333,statsmodels/statsmodels,co_edited,2,2781,25837,735,2252119
statsmodels__statsmodels-8333::statsmodels/stats/proportion.py,statsmodels__statsmodels-8333,statsmodels/statsmodels,symbol,1,2115,19831,735,2252119
statsmodels__statsmodels-8333::statsmodels/stats/rates.py,statsmodels__statsmodels-8333,statsmodels/statsmodels,co_edited,2,2990,28077,735,2252119
statsmodels__statsmodels-8333::statsmodels/stats/rates.py,statsmodels__statsmodels-8333,statsmodels/statsmodels,symbol,1,2324,22071,735,2252119
statsmodels__statsmodels-9413::statsmodels/tsa/vector_ar/var_model.py,statsmodels__statsmodels-9413,statsmodels/statsmodels,symbol,7,5689,46190,743,2322324
statsmodels__statsmodels-9165::statsmodels/tsa/statespace/mlemodel.py,statsmodels__statsmodels-9165,statsmodels/statsmodels,symbol,4,791,6423,737,2280547
streamlink__streamlink-6433::src/streamlink/plugins/pandalive.py,streamlink__streamlink-6433,streamlink/streamlink,symbol,4,1857,13500,261,392186
streamlink__streamlink-6353::src/streamlink/plugins/mangomolo.py,streamlink__streamlink-6353,streamlink/streamlink,symbol,1,784,5891,262,392214
streamlink__streamlink-5586::src/streamlink/plugin/plugin.py,streamlink__streamlink-5586,streamlink/streamlink,co_edited,2,1022,8019,255,363304
streamlink__streamlink-5586::src/streamlink/plugin/plugin.py,streamlink__streamlink-5586,streamlink/streamlink,symbol,10,3589,26601,255,363304
streamlink__streamlink-5586::src/streamlink/plugins/goodgame.py,streamlink__streamlink-5586,streamlink/streamlink,co_edited,2,1647,12635,255,363304
streamlink__streamlink-5586::src/streamlink/plugins/goodgame.py,streamlink__streamlink-5586,streamlink/streamlink,symbol,10,4214,31217,255,363304
streamlink__streamlink-5586::src/streamlink/plugins/twitch.py,streamlink__streamlink-5586,streamlink/streamlink,co_edited,2,803,5682,255,363304
streamlink__streamlink-5586::src/streamlink/plugins/twitch.py,streamlink__streamlink-5586,streamlink/streamlink,symbol,10,3370,24264,255,363304
streamlink__streamlink-6544::src/streamlink/plugins/nicolive.py,streamlink__streamlink-6544,streamlink/streamlink,co_edited,1,262,2523,264,401137
streamlink__streamlink-6544::src/streamlink/plugins/nicolive.py,streamlink__streamlink-6544,streamlink/streamlink,symbol,1,262,2523,264,401137
streamlink__streamlink-6544::src/streamlink/session/http.py,streamlink__streamlink-6544,streamlink/streamlink,co_edited,1,387,2511,264,401137
streamlink__streamlink-3847::src/streamlink/plugins/tv8.py,streamlink__streamlink-3847,streamlink/streamlink,co_edited,1,315,2578,244,257158
streamlink__streamlink-3847::src/streamlink/plugins/tv8.py,streamlink__streamlink-3847,streamlink/streamlink,symbol,6,2222,16009,244,257158
streamlink__streamlink-3847::src/streamlink/plugins/youtube.py,streamlink__streamlink-3847,streamlink/streamlink,co_edited,1,34,212,244,257158
streamlink__streamlink-3847::src/streamlink/plugins/youtube.py,streamlink__streamlink-3847,streamlink/streamlink,symbol,6,1941,13643,244,257158
streamlink__streamlink-5725::src/streamlink/plugins/gulli.py,streamlink__streamlink-5725,streamlink/streamlink,symbol,4,2269,16779,261,371438
streamlink__streamlink-5645::src/streamlink/plugins/tvp.py,streamlink__streamlink-5645,streamlink/streamlink,symbol,4,1268,8228,261,364705
streamlink__streamlink-1660::src/streamlink/plugins/tf1.py,streamlink__streamlink-1660,streamlink/streamlink,symbol,1,391,2511,253,236621
streamlink__streamlink-5478::src/streamlink/session.py,streamlink__streamlink-5478,streamlink/streamlink,co_edited,2,2248,17067,253,359601
streamlink__streamlink-5478::src/streamlink/session.py,streamlink__streamlink-5478,streamlink/streamlink,symbol,4,1402,10549,253,359601
streamlink__streamlink-5478::src/streamlink/stream/hls.py,streamlink__streamlink-5478,streamlink/streamlink,co_edited,2,2082,16121,253,359601
streamlink__streamlink-5478::src/streamlink/stream/hls.py,streamlink__streamlink-5478,streamlink/streamlink,symbol,4,1236,9603,253,359601
streamlink__streamlink-5478::src/streamlink_cli/argparser.py,streamlink__streamlink-5478,streamlink/streamlink,co_edited,2,1502,12440,253,359601
streamlink__streamlink-5478::src/streamlink_cli/argparser.py,streamlink__streamlink-5478,streamlink/streamlink,symbol,5,2070,16296,253,359601
streamlink__streamlink-3768::src/streamlink/plugin/api/http_session.py,streamlink__streamlink-3768,streamlink/streamlink,co_edited,2,1095,8404,254,265160
streamlink__streamlink-3768::src/streamlink/plugin/api/http_session.py,streamlink__streamlink-3768,streamlink/streamlink,symbol,2,387,3468,254,265160
streamlink__streamlink-3768::src/streamlink/plugins/twitch.py,streamlink__streamlink-3768,streamlink/streamlink,co_edited,2,523,4142,254,265160
streamlink__streamlink-3768::src/streamlink/plugins/twitch.py,streamlink__streamlink-3768,streamlink/streamlink,symbol,3,539,4661,254,265160
streamlink__streamlink-3768::src/streamlink/plugins/zattoo.py,streamlink__streamlink-3768,streamlink/streamlink,co_edited,2,876,6648,254,265160
streamlink__streamlink-3768::src/streamlink/plugins/zattoo.py,streamlink__streamlink-3768,streamlink/streamlink,symbol,2,168,1712,254,265160
streamlink__streamlink-5444::src/streamlink/plugins/lrt.py,streamlink__streamlink-5444,streamlink/streamlink,co_edited,1,52,330,253,359324
streamlink__streamlink-5444::src/streamlink/plugins/lrt.py,streamlink__streamlink-5444,streamlink/streamlink,symbol,9,2193,15516,253,359324
streamlink__streamlink-5444::src/streamlink/plugins/rtvs.py,streamlink__streamlink-5444,streamlink/streamlink,co_edited,1,37,268,253,359324
streamlink__streamlink-5444::src/streamlink/plugins/rtvs.py,streamlink__streamlink-5444,streamlink/streamlink,symbol,9,2178,15454,253,359324
streamlink__streamlink-1721::src/streamlink/plugins/facebook.py,streamlink__streamlink-1721,streamlink/streamlink,co_edited,1,192,1548,262,251325
streamlink__streamlink-1721::src/streamlink/plugins/facebook.py,streamlink__streamlink-1721,streamlink/streamlink,symbol,12,2118,14681,262,251325
streamlink__streamlink-1721::src/streamlink/plugins/funimationnow.py,streamlink__streamlink-1721,streamlink/streamlink,co_edited,1,37,354,262,251325
streamlink__streamlink-1721::src/streamlink/plugins/funimationnow.py,streamlink__streamlink-1721,streamlink/streamlink,symbol,12,1963,13487,262,251325
streamlink__streamlink-3205::src/streamlink/plugins/cdnbg.py,streamlink__streamlink-3205,streamlink/streamlink,symbol,1,104,875,271,272951
streamlink__streamlink-2780::src/streamlink/plugins/twitch.py,streamlink__streamlink-2780,streamlink/streamlink,symbol,1,489,2823,270,268058
streamlink__streamlink-5932::src/streamlink/plugin/api/validate/_validators.py,streamlink__streamlink-5932,streamlink/streamlink,symbol,4,994,6853,267,381284
sunpy__sunpy-7024::sunpy/timeseries/timeseries_factory.py,sunpy__sunpy-7024,sunpy/sunpy,co_edited,2,349,2204,276,439159
sunpy__sunpy-7024::sunpy/timeseries/timeseries_factory.py,sunpy__sunpy-7024,sunpy/sunpy,symbol,2,480,3135,276,439159
sunpy__sunpy-7024::sunpy/util/functools.py,sunpy__sunpy-7024,sunpy/sunpy,co_edited,2,857,6389,276,439159
sunpy__sunpy-7024::sunpy/util/functools.py,sunpy__sunpy-7024,sunpy/sunpy,symbol,3,1018,7495,276,439159
sunpy__sunpy-7024::sunpy/util/util.py,sunpy__sunpy-7024,sunpy/sunpy,co_edited,2,568,4535,276,439159
sunpy__sunpy-7024::sunpy/util/util.py,sunpy__sunpy-7024,sunpy/sunpy,symbol,2,699,5466,276,439159
sunpy__sunpy-6499::sunpy/map/header_helper.py,sunpy__sunpy-6499,sunpy/sunpy,symbol,1,39,330,276,444196
sunpy__sunpy-7446::sunpy/net/helio/hec.py,sunpy__sunpy-7446,sunpy/sunpy,symbol,1,39,327,277,438318
sunpy__sunpy-6451::sunpy/timeseries/sources/goes.py,sunpy__sunpy-6451,sunpy/sunpy,symbol,3,1896,15168,276,443861
sunpy__sunpy-4724::sunpy/coordinates/frames.py,sunpy__sunpy-4724,sunpy/sunpy,symbol,3,122,830,255,442708
sunpy__sunpy-7950::sunpy/data/data_manager/manager.py,sunpy__sunpy-7950,sunpy/sunpy,symbol,1,131,854,284,454685
sympy__sympy-21596::sympy/sets/handlers/intersection.py,sympy__sympy-21596,sympy/sympy,symbol,8,11641,98841,843,5807350
sympy__sympy-17394::sympy/functions/special/beta_functions.py,sympy__sympy-17394,sympy/sympy,co_edited,3,5299,40233,745,5471106
sympy__sympy-17394::sympy/functions/special/beta_functions.py,sympy__sympy-17394,sympy/sympy,symbol,3,1712,14598,745,5471106
sympy__sympy-17394::sympy/printing/codeprinter.py,sympy__sympy-17394,sympy/sympy,co_edited,3,4875,36650,745,5471106
sympy__sympy-17394::sympy/printing/codeprinter.py,sympy__sympy-17394,sympy/sympy,symbol,3,1288,11015,745,5471106
sympy__sympy-17394::sympy/printing/pycode.py,sympy__sympy-17394,sympy/sympy,co_edited,3,4537,33505,745,5471106
sympy__sympy-17394::sympy/printing/pycode.py,sympy__sympy-17394,sympy/sympy,symbol,3,950,7870,745,5471106
sympy__sympy-17394::sympy/stats/crv_types.py,sympy__sympy-17394,sympy/sympy,co_edited,3,1519,13092,745,5471106
sympy__sympy-17394::sympy/stats/crv_types.py,sympy__sympy-17394,sympy/sympy,symbol,4,1823,15525,745,5471106
sympy__sympy-15971::sympy/printing/pretty/pretty.py,sympy__sympy-15971,sympy/sympy,symbol,5,1370,12636,732,5334668
sympy__sympy-13878::sympy/stats/crv_types.py,sympy__sympy-13878,sympy/sympy,symbol,14,19410,157007,677,5619942
sympy__sympy-18030::sympy/polys/polyfuncs.py,sympy__sympy-18030,sympy/sympy,co_edited,1,326,4358,758,5502483
sympy__sympy-18030::sympy/polys/polyfuncs.py,sympy__sympy-18030,sympy/sympy,symbol,15,15317,125772,758,5502483
sympy__sympy-18030::sympy/polys/specialpolys.py,sympy__sympy-18030,sympy/sympy,co_edited,1,375,2996,758,5502483
sympy__sympy-18030::sympy/polys/specialpolys.py,sympy__sympy-18030,sympy/sympy,symbol,15,15366,124410,758,5502483
sympy__sympy-21527::sympy/polys/constructor.py,sympy__sympy-21527,sympy/sympy,co_edited,4,1885,15251,842,5804077
sympy__sympy-21527::sympy/polys/constructor.py,sympy__sympy-21527,sympy/sympy,symbol,7,3379,26497,842,5804077
sympy__sympy-21527::sympy/polys/matrices/ddm.py,sympy__sympy-21527,sympy/sympy,co_edited,4,1912,15197,842,5804077
sympy__sympy-21527::sympy/polys/matrices/ddm.py,sympy__sympy-21527,sympy/sympy,symbol,7,3406,26443,842,5804077
sympy__sympy-21527::sympy/polys/matrices/dense.py,sympy__sympy-21527,sympy/sympy,co_edited,4,1950,15473,842,5804077
sympy__sympy-21527::sympy/polys/matrices/dense.py,sympy__sympy-21527,sympy/sympy,symbol,7,3444,26719,842,5804077
sympy__sympy-21527::sympy/polys/matrices/linsolve.py,sympy__sympy-21527,sympy/sympy,co_edited,4,2073,16174,842,5804077
sympy__sympy-21527::sympy/polys/matrices/linsolve.py,sympy__sympy-21527,sympy/sympy,symbol,7,3567,27420,842,5804077
sympy__sympy-21527::sympy/polys/matrices/sdm.py,sympy__sympy-21527,sympy/sympy,co_edited,4,1284,9645,842,5804077
sympy__sympy-21527::sympy/polys/matrices/sdm.py,sympy__sympy-21527,sympy/sympy,symbol,7,2778,20891,842,5804077
sympy__sympy-15609::sympy/printing/latex.py,sympy__sympy-15609,sympy/sympy,symbol,1,300,2384,731,5318506
sympy__sympy-16963::sympy/core/compatibility.py,sympy__sympy-16963,sympy/sympy,co_edited,7,8967,73987,734,5412153
sympy__sympy-16963::sympy/core/compatibility.py,sympy__sympy-16963,sympy/sympy,symbol,8,7953,65839,734,5412153
sympy__sympy-16963::sympy/core/containers.py,sympy__sympy-16963,sympy/sympy,co_edited,7,9604,79568,734,5412153
sympy__sympy-16963::sympy/core/containers.py,sympy__sympy-16963,sympy/sympy,symbol,7,7634,63568,734,5412153
sympy__sympy-16963::sympy/core/evalf.py,sympy__sympy-16963,sympy/sympy,co_edited,7,8384,68150,734,5412153
sympy__sympy-16963::sympy/core/evalf.py,sympy__sympy-16963,sympy/sympy,symbol,7,6414,52150,734,5412153
sympy__sympy-16963::sympy/core/function.py,sympy__sympy-16963,sympy/sympy,co_edited,7,6785,55322,734,5412153
sympy__sympy-16963::sympy/core/function.py,sympy__sympy-16963,sympy/sympy,symbol,7,4815,39322,734,5412153
sympy__sympy-16963::sympy/core/operations.py,sympy__sympy-16963,sympy/sympy,co_edited,7,9462,77982,734,5412153
sympy__sympy-16963::sympy/core/operations.py,sympy__sympy-16963,sympy/sympy,symbol,8,7953,65839,734,5412153
sympy__sympy-16963::sympy/core/sympify.py,sympy__sympy-16963,sympy/sympy,co_edited,7,9404,77586,734,5412153
sympy__sympy-16963::sympy/core/sympify.py,sympy__sympy-16963,sympy/sympy,symbol,7,7434,61586,734,5412153
sympy__sympy-16963::sympy/ntheory/factor_.py,sympy__sympy-16963,sympy/sympy,co_edited,7,7684,64135,734,5412153
sympy__sympy-16963::sympy/ntheory/factor_.py,sympy__sympy-16963,sympy/sympy,symbol,7,5714,48135,734,5412153
sympy__sympy-16963::sympy/tensor/indexed.py,sympy__sympy-16963,sympy/sympy,co_edited,7,9171,76143,734,5412153
sympy__sympy-16963::sympy/tensor/indexed.py,sympy__sympy-16963,sympy/sympy,symbol,8,7953,65839,734,5412153
sympy__sympy-16943::sympy/series/formal.py,sympy__sympy-16943,sympy/sympy,symbol,5,10664,85323,734,5409257
sympy__sympy-19182::sympy/core/mul.py,sympy__sympy-19182,sympy/sympy,symbol,5,6155,51332,776,5561739
sympy__sympy-13265::sympy/simplify/simplify.py,sympy__sympy-13265,sympy/sympy,co_edited,1,1173,12062,668,5566211
sympy__sympy-13265::sympy/simplify/simplify.py,sympy__sympy-13265,sympy/sympy,symbol,5,5330,45107,668,5566211
sympy__sympy-13265::sympy/simplify/trigsimp.py,sympy__sympy-13265,sympy/sympy,co_edited,1,1417,12138,668,5566211
sympy__sympy-13265::sympy/simplify/trigsimp.py,sympy__sympy-13265,sympy/sympy,symbol,5,5574,45183,668,5566211
sympy__sympy-15011::sympy/utilities/lambdify.py,sympy__sympy-15011,sympy/sympy,symbol,5,6845,56928,746,5280438
tefra__xsdata-834::xsdata/models/config.py,tefra__xsdata-834,tefra/xsdata,co_edited,1,18,103,118,126629
tefra__xsdata-834::xsdata/models/config.py,tefra__xsdata-834,tefra/xsdata,symbol,1,18,103,118,126629
tefra__xsdata-834::xsdata/utils/hooks.py,tefra__xsdata-834,tefra/xsdata,co_edited,1,609,4665,118,126629
tefra__xsdata-788::xsdata/cli.py,tefra__xsdata-788,tefra/xsdata,co_edited,3,686,5037,119,124063
tefra__xsdata-788::xsdata/cli.py,tefra__xsdata-788,tefra/xsdata,symbol,4,1057,7359,119,124063
tefra__xsdata-788::xsdata/codegen/handlers/flatten_class_extensions.py,tefra__xsdata-788,tefra/xsdata,co_edited,3,563,3977,119,124063
tefra__xsdata-788::xsdata/codegen/handlers/flatten_class_extensions.py,tefra__xsdata-788,tefra/xsdata,symbol,5,1217,8458,119,124063
tefra__xsdata-788::xsdata/codegen/handlers/process_attributes_types.py,tefra__xsdata-788,tefra/xsdata,co_edited,3,586,4199,119,124063
tefra__xsdata-788::xsdata/codegen/handlers/process_attributes_types.py,tefra__xsdata-788,tefra/xsdata,symbol,4,957,6521,119,124063
tefra__xsdata-788::xsdata/utils/click.py,tefra__xsdata-788,tefra/xsdata,co_edited,3,703,5195,119,124063
tefra__xsdata-788::xsdata/utils/click.py,tefra__xsdata-788,tefra/xsdata,symbol,4,1074,7517,119,124063
tefra__xsdata-994::xsdata/codegen/handlers/create_compound_fields.py,tefra__xsdata-994,tefra/xsdata,co_edited,1,911,6587,129,151330
tefra__xsdata-994::xsdata/codegen/handlers/create_compound_fields.py,tefra__xsdata-994,tefra/xsdata,symbol,2,1662,12051,129,151330
tefra__xsdata-994::xsdata/formats/dataclass/filters.py,tefra__xsdata-994,tefra/xsdata,co_edited,1,262,1827,129,151330
tefra__xsdata-994::xsdata/formats/dataclass/filters.py,tefra__xsdata-994,tefra/xsdata,symbol,2,1013,7291,129,151330
tefra__xsdata-679::xsdata/models/datatype.py,tefra__xsdata-679,tefra/xsdata,co_edited,1,248,1666,109,114299
tefra__xsdata-679::xsdata/models/datatype.py,tefra__xsdata-679,tefra/xsdata,symbol,1,248,1666,109,114299
tefra__xsdata-679::xsdata/utils/dates.py,tefra__xsdata-679,tefra/xsdata,co_edited,1,662,4824,109,114299
tefra__xsdata-679::xsdata/utils/dates.py,tefra__xsdata-679,tefra/xsdata,symbol,1,662,4824,109,114299
tefra__xsdata-1067::xsdata/formats/dataclass/serializers/mixins.py,tefra__xsdata-1067,tefra/xsdata,symbol,1,595,3896,126,153225
tefra__xsdata-886::xsdata/formats/dataclass/filters.py,tefra__xsdata-886,tefra/xsdata,symbol,1,588,4199,118,126895
tefra__xsdata-687::xsdata/formats/dataclass/serializers/xml.py,tefra__xsdata-687,tefra/xsdata,symbol,1,432,2856,109,114457
tefra__xsdata-1099::xsdata/codegen/mappers/definitions.py,tefra__xsdata-1099,tefra/xsdata,symbol,1,763,5541,126,153658
tefra__xsdata-755::xsdata/formats/dataclass/filters.py,tefra__xsdata-755,tefra/xsdata,co_edited,1,490,3918,115,121066
tefra__xsdata-755::xsdata/formats/dataclass/filters.py,tefra__xsdata-755,tefra/xsdata,symbol,1,490,3918,115,121066
tefra__xsdata-755::xsdata/models/config.py,tefra__xsdata-755,tefra/xsdata,co_edited,1,719,5477,115,121066
tefra__xsdata-755::xsdata/models/config.py,tefra__xsdata-755,tefra/xsdata,symbol,1,719,5477,115,121066
tefra__xsdata-1098::xsdata/formats/dataclass/filters.py,tefra__xsdata-1098,tefra/xsdata,symbol,1,763,5541,126,153642
tefra__xsdata-609::xsdata/codegen/mappers/definitions.py,tefra__xsdata-609,tefra/xsdata,symbol,1,250,1314,107,112025
tefra__xsdata-787::xsdata/formats/dataclass/client.py,tefra__xsdata-787,tefra/xsdata,symbol,1,431,3395,119,124035
tefra__xsdata-749::xsdata/codegen/mappers/dtd.py,tefra__xsdata-749,tefra/xsdata,symbol,6,1101,7617,115,120563
tefra__xsdata-905::xsdata/codegen/handlers/create_compound_fields.py,tefra__xsdata-905,tefra/xsdata,symbol,1,598,4587,118,124546
tefra__xsdata-902::xsdata/formats/dataclass/serializers/xml.py,tefra__xsdata-902,tefra/xsdata,symbol,1,443,2910,118,124546
terrapower__armi-1839::armi/reactor/components/__init__.py,terrapower__armi-1839,terrapower/armi,symbol,1,3286,25801,272,801488
terrapower__armi-1883::armi/reactor/composites.py,terrapower__armi-1883,terrapower/armi,co_edited,1,1509,11457,275,802542
terrapower__armi-1883::armi/reactor/composites.py,terrapower__armi-1883,terrapower/armi,symbol,1,1509,11457,275,802542
terrapower__armi-1883::armi/utils/plotting.py,terrapower__armi-1883,terrapower/armi,co_edited,1,3286,25823,275,802542
terrapower__armi-1925::armi/reactor/blueprints/reactorBlueprint.py,terrapower__armi-1925,terrapower/armi,symbol,2,2374,20076,276,804076
terrapower__armi-102::armi/physics/neutronics/__init__.py,terrapower__armi-102,terrapower/armi,co_edited,1,2557,19937,246,677831
terrapower__armi-102::armi/physics/neutronics/__init__.py,terrapower__armi-102,terrapower/armi,symbol,3,1416,10665,246,677831
terrapower__armi-102::armi/reactor/reactors.py,terrapower__armi-102,terrapower/armi,co_edited,1,229,1670,246,677831
terrapower__armi-102::armi/reactor/reactors.py,terrapower__armi-102,terrapower/armi,symbol,4,1645,12335,246,677831
terrapower__armi-1842::armi/cases/suite.py,terrapower__armi-1842,terrapower/armi,co_edited,2,3493,27130,272,801729
terrapower__armi-1842::armi/cases/suite.py,terrapower__armi-1842,terrapower/armi,symbol,6,6029,45552,272,801729
terrapower__armi-1842::armi/cli/compareCases.py,terrapower__armi-1842,terrapower/armi,co_edited,2,3640,28575,272,801729
terrapower__armi-1842::armi/cli/compareCases.py,terrapower__armi-1842,terrapower/armi,symbol,6,6176,46997,272,801729
terrapower__armi-1842::armi/reactor/composites.py,terrapower__armi-1842,terrapower/armi,co_edited,2,565,4111,272,801729
terrapower__armi-1842::armi/reactor/composites.py,terrapower__armi-1842,terrapower/armi,symbol,6,3101,22533,272,801729
terrapower__armi-1796::armi/operators/operator.py,terrapower__armi-1796,terrapower/armi,co_edited,1,823,7317,271,787098
terrapower__armi-1796::armi/operators/operator.py,terrapower__armi-1796,terrapower/armi,symbol,2,1282,10401,271,787098
terrapower__armi-1796::armi/reactor/converters/blockConverters.py,terrapower__armi-1796,terrapower/armi,co_edited,1,1273,10491,271,787098
terrapower__armi-1796::armi/reactor/converters/blockConverters.py,terrapower__armi-1796,terrapower/armi,symbol,2,1732,13575,271,787098
terrapower__armi-1122::armi/reactor/blueprints/blockBlueprint.py,terrapower__armi-1122,terrapower/armi,symbol,4,2091,15559,268,738077
terrapower__armi-256::armi/bookkeeping/db/database3.py,terrapower__armi-256,terrapower/armi,co_edited,1,1761,15113,267,693572
terrapower__armi-256::armi/bookkeeping/db/database3.py,terrapower__armi-256,terrapower/armi,symbol,1,1761,15113,267,693572
terrapower__armi-256::armi/reactor/grids.py,terrapower__armi-256,terrapower/armi,co_edited,1,2764,22734,267,693572
terrapower__armi-256::armi/reactor/grids.py,terrapower__armi-256,terrapower/armi,symbol,1,2764,22734,267,693572
terrapower__armi-1117::armi/materials/b4c.py,terrapower__armi-1117,terrapower/armi,co_edited,2,1873,14283,268,737226
terrapower__armi-1117::armi/materials/b4c.py,terrapower__armi-1117,terrapower/armi,symbol,4,2824,22315,268,737226
terrapower__armi-1117::armi/physics/neutronics/crossSectionGroupManager.py,terrapower__armi-1117,terrapower/armi,co_edited,2,950,6929,268,737226
terrapower__armi-1117::armi/physics/neutronics/crossSectionGroupManager.py,terrapower__armi-1117,terrapower/armi,symbol,3,1717,13102,268,737226
terrapower__armi-1117::armi/physics/neutronics/parameters.py,terrapower__armi-1117,terrapower/armi,co_edited,2,1291,11072,268,737226
terrapower__armi-1117::armi/physics/neutronics/parameters.py,terrapower__armi-1117,terrapower/armi,symbol,4,2824,22315,268,737226
terrapower__armi-1230::armi/reactor/converters/axialExpansionChanger.py,terrapower__armi-1230,terrapower/armi,symbol,1,869,7188,268,748041
terrapower__armi-1929::armi/reactor/blueprints/assemblyBlueprint.py,terrapower__armi-1929,terrapower/armi,symbol,5,1640,13168,276,804057
terrapower__armi-2068::armi/reactor/components/component.py,terrapower__armi-2068,terrapower/armi,symbol,1,3265,25675,280,807874
Textualize__textual-2692::src/textual/app.py,Textualize__textual-2692,textualize/textual,symbol,2,3835,26265,403,364452
Textualize__textual-4159::src/textual/widgets/_tabbed_content.py,Textualize__textual-4159,textualize/textual,co_edited,1,814,5486,473,480542
Textualize__textual-4159::src/textual/widgets/_tabbed_content.py,Textualize__textual-4159,textualize/textual,symbol,2,914,6155,473,480542
Textualize__textual-4159::src/textual/widgets/_tabs.py,Textualize__textual-4159,textualize/textual,co_edited,1,691,5019,473,480542
Textualize__textual-4159::src/textual/widgets/_tabs.py,Textualize__textual-4159,textualize/textual,symbol,2,791,5688,473,480542
Textualize__textual-1551::src/textual/css/_help_text.py,Textualize__textual-1551,textualize/textual,co_edited,1,1014,7684,308,253537
Textualize__textual-1551::src/textual/css/_help_text.py,Textualize__textual-1551,textualize/textual,symbol,2,1106,8304,308,253537
Textualize__textual-1551::src/textual/css/_style_properties.py,Textualize__textual-1551,textualize/textual,co_edited,1,760,5448,308,253537
Textualize__textual-1551::src/textual/css/_style_properties.py,Textualize__textual-1551,textualize/textual,symbol,2,852,6068,308,253537
Textualize__textual-4452::src/textual/app.py,Textualize__textual-4452,textualize/textual,co_edited,2,693,4675,480,495617
Textualize__textual-4452::src/textual/app.py,Textualize__textual-4452,textualize/textual,symbol,2,504,3609,480,495617
Textualize__textual-4452::src/textual/css/scalar.py,Textualize__textual-4452,textualize/textual,co_edited,2,3968,29032,480,495617
Textualize__textual-4452::src/textual/css/scalar.py,Textualize__textual-4452,textualize/textual,symbol,3,4159,30330,480,495617
Textualize__textual-4452::src/textual/widgets/_list_view.py,Textualize__textual-4452,textualize/textual,co_edited,2,4035,29085,480,495617
Textualize__textual-4452::src/textual/widgets/_list_view.py,Textualize__textual-4452,textualize/textual,symbol,2,3846,28019,480,495617
Textualize__textual-2987::src/textual/events.py,Textualize__textual-2987,textualize/textual,co_edited,1,990,6872,402,375187
Textualize__textual-2987::src/textual/events.py,Textualize__textual-2987,textualize/textual,symbol,2,2146,15528,402,375187
Textualize__textual-2987::src/textual/screen.py,Textualize__textual-2987,textualize/textual,co_edited,1,621,3619,402,375187
Textualize__textual-2987::src/textual/screen.py,Textualize__textual-2987,textualize/textual,symbol,2,1777,12275,402,375187
Textualize__textual-5743::src/textual/dom.py,Textualize__textual-5743,textualize/textual,symbol,1,866,5985,531,620309
Textualize__textual-2981::src/textual/widgets/_switch.py,Textualize__textual-2981,textualize/textual,symbol,1,602,3514,398,368331
Textualize__textual-5237::src/textual/document/_wrapped_document.py,Textualize__textual-5237,textualize/textual,symbol,1,458,3162,519,579305
Textualize__textual-3152::src/textual/widgets/_tabbed_content.py,Textualize__textual-3152,textualize/textual,co_edited,1,765,5191,409,380347
Textualize__textual-3152::src/textual/widgets/_tabbed_content.py,Textualize__textual-3152,textualize/textual,symbol,4,1427,9514,409,380347
Textualize__textual-3152::src/textual/widgets/_tabs.py,Textualize__textual-3152,textualize/textual,co_edited,1,447,3215,409,380347
Textualize__textual-3152::src/textual/widgets/_tabs.py,Textualize__textual-3152,textualize/textual,symbol,4,1109,7538,409,380347
tobymao__sqlglot-3238::sqlglot/expressions.py,tobymao__sqlglot-3238,tobymao/sqlglot,co_edited,2,9892,84227,86,345783
tobymao__sqlglot-3238::sqlglot/expressions.py,tobymao__sqlglot-3238,tobymao/sqlglot,symbol,2,9892,84227,86,345783
tobymao__sqlglot-3238::sqlglot/generator.py,tobymao__sqlglot-3238,tobymao/sqlglot,co_edited,2,13649,95840,86,345783
tobymao__sqlglot-3238::sqlglot/generator.py,tobymao__sqlglot-3238,tobymao/sqlglot,symbol,2,13649,95840,86,345783
tobymao__sqlglot-3238::sqlglot/parser.py,tobymao__sqlglot-3238,tobymao/sqlglot,co_edited,2,11109,81453,86,345783
tobymao__sqlglot-3238::sqlglot/parser.py,tobymao__sqlglot-3238,tobymao/sqlglot,symbol,2,11109,81453,86,345783
tobymao__sqlglot-559::sqlglot/expressions.py,tobymao__sqlglot-559,tobymao/sqlglot,co_edited,1,2382,16814,56,110869
tobymao__sqlglot-559::sqlglot/expressions.py,tobymao__sqlglot-559,tobymao/sqlglot,symbol,1,2382,16814,56,110869
tobymao__sqlglot-559::sqlglot/parser.py,tobymao__sqlglot-559,tobymao/sqlglot,co_edited,1,3345,19486,56,110869
tobymao__sqlglot-559::sqlglot/parser.py,tobymao__sqlglot-559,tobymao/sqlglot,symbol,1,3345,19486,56,110869
tobymao__sqlglot-4390::sqlglot/parser.py,tobymao__sqlglot-4390,tobymao/sqlglot,symbol,1,1455,11198,76,388449
tobymao__sqlglot-4311::sqlglot/generator.py,tobymao__sqlglot-4311,tobymao/sqlglot,co_edited,1,7547,60742,76,383916
tobymao__sqlglot-4311::sqlglot/generator.py,tobymao__sqlglot-4311,tobymao/sqlglot,symbol,3,17355,124830,76,383916
tobymao__sqlglot-4311::sqlglot/parser.py,tobymao__sqlglot-4311,tobymao/sqlglot,co_edited,1,4455,42172,76,383916
tobymao__sqlglot-4311::sqlglot/parser.py,tobymao__sqlglot-4311,tobymao/sqlglot,symbol,3,14263,106260,76,383916
tobymao__sqlglot-2047::sqlglot/dialects/tsql.py,tobymao__sqlglot-2047,tobymao/sqlglot,co_edited,1,6099,37625,83,262513
tobymao__sqlglot-2047::sqlglot/dialects/tsql.py,tobymao__sqlglot-2047,tobymao/sqlglot,symbol,3,9187,65649,83,262513
tobymao__sqlglot-2047::sqlglot/expressions.py,tobymao__sqlglot-2047,tobymao/sqlglot,co_edited,1,727,6146,83,262513
tobymao__sqlglot-2047::sqlglot/expressions.py,tobymao__sqlglot-2047,tobymao/sqlglot,symbol,3,3815,34170,83,262513
tobymao__sqlglot-3799::sqlglot/dialects/postgres.py,tobymao__sqlglot-3799,tobymao/sqlglot,symbol,2,9358,61866,76,355273
tobymao__sqlglot-1627::sqlglot/dialects/snowflake.py,tobymao__sqlglot-1627,tobymao/sqlglot,co_edited,3,12266,91099,79,235659
tobymao__sqlglot-1627::sqlglot/dialects/snowflake.py,tobymao__sqlglot-1627,tobymao/sqlglot,symbol,7,14148,104959,79,235659
tobymao__sqlglot-1627::sqlglot/expressions.py,tobymao__sqlglot-1627,tobymao/sqlglot,co_edited,3,7226,61355,79,235659
tobymao__sqlglot-1627::sqlglot/expressions.py,tobymao__sqlglot-1627,tobymao/sqlglot,symbol,7,9108,75215,79,235659
tobymao__sqlglot-1627::sqlglot/generator.py,tobymao__sqlglot-1627,tobymao/sqlglot,co_edited,3,10394,72862,79,235659
tobymao__sqlglot-1627::sqlglot/generator.py,tobymao__sqlglot-1627,tobymao/sqlglot,symbol,7,12276,86722,79,235659
tobymao__sqlglot-1627::sqlglot/parser.py,tobymao__sqlglot-1627,tobymao/sqlglot,co_edited,3,8166,59546,79,235659
tobymao__sqlglot-1627::sqlglot/parser.py,tobymao__sqlglot-1627,tobymao/sqlglot,symbol,7,10048,73406,79,235659
tobymao__sqlglot-3731::sqlglot/dialects/snowflake.py,tobymao__sqlglot-3731,tobymao/sqlglot,co_edited,3,18656,141668,76,352674
tobymao__sqlglot-3731::sqlglot/dialects/snowflake.py,tobymao__sqlglot-3731,tobymao/sqlglot,symbol,3,18656,141668,76,352674
tobymao__sqlglot-3731::sqlglot/expressions.py,tobymao__sqlglot-3731,tobymao/sqlglot,co_edited,3,11934,102631,76,352674
tobymao__sqlglot-3731::sqlglot/expressions.py,tobymao__sqlglot-3731,tobymao/sqlglot,symbol,3,11934,102631,76,352674
tobymao__sqlglot-3731::sqlglot/generator.py,tobymao__sqlglot-3731,tobymao/sqlglot,co_edited,3,15656,112725,76,352674
tobymao__sqlglot-3731::sqlglot/generator.py,tobymao__sqlglot-3731,tobymao/sqlglot,symbol,3,15656,112725,76,352674
tobymao__sqlglot-3731::sqlglot/parser.py,tobymao__sqlglot-3731,tobymao/sqlglot,co_edited,3,12812,96048,76,352674
tobymao__sqlglot-3731::sqlglot/parser.py,tobymao__sqlglot-3731,tobymao/sqlglot,symbol,3,12812,96048,76,352674
tobymao__sqlglot-4079::sqlglot/dialects/clickhouse.py,tobymao__sqlglot-4079,tobymao/sqlglot,co_edited,1,7367,59139,76,371501
tobymao__sqlglot-4079::sqlglot/dialects/clickhouse.py,tobymao__sqlglot-4079,tobymao/sqlglot,symbol,3,16805,120467,76,371501
tobymao__sqlglot-4079::sqlglot/parser.py,tobymao__sqlglot-4079,tobymao/sqlglot,co_edited,1,1120,9683,76,371501
tobymao__sqlglot-4079::sqlglot/parser.py,tobymao__sqlglot-4079,tobymao/sqlglot,symbol,3,10558,71011,76,371501
tobymao__sqlglot-4106::sqlglot/expressions.py,tobymao__sqlglot-4106,tobymao/sqlglot,co_edited,2,11664,99986,76,372091
tobymao__sqlglot-4106::sqlglot/expressions.py,tobymao__sqlglot-4106,tobymao/sqlglot,symbol,3,13097,110980,76,372091
tobymao__sqlglot-4106::sqlglot/generator.py,tobymao__sqlglot-4106,tobymao/sqlglot,co_edited,2,15418,109980,76,372091
tobymao__sqlglot-4106::sqlglot/generator.py,tobymao__sqlglot-4106,tobymao/sqlglot,symbol,3,16851,120974,76,372091
tobymao__sqlglot-4106::sqlglot/parser.py,tobymao__sqlglot-4106,tobymao/sqlglot,co_edited,2,12328,91414,76,372091
tobymao__sqlglot-4106::sqlglot/parser.py,tobymao__sqlglot-4106,tobymao/sqlglot,symbol,3,13761,102408,76,372091
tobymao__sqlglot-3699::sqlglot/dialects/bigquery.py,tobymao__sqlglot-3699,tobymao/sqlglot,co_edited,3,3160,25787,76,349808
tobymao__sqlglot-3699::sqlglot/dialects/bigquery.py,tobymao__sqlglot-3699,tobymao/sqlglot,symbol,5,11387,76329,76,349808
tobymao__sqlglot-3699::sqlglot/dialects/clickhouse.py,tobymao__sqlglot-3699,tobymao/sqlglot,co_edited,3,3145,25808,76,349808
tobymao__sqlglot-3699::sqlglot/dialects/clickhouse.py,tobymao__sqlglot-3699,tobymao/sqlglot,symbol,5,11387,76329,76,349808
tobymao__sqlglot-3699::sqlglot/dialects/dialect.py,tobymao__sqlglot-3699,tobymao/sqlglot,co_edited,3,2723,22416,76,349808
tobymao__sqlglot-3699::sqlglot/dialects/dialect.py,tobymao__sqlglot-3699,tobymao/sqlglot,symbol,4,10024,64994,76,349808
tobymao__sqlglot-3699::sqlglot/optimizer/qualify_columns.py,tobymao__sqlglot-3699,tobymao/sqlglot,co_edited,3,3230,27242,76,349808
tobymao__sqlglot-3699::sqlglot/optimizer/qualify_columns.py,tobymao__sqlglot-3699,tobymao/sqlglot,symbol,4,10531,69820,76,349808
tobymao__sqlglot-4004::sqlglot/dialects/spark2.py,tobymao__sqlglot-4004,tobymao/sqlglot,symbol,3,10295,70273,76,366518
tobymao__sqlglot-3470::sqlglot/transforms.py,tobymao__sqlglot-3470,tobymao/sqlglot,symbol,1,7600,47418,86,358604
tobymao__sqlglot-4628::sqlglot/dialects/snowflake.py,tobymao__sqlglot-4628,tobymao/sqlglot,co_edited,3,13427,100357,77,401985
tobymao__sqlglot-4628::sqlglot/dialects/snowflake.py,tobymao__sqlglot-4628,tobymao/sqlglot,symbol,6,24677,191384,77,401985
tobymao__sqlglot-4628::sqlglot/dialects/trino.py,tobymao__sqlglot-4628,tobymao/sqlglot,co_edited,3,14577,110947,77,401985
tobymao__sqlglot-4628::sqlglot/dialects/trino.py,tobymao__sqlglot-4628,tobymao/sqlglot,symbol,6,25827,201974,77,401985
tobymao__sqlglot-4628::sqlglot/expressions.py,tobymao__sqlglot-4628,tobymao/sqlglot,co_edited,3,6047,57021,77,401985
tobymao__sqlglot-4628::sqlglot/expressions.py,tobymao__sqlglot-4628,tobymao/sqlglot,symbol,6,17297,148048,77,401985
tobymao__sqlglot-4628::sqlglot/generator.py,tobymao__sqlglot-4628,tobymao/sqlglot,co_edited,3,9935,66670,77,401985
tobymao__sqlglot-4628::sqlglot/generator.py,tobymao__sqlglot-4628,tobymao/sqlglot,symbol,6,21185,157697,77,401985
tobymao__sqlglot-4393::sqlglot/dialects/snowflake.py,tobymao__sqlglot-4393,tobymao/sqlglot,co_edited,1,8447,53582,76,388531
tobymao__sqlglot-4393::sqlglot/dialects/snowflake.py,tobymao__sqlglot-4393,tobymao/sqlglot,symbol,2,8982,56911,76,388531
tobymao__sqlglot-4393::sqlglot/expressions.py,tobymao__sqlglot-4393,tobymao/sqlglot,co_edited,1,1156,10500,76,388531
tobymao__sqlglot-4393::sqlglot/expressions.py,tobymao__sqlglot-4393,tobymao/sqlglot,symbol,2,1691,13829,76,388531
tobymao__sqlglot-3720::sqlglot/dialects/tsql.py,tobymao__sqlglot-3720,tobymao/sqlglot,co_edited,1,6863,54838,76,351527
tobymao__sqlglot-3720::sqlglot/dialects/tsql.py,tobymao__sqlglot-3720,tobymao/sqlglot,symbol,3,16020,114007,76,351527
tobymao__sqlglot-3720::sqlglot/parser.py,tobymao__sqlglot-3720,tobymao/sqlglot,co_edited,1,1145,9916,76,351527
tobymao__sqlglot-3720::sqlglot/parser.py,tobymao__sqlglot-3720,tobymao/sqlglot,symbol,3,10302,69085,76,351527
tobymao__sqlglot-3785::sqlglot/dialects/duckdb.py,tobymao__sqlglot-3785,tobymao/sqlglot,symbol,1,7767,48498,76,354765
tobymao__sqlglot-3242::sqlglot/dialects/sqlite.py,tobymao__sqlglot-3242,tobymao/sqlglot,co_edited,2,11110,81482,86,345833
tobymao__sqlglot-3242::sqlglot/dialects/sqlite.py,tobymao__sqlglot-3242,tobymao/sqlglot,symbol,2,11110,81482,86,345833
tobymao__sqlglot-3242::sqlglot/expressions.py,tobymao__sqlglot-3242,tobymao/sqlglot,co_edited,2,3925,36960,86,345833
tobymao__sqlglot-3242::sqlglot/expressions.py,tobymao__sqlglot-3242,tobymao/sqlglot,symbol,2,3925,36960,86,345833
tobymao__sqlglot-3242::sqlglot/generator.py,tobymao__sqlglot-3242,tobymao/sqlglot,co_edited,2,7681,48556,86,345833
tobymao__sqlglot-3242::sqlglot/generator.py,tobymao__sqlglot-3242,tobymao/sqlglot,symbol,2,7681,48556,86,345833
tobymao__sqlglot-3696::sqlglot/dialects/duckdb.py,tobymao__sqlglot-3696,tobymao/sqlglot,co_edited,3,15596,112067,76,349623
tobymao__sqlglot-3696::sqlglot/dialects/duckdb.py,tobymao__sqlglot-3696,tobymao/sqlglot,symbol,5,20107,153228,76,349623
tobymao__sqlglot-3696::sqlglot/dialects/snowflake.py,tobymao__sqlglot-3696,tobymao/sqlglot,co_edited,3,15307,109401,76,349623
tobymao__sqlglot-3696::sqlglot/dialects/snowflake.py,tobymao__sqlglot-3696,tobymao/sqlglot,symbol,5,19818,150562,76,349623
tobymao__sqlglot-3696::sqlglot/expressions.py,tobymao__sqlglot-3696,tobymao/sqlglot,co_edited,3,8611,70535,76,349623
tobymao__sqlglot-3696::sqlglot/expressions.py,tobymao__sqlglot-3696,tobymao/sqlglot,symbol,5,13122,111696,76,349623
tobymao__sqlglot-3696::sqlglot/parser.py,tobymao__sqlglot-3696,tobymao/sqlglot,co_edited,3,9476,63935,76,349623
tobymao__sqlglot-3696::sqlglot/parser.py,tobymao__sqlglot-3696,tobymao/sqlglot,symbol,5,13987,105096,76,349623
tobymao__sqlglot-2591::sqlglot/dialects/tsql.py,tobymao__sqlglot-2591,tobymao/sqlglot,symbol,2,9676,70518,83,302724
tornadoweb__tornado-2045::tornado/web.py,tornadoweb__tornado-2045,tornadoweb/tornado,co_edited,1,1236,10018,70,209538
tornadoweb__tornado-2045::tornado/web.py,tornadoweb__tornado-2045,tornadoweb/tornado,symbol,4,4101,34141,70,209538
tornadoweb__tornado-2045::tornado/websocket.py,tornadoweb__tornado-2045,tornadoweb/tornado,co_edited,1,3278,27070,70,209538
tornadoweb__tornado-2045::tornado/websocket.py,tornadoweb__tornado-2045,tornadoweb/tornado,symbol,4,6143,51193,70,209538
tornadoweb__tornado-2745::tornado/routing.py,tornadoweb__tornado-2745,tornadoweb/tornado,symbol,1,474,3819,65,210703
tornadoweb__tornado-2157::tornado/websocket.py,tornadoweb__tornado-2157,tornadoweb/tornado,symbol,1,290,2619,70,210694
tornadoweb__tornado-1936::tornado/concurrent.py,tornadoweb__tornado-1936,tornadoweb/tornado,co_edited,3,2484,19556,69,206323
tornadoweb__tornado-1936::tornado/concurrent.py,tornadoweb__tornado-1936,tornadoweb/tornado,symbol,3,2484,19556,69,206323
tornadoweb__tornado-1936::tornado/gen.py,tornadoweb__tornado-1936,tornadoweb/tornado,co_edited,3,1722,14128,69,206323
tornadoweb__tornado-1936::tornado/gen.py,tornadoweb__tornado-1936,tornadoweb/tornado,symbol,3,1722,14128,69,206323
tornadoweb__tornado-1936::tornado/http1connection.py,tornadoweb__tornado-1936,tornadoweb/tornado,co_edited,3,2263,17338,69,206323
tornadoweb__tornado-1936::tornado/http1connection.py,tornadoweb__tornado-1936,tornadoweb/tornado,symbol,3,2263,17338,69,206323
tornadoweb__tornado-1936::tornado/util.py,tornadoweb__tornado-1936,tornadoweb/tornado,co_edited,3,2531,19973,69,206323
tornadoweb__tornado-1936::tornado/util.py,tornadoweb__tornado-1936,tornadoweb/tornado,symbol,3,2531,19973,69,206323
tornadoweb__tornado-2048::tornado/options.py,tornadoweb__tornado-2048,tornadoweb/tornado,co_edited,1,3278,27070,70,209538
tornadoweb__tornado-2048::tornado/options.py,tornadoweb__tornado-2048,tornadoweb/tornado,symbol,3,4589,37429,70,209538
tornadoweb__tornado-2048::tornado/web.py,tornadoweb__tornado-2048,tornadoweb/tornado,co_edited,1,594,4647,70,209538
tornadoweb__tornado-2048::tornado/web.py,tornadoweb__tornado-2048,tornadoweb/tornado,symbol,3,1905,15006,70,209538
tornadoweb__tornado-2011::tornado/web.py,tornadoweb__tornado-2011,tornadoweb/tornado,co_edited,1,1226,9912,70,209425
tornadoweb__tornado-2011::tornado/web.py,tornadoweb__tornado-2011,tornadoweb/tornado,symbol,1,1226,9912,70,209425
tornadoweb__tornado-2011::tornado/websocket.py,tornadoweb__tornado-2011,tornadoweb/tornado,co_edited,1,3282,27124,70,209425
tornadoweb__tornado-2011::tornado/websocket.py,tornadoweb__tornado-2011,tornadoweb/tornado,symbol,1,3282,27124,70,209425
tornadoweb__tornado-2047::tornado/ioloop.py,tornadoweb__tornado-2047,tornadoweb/tornado,co_edited,1,3278,27070,70,209538
tornadoweb__tornado-2047::tornado/ioloop.py,tornadoweb__tornado-2047,tornadoweb/tornado,symbol,3,4589,37429,70,209538
tornadoweb__tornado-2047::tornado/web.py,tornadoweb__tornado-2047,tornadoweb/tornado,co_edited,1,1041,8704,70,209538
tornadoweb__tornado-2047::tornado/web.py,tornadoweb__tornado-2047,tornadoweb/tornado,symbol,3,2352,19063,70,209538
tornadoweb__tornado-2589::tornado/util.py,tornadoweb__tornado-2589,tornadoweb/tornado,co_edited,2,4736,38775,70,222023
tornadoweb__tornado-2589::tornado/util.py,tornadoweb__tornado-2589,tornadoweb/tornado,symbol,1,1342,10726,70,222023
tornadoweb__tornado-2589::tornado/web.py,tornadoweb__tornado-2589,tornadoweb/tornado,co_edited,2,1839,14607,70,222023
tornadoweb__tornado-2589::tornado/web.py,tornadoweb__tornado-2589,tornadoweb/tornado,symbol,1,1342,10726,70,222023
tornadoweb__tornado-2589::tornado/websocket.py,tornadoweb__tornado-2589,tornadoweb/tornado,co_edited,2,3891,31930,70,222023
tornadoweb__tornado-2613::tornado/platform/twisted.py,tornadoweb__tornado-2613,tornadoweb/tornado,co_edited,1,1656,13073,64,209425
tornadoweb__tornado-2613::tornado/platform/twisted.py,tornadoweb__tornado-2613,tornadoweb/tornado,symbol,2,3310,27267,64,209425
tornadoweb__tornado-2613::tornado/websocket.py,tornadoweb__tornado-2613,tornadoweb/tornado,co_edited,1,129,1076,64,209425
tornadoweb__tornado-2613::tornado/websocket.py,tornadoweb__tornado-2613,tornadoweb/tornado,symbol,1,1654,14194,64,209425
tornadoweb__tornado-2058::tornado/http1connection.py,tornadoweb__tornado-2058,tornadoweb/tornado,co_edited,1,1021,7739,70,210077
tornadoweb__tornado-2058::tornado/httputil.py,tornadoweb__tornado-2058,tornadoweb/tornado,co_edited,1,737,6316,70,210077
tornadoweb__tornado-2058::tornado/httputil.py,tornadoweb__tornado-2058,tornadoweb/tornado,symbol,1,737,6316,70,210077
tornadoweb__tornado-2549::tornado/http1connection.py,tornadoweb__tornado-2549,tornadoweb/tornado,symbol,1,266,1984,63,208317
tornadoweb__tornado-2397::tornado/curl_httpclient.py,tornadoweb__tornado-2397,tornadoweb/tornado,co_edited,2,1624,12748,70,221211
tornadoweb__tornado-2397::tornado/curl_httpclient.py,tornadoweb__tornado-2397,tornadoweb/tornado,symbol,5,2548,20242,70,221211
tornadoweb__tornado-2397::tornado/httputil.py,tornadoweb__tornado-2397,tornadoweb/tornado,co_edited,2,1083,9705,70,221211
tornadoweb__tornado-2397::tornado/httputil.py,tornadoweb__tornado-2397,tornadoweb/tornado,symbol,5,2007,17199,70,221211
tornadoweb__tornado-2397::tornado/simple_httpclient.py,tornadoweb__tornado-2397,tornadoweb/tornado,co_edited,2,1583,13111,70,221211
tornadoweb__tornado-2397::tornado/simple_httpclient.py,tornadoweb__tornado-2397,tornadoweb/tornado,symbol,5,2507,20605,70,221211
tornadoweb__tornado-2074::tornado/http1connection.py,tornadoweb__tornado-2074,tornadoweb/tornado,co_edited,1,328,2781,70,210177
tornadoweb__tornado-2074::tornado/httpserver.py,tornadoweb__tornado-2074,tornadoweb/tornado,co_edited,1,737,6316,70,210177
tornadoweb__tornado-2074::tornado/httpserver.py,tornadoweb__tornado-2074,tornadoweb/tornado,symbol,1,737,6316,70,210177
tornadoweb__tornado-2581::tornado/websocket.py,tornadoweb__tornado-2581,tornadoweb/tornado,symbol,1,3585,29811,63,208743
tornadoweb__tornado-2394::tornado/iostream.py,tornadoweb__tornado-2394,tornadoweb/tornado,co_edited,2,3944,32822,70,220757
tornadoweb__tornado-2394::tornado/iostream.py,tornadoweb__tornado-2394,tornadoweb/tornado,symbol,2,3944,32822,70,220757
tornadoweb__tornado-2394::tornado/netutil.py,tornadoweb__tornado-2394,tornadoweb/tornado,co_edited,2,5126,43074,70,220757
tornadoweb__tornado-2394::tornado/netutil.py,tornadoweb__tornado-2394,tornadoweb/tornado,symbol,2,5126,43074,70,220757
tornadoweb__tornado-2394::tornado/web.py,tornadoweb__tornado-2394,tornadoweb/tornado,co_edited,2,2332,20202,70,220757
tornadoweb__tornado-2394::tornado/web.py,tornadoweb__tornado-2394,tornadoweb/tornado,symbol,2,2332,20202,70,220757
tornadoweb__tornado-2075::tornado/netutil.py,tornadoweb__tornado-2075,tornadoweb/tornado,co_edited,1,299,2600,70,210177
tornadoweb__tornado-2075::tornado/netutil.py,tornadoweb__tornado-2075,tornadoweb/tornado,symbol,3,1624,13620,70,210177
tornadoweb__tornado-2075::tornado/tcpserver.py,tornadoweb__tornado-2075,tornadoweb/tornado,co_edited,1,526,4684,70,210177
tornadoweb__tornado-2075::tornado/tcpserver.py,tornadoweb__tornado-2075,tornadoweb/tornado,symbol,3,1851,15704,70,210177
tornadoweb__tornado-2545::tornado/concurrent.py,tornadoweb__tornado-2545,tornadoweb/tornado,co_edited,3,2784,23811,63,208006
tornadoweb__tornado-2545::tornado/concurrent.py,tornadoweb__tornado-2545,tornadoweb/tornado,symbol,5,3146,26719,63,208006
tornadoweb__tornado-2545::tornado/httpclient.py,tornadoweb__tornado-2545,tornadoweb/tornado,co_edited,3,2252,18799,63,208006
tornadoweb__tornado-2545::tornado/httpclient.py,tornadoweb__tornado-2545,tornadoweb/tornado,symbol,5,2614,21707,63,208006
tornadoweb__tornado-2545::tornado/iostream.py,tornadoweb__tornado-2545,tornadoweb/tornado,co_edited,3,1381,11548,63,208006
tornadoweb__tornado-2545::tornado/iostream.py,tornadoweb__tornado-2545,tornadoweb/tornado,symbol,5,1743,14456,63,208006
tornadoweb__tornado-2545::tornado/process.py,tornadoweb__tornado-2545,tornadoweb/tornado,co_edited,3,2658,22690,63,208006
tornadoweb__tornado-2545::tornado/process.py,tornadoweb__tornado-2545,tornadoweb/tornado,symbol,5,3020,25598,63,208006
tox-dev__tox-2786::src/tox/session/env_select.py,tox-dev__tox-2786,tox-dev/tox,symbol,2,217,1678,105,90765
tox-dev__tox-1961::src/tox/config/loader/ini/replace.py,tox-dev__tox-1961,tox-dev/tox,co_edited,1,75,656,94,69603
tox-dev__tox-1961::src/tox/config/loader/ini/replace.py,tox-dev__tox-1961,tox-dev/tox,symbol,1,75,656,94,69603
tox-dev__tox-1961::src/tox/config/set_env.py,tox-dev__tox-1961,tox-dev/tox,co_edited,1,235,1993,94,69603
tox-dev__tox-1961::src/tox/config/set_env.py,tox-dev__tox-1961,tox-dev/tox,symbol,1,235,1993,94,69603
tox-dev__tox-3321::src/tox/session/cmd/run/parallel.py,tox-dev__tox-3321,tox-dev/tox,symbol,3,43,361,106,100425
tox-dev__tox-3013::src/tox/session/cmd/legacy.py,tox-dev__tox-3013,tox-dev/tox,symbol,1,380,4004,106,94216
tox-dev__tox-2834::src/tox/tox_env/python/pip/req/args.py,tox-dev__tox-2834,tox-dev/tox,co_edited,2,504,4441,106,91813
tox-dev__tox-2834::src/tox/tox_env/python/pip/req/args.py,tox-dev__tox-2834,tox-dev/tox,symbol,2,504,4441,106,91813
tox-dev__tox-2834::src/tox/tox_env/python/pip/req/file.py,tox-dev__tox-2834,tox-dev/tox,co_edited,2,120,1076,106,91813
tox-dev__tox-2834::src/tox/tox_env/python/pip/req/file.py,tox-dev__tox-2834,tox-dev/tox,symbol,2,120,1076,106,91813
tox-dev__tox-2834::src/tox/tox_env/python/pip/req/util.py,tox-dev__tox-2834,tox-dev/tox,co_edited,2,568,5053,106,91813
tox-dev__tox-2834::src/tox/tox_env/python/pip/req/util.py,tox-dev__tox-2834,tox-dev/tox,symbol,2,568,5053,106,91813
tox-dev__tox-2828::src/tox/session/cmd/run/common.py,tox-dev__tox-2828,tox-dev/tox,co_edited,2,399,3440,106,91787
tox-dev__tox-2828::src/tox/session/cmd/run/common.py,tox-dev__tox-2828,tox-dev/tox,symbol,5,1054,9083,106,91787
tox-dev__tox-2828::src/tox/tox_env/python/api.py,tox-dev__tox-2828,tox-dev/tox,co_edited,2,539,4645,106,91787
tox-dev__tox-2828::src/tox/tox_env/python/api.py,tox-dev__tox-2828,tox-dev/tox,symbol,5,1194,10288,106,91787
tox-dev__tox-2828::src/tox/tox_env/python/package.py,tox-dev__tox-2828,tox-dev/tox,co_edited,2,688,5907,106,91787
tox-dev__tox-2828::src/tox/tox_env/python/package.py,tox-dev__tox-2828,tox-dev/tox,symbol,5,1343,11550,106,91787
tox-dev__tox-2011::src/tox/config/cli/parser.py,tox-dev__tox-2011,tox-dev/tox,co_edited,3,416,3415,100,77173
tox-dev__tox-2011::src/tox/config/cli/parser.py,tox-dev__tox-2011,tox-dev/tox,symbol,3,540,4459,100,77173
tox-dev__tox-2011::src/tox/config/of_type.py,tox-dev__tox-2011,tox-dev/tox,co_edited,3,601,5245,100,77173
tox-dev__tox-2011::src/tox/config/of_type.py,tox-dev__tox-2011,tox-dev/tox,symbol,3,725,6289,100,77173
tox-dev__tox-2011::src/tox/util/pep517/backend.py,tox-dev__tox-2011,tox-dev/tox,co_edited,3,605,5314,100,77173
tox-dev__tox-2011::src/tox/util/pep517/backend.py,tox-dev__tox-2011,tox-dev/tox,symbol,4,844,7260,100,77173
tox-dev__tox-2011::src/tox/util/spinner.py,tox-dev__tox-2011,tox-dev/tox,co_edited,3,538,4674,100,77173
tox-dev__tox-2011::src/tox/util/spinner.py,tox-dev__tox-2011,tox-dev/tox,symbol,3,662,5718,100,77173
tox-dev__tox-2626::src/tox/config/loader/ini/replace.py,tox-dev__tox-2626,tox-dev/tox,co_edited,2,450,4507,104,88400
tox-dev__tox-2626::src/tox/config/loader/ini/replace.py,tox-dev__tox-2626,tox-dev/tox,symbol,2,450,4507,104,88400
tox-dev__tox-2626::src/tox/session/cmd/legacy.py,tox-dev__tox-2626,tox-dev/tox,co_edited,2,562,5599,104,88400
tox-dev__tox-2626::src/tox/session/cmd/legacy.py,tox-dev__tox-2626,tox-dev/tox,symbol,2,562,5599,104,88400
tox-dev__tox-2626::src/tox/session/env_select.py,tox-dev__tox-2626,tox-dev/tox,co_edited,2,326,2798,104,88400
tox-dev__tox-2626::src/tox/session/env_select.py,tox-dev__tox-2626,tox-dev/tox,symbol,2,326,2798,104,88400
tox-dev__tox-3259::src/tox/config/loader/api.py,tox-dev__tox-3259,tox-dev/tox,co_edited,1,159,1330,106,99553
tox-dev__tox-3259::src/tox/config/loader/api.py,tox-dev__tox-3259,tox-dev/tox,symbol,5,171,1385,106,99553
tox-dev__tox-3259::src/tox/tox_env/python/pip/req_file.py,tox-dev__tox-3259,tox-dev/tox,co_edited,1,192,1406,106,99553
tox-dev__tox-3259::src/tox/tox_env/python/pip/req_file.py,tox-dev__tox-3259,tox-dev/tox,symbol,5,204,1461,106,99553
tox-dev__tox-989::src/tox/session.py,tox-dev__tox-989,tox-dev/tox,co_edited,1,515,4291,17,36962
tox-dev__tox-989::src/tox/session.py,tox-dev__tox-989,tox-dev/tox,symbol,1,515,4291,17,36962
tox-dev__tox-989::src/tox/venv.py,tox-dev__tox-989,tox-dev/tox,co_edited,1,714,5690,17,36962
tox-dev__tox-989::src/tox/venv.py,tox-dev__tox-989,tox-dev/tox,symbol,1,714,5690,17,36962
tox-dev__tox-2905::src/tox/tox_env/python/virtual_env/package/pyproject.py,tox-dev__tox-2905,tox-dev/tox,co_edited,1,71,636,106,93981
tox-dev__tox-2905::src/tox/tox_env/python/virtual_env/package/pyproject.py,tox-dev__tox-2905,tox-dev/tox,symbol,1,71,636,106,93981
tox-dev__tox-2905::src/tox/tox_env/python/virtual_env/package/util.py,tox-dev__tox-2905,tox-dev/tox,co_edited,1,395,3833,106,93981
tox-dev__tox-2905::src/tox/tox_env/python/virtual_env/package/util.py,tox-dev__tox-2905,tox-dev/tox,symbol,1,395,3833,106,93981
tox-dev__tox-1046::src/tox/package.py,tox-dev__tox-1046,tox-dev/tox,co_edited,1,744,5974,19,39242
tox-dev__tox-1046::src/tox/package.py,tox-dev__tox-1046,tox-dev/tox,symbol,1,744,5974,19,39242
tox-dev__tox-1046::src/tox/session.py,tox-dev__tox-1046,tox-dev/tox,co_edited,1,285,2330,19,39242
tox-dev__tox-1046::src/tox/session.py,tox-dev__tox-1046,tox-dev/tox,symbol,1,285,2330,19,39242
twisted__twisted-11897::src/twisted/trial/_dist/disttrial.py,twisted__twisted-11897,twisted/twisted,symbol,4,6326,50049,654,1293427
twisted__twisted-11979::src/twisted/web/http.py,twisted__twisted-11979,twisted/twisted,symbol,1,912,6821,656,1305374
twisted__twisted-12326::src/twisted/internet/endpoints.py,twisted__twisted-12326,twisted/twisted,co_edited,1,1535,12281,655,1311941
twisted__twisted-12326::src/twisted/internet/endpoints.py,twisted__twisted-12326,twisted/twisted,symbol,2,1586,12630,655,1311941
twisted__twisted-12326::src/twisted/internet/tcp.py,twisted__twisted-12326,twisted/twisted,co_edited,1,2338,17411,655,1311941
twisted__twisted-12326::src/twisted/internet/tcp.py,twisted__twisted-12326,twisted/twisted,symbol,2,2389,17760,655,1311941
twisted__twisted-11810::src/twisted/conch/unix.py,twisted__twisted-11810,twisted/twisted,co_edited,4,1217,8763,655,1290956
twisted__twisted-11810::src/twisted/conch/unix.py,twisted__twisted-11810,twisted/twisted,symbol,11,6474,50245,655,1290956
twisted__twisted-11810::src/twisted/cred/checkers.py,twisted__twisted-11810,twisted/twisted,co_edited,4,1401,10474,655,1290956
twisted__twisted-11810::src/twisted/cred/checkers.py,twisted__twisted-11810,twisted/twisted,symbol,11,6658,51956,655,1290956
twisted__twisted-11810::src/twisted/cred/credentials.py,twisted__twisted-11810,twisted/twisted,co_edited,4,1220,9134,655,1290956
twisted__twisted-11810::src/twisted/cred/credentials.py,twisted__twisted-11810,twisted/twisted,symbol,11,6477,50616,655,1290956
twisted__twisted-11810::src/twisted/cred/portal.py,twisted__twisted-11810,twisted/twisted,co_edited,4,1599,11713,655,1290956
twisted__twisted-11810::src/twisted/cred/portal.py,twisted__twisted-11810,twisted/twisted,symbol,11,6856,53195,655,1290956
twisted__twisted-11810::src/twisted/python/fakepwd.py,twisted__twisted-11810,twisted/twisted,co_edited,4,1471,11180,655,1290956
twisted__twisted-11810::src/twisted/python/fakepwd.py,twisted__twisted-11810,twisted/twisted,symbol,11,6728,52662,655,1290956
twisted__twisted-12366::src/twisted/internet/interfaces.py,twisted__twisted-12366,twisted/twisted,co_edited,2,2189,17138,656,1313825
twisted__twisted-12366::src/twisted/internet/interfaces.py,twisted__twisted-12366,twisted/twisted,symbol,3,2927,22193,656,1313825
twisted__twisted-12366::src/twisted/internet/tcp.py,twisted__twisted-12366,twisted/twisted,co_edited,2,3437,26610,656,1313825
twisted__twisted-12366::src/twisted/internet/tcp.py,twisted__twisted-12366,twisted/twisted,symbol,3,4175,31665,656,1313825
twisted__twisted-12366::src/twisted/internet/unix.py,twisted__twisted-12366,twisted/twisted,co_edited,2,4336,34154,656,1313825
twisted__twisted-12366::src/twisted/internet/unix.py,twisted__twisted-12366,twisted/twisted,symbol,3,5074,39209,656,1313825
twisted__twisted-11688::src/twisted/web/error.py,twisted__twisted-11688,twisted/twisted,symbol,1,656,4459,654,1288123
twisted__twisted-12047::src/twisted/conch/insults/insults.py,twisted__twisted-12047,twisted/twisted,co_edited,1,928,6340,656,1307793
twisted__twisted-12047::src/twisted/conch/insults/insults.py,twisted__twisted-12047,twisted/twisted,symbol,1,928,6340,656,1307793
twisted__twisted-12047::src/twisted/conch/insults/window.py,twisted__twisted-12047,twisted/twisted,co_edited,1,1223,8127,656,1307793
twisted__twisted-12047::src/twisted/conch/insults/window.py,twisted__twisted-12047,twisted/twisted,symbol,1,1223,8127,656,1307793
twisted__twisted-11970::src/twisted/web/domhelpers.py,twisted__twisted-11970,twisted/twisted,co_edited,1,1209,8407,656,1304061
twisted__twisted-11970::src/twisted/web/domhelpers.py,twisted__twisted-11970,twisted/twisted,symbol,1,1209,8407,656,1304061
twisted__twisted-11970::src/twisted/web/microdom.py,twisted__twisted-11970,twisted/twisted,co_edited,1,303,1987,656,1304061
twisted__twisted-11970::src/twisted/web/microdom.py,twisted__twisted-11970,twisted/twisted,symbol,1,303,1987,656,1304061
ucfopen__canvasapi-76::canvasapi/course.py,ucfopen__canvasapi-76,ucfopen/canvasapi,co_edited,1,253,1949,39,58915
ucfopen__canvasapi-76::canvasapi/course.py,ucfopen__canvasapi-76,ucfopen/canvasapi,symbol,1,253,1949,39,58915
ucfopen__canvasapi-76::canvasapi/section.py,ucfopen__canvasapi-76,ucfopen/canvasapi,co_edited,1,1436,10936,39,58915
ucfopen__canvasapi-76::canvasapi/section.py,ucfopen__canvasapi-76,ucfopen/canvasapi,symbol,1,1436,10936,39,58915
ucfopen__canvasapi-277::canvasapi/requester.py,ucfopen__canvasapi-277,ucfopen/canvasapi,symbol,1,59,303,60,115211
ucfopen__canvasapi-512::canvasapi/submission.py,ucfopen__canvasapi-512,ucfopen/canvasapi,symbol,3,124,834,75,124097
ucfopen__canvasapi-92::canvasapi/course.py,ucfopen__canvasapi-92,ucfopen/canvasapi,co_edited,1,814,6103,39,59811
ucfopen__canvasapi-92::canvasapi/course.py,ucfopen__canvasapi-92,ucfopen/canvasapi,symbol,1,814,6103,39,59811
ucfopen__canvasapi-92::canvasapi/group.py,ucfopen__canvasapi-92,ucfopen/canvasapi,co_edited,1,1444,10983,39,59811
ucfopen__canvasapi-92::canvasapi/group.py,ucfopen__canvasapi-92,ucfopen/canvasapi,symbol,1,1444,10983,39,59811
ucfopen__canvasapi-302::canvasapi/canvas.py,ucfopen__canvasapi-302,ucfopen/canvasapi,co_edited,1,255,1857,64,122170
ucfopen__canvasapi-302::canvasapi/canvas.py,ucfopen__canvasapi-302,ucfopen/canvasapi,symbol,1,255,1857,64,122170
ucfopen__canvasapi-302::canvasapi/util.py,ucfopen__canvasapi-302,ucfopen/canvasapi,co_edited,1,1337,10395,64,122170
ucfopen__canvasapi-302::canvasapi/util.py,ucfopen__canvasapi-302,ucfopen/canvasapi,symbol,1,1337,10395,64,122170
ucfopen__canvasapi-443::canvasapi/file.py,ucfopen__canvasapi-443,ucfopen/canvasapi,co_edited,1,252,1834,73,119423
ucfopen__canvasapi-443::canvasapi/file.py,ucfopen__canvasapi-443,ucfopen/canvasapi,symbol,1,252,1834,73,119423
ucfopen__canvasapi-443::canvasapi/requester.py,ucfopen__canvasapi-443,ucfopen/canvasapi,co_edited,1,42,259,73,119423
ucfopen__canvasapi-443::canvasapi/requester.py,ucfopen__canvasapi-443,ucfopen/canvasapi,symbol,1,42,259,73,119423
ucfopen__canvasapi-381::canvasapi/canvas.py,ucfopen__canvasapi-381,ucfopen/canvasapi,symbol,2,20,118,69,130363
ucfopen__canvasapi-340::canvasapi/submission.py,ucfopen__canvasapi-340,ucfopen/canvasapi,symbol,1,81,608,69,128345
ucfopen__canvasapi-450::canvasapi/canvas.py,ucfopen__canvasapi-450,ucfopen/canvasapi,symbol,3,257,1838,73,119487
ucfopen__canvasapi-343::canvasapi/assignment.py,ucfopen__canvasapi-343,ucfopen/canvasapi,symbol,1,102,755,69,128485
ucfopen__canvasapi-127::canvasapi/canvas.py,ucfopen__canvasapi-127,ucfopen/canvasapi,symbol,1,116,811,44,72692
ucfopen__canvasapi-421::canvasapi/canvas.py,ucfopen__canvasapi-421,ucfopen/canvasapi,co_edited,1,569,4628,71,118650
ucfopen__canvasapi-421::canvasapi/canvas.py,ucfopen__canvasapi-421,ucfopen/canvasapi,symbol,4,3495,26887,71,118650
ucfopen__canvasapi-421::canvasapi/discussion_topic.py,ucfopen__canvasapi-421,ucfopen/canvasapi,co_edited,1,1366,10446,71,118650
ucfopen__canvasapi-421::canvasapi/discussion_topic.py,ucfopen__canvasapi-421,ucfopen/canvasapi,symbol,4,4292,32705,71,118650
ucfopen__canvasapi-51::canvasapi/canvas.py,ucfopen__canvasapi-51,ucfopen/canvasapi,symbol,3,321,2404,39,57584
vertexproject__synapse-296::synapse/cores/common.py,vertexproject__synapse-296,vertexproject/synapse,co_edited,2,2010,13597,139,217547
vertexproject__synapse-296::synapse/cores/common.py,vertexproject__synapse-296,vertexproject/synapse,symbol,4,2454,16350,139,217547
vertexproject__synapse-296::synapse/lib/storm.py,vertexproject__synapse-296,vertexproject/synapse,co_edited,2,3701,27903,139,217547
vertexproject__synapse-296::synapse/lib/storm.py,vertexproject__synapse-296,vertexproject/synapse,symbol,4,4145,30656,139,217547
vertexproject__synapse-296::synapse/lib/syntax.py,vertexproject__synapse-296,vertexproject/synapse,co_edited,2,4241,31028,139,217547
vertexproject__synapse-296::synapse/lib/syntax.py,vertexproject__synapse-296,vertexproject/synapse,symbol,4,4685,33781,139,217547
vertexproject__synapse-351::synapse/cores/common.py,vertexproject__synapse-351,vertexproject/synapse,co_edited,1,658,7012,140,224490
vertexproject__synapse-351::synapse/cores/common.py,vertexproject__synapse-351,vertexproject/synapse,symbol,2,905,8636,140,224490
vertexproject__synapse-351::synapse/models/inet.py,vertexproject__synapse-351,vertexproject/synapse,co_edited,1,3272,25186,140,224490
vertexproject__synapse-351::synapse/models/inet.py,vertexproject__synapse-351,vertexproject/synapse,symbol,2,3519,26810,140,224490
vertexproject__synapse-381::synapse/cores/common.py,vertexproject__synapse-381,vertexproject/synapse,co_edited,1,468,3479,145,238193
vertexproject__synapse-381::synapse/cores/common.py,vertexproject__synapse-381,vertexproject/synapse,symbol,3,998,6717,145,238193
vertexproject__synapse-381::synapse/datamodel.py,vertexproject__synapse-381,vertexproject/synapse,co_edited,1,2893,22283,145,238193
vertexproject__synapse-381::synapse/datamodel.py,vertexproject__synapse-381,vertexproject/synapse,symbol,3,3423,25521,145,238193
vertexproject__synapse-382::synapse/cores/common.py,vertexproject__synapse-382,vertexproject/synapse,symbol,1,442,2332,141,225035
vertexproject__synapse-349::synapse/models/files.py,vertexproject__synapse-349,vertexproject/synapse,symbol,2,715,5096,139,223408
wemake-services__wemake-python-styleguide-3382::wemake_python_styleguide/logic/naming/enums.py,wemake-services__wemake-python-styleguide-3382,wemake-services/wemake-python-styleguide,co_edited,1,162,1189,157,147687
wemake-services__wemake-python-styleguide-3382::wemake_python_styleguide/logic/naming/enums.py,wemake-services__wemake-python-styleguide-3382,wemake-services/wemake-python-styleguide,symbol,1,162,1189,157,147687
wemake-services__wemake-python-styleguide-3382::wemake_python_styleguide/visitors/ast/classes/classdef.py,wemake-services__wemake-python-styleguide-3382,wemake-services/wemake-python-styleguide,co_edited,1,47,322,157,147687
wemake-services__wemake-python-styleguide-3382::wemake_python_styleguide/visitors/ast/classes/classdef.py,wemake-services__wemake-python-styleguide-3382,wemake-services/wemake-python-styleguide,symbol,1,47,322,157,147687
wemake-services__wemake-python-styleguide-1849::wemake_python_styleguide/visitors/ast/naming.py,wemake-services__wemake-python-styleguide-1849,wemake-services/wemake-python-styleguide,symbol,1,135,531,131,146189
wemake-services__wemake-python-styleguide-3159::wemake_python_styleguide/visitors/ast/complexity/function.py,wemake-services__wemake-python-styleguide-3159,wemake-services/wemake-python-styleguide,symbol,3,37,250,145,146245
wemake-services__wemake-python-styleguide-2411::wemake_python_styleguide/violations/consistency.py,wemake-services__wemake-python-styleguide-2411,wemake-services/wemake-python-styleguide,co_edited,1,409,2943,145,152116
wemake-services__wemake-python-styleguide-2411::wemake_python_styleguide/visitors/ast/classes.py,wemake-services__wemake-python-styleguide-2411,wemake-services/wemake-python-styleguide,co_edited,1,2348,12595,145,152116
wemake-services__wemake-python-styleguide-2533::wemake_python_styleguide/visitors/ast/function_empty_lines.py,wemake-services__wemake-python-styleguide-2533,wemake-services/wemake-python-styleguide,symbol,2,3105,17140,147,154780
wemake-services__wemake-python-styleguide-1694::wemake_python_styleguide/visitors/ast/loops.py,wemake-services__wemake-python-styleguide-1694,wemake-services/wemake-python-styleguide,symbol,2,2495,13869,130,141454
wemake-services__wemake-python-styleguide-1670::wemake_python_styleguide/visitors/tokenize/conditions.py,wemake-services__wemake-python-styleguide-1670,wemake-services/wemake-python-styleguide,symbol,2,1519,8422,129,135020
wemake-services__wemake-python-styleguide-3128::wemake_python_styleguide/logic/tokens/strings.py,wemake-services__wemake-python-styleguide-3128,wemake-services/wemake-python-styleguide,co_edited,2,2722,15759,144,145809
wemake-services__wemake-python-styleguide-3128::wemake_python_styleguide/logic/tokens/strings.py,wemake-services__wemake-python-styleguide-3128,wemake-services/wemake-python-styleguide,symbol,1,259,1792,144,145809
wemake-services__wemake-python-styleguide-3128::wemake_python_styleguide/violations/consistency.py,wemake-services__wemake-python-styleguide-3128,wemake-services/wemake-python-styleguide,co_edited,2,293,1999,144,145809
wemake-services__wemake-python-styleguide-3128::wemake_python_styleguide/violations/consistency.py,wemake-services__wemake-python-styleguide-3128,wemake-services/wemake-python-styleguide,symbol,2,293,1999,144,145809
wemake-services__wemake-python-styleguide-3128::wemake_python_styleguide/visitors/tokenize/primitives.py,wemake-services__wemake-python-styleguide-3128,wemake-services/wemake-python-styleguide,co_edited,2,2497,14174,144,145809
wemake-services__wemake-python-styleguide-3128::wemake_python_styleguide/visitors/tokenize/primitives.py,wemake-services__wemake-python-styleguide-3128,wemake-services/wemake-python-styleguide,symbol,1,34,207,144,145809
wemake-services__wemake-python-styleguide-2400::wemake_python_styleguide/constants.py,wemake-services__wemake-python-styleguide-2400,wemake-services/wemake-python-styleguide,co_edited,2,1081,6857,145,152327
wemake-services__wemake-python-styleguide-2400::wemake_python_styleguide/constants.py,wemake-services__wemake-python-styleguide-2400,wemake-services/wemake-python-styleguide,symbol,5,1462,9424,145,152327
wemake-services__wemake-python-styleguide-2400::wemake_python_styleguide/violations/oop.py,wemake-services__wemake-python-styleguide-2400,wemake-services/wemake-python-styleguide,co_edited,2,890,5569,145,152327
wemake-services__wemake-python-styleguide-2400::wemake_python_styleguide/violations/oop.py,wemake-services__wemake-python-styleguide-2400,wemake-services/wemake-python-styleguide,symbol,4,791,5520,145,152327
wemake-services__wemake-python-styleguide-2400::wemake_python_styleguide/visitors/ast/classes.py,wemake-services__wemake-python-styleguide-2400,wemake-services/wemake-python-styleguide,co_edited,2,1151,6520,145,152327
wemake-services__wemake-python-styleguide-2400::wemake_python_styleguide/visitors/ast/classes.py,wemake-services__wemake-python-styleguide-2400,wemake-services/wemake-python-styleguide,symbol,4,1052,6471,145,152327
wemake-services__wemake-python-styleguide-1962::wemake_python_styleguide/visitors/ast/conditions.py,wemake-services__wemake-python-styleguide-1962,wemake-services/wemake-python-styleguide,symbol,1,63,392,143,149438
wemake-services__wemake-python-styleguide-1850::wemake_python_styleguide/logic/tree/variables.py,wemake-services__wemake-python-styleguide-1850,wemake-services/wemake-python-styleguide,co_edited,2,3141,17950,131,146469
wemake-services__wemake-python-styleguide-1850::wemake_python_styleguide/logic/tree/variables.py,wemake-services__wemake-python-styleguide-1850,wemake-services/wemake-python-styleguide,symbol,1,598,3943,131,146469
wemake-services__wemake-python-styleguide-1850::wemake_python_styleguide/violations/best_practices.py,wemake-services__wemake-python-styleguide-1850,wemake-services/wemake-python-styleguide,co_edited,2,627,4136,131,146469
wemake-services__wemake-python-styleguide-1850::wemake_python_styleguide/violations/best_practices.py,wemake-services__wemake-python-styleguide-1850,wemake-services/wemake-python-styleguide,symbol,2,627,4136,131,146469
wemake-services__wemake-python-styleguide-1850::wemake_python_styleguide/visitors/ast/builtins.py,wemake-services__wemake-python-styleguide-1850,wemake-services/wemake-python-styleguide,co_edited,2,2572,14200,131,146469
wemake-services__wemake-python-styleguide-1850::wemake_python_styleguide/visitors/ast/builtins.py,wemake-services__wemake-python-styleguide-1850,wemake-services/wemake-python-styleguide,symbol,1,29,193,131,146469
wemake-services__wemake-python-styleguide-1869::wemake_python_styleguide/visitors/ast/keywords.py,wemake-services__wemake-python-styleguide-1869,wemake-services/wemake-python-styleguide,co_edited,1,348,2587,141,149008
wemake-services__wemake-python-styleguide-1869::wemake_python_styleguide/visitors/ast/keywords.py,wemake-services__wemake-python-styleguide-1869,wemake-services/wemake-python-styleguide,symbol,8,3107,18019,141,149008
wemake-services__wemake-python-styleguide-1869::wemake_python_styleguide/visitors/ast/loops.py,wemake-services__wemake-python-styleguide-1869,wemake-services/wemake-python-styleguide,co_edited,1,436,2776,141,149008
wemake-services__wemake-python-styleguide-1869::wemake_python_styleguide/visitors/ast/loops.py,wemake-services__wemake-python-styleguide-1869,wemake-services/wemake-python-styleguide,symbol,8,3195,18208,141,149008
wemake-services__wemake-python-styleguide-3182::wemake_python_styleguide/visitors/ast/classes.py,wemake-services__wemake-python-styleguide-3182,wemake-services/wemake-python-styleguide,symbol,4,159,662,145,148263
wemake-services__wemake-python-styleguide-1916::wemake_python_styleguide/logic/tree/functions.py,wemake-services__wemake-python-styleguide-1916,wemake-services/wemake-python-styleguide,co_edited,2,400,2579,142,149221
wemake-services__wemake-python-styleguide-1916::wemake_python_styleguide/logic/tree/functions.py,wemake-services__wemake-python-styleguide-1916,wemake-services/wemake-python-styleguide,symbol,11,1096,6728,142,149221
wemake-services__wemake-python-styleguide-1916::wemake_python_styleguide/visitors/ast/complexity/classes.py,wemake-services__wemake-python-styleguide-1916,wemake-services/wemake-python-styleguide,co_edited,2,411,2623,142,149221
wemake-services__wemake-python-styleguide-1916::wemake_python_styleguide/visitors/ast/complexity/classes.py,wemake-services__wemake-python-styleguide-1916,wemake-services/wemake-python-styleguide,symbol,11,1107,6772,142,149221
wemake-services__wemake-python-styleguide-1916::wemake_python_styleguide/visitors/ast/complexity/counts.py,wemake-services__wemake-python-styleguide-1916,wemake-services/wemake-python-styleguide,co_edited,2,249,1488,142,149221
wemake-services__wemake-python-styleguide-1916::wemake_python_styleguide/visitors/ast/complexity/counts.py,wemake-services__wemake-python-styleguide-1916,wemake-services/wemake-python-styleguide,symbol,11,945,5637,142,149221
wemake-services__wemake-python-styleguide-1792::wemake_python_styleguide/visitors/ast/functions.py,wemake-services__wemake-python-styleguide-1792,wemake-services/wemake-python-styleguide,symbol,2,1363,7419,131,143442
wemake-services__wemake-python-styleguide-3178::wemake_python_styleguide/visitors/ast/keywords.py,wemake-services__wemake-python-styleguide-3178,wemake-services/wemake-python-styleguide,symbol,2,3202,17915,145,147921
xonsh__xonsh-4919::xonsh/procs/specs.py,xonsh__xonsh-4919,xonsh/xonsh,symbol,1,850,6586,161,436791
xonsh__xonsh-3334::xonsh/ansi_colors.py,xonsh__xonsh-3334,xonsh/xonsh,co_edited,2,1855,15139,151,406579
xonsh__xonsh-3334::xonsh/color_tools.py,xonsh__xonsh-3334,xonsh/xonsh,co_edited,2,2443,20684,151,406579
xonsh__xonsh-3334::xonsh/pyghooks.py,xonsh__xonsh-3334,xonsh/xonsh,co_edited,2,1548,13701,151,406579
xonsh__xonsh-3107::xonsh/parsers/base.py,xonsh__xonsh-3107,xonsh/xonsh,symbol,1,672,4527,150,404967
xonsh__xonsh-5013::xonsh/lexer.py,xonsh__xonsh-5013,xonsh/xonsh,co_edited,2,2376,18018,151,427723
xonsh__xonsh-5013::xonsh/lexer.py,xonsh__xonsh-5013,xonsh/xonsh,symbol,2,2376,18018,151,427723
xonsh__xonsh-5013::xonsh/parsers/completion_context.py,xonsh__xonsh-5013,xonsh/xonsh,co_edited,2,1753,13051,151,427723
xonsh__xonsh-5013::xonsh/parsers/completion_context.py,xonsh__xonsh-5013,xonsh/xonsh,symbol,2,1753,13051,151,427723
xonsh__xonsh-5013::xonsh/tokenize.py,xonsh__xonsh-5013,xonsh/xonsh,co_edited,2,1659,12987,151,427723
xonsh__xonsh-5013::xonsh/tokenize.py,xonsh__xonsh-5013,xonsh/xonsh,symbol,2,1659,12987,151,427723
xonsh__xonsh-4673::xonsh/prompt/env.py,xonsh__xonsh-4673,xonsh/xonsh,co_edited,2,940,6659,167,446907
xonsh__xonsh-4673::xonsh/prompt/env.py,xonsh__xonsh-4673,xonsh/xonsh,symbol,4,4211,34646,167,446907
xonsh__xonsh-4673::xontrib/vox.py,xonsh__xonsh-4673,xonsh/xonsh,co_edited,2,489,3440,167,446907
xonsh__xonsh-4673::xontrib/vox.py,xonsh__xonsh-4673,xonsh/xonsh,symbol,4,3760,31427,167,446907
xonsh__xonsh-4673::xontrib/voxapi.py,xonsh__xonsh-4673,xonsh/xonsh,co_edited,2,549,4013,167,446907
xonsh__xonsh-4673::xontrib/voxapi.py,xonsh__xonsh-4673,xonsh/xonsh,symbol,4,3820,32000,167,446907
xonsh__xonsh-3723::xonsh/parsers/base.py,xonsh__xonsh-3723,xonsh/xonsh,co_edited,1,522,4293,304,852227
xonsh__xonsh-3723::xonsh/parsers/base.py,xonsh__xonsh-3723,xonsh/xonsh,symbol,1,522,4293,304,852227
xonsh__xonsh-3723::xonsh/parsers/v38.py,xonsh__xonsh-3723,xonsh/xonsh,co_edited,1,3309,28464,304,852227
xonsh__xonsh-3723::xonsh/parsers/v38.py,xonsh__xonsh-3723,xonsh/xonsh,symbol,1,3309,28464,304,852227
xonsh__xonsh-3255::xonsh/environ.py,xonsh__xonsh-3255,xonsh/xonsh,symbol,1,1068,9623,149,405222
xonsh__xonsh-4920::xonsh/prompt/gitstatus.py,xonsh__xonsh-4920,xonsh/xonsh,symbol,3,1086,8301,161,436819
xonsh__xonsh-4907::xonsh/prompt/gitstatus.py,xonsh__xonsh-4907,xonsh/xonsh,symbol,1,515,3816,161,436432
xonsh__xonsh-2795::xonsh/execer.py,xonsh__xonsh-2795,xonsh/xonsh,symbol,1,2204,17452,149,386672
xonsh__xonsh-3428::xonsh/prompt/vc.py,xonsh__xonsh-3428,xonsh/xonsh,symbol,2,455,3686,156,412279
xonsh__xonsh-3141::xonsh/ansi_colors.py,xonsh__xonsh-3141,xonsh/xonsh,co_edited,2,934,7511,149,404427
xonsh__xonsh-3141::xonsh/ansi_colors.py,xonsh__xonsh-3141,xonsh/xonsh,symbol,1,436,3547,149,404427
xonsh__xonsh-3141::xonsh/commands_cache.py,xonsh__xonsh-3141,xonsh/xonsh,co_edited,2,1496,13104,149,404427
xonsh__xonsh-3141::xonsh/commands_cache.py,xonsh__xonsh-3141,xonsh/xonsh,symbol,1,436,3547,149,404427
xonsh__xonsh-3141::xonsh/history/json.py,xonsh__xonsh-3141,xonsh/xonsh,co_edited,2,1558,13521,149,404427
xonsh__xonsh-5632::xonsh/completer.py,xonsh__xonsh-5632,xonsh/xonsh,symbol,1,1145,8996,158,436672
xonsh__xonsh-3345::xonsh/ansi_colors.py,xonsh__xonsh-3345,xonsh/xonsh,co_edited,1,1751,17801,151,406871
xonsh__xonsh-3345::xonsh/ansi_colors.py,xonsh__xonsh-3345,xonsh/xonsh,symbol,1,1751,17801,151,406871
xonsh__xonsh-3345::xonsh/environ.py,xonsh__xonsh-3345,xonsh/xonsh,co_edited,1,1084,9741,151,406871
xonsh__xonsh-3345::xonsh/environ.py,xonsh__xonsh-3345,xonsh/xonsh,symbol,1,1084,9741,151,406871
xonsh__xonsh-4610::xonsh/cli_utils.py,xonsh__xonsh-4610,xonsh/xonsh,co_edited,5,4682,34702,154,433688
xonsh__xonsh-4610::xonsh/cli_utils.py,xonsh__xonsh-4610,xonsh/xonsh,symbol,8,6141,45529,154,433688
xonsh__xonsh-4610::xonsh/commands_cache.py,xonsh__xonsh-4610,xonsh/xonsh,co_edited,5,4743,34503,154,433688
xonsh__xonsh-4610::xonsh/commands_cache.py,xonsh__xonsh-4610,xonsh/xonsh,symbol,8,6202,45330,154,433688
xonsh__xonsh-4610::xonsh/history/main.py,xonsh__xonsh-4610,xonsh/xonsh,co_edited,5,4883,36045,154,433688
xonsh__xonsh-4610::xonsh/history/main.py,xonsh__xonsh-4610,xonsh/xonsh,symbol,8,6342,46872,154,433688
xonsh__xonsh-4610::xonsh/tools.py,xonsh__xonsh-4610,xonsh/xonsh,co_edited,5,2664,19119,154,433688
xonsh__xonsh-4610::xonsh/tools.py,xonsh__xonsh-4610,xonsh/xonsh,symbol,8,4123,29946,154,433688
xonsh__xonsh-4610::xontrib/vox.py,xonsh__xonsh-4610,xonsh/xonsh,co_edited,5,4870,35928,154,433688
xonsh__xonsh-4610::xontrib/vox.py,xonsh__xonsh-4610,xonsh/xonsh,symbol,8,6329,46755,154,433688
xonsh__xonsh-4610::xontrib/voxapi.py,xonsh__xonsh-4610,xonsh/xonsh,co_edited,5,4918,36308,154,433688
xonsh__xonsh-4610::xontrib/voxapi.py,xonsh__xonsh-4610,xonsh/xonsh,symbol,8,6377,47135,154,433688
yt-dlp__yt-dlp-10516::yt_dlp/extractor/tiktok.py,yt-dlp__yt-dlp-10516,yt-dlp/yt-dlp,co_edited,1,7506,88642,1089,2313687
yt-dlp__yt-dlp-10516::yt_dlp/extractor/tiktok.py,yt-dlp__yt-dlp-10516,yt-dlp/yt-dlp,symbol,1,5605,50567,1089,2313687
yt-dlp__yt-dlp-10516::yt_dlp/extractor/youtube.py,yt-dlp__yt-dlp-10516,yt-dlp/yt-dlp,co_edited,1,1567,18846,1089,2313687
yt-dlp__yt-dlp-10516::yt_dlp/extractor/youtube.py,yt-dlp__yt-dlp-10516,yt-dlp/yt-dlp,symbol,2,7172,69413,1089,2313687
yt-dlp__yt-dlp-11751::yt_dlp/extractor/soundcloud.py,yt-dlp__yt-dlp-11751,yt-dlp/yt-dlp,co_edited,1,7756,91253,1099,2364421
yt-dlp__yt-dlp-11751::yt_dlp/extractor/soundcloud.py,yt-dlp__yt-dlp-11751,yt-dlp/yt-dlp,symbol,3,10166,96272,1099,2364421
yt-dlp__yt-dlp-11751::yt_dlp/extractor/youtube.py,yt-dlp__yt-dlp-11751,yt-dlp/yt-dlp,co_edited,1,1033,9859,1099,2364421
yt-dlp__yt-dlp-11751::yt_dlp/extractor/youtube.py,yt-dlp__yt-dlp-11751,yt-dlp/yt-dlp,symbol,4,11199,106131,1099,2364421
yt-dlp__yt-dlp-10611::yt_dlp/extractor/mediaklikk.py,yt-dlp__yt-dlp-10611,yt-dlp/yt-dlp,co_edited,3,7725,90794,1090,2318221
yt-dlp__yt-dlp-10611::yt_dlp/extractor/mediaklikk.py,yt-dlp__yt-dlp-10611,yt-dlp/yt-dlp,symbol,9,17766,185702,1090,2318221
yt-dlp__yt-dlp-10611::yt_dlp/extractor/olympics.py,yt-dlp__yt-dlp-10611,yt-dlp/yt-dlp,co_edited,3,7817,92067,1090,2318221
yt-dlp__yt-dlp-10611::yt_dlp/extractor/olympics.py,yt-dlp__yt-dlp-10611,yt-dlp/yt-dlp,symbol,9,17858,186975,1090,2318221
yt-dlp__yt-dlp-10611::yt_dlp/extractor/tver.py,yt-dlp__yt-dlp-10611,yt-dlp/yt-dlp,co_edited,3,7776,91630,1090,2318221
yt-dlp__yt-dlp-10611::yt_dlp/extractor/tver.py,yt-dlp__yt-dlp-10611,yt-dlp/yt-dlp,symbol,9,17817,186538,1090,2318221
yt-dlp__yt-dlp-10611::yt_dlp/extractor/youtube.py,yt-dlp__yt-dlp-10611,yt-dlp/yt-dlp,co_edited,3,319,4089,1090,2318221
yt-dlp__yt-dlp-10611::yt_dlp/extractor/youtube.py,yt-dlp__yt-dlp-10611,yt-dlp/yt-dlp,symbol,9,10360,98997,1090,2318221
yt-dlp__yt-dlp-10544::yt_dlp/extractor/tiktok.py,yt-dlp__yt-dlp-10544,yt-dlp/yt-dlp,co_edited,2,8974,104290,1089,2313687
yt-dlp__yt-dlp-10544::yt_dlp/extractor/tiktok.py,yt-dlp__yt-dlp-10544,yt-dlp/yt-dlp,symbol,2,7073,66215,1089,2313687
yt-dlp__yt-dlp-10544::yt_dlp/extractor/vimeo.py,yt-dlp__yt-dlp-10544,yt-dlp/yt-dlp,co_edited,2,9073,107488,1089,2313687
yt-dlp__yt-dlp-10544::yt_dlp/extractor/vimeo.py,yt-dlp__yt-dlp-10544,yt-dlp/yt-dlp,symbol,2,7172,69413,1089,2313687
yt-dlp__yt-dlp-10544::yt_dlp/extractor/youtube.py,yt-dlp__yt-dlp-10544,yt-dlp/yt-dlp,co_edited,2,3035,34494,1089,2313687
yt-dlp__yt-dlp-10544::yt_dlp/extractor/youtube.py,yt-dlp__yt-dlp-10544,yt-dlp/yt-dlp,symbol,3,8640,85061,1089,2313687
yt-dlp__yt-dlp-12684::yt_dlp/extractor/youtube/_video.py,yt-dlp__yt-dlp-12684,yt-dlp/yt-dlp,co_edited,1,926,8564,1116,2390426
yt-dlp__yt-dlp-12684::yt_dlp/extractor/youtube/_video.py,yt-dlp__yt-dlp-12684,yt-dlp/yt-dlp,symbol,2,4950,49705,1116,2390426
yt-dlp__yt-dlp-12684::yt_dlp/jsinterp.py,yt-dlp__yt-dlp-12684,yt-dlp/yt-dlp,co_edited,1,3972,46815,1116,2390426
yt-dlp__yt-dlp-12684::yt_dlp/jsinterp.py,yt-dlp__yt-dlp-12684,yt-dlp/yt-dlp,symbol,2,7996,87956,1116,2390426
yt-dlp__yt-dlp-12714::yt_dlp/extractor/common.py,yt-dlp__yt-dlp-12714,yt-dlp/yt-dlp,symbol,2,6182,55434,1115,2388165
yt-dlp__yt-dlp-12748::yt_dlp/extractor/youtube/_video.py,yt-dlp__yt-dlp-12748,yt-dlp/yt-dlp,symbol,1,4054,41574,1117,2394632
yt-dlp__yt-dlp-10531::yt_dlp/extractor/facebook.py,yt-dlp__yt-dlp-10531,yt-dlp/yt-dlp,co_edited,3,10541,123136,1089,2313687
yt-dlp__yt-dlp-10531::yt_dlp/extractor/facebook.py,yt-dlp__yt-dlp-10531,yt-dlp/yt-dlp,symbol,5,12924,128479,1089,2313687
yt-dlp__yt-dlp-10531::yt_dlp/extractor/tiktok.py,yt-dlp__yt-dlp-10531,yt-dlp/yt-dlp,co_edited,3,10032,116185,1089,2313687
yt-dlp__yt-dlp-10531::yt_dlp/extractor/tiktok.py,yt-dlp__yt-dlp-10531,yt-dlp/yt-dlp,symbol,5,12415,121528,1089,2313687
yt-dlp__yt-dlp-10531::yt_dlp/extractor/vimeo.py,yt-dlp__yt-dlp-10531,yt-dlp/yt-dlp,co_edited,3,10131,119383,1089,2313687
yt-dlp__yt-dlp-10531::yt_dlp/extractor/vimeo.py,yt-dlp__yt-dlp-10531,yt-dlp/yt-dlp,symbol,5,12514,124726,1089,2313687
yt-dlp__yt-dlp-10531::yt_dlp/extractor/youtube.py,yt-dlp__yt-dlp-10531,yt-dlp/yt-dlp,co_edited,3,4093,46389,1089,2313687
yt-dlp__yt-dlp-10531::yt_dlp/extractor/youtube.py,yt-dlp__yt-dlp-10531,yt-dlp/yt-dlp,symbol,6,13982,140374,1089,2313687
yukinarit__pyserde-313::serde/de.py,yukinarit__pyserde-313,yukinarit/pyserde,co_edited,1,864,6567,65,43341
yukinarit__pyserde-313::serde/de.py,yukinarit__pyserde-313,yukinarit/pyserde,symbol,2,1741,11977,65,43341
yukinarit__pyserde-313::serde/se.py,yukinarit__pyserde-313,yukinarit/pyserde,co_edited,1,1060,8966,65,43341
yukinarit__pyserde-313::serde/se.py,yukinarit__pyserde-313,yukinarit/pyserde,symbol,2,1937,14376,65,43341
yukinarit__pyserde-229::examples/union_operator.py,yukinarit__pyserde-229,yukinarit/pyserde,co_edited,1,673,4127,52,35179
yukinarit__pyserde-229::examples/union_operator.py,yukinarit__pyserde-229,yukinarit/pyserde,symbol,1,673,4127,52,35179
yukinarit__pyserde-229::serde/compat.py,yukinarit__pyserde-229,yukinarit/pyserde,co_edited,1,37,260,52,35179
yukinarit__pyserde-229::serde/compat.py,yukinarit__pyserde-229,yukinarit/pyserde,symbol,1,37,260,52,35179
yukinarit__pyserde-565::serde/compat.py,yukinarit__pyserde-565,yukinarit/pyserde,co_edited,1,1274,10422,84,52796
yukinarit__pyserde-565::serde/compat.py,yukinarit__pyserde-565,yukinarit/pyserde,symbol,1,1274,10422,84,52796
yukinarit__pyserde-565::serde/de.py,yukinarit__pyserde-565,yukinarit/pyserde,co_edited,1,954,5753,84,52796
yukinarit__pyserde-565::serde/de.py,yukinarit__pyserde-565,yukinarit/pyserde,symbol,1,954,5753,84,52796
yukinarit__pyserde-441::serde/core.py,yukinarit__pyserde-441,yukinarit/pyserde,symbol,1,973,6161,74,49503
yukinarit__pyserde-620::serde/de.py,yukinarit__pyserde-620,yukinarit/pyserde,co_edited,1,950,6952,86,54110
yukinarit__pyserde-620::serde/de.py,yukinarit__pyserde-620,yukinarit/pyserde,symbol,2,2003,14400,86,54110
yukinarit__pyserde-620::serde/se.py,yukinarit__pyserde-620,yukinarit/pyserde,co_edited,1,1256,9897,86,54110
yukinarit__pyserde-620::serde/se.py,yukinarit__pyserde-620,yukinarit/pyserde,symbol,2,2309,17345,86,54110
yukinarit__pyserde-44::serde/compat.py,yukinarit__pyserde-44,yukinarit/pyserde,co_edited,2,728,5415,37,18181
yukinarit__pyserde-44::serde/compat.py,yukinarit__pyserde-44,yukinarit/pyserde,symbol,2,728,5415,37,18181
yukinarit__pyserde-44::serde/core.py,yukinarit__pyserde-44,yukinarit/pyserde,co_edited,2,705,5238,37,18181
yukinarit__pyserde-44::serde/core.py,yukinarit__pyserde-44,yukinarit/pyserde,symbol,2,705,5238,37,18181
yukinarit__pyserde-44::serde/de.py,yukinarit__pyserde-44,yukinarit/pyserde,co_edited,2,415,2575,37,18181
yukinarit__pyserde-44::serde/de.py,yukinarit__pyserde-44,yukinarit/pyserde,symbol,2,415,2575,37,18181
yukinarit__pyserde-264::serde/de.py,yukinarit__pyserde-264,yukinarit/pyserde,symbol,1,762,5399,55,39324
yukinarit__pyserde-569::serde/core.py,yukinarit__pyserde-569,yukinarit/pyserde,co_edited,2,2231,17608,84,52882
yukinarit__pyserde-569::serde/core.py,yukinarit__pyserde-569,yukinarit/pyserde,symbol,3,3192,23396,84,52882
yukinarit__pyserde-569::serde/de.py,yukinarit__pyserde-569,yukinarit/pyserde,co_edited,2,1989,14359,84,52882
yukinarit__pyserde-569::serde/de.py,yukinarit__pyserde-569,yukinarit/pyserde,symbol,3,2950,20147,84,52882
yukinarit__pyserde-569::serde/se.py,yukinarit__pyserde-569,yukinarit/pyserde,co_edited,2,2314,17697,84,52882
yukinarit__pyserde-569::serde/se.py,yukinarit__pyserde-569,yukinarit/pyserde,symbol,3,3275,23485,84,52882
yukinarit__pyserde-208::serde/compat.py,yukinarit__pyserde-208,yukinarit/pyserde,co_edited,1,902,7635,52,35048
yukinarit__pyserde-208::serde/compat.py,yukinarit__pyserde-208,yukinarit/pyserde,symbol,1,902,7635,52,35048
yukinarit__pyserde-208::serde/de.py,yukinarit__pyserde-208,yukinarit/pyserde,co_edited,1,658,4023,52,35048
yukinarit__pyserde-208::serde/de.py,yukinarit__pyserde-208,yukinarit/pyserde,symbol,1,658,4023,52,35048
zarr-developers__zarr-python-1828::src/zarr/common.py,zarr-developers__zarr-python-1828,zarr-developers/zarr-python,co_edited,2,511,4036,53,140915
zarr-developers__zarr-python-1828::src/zarr/common.py,zarr-developers__zarr-python-1828,zarr-developers/zarr-python,symbol,1,208,1610,53,140915
zarr-developers__zarr-python-1828::src/zarr/indexing.py,zarr-developers__zarr-python-1828,zarr-developers/zarr-python,co_edited,2,464,3632,53,140915
zarr-developers__zarr-python-1828::src/zarr/indexing.py,zarr-developers__zarr-python-1828,zarr-developers/zarr-python,symbol,1,161,1206,53,140915
zarr-developers__zarr-python-1828::src/zarr/v2/meta.py,zarr-developers__zarr-python-1828,zarr-developers/zarr-python,co_edited,2,369,2816,53,140915
zarr-developers__zarr-python-1828::src/zarr/v2/meta.py,zarr-developers__zarr-python-1828,zarr-developers/zarr-python,symbol,2,369,2816,53,140915
zarr-developers__zarr-python-2644::src/zarr/core/_info.py,zarr-developers__zarr-python-2644,zarr-developers/zarr-python,co_edited,2,4613,36819,57,157157
zarr-developers__zarr-python-2644::src/zarr/core/_info.py,zarr-developers__zarr-python-2644,zarr-developers/zarr-python,symbol,3,5123,40285,57,157157
zarr-developers__zarr-python-2644::src/zarr/core/array.py,zarr-developers__zarr-python-2644,zarr-developers/zarr-python,co_edited,2,666,5383,57,157157
zarr-developers__zarr-python-2644::src/zarr/core/array.py,zarr-developers__zarr-python-2644,zarr-developers/zarr-python,symbol,3,1176,8849,57,157157
zarr-developers__zarr-python-2644::src/zarr/core/codec_pipeline.py,zarr-developers__zarr-python-2644,zarr-developers/zarr-python,co_edited,2,4219,33666,57,157157
zarr-developers__zarr-python-2644::src/zarr/core/codec_pipeline.py,zarr-developers__zarr-python-2644,zarr-developers/zarr-python,symbol,3,4729,37132,57,157157
zarr-developers__zarr-python-2494::src/zarr/api/asynchronous.py,zarr-developers__zarr-python-2494,zarr-developers/zarr-python,symbol,1,512,3830,56,131061
zarr-developers__zarr-python-2244::src/zarr/codecs/_v2.py,zarr-developers__zarr-python-2244,zarr-developers/zarr-python,co_edited,1,274,2286,52,103518
zarr-developers__zarr-python-2244::src/zarr/codecs/_v2.py,zarr-developers__zarr-python-2244,zarr-developers/zarr-python,symbol,5,1007,7208,52,103518
zarr-developers__zarr-python-2244::src/zarr/core/metadata/v2.py,zarr-developers__zarr-python-2244,zarr-developers/zarr-python,co_edited,1,108,770,52,103518
zarr-developers__zarr-python-2244::src/zarr/core/metadata/v2.py,zarr-developers__zarr-python-2244,zarr-developers/zarr-python,symbol,5,841,5692,52,103518
zarr-developers__zarr-python-3015::src/zarr/core/group.py,zarr-developers__zarr-python-3015,zarr-developers/zarr-python,symbol,2,929,7664,59,183145
zarr-developers__zarr-python-2679::src/zarr/core/array.py,zarr-developers__zarr-python-2679,zarr-developers/zarr-python,symbol,2,1109,9260,57,160423
zarr-developers__zarr-python-2817::src/zarr/codecs/sharding.py,zarr-developers__zarr-python-2817,zarr-developers/zarr-python,symbol,1,512,3468,57,164789
zarr-developers__zarr-python-1968::src/zarr/abc/codec.py,zarr-developers__zarr-python-1968,zarr-developers/zarr-python,co_edited,3,3488,28740,60,181462
zarr-developers__zarr-python-1968::src/zarr/abc/codec.py,zarr-developers__zarr-python-1968,zarr-developers/zarr-python,symbol,5,3777,30557,60,181462
zarr-developers__zarr-python-1968::src/zarr/array.py,zarr-developers__zarr-python-1968,zarr-developers/zarr-python,co_edited,3,1889,14935,60,181462
zarr-developers__zarr-python-1968::src/zarr/array.py,zarr-developers__zarr-python-1968,zarr-developers/zarr-python,symbol,5,2178,16752,60,181462
zarr-developers__zarr-python-1968::src/zarr/indexing.py,zarr-developers__zarr-python-1968,zarr-developers/zarr-python,co_edited,3,2632,20939,60,181462
zarr-developers__zarr-python-1968::src/zarr/indexing.py,zarr-developers__zarr-python-1968,zarr-developers/zarr-python,symbol,5,2921,22756,60,181462
zarr-developers__zarr-python-1968::src/zarr/store/remote.py,zarr-developers__zarr-python-1968,zarr-developers/zarr-python,co_edited,3,3712,30036,60,181462
zarr-developers__zarr-python-1968::src/zarr/store/remote.py,zarr-developers__zarr-python-1968,zarr-developers/zarr-python,symbol,5,4001,31853,60,181462
zarr-developers__zarr-python-2512::src/zarr/core/array.py,zarr-developers__zarr-python-2512,zarr-developers/zarr-python,symbol,2,1913,15206,56,135068
zarr-developers__zarr-python-2213::src/zarr/core/group.py,zarr-developers__zarr-python-2213,zarr-developers/zarr-python,symbol,1,146,997,70,200868
zarr-developers__zarr-python-2548::src/zarr/api/asynchronous.py,zarr-developers__zarr-python-2548,zarr-developers/zarr-python,co_edited,2,5948,45379,56,135353
zarr-developers__zarr-python-2548::src/zarr/api/asynchronous.py,zarr-developers__zarr-python-2548,zarr-developers/zarr-python,symbol,3,6118,46607,56,135353
zarr-developers__zarr-python-2548::src/zarr/core/array.py,zarr-developers__zarr-python-2548,zarr-developers/zarr-python,co_edited,2,3827,29543,56,135353
zarr-developers__zarr-python-2548::src/zarr/core/array.py,zarr-developers__zarr-python-2548,zarr-developers/zarr-python,symbol,3,3997,30771,56,135353
zarr-developers__zarr-python-2548::src/zarr/core/group.py,zarr-developers__zarr-python-2548,zarr-developers/zarr-python,co_edited,2,4517,35500,56,135353
zarr-developers__zarr-python-2548::src/zarr/core/group.py,zarr-developers__zarr-python-2548,zarr-developers/zarr-python,symbol,3,4687,36728,56,135353
zarr-developers__zarr-python-2210::src/zarr/api/asynchronous.py,zarr-developers__zarr-python-2210,zarr-developers/zarr-python,co_edited,1,1182,9443,70,199926
zarr-developers__zarr-python-2210::src/zarr/api/asynchronous.py,zarr-developers__zarr-python-2210,zarr-developers/zarr-python,symbol,5,1567,12012,70,199926
zarr-developers__zarr-python-2210::src/zarr/core/group.py,zarr-developers__zarr-python-2210,zarr-developers/zarr-python,co_edited,1,976,7732,70,199926
zarr-developers__zarr-python-2210::src/zarr/core/group.py,zarr-developers__zarr-python-2210,zarr-developers/zarr-python,symbol,5,1361,10301,70,199926
zarr-developers__zarr-python-2755::src/zarr/api/asynchronous.py,zarr-developers__zarr-python-2755,zarr-developers/zarr-python,co_edited,3,4306,33587,57,164080
zarr-developers__zarr-python-2755::src/zarr/api/asynchronous.py,zarr-developers__zarr-python-2755,zarr-developers/zarr-python,symbol,1,227,1561,57,164080
zarr-developers__zarr-python-2755::src/zarr/api/synchronous.py,zarr-developers__zarr-python-2755,zarr-developers/zarr-python,co_edited,3,4500,35851,57,164080
zarr-developers__zarr-python-2755::src/zarr/api/synchronous.py,zarr-developers__zarr-python-2755,zarr-developers/zarr-python,symbol,1,227,1561,57,164080
zarr-developers__zarr-python-2755::src/zarr/core/buffer/cpu.py,zarr-developers__zarr-python-2755,zarr-developers/zarr-python,co_edited,3,5399,43135,57,164080
zarr-developers__zarr-python-2755::src/zarr/core/group.py,zarr-developers__zarr-python-2755,zarr-developers/zarr-python,co_edited,3,2673,21515,57,164080
zarr-developers__zarr-python-2755::src/zarr/core/group.py,zarr-developers__zarr-python-2755,zarr-developers/zarr-python,symbol,1,227,1561,57,164080
zarr-developers__zarr-python-2416::src/zarr/core/group.py,zarr-developers__zarr-python-2416,zarr-developers/zarr-python,symbol,2,136,843,55,124718
